Codigo Municipio,NÃºmero de transacciones anuales 2011
01001,25.0
01002,185.0
01003,8.0
01004,6.0
01006,7.0
01008,4.0
01009,4.0
01010,12.0
01011,1.0
01013,3.0
01014,1.0
01016,3.0
01017,6.0
01018,4.0
01019,0.0
01020,0.0
01021,3.0
01022,11.0
01023,0.0
01027,2.0
01028,19.0
01030,1.0
01031,10.0
01032,7.0
01033,8.0
01034,2.0
01036,198.0
01037,3.0
01039,0.0
01041,1.0
01042,11.0
01043,30.0
01044,2.0
01046,5.0
01047,2.0
01049,0.0
01051,28.0
01052,1.0
01053,3.0
01054,5.0
01055,5.0
01056,2.0
01057,0.0
01058,28.0
01059,2630.0
01060,2.0
01061,1.0
01062,1.0
01063,27.0
01901,50.0
01902,2.0
02001,3.0
02002,7.0
02003,1099.0
02004,2.0
02005,5.0
02006,4.0
02007,7.0
02008,6.0
02009,143.0
02010,5.0
02011,0.0
02012,9.0
02013,4.0
02014,6.0
02015,8.0
02016,5.0
02017,6.0
02018,2.0
02019,19.0
02020,1.0
02021,6.0
02022,5.0
02023,3.0
02024,19.0
02025,40.0
02026,3.0
02027,0.0
02028,1.0
02029,42.0
02030,19.0
02031,2.0
02032,4.0
02033,10.0
02034,15.0
02035,12.0
02036,0.0
02037,115.0
02038,1.0
02039,2.0
02040,3.0
02041,1.0
02042,8.0
02043,6.0
02044,8.0
02045,8.0
02046,2.0
02047,1.0
02048,11.0
02049,7.0
02050,0.0
02051,16.0
02052,2.0
02053,9.0
02054,1.0
02055,8.0
02056,9.0
02057,4.0
02058,5.0
02059,3.0
02060,15.0
02061,2.0
02062,4.0
02063,5.0
02064,2.0
02065,3.0
02066,0.0
02067,11.0
02068,4.0
02069,78.0
02070,5.0
02071,4.0
02072,0.0
02073,20.0
02074,51.0
02075,7.0
02076,1.0
02077,1.0
02078,13.0
02079,11.0
02080,5.0
02081,110.0
02082,1.0
02083,0.0
02084,4.0
02085,2.0
02086,20.0
02901,14.0
03001,28.0
03002,14.0
03003,4.0
03004,15.0
03005,89.0
03006,19.0
03007,3.0
03008,3.0
03009,383.0
03010,1.0
03011,372.0
03012,167.0
03013,5.0
03014,2681.0
03015,149.0
03016,2.0
03017,1.0
03018,473.0
03019,115.0
03020,1.0
03021,41.0
03022,1.0
03023,5.0
03024,19.0
03025,9.0
03026,26.0
03027,0.0
03028,4.0
03029,5.0
03030,18.0
03031,1028.0
03032,0.0
03033,0.0
03034,60.0
03035,4.0
03036,1.0
03037,5.0
03038,1.0
03039,2.0
03040,1.0
03041,172.0
03042,143.0
03043,12.0
03044,29.0
03045,2.0
03046,47.0
03047,638.0
03048,31.0
03049,67.0
03050,410.0
03051,5.0
03052,5.0
03053,81.0
03054,1.0
03055,73.0
03056,59.0
03057,2.0
03058,54.0
03059,113.0
03060,0.0
03061,13.0
03062,18.0
03063,1042.0
03064,46.0
03065,1362.0
03066,282.0
03067,0.0
03068,0.0
03069,181.0
03070,105.0
03071,48.0
03072,6.0
03073,2.0
03074,16.0
03075,0.0
03076,538.0
03077,32.0
03078,10.0
03079,161.0
03080,13.0
03081,20.0
03082,503.0
03083,50.0
03084,2.0
03085,38.0
03086,3.0
03088,85.0
03089,70.0
03090,208.0
03091,8.0
03092,44.0
03093,150.0
03094,148.0
03095,37.0
03096,35.0
03097,38.0
03098,9.0
03099,2463.0
03100,5.0
03101,91.0
03102,82.0
03103,4.0
03104,174.0
03105,44.0
03106,4.0
03107,87.0
03109,21.0
03110,20.0
03111,26.0
03112,7.0
03113,529.0
03114,16.0
03115,2.0
03116,11.0
03117,8.0
03118,280.0
03119,167.0
03120,154.0
03121,690.0
03122,386.0
03123,72.0
03124,5.0
03125,1.0
03127,2.0
03128,268.0
03129,10.0
03130,0.0
03131,4.0
03132,3.0
03133,3196.0
03134,2.0
03135,1.0
03136,1.0
03137,4.0
03138,71.0
03139,463.0
03140,163.0
03901,48.0
03902,465.0
03903,64.0
03904,27.0
04001,8.0
04002,3.0
04003,195.0
04004,8.0
04005,4.0
04006,71.0
04007,5.0
04008,1.0
04009,0.0
04010,7.0
04011,17.0
04012,1.0
04013,1320.0
04014,1.0
04015,4.0
04016,13.0
04017,49.0
04018,3.0
04019,2.0
04020,1.0
04021,3.0
04022,17.0
04023,0.0
04024,25.0
04026,0.0
04027,2.0
04028,0.0
04029,89.0
04030,10.0
04031,10.0
04032,96.0
04033,1.0
04034,1.0
04035,233.0
04036,0.0
04037,16.0
04038,41.0
04041,9.0
04043,7.0
04044,15.0
04045,11.0
04046,19.0
04047,12.0
04048,20.0
04049,100.0
04050,15.0
04051,0.0
04052,71.0
04053,147.0
04054,1.0
04055,3.0
04056,1.0
04057,12.0
04058,7.0
04059,14.0
04060,4.0
04061,5.0
04062,11.0
04063,2.0
04064,163.0
04065,2.0
04066,167.0
04067,11.0
04068,2.0
04069,25.0
04070,25.0
04071,5.0
04072,15.0
04073,4.0
04074,8.0
04075,130.0
04076,4.0
04077,1.0
04078,17.0
04079,1386.0
04080,0.0
04081,0.0
04082,2.0
04083,7.0
04084,2.0
04085,0.0
04086,25.0
04087,2.0
04088,18.0
04089,5.0
04090,4.0
04091,1.0
04092,11.0
04093,98.0
04094,0.0
04095,8.0
04096,3.0
04097,3.0
04098,24.0
04099,22.0
04100,447.0
04101,31.0
04102,275.0
04103,19.0
04901,4.0
04902,1004.0
04903,36.0
04904,
05001,9.0
05002,43.0
05005,1.0
05007,0.0
05008,1.0
05010,2.0
05012,0.0
05013,7.0
05014,71.0
05015,0.0
05016,42.0
05017,0.0
05018,0.0
05019,583.0
05021,12.0
05022,19.0
05023,0.0
05024,2.0
05025,0.0
05026,2.0
05027,0.0
05029,0.0
05030,2.0
05033,2.0
05034,0.0
05035,3.0
05036,0.0
05037,3.0
05038,4.0
05039,2.0
05040,0.0
05041,6.0
05042,1.0
05043,1.0
05044,3.0
05045,0.0
05046,0.0
05047,50.0
05048,0.0
05049,2.0
05051,1.0
05052,0.0
05053,0.0
05054,12.0
05055,9.0
05056,1.0
05057,23.0
05058,0.0
05059,0.0
05060,1.0
05061,2.0
05062,1.0
05063,0.0
05064,0.0
05065,1.0
05066,7.0
05067,0.0
05069,0.0
05070,0.0
05072,0.0
05073,0.0
05074,1.0
05075,1.0
05076,4.0
05077,0.0
05078,0.0
05079,0.0
05080,0.0
05081,0.0
05082,4.0
05083,0.0
05084,0.0
05085,0.0
05086,0.0
05087,2.0
05088,2.0
05089,7.0
05090,0.0
05092,0.0
05093,11.0
05094,2.0
05095,7.0
05096,0.0
05097,1.0
05099,0.0
05100,3.0
05101,3.0
05102,14.0
05103,0.0
05104,0.0
05105,4.0
05106,0.0
05107,0.0
05108,0.0
05109,2.0
05110,8.0
05112,0.0
05113,0.0
05114,8.0
05115,13.0
05116,2.0
05117,1.0
05118,0.0
05119,0.0
05120,0.0
05121,3.0
05122,1.0
05123,1.0
05124,0.0
05125,0.0
05126,1.0
05127,15.0
05128,0.0
05129,1.0
05130,0.0
05131,1.0
05132,8.0
05133,0.0
05134,1.0
05135,5.0
05136,1.0
05138,0.0
05139,1.0
05140,0.0
05141,0.0
05142,0.0
05143,1.0
05144,0.0
05145,1.0
05147,0.0
05148,0.0
05149,3.0
05151,0.0
05152,1.0
05153,0.0
05154,0.0
05155,1.0
05156,5.0
05157,0.0
05158,4.0
05159,0.0
05160,3.0
05161,11.0
05162,0.0
05163,28.0
05164,1.0
05165,1.0
05166,1.0
05167,5.0
05168,49.0
05169,1.0
05170,0.0
05171,1.0
05172,1.0
05173,0.0
05174,1.0
05175,1.0
05176,1.0
05177,2.0
05178,4.0
05179,3.0
05180,1.0
05181,0.0
05182,5.0
05183,1.0
05184,8.0
05185,1.0
05186,22.0
05187,18.0
05188,0.0
05189,8.0
05190,0.0
05191,2.0
05192,0.0
05193,0.0
05194,0.0
05195,0.0
05196,0.0
05197,0.0
05198,0.0
05199,0.0
05200,0.0
05201,4.0
05204,3.0
05205,1.0
05206,0.0
05207,2.0
05208,2.0
05209,0.0
05210,1.0
05211,2.0
05212,2.0
05213,3.0
05214,0.0
05215,1.0
05216,0.0
05217,1.0
05218,0.0
05219,0.0
05220,3.0
05221,2.0
05222,3.0
05224,0.0
05225,2.0
05226,0.0
05227,10.0
05228,0.0
05229,0.0
05230,1.0
05231,0.0
05232,0.0
05233,2.0
05234,0.0
05235,0.0
05236,2.0
05237,1.0
05238,2.0
05239,1.0
05240,56.0
05241,31.0
05242,8.0
05243,1.0
05244,0.0
05245,1.0
05246,1.0
05247,4.0
05249,0.0
05251,3.0
05252,0.0
05253,1.0
05254,0.0
05256,0.0
05257,2.0
05258,0.0
05259,2.0
05260,0.0
05261,1.0
05262,4.0
05263,0.0
05264,0.0
05265,2.0
05266,2.0
05267,0.0
05901,2.0
05902,2.0
05903,5.0
05904,3.0
05905,2.0
06001,4.0
06002,13.0
06003,2.0
06004,8.0
06005,7.0
06006,24.0
06007,12.0
06008,2.0
06009,0.0
06010,6.0
06011,301.0
06012,9.0
06013,1.0
06014,42.0
06015,1107.0
06016,15.0
06017,1.0
06018,2.0
06019,10.0
06020,6.0
06021,11.0
06022,23.0
06023,59.0
06024,10.0
06025,37.0
06026,6.0
06027,3.0
06028,32.0
06029,8.0
06030,1.0
06031,5.0
06032,0.0
06033,4.0
06034,1.0
06035,5.0
06036,33.0
06037,12.0
06038,10.0
06039,10.0
06040,1.0
06041,1.0
06042,4.0
06043,3.0
06044,264.0
06045,3.0
06046,12.0
06047,2.0
06048,5.0
06049,6.0
06050,31.0
06051,14.0
06052,18.0
06053,3.0
06054,39.0
06055,16.0
06056,0.0
06057,3.0
06058,10.0
06059,15.0
06060,36.0
06061,6.0
06062,1.0
06063,9.0
06064,14.0
06065,1.0
06066,11.0
06067,34.0
06068,5.0
06069,18.0
06070,38.0
06071,0.0
06072,12.0
06073,2.0
06074,46.0
06075,8.0
06076,6.0
06077,1.0
06078,6.0
06079,5.0
06080,14.0
06081,9.0
06082,1.0
06083,670.0
06084,8.0
06085,46.0
06086,3.0
06087,17.0
06088,86.0
06089,6.0
06090,5.0
06091,22.0
06092,5.0
06093,29.0
06094,7.0
06095,57.0
06096,2.0
06097,32.0
06098,2.0
06099,12.0
06100,8.0
06101,0.0
06102,8.0
06103,42.0
06104,1.0
06105,4.0
06106,3.0
06107,8.0
06108,9.0
06109,24.0
06110,3.0
06111,0.0
06112,5.0
06113,14.0
06114,0.0
06115,8.0
06116,12.0
06117,5.0
06118,3.0
06119,6.0
06120,23.0
06121,18.0
06122,46.0
06123,25.0
06124,8.0
06125,41.0
06126,5.0
06127,12.0
06128,38.0
06129,3.0
06130,1.0
06131,4.0
06132,9.0
06133,2.0
06134,2.0
06135,7.0
06136,6.0
06137,2.0
06138,4.0
06139,3.0
06140,4.0
06141,3.0
06142,3.0
06143,15.0
06144,6.0
06145,3.0
06146,4.0
06147,0.0
06148,22.0
06149,86.0
06150,6.0
06151,9.0
06152,2.0
06153,207.0
06154,15.0
06155,8.0
06156,7.0
06157,2.0
06158,101.0
06159,8.0
06160,19.0
06161,7.0
06162,9.0
06901,11.0
06902,6.0
06903,
07001,15.0
07002,82.0
07003,171.0
07004,11.0
07005,276.0
07006,53.0
07007,6.0
07008,19.0
07009,3.0
07010,20.0
07011,786.0
07012,14.0
07013,78.0
07014,175.0
07015,370.0
07016,8.0
07017,5.0
07018,13.0
07019,0.0
07020,14.0
07021,1.0
07022,148.0
07023,48.0
07024,101.0
07025,6.0
07026,454.0
07027,165.0
07028,4.0
07029,9.0
07030,5.0
07031,232.0
07032,165.0
07033,399.0
07034,11.0
07035,19.0
07036,156.0
07037,108.0
07038,4.0
07039,24.0
07040,2554.0
07041,3.0
07042,132.0
07043,9.0
07044,133.0
07045,6.0
07046,130.0
07047,4.0
07048,317.0
07049,12.0
07050,25.0
07051,112.0
07052,88.0
07053,7.0
07054,357.0
07055,70.0
07056,44.0
07057,189.0
07058,20.0
07059,32.0
07060,16.0
07061,77.0
07062,91.0
07063,12.0
07064,52.0
07065,27.0
07901,1.0
07902,14.0
08001,52.0
08002,0.0
08003,44.0
08004,4.0
08005,39.0
08006,139.0
08007,35.0
08008,0.0
08009,52.0
08010,28.0
08011,12.0
08012,4.0
08013,2.0
08014,11.0
08015,820.0
08016,16.0
08017,27.0
08018,24.0
08019,8222.0
08020,31.0
08021,0.0
08022,82.0
08023,31.0
08024,1.0
08025,16.0
08026,0.0
08027,3.0
08028,7.0
08029,18.0
08030,21.0
08031,40.0
08032,13.0
08033,83.0
08034,5.0
08035,171.0
08036,2.0
08037,6.0
08038,19.0
08039,1.0
08040,67.0
08041,50.0
08042,7.0
08043,18.0
08044,43.0
08045,0.0
08046,77.0
08047,9.0
08048,3.0
08049,1.0
08050,2.0
08051,121.0
08052,1.0
08053,20.0
08054,26.0
08055,2.0
08056,341.0
08057,0.0
08058,5.0
08059,1.0
08060,0.0
08061,15.0
08062,1.0
08063,1.0
08064,12.0
08065,4.0
08066,3.0
08067,43.0
08068,23.0
08069,31.0
08070,2.0
08071,0.0
08072,50.0
08073,391.0
08074,147.0
08075,22.0
08076,91.0
08077,230.0
08078,0.0
08079,0.0
08080,0.0
08081,1.0
08082,9.0
08083,8.0
08084,7.0
08085,2.0
08086,69.0
08087,1.0
08088,90.0
08089,205.0
08090,2.0
08091,74.0
08092,14.0
08093,0.0
08094,7.0
08095,2.0
08096,440.0
08097,3.0
08098,4.0
08099,3.0
08100,3.0
08101,1203.0
08102,253.0
08103,1.0
08104,1.0
08105,32.0
08106,39.0
08107,88.0
08108,19.0
08109,1.0
08110,129.0
08111,0.0
08112,100.0
08113,383.0
08114,114.0
08115,8.0
08116,1.0
08117,12.0
08118,91.0
08119,31.0
08120,59.0
08121,679.0
08122,11.0
08123,99.0
08124,175.0
08125,172.0
08126,61.0
08127,12.0
08128,2.0
08129,1.0
08130,0.0
08131,0.0
08132,0.0
08133,0.0
08134,4.0
08135,12.0
08136,80.0
08137,0.0
08138,13.0
08139,1.0
08140,21.0
08141,24.0
08142,0.0
08143,17.0
08144,0.0
08145,16.0
08146,4.0
08147,100.0
08148,23.0
08149,2.0
08150,1.0
08151,0.0
08152,0.0
08153,4.0
08154,1.0
08155,70.0
08156,35.0
08157,65.0
08158,12.0
08159,98.0
08160,1.0
08161,76.0
08162,12.0
08163,148.0
08164,10.0
08165,9.0
08166,2.0
08167,33.0
08168,1.0
08169,219.0
08170,0.0
08171,7.0
08172,116.0
08174,2.0
08175,31.0
08176,3.0
08177,0.0
08178,0.0
08179,6.0
08180,261.0
08181,34.0
08182,13.0
08183,27.0
08184,373.0
08185,1.0
08187,1312.0
08188,0.0
08189,0.0
08190,3.0
08191,40.0
08192,53.0
08193,12.0
08194,290.0
08195,1.0
08196,113.0
08197,116.0
08198,59.0
08199,2.0
08200,378.0
08201,7.0
08202,71.0
08203,11.0
08204,9.0
08205,509.0
08206,5.0
08207,7.0
08208,28.0
08209,21.0
08210,46.0
08211,317.0
08212,1.0
08213,25.0
08214,34.0
08215,23.0
08216,0.0
08217,190.0
08218,39.0
08219,125.0
08220,10.0
08221,213.0
08222,8.0
08223,8.0
08224,2.0
08225,0.0
08226,4.0
08227,35.0
08228,2.0
08229,0.0
08230,46.0
08231,112.0
08232,8.0
08233,3.0
08234,9.0
08235,39.0
08236,6.0
08237,7.0
08238,136.0
08239,2.0
08240,64.0
08241,0.0
08242,2.0
08243,0.0
08244,20.0
08245,479.0
08246,26.0
08247,16.0
08248,19.0
08249,0.0
08250,79.0
08251,86.0
08252,160.0
08253,1.0
08254,8.0
08255,0.0
08256,2.0
08257,1.0
08258,5.0
08259,40.0
08260,84.0
08261,19.0
08262,65.0
08263,117.0
08264,55.0
08265,8.0
08266,155.0
08267,47.0
08268,4.0
08269,10.0
08270,244.0
08271,0.0
08272,0.0
08273,4.0
08274,29.0
08275,1.0
08276,1.0
08277,1.0
08278,22.0
08279,1581.0
08280,0.0
08281,40.0
08282,30.0
08283,35.0
08284,195.0
08285,94.0
08286,19.0
08287,6.0
08288,4.0
08289,41.0
08290,13.0
08291,28.0
08292,7.0
08293,2.0
08294,7.0
08295,46.0
08296,6.0
08297,0.0
08298,308.0
08299,0.0
08300,71.0
08301,295.0
08302,53.0
08303,0.0
08304,1.0
08305,266.0
08306,2.0
08307,325.0
08308,0.0
08901,2.0
08902,34.0
08903,0.0
08904,122.0
08905,5.0
09001,2.0
09003,0.0
09006,3.0
09007,1.0
09009,3.0
09010,0.0
09011,1.0
09012,1.0
09013,0.0
09014,5.0
09016,0.0
09017,2.0
09018,126.0
09019,0.0
09020,3.0
09021,1.0
09022,0.0
09023,6.0
09024,0.0
09025,4.0
09026,4.0
09027,0.0
09029,1.0
09030,1.0
09032,2.0
09033,0.0
09034,6.0
09035,3.0
09036,0.0
09037,0.0
09038,0.0
09039,0.0
09041,0.0
09043,4.0
09044,0.0
09045,1.0
09046,0.0
09047,0.0
09048,26.0
09050,0.0
09051,1.0
09052,2.0
09054,0.0
09055,3.0
09056,86.0
09057,1.0
09058,6.0
09059,1419.0
09060,0.0
09061,2.0
09062,1.0
09063,1.0
09064,2.0
09065,1.0
09066,0.0
09067,0.0
09068,1.0
09070,0.0
09071,0.0
09072,4.0
09073,13.0
09074,7.0
09075,0.0
09076,0.0
09077,2.0
09078,0.0
09079,0.0
09082,0.0
09083,0.0
09084,0.0
09085,4.0
09086,3.0
09088,0.0
09090,2.0
09091,8.0
09093,2.0
09094,1.0
09095,1.0
09098,7.0
09100,0.0
09101,0.0
09102,0.0
09103,2.0
09104,0.0
09105,1.0
09108,45.0
09109,20.0
09110,0.0
09112,0.0
09113,1.0
09114,0.0
09115,1.0
09117,0.0
09119,0.0
09120,0.0
09122,1.0
09123,1.0
09124,15.0
09125,2.0
09127,1.0
09128,1.0
09129,1.0
09130,1.0
09131,3.0
09132,0.0
09133,0.0
09134,2.0
09135,1.0
09136,5.0
09137,0.0
09138,2.0
09139,2.0
09140,3.0
09141,6.0
09143,0.0
09144,0.0
09148,1.0
09149,3.0
09151,5.0
09152,6.0
09154,1.0
09155,0.0
09159,0.0
09160,0.0
09162,0.0
09163,3.0
09164,0.0
09166,1.0
09167,0.0
09168,1.0
09169,3.0
09170,1.0
09172,0.0
09173,0.0
09174,6.0
09175,2.0
09176,0.0
09177,4.0
09178,4.0
09179,0.0
09180,0.0
09181,2.0
09182,2.0
09183,0.0
09184,2.0
09189,1.0
09190,0.0
09191,0.0
09192,2.0
09194,32.0
09195,0.0
09196,1.0
09197,0.0
09198,1.0
09199,2.0
09200,1.0
09201,1.0
09202,0.0
09206,0.0
09208,1.0
09209,103.0
09211,34.0
09213,0.0
09214,10.0
09215,9.0
09216,4.0
09217,5.0
09218,1.0
09219,343.0
09220,0.0
09221,6.0
09223,0.0
09224,2.0
09225,0.0
09226,0.0
09227,0.0
09228,1.0
09229,0.0
09230,0.0
09231,0.0
09232,3.0
09235,1.0
09236,0.0
09238,12.0
09239,0.0
09241,3.0
09242,3.0
09243,2.0
09244,1.0
09246,3.0
09247,1.0
09248,1.0
09249,4.0
09250,0.0
09251,2.0
09253,0.0
09255,0.0
09256,3.0
09257,1.0
09258,2.0
09259,0.0
09261,2.0
09262,1.0
09265,0.0
09266,1.0
09267,2.0
09268,0.0
09269,0.0
09270,2.0
09272,8.0
09273,2.0
09274,3.0
09275,1.0
09276,10.0
09277,2.0
09279,0.0
09280,1.0
09281,2.0
09283,0.0
09287,2.0
09288,0.0
09289,9.0
09292,2.0
09294,2.0
09295,0.0
09297,1.0
09298,2.0
09301,8.0
09302,0.0
09303,1.0
09304,2.0
09306,3.0
09307,2.0
09308,2.0
09309,3.0
09310,0.0
09311,0.0
09312,0.0
09314,2.0
09315,10.0
09316,2.0
09317,0.0
09318,1.0
09321,57.0
09323,0.0
09325,2.0
09326,1.0
09327,0.0
09328,1.0
09329,1.0
09330,21.0
09332,1.0
09334,0.0
09335,3.0
09337,0.0
09338,1.0
09339,3.0
09340,0.0
09343,2.0
09345,4.0
09346,0.0
09347,2.0
09348,2.0
09350,5.0
09351,0.0
09352,0.0
09353,2.0
09354,1.0
09355,1.0
09356,1.0
09358,0.0
09360,0.0
09361,0.0
09362,2.0
09363,4.0
09365,1.0
09366,0.0
09368,0.0
09369,5.0
09372,1.0
09373,1.0
09374,0.0
09375,0.0
09377,3.0
09378,0.0
09380,0.0
09381,0.0
09382,2.0
09384,0.0
09386,0.0
09387,0.0
09388,1.0
09389,1.0
09390,2.0
09391,4.0
09392,1.0
09394,13.0
09395,2.0
09396,2.0
09398,4.0
09400,1.0
09403,2.0
09405,2.0
09406,5.0
09407,0.0
09408,1.0
09409,4.0
09410,52.0
09411,2.0
09412,11.0
09413,5.0
09414,2.0
09415,2.0
09416,0.0
09417,1.0
09418,3.0
09419,0.0
09421,1.0
09422,0.0
09423,0.0
09424,0.0
09425,1.0
09427,24.0
09428,1.0
09429,1.0
09430,0.0
09431,1.0
09432,1.0
09433,2.0
09434,13.0
09437,0.0
09438,2.0
09439,31.0
09440,1.0
09441,2.0
09442,1.0
09443,2.0
09444,2.0
09445,2.0
09446,0.0
09447,1.0
09448,1.0
09449,0.0
09450,0.0
09451,1.0
09454,0.0
09455,0.0
09456,0.0
09458,16.0
09460,1.0
09463,0.0
09464,1.0
09466,1.0
09467,3.0
09471,0.0
09472,1.0
09473,0.0
09476,0.0
09478,2.0
09480,0.0
09482,0.0
09483,1.0
09485,1.0
09901,3.0
09902,7.0
09903,53.0
09904,5.0
09905,9.0
09906,22.0
09907,18.0
09908,8.0
10001,0.0
10002,4.0
10003,6.0
10004,3.0
10005,8.0
10006,1.0
10007,6.0
10008,16.0
10009,3.0
10010,24.0
10011,2.0
10012,8.0
10013,0.0
10014,13.0
10015,6.0
10016,1.0
10017,14.0
10018,12.0
10019,4.0
10020,12.0
10021,10.0
10022,3.0
10023,12.0
10024,6.0
10025,1.0
10026,5.0
10027,4.0
10028,1.0
10029,3.0
10030,2.0
10031,4.0
10032,26.0
10033,5.0
10034,0.0
10035,9.0
10036,0.0
10037,828.0
10038,0.0
10039,2.0
10040,6.0
10041,5.0
10042,1.0
10043,5.0
10044,12.0
10045,16.0
10046,0.0
10047,6.0
10048,1.0
10049,34.0
10050,2.0
10051,0.0
10052,1.0
10053,2.0
10054,6.0
10055,2.0
10056,1.0
10057,2.0
10058,5.0
10059,5.0
10060,3.0
10061,14.0
10062,0.0
10063,0.0
10064,7.0
10065,1.0
10066,4.0
10067,100.0
10068,3.0
10069,8.0
10070,5.0
10071,1.0
10072,3.0
10073,4.0
10075,1.0
10076,5.0
10077,3.0
10078,0.0
10079,3.0
10080,1.0
10081,0.0
10082,19.0
10083,0.0
10084,13.0
10085,119.0
10086,2.0
10087,12.0
10088,2.0
10089,8.0
10090,4.0
10091,1.0
10092,1.0
10093,2.0
10094,1.0
10095,1.0
10096,56.0
10097,0.0
10098,2.0
10099,5.0
10100,8.0
10101,3.0
10102,4.0
10103,3.0
10104,55.0
10105,26.0
10106,2.0
10107,3.0
10108,6.0
10109,17.0
10110,14.0
10111,9.0
10112,37.0
10113,7.0
10114,10.0
10115,24.0
10116,45.0
10117,0.0
10118,1.0
10119,4.0
10120,1.0
10121,104.0
10122,0.0
10123,1.0
10124,0.0
10125,8.0
10126,4.0
10127,39.0
10128,35.0
10129,4.0
10130,6.0
10131,110.0
10132,0.0
10133,17.0
10134,2.0
10135,3.0
10136,2.0
10137,2.0
10138,6.0
10139,2.0
10140,11.0
10141,1.0
10142,6.0
10143,0.0
10144,0.0
10145,1.0
10146,12.0
10147,9.0
10148,287.0
10149,4.0
10150,7.0
10151,0.0
10152,0.0
10153,2.0
10154,1.0
10155,17.0
10156,2.0
10157,2.0
10158,7.0
10159,1.0
10160,1.0
10161,1.0
10162,12.0
10163,3.0
10164,5.0
10165,1.0
10166,2.0
10167,2.0
10168,1.0
10169,8.0
10170,2.0
10171,6.0
10172,6.0
10173,3.0
10174,0.0
10175,14.0
10176,0.0
10177,11.0
10178,10.0
10179,2.0
10180,36.0
10181,5.0
10182,0.0
10183,11.0
10184,2.0
10185,2.0
10186,6.0
10187,3.0
10188,0.0
10189,18.0
10190,4.0
10191,8.0
10192,3.0
10193,4.0
10194,7.0
10195,114.0
10196,1.0
10197,0.0
10198,14.0
10199,1.0
10200,2.0
10201,1.0
10202,3.0
10203,34.0
10204,3.0
10205,5.0
10206,5.0
10207,3.0
10208,5.0
10209,3.0
10210,5.0
10211,2.0
10212,11.0
10213,1.0
10214,0.0
10215,4.0
10216,9.0
10217,12.0
10218,12.0
10219,9.0
10901,7.0
10902,0.0
10903,0.0
10904,
10905,
11001,41.0
11002,12.0
11003,5.0
11004,638.0
11005,16.0
11006,151.0
11007,119.0
11008,194.0
11009,6.0
11010,37.0
11011,22.0
11012,662.0
11013,13.0
11014,144.0
11015,633.0
11016,193.0
11017,7.0
11018,9.0
11019,11.0
11020,1350.0
11021,51.0
11022,551.0
11023,32.0
11024,53.0
11025,19.0
11026,28.0
11027,441.0
11028,208.0
11029,7.0
11030,632.0
11031,633.0
11032,401.0
11033,641.0
11034,16.0
11035,178.0
11036,13.0
11037,21.0
11038,72.0
11039,145.0
11040,1.0
11041,65.0
11042,7.0
11901,44.0
11902,16.0
11903,
12001,9.0
12002,16.0
12003,6.0
12004,228.0
12005,38.0
12006,2.0
12007,1.0
12008,3.0
12009,353.0
12010,2.0
12011,126.0
12012,16.0
12013,1.0
12014,5.0
12015,1.0
12016,16.0
12017,3.0
12018,1.0
12020,3.0
12021,30.0
12022,3.0
12024,0.0
12025,0.0
12026,6.0
12027,264.0
12028,152.0
12029,5.0
12031,47.0
12032,219.0
12033,284.0
12034,16.0
12036,6.0
12037,0.0
12038,1.0
12039,0.0
12040,832.0
12041,1.0
12042,3.0
12043,9.0
12044,3.0
12045,3.0
12046,5.0
12048,2.0
12049,3.0
12050,12.0
12051,2.0
12052,1.0
12053,119.0
12055,5.0
12056,2.0
12057,7.0
12058,4.0
12059,3.0
12060,0.0
12061,0.0
12063,2.0
12064,3.0
12065,5.0
12067,3.0
12068,2.0
12069,1.0
12070,1.0
12071,11.0
12072,10.0
12073,4.0
12074,8.0
12075,1.0
12076,2.0
12077,244.0
12078,2.0
12079,10.0
12080,9.0
12081,8.0
12082,174.0
12083,0.0
12084,165.0
12085,1208.0
12087,0.0
12088,0.0
12089,447.0
12090,0.0
12091,1.0
12092,2.0
12093,1.0
12094,5.0
12095,2.0
12096,3.0
12097,2.0
12098,8.0
12099,42.0
12100,21.0
12101,0.0
12102,15.0
12103,1.0
12104,36.0
12105,9.0
12106,25.0
12107,10.0
12108,6.0
12109,2.0
12110,2.0
12111,2.0
12112,1.0
12113,0.0
12114,1.0
12115,5.0
12116,1.0
12117,106.0
12118,1.0
12119,0.0
12120,1.0
12121,8.0
12122,4.0
12123,1.0
12124,21.0
12125,1.0
12126,191.0
12127,2.0
12128,4.0
12129,10.0
12130,8.0
12131,2.0
12132,0.0
12133,7.0
12134,0.0
12135,300.0
12136,5.0
12137,0.0
12138,252.0
12139,7.0
12140,8.0
12141,1.0
12142,2.0
12901,36.0
12902,41.0
13001,7.0
13002,15.0
13003,2.0
13004,4.0
13005,155.0
13006,1.0
13007,6.0
13008,3.0
13009,8.0
13010,3.0
13011,40.0
13012,3.0
13013,51.0
13014,1.0
13015,35.0
13016,2.0
13017,2.0
13018,3.0
13019,47.0
13020,78.0
13021,1.0
13022,2.0
13023,38.0
13024,10.0
13025,0.0
13026,7.0
13027,23.0
13028,71.0
13029,1.0
13030,1.0
13031,33.0
13032,5.0
13033,10.0
13034,742.0
13035,3.0
13036,1.0
13037,2.0
13038,18.0
13039,100.0
13040,4.0
13041,0.0
13042,23.0
13043,5.0
13044,5.0
13045,4.0
13046,4.0
13047,29.0
13048,12.0
13049,9.0
13050,1.0
13051,4.0
13052,33.0
13053,215.0
13054,18.0
13055,5.0
13056,92.0
13057,5.0
13058,31.0
13059,1.0
13060,1.0
13061,45.0
13062,4.0
13063,32.0
13064,57.0
13065,10.0
13066,52.0
13067,1.0
13068,6.0
13069,3.0
13070,3.0
13071,364.0
13072,0.0
13073,4.0
13074,7.0
13075,4.0
13076,1.0
13077,18.0
13078,151.0
13079,63.0
13080,3.0
13081,4.0
13082,290.0
13083,8.0
13084,5.0
13085,17.0
13086,3.0
13087,321.0
13088,1.0
13089,8.0
13090,8.0
13091,1.0
13092,9.0
13093,37.0
13094,2.0
13095,1.0
13096,19.0
13097,11.0
13098,8.0
13901,7.0
13902,8.0
13903,1.0
13904,1.0
14001,22.0
14002,59.0
14003,13.0
14004,10.0
14005,33.0
14006,9.0
14007,110.0
14008,19.0
14009,12.0
14010,15.0
14011,6.0
14012,38.0
14013,129.0
14014,16.0
14015,11.0
14016,8.0
14017,105.0
14018,14.0
14019,33.0
14020,1.0
14021,1800.0
14022,40.0
14023,19.0
14024,7.0
14025,12.0
14026,12.0
14027,54.0
14028,2.0
14029,34.0
14030,28.0
14031,5.0
14032,7.0
14033,9.0
14034,1.0
14035,62.0
14036,7.0
14037,17.0
14038,414.0
14039,13.0
14040,14.0
14041,5.0
14042,128.0
14043,56.0
14044,37.0
14045,19.0
14046,19.0
14047,18.0
14048,2.0
14049,102.0
14050,6.0
14051,10.0
14052,70.0
14053,25.0
14054,105.0
14055,87.0
14056,215.0
14057,41.0
14058,84.0
14059,6.0
14060,17.0
14061,4.0
14062,7.0
14063,11.0
14064,3.0
14065,8.0
14066,25.0
14067,11.0
14068,6.0
14069,41.0
14070,9.0
14071,10.0
14072,9.0
14073,13.0
14074,16.0
14075,0.0
14901,
14902,
15001,16.0
15002,186.0
15003,5.0
15004,96.0
15005,178.0
15006,32.0
15007,3.0
15008,22.0
15009,70.0
15010,3.0
15011,151.0
15012,44.0
15013,43.0
15014,12.0
15015,15.0
15016,16.0
15017,96.0
15018,3.0
15019,218.0
15020,15.0
15021,65.0
15022,95.0
15023,68.0
15024,26.0
15025,1.0
15027,6.0
15028,25.0
15029,11.0
15030,1454.0
15031,173.0
15032,25.0
15033,2.0
15034,1.0
15035,50.0
15036,433.0
15037,52.0
15038,3.0
15039,6.0
15040,8.0
15041,65.0
15042,4.0
15043,33.0
15044,11.0
15045,3.0
15046,113.0
15047,3.0
15048,112.0
15049,3.0
15050,4.0
15051,34.0
15052,20.0
15053,27.0
15054,372.0
15055,22.0
15056,57.0
15057,52.0
15058,182.0
15059,62.0
15060,39.0
15061,51.0
15062,12.0
15064,6.0
15065,43.0
15066,29.0
15067,46.0
15068,28.0
15069,37.0
15070,111.0
15071,48.0
15072,44.0
15073,245.0
15074,11.0
15075,102.0
15076,10.0
15077,42.0
15078,692.0
15079,8.0
15080,9.0
15081,7.0
15082,45.0
15083,1.0
15084,3.0
15085,3.0
15086,1.0
15087,28.0
15088,49.0
15089,5.0
15090,6.0
15091,7.0
15092,22.0
15093,26.0
15901,67.0
15902,27.0
16001,2.0
16002,1.0
16003,1.0
16004,2.0
16005,1.0
16006,1.0
16007,5.0
16008,3.0
16009,1.0
16010,1.0
16011,1.0
16012,2.0
16013,0.0
16014,2.0
16015,1.0
16016,0.0
16017,3.0
16018,1.0
16019,1.0
16020,0.0
16022,1.0
16023,11.0
16024,0.0
16025,1.0
16026,0.0
16027,4.0
16029,1.0
16030,0.0
16031,0.0
16032,1.0
16033,3.0
16034,3.0
16035,0.0
16036,0.0
16038,1.0
16039,2.0
16040,0.0
16041,2.0
16042,7.0
16043,1.0
16044,0.0
16045,1.0
16046,1.0
16047,3.0
16048,3.0
16049,0.0
16050,3.0
16051,0.0
16052,1.0
16053,2.0
16055,5.0
16056,2.0
16057,3.0
16058,3.0
16060,7.0
16061,1.0
16062,0.0
16063,0.0
16064,2.0
16065,2.0
16066,15.0
16067,2.0
16068,0.0
16070,1.0
16071,0.0
16072,1.0
16073,2.0
16074,0.0
16078,521.0
16079,0.0
16081,0.0
16082,3.0
16083,0.0
16084,0.0
16085,1.0
16086,3.0
16087,0.0
16088,3.0
16089,1.0
16091,0.0
16092,1.0
16093,0.0
16094,6.0
16095,0.0
16096,2.0
16097,3.0
16098,2.0
16099,1.0
16100,3.0
16101,1.0
16102,1.0
16103,1.0
16104,0.0
16106,24.0
16107,1.0
16108,0.0
16109,0.0
16110,0.0
16111,0.0
16112,15.0
16113,23.0
16115,0.0
16116,0.0
16117,6.0
16118,4.0
16119,0.0
16121,1.0
16122,0.0
16123,0.0
16124,6.0
16125,20.0
16126,6.0
16128,0.0
16129,5.0
16130,2.0
16131,0.0
16132,0.0
16133,48.0
16134,23.0
16135,0.0
16137,0.0
16139,1.0
16140,1.0
16141,1.0
16142,2.0
16143,0.0
16145,1.0
16146,0.0
16147,3.0
16148,6.0
16149,3.0
16150,1.0
16151,0.0
16152,0.0
16153,3.0
16154,20.0
16155,1.0
16156,3.0
16157,1.0
16158,3.0
16159,1.0
16160,0.0
16161,0.0
16162,1.0
16163,0.0
16165,2.0
16166,1.0
16167,4.0
16169,1.0
16170,17.0
16171,8.0
16172,1.0
16173,4.0
16174,2.0
16175,16.0
16176,3.0
16177,0.0
16181,1.0
16185,2.0
16186,7.0
16187,3.0
16188,1.0
16189,0.0
16190,41.0
16191,11.0
16192,2.0
16193,2.0
16194,4.0
16195,2.0
16196,3.0
16197,1.0
16198,4.0
16199,0.0
16202,6.0
16203,233.0
16204,1.0
16205,1.0
16206,2.0
16209,1.0
16211,7.0
16212,4.0
16213,1.0
16215,0.0
16216,4.0
16217,1.0
16218,5.0
16219,1.0
16224,1.0
16225,0.0
16227,2.0
16228,3.0
16231,0.0
16234,1.0
16236,4.0
16237,0.0
16238,5.0
16239,1.0
16240,2.0
16242,3.0
16243,1.0
16244,3.0
16245,1.0
16246,4.0
16247,1.0
16248,3.0
16249,18.0
16250,0.0
16251,7.0
16253,7.0
16254,2.0
16255,2.0
16258,1.0
16259,1.0
16263,15.0
16264,4.0
16265,0.0
16266,2.0
16269,0.0
16270,2.0
16271,2.0
16272,2.0
16273,1.0
16274,0.0
16275,0.0
16276,0.0
16277,2.0
16278,0.0
16279,2.0
16280,0.0
16901,5.0
16902,2.0
16903,3.0
16904,4.0
16905,28.0
16906,0.0
16908,5.0
16909,22.0
16910,1.0
17001,4.0
17002,0.0
17003,0.0
17004,6.0
17005,0.0
17006,66.0
17007,7.0
17008,22.0
17009,25.0
17010,2.0
17011,5.0
17012,4.0
17013,88.0
17014,1.0
17015,119.0
17016,7.0
17018,6.0
17019,23.0
17020,36.0
17021,0.0
17022,39.0
17023,271.0
17024,15.0
17025,4.0
17026,4.0
17027,36.0
17028,0.0
17029,1.0
17030,284.0
17031,0.0
17032,52.0
17033,61.0
17034,183.0
17035,1.0
17036,8.0
17037,1.0
17038,1.0
17039,29.0
17040,2.0
17041,0.0
17042,2.0
17043,3.0
17044,48.0
17046,8.0
17047,451.0
17048,237.0
17049,30.0
17050,4.0
17051,0.0
17052,0.0
17054,4.0
17055,3.0
17056,6.0
17057,2.0
17058,1.0
17060,15.0
17061,10.0
17062,248.0
17063,7.0
17064,0.0
17065,0.0
17066,373.0
17067,0.0
17068,0.0
17069,20.0
17070,0.0
17071,24.0
17073,9.0
17074,0.0
17075,0.0
17076,0.0
17077,6.0
17078,9.0
17079,633.0
17080,3.0
17081,5.0
17082,30.0
17083,15.0
17084,4.0
17085,1.0
17086,18.0
17087,2.0
17088,15.0
17089,49.0
17090,2.0
17091,19.0
17092,140.0
17093,2.0
17094,38.0
17095,424.0
17096,0.0
17097,0.0
17098,2.0
17099,2.0
17100,0.0
17101,2.0
17102,4.0
17103,50.0
17105,1.0
17106,0.0
17107,7.0
17109,3.0
17110,5.0
17111,7.0
17112,2.0
17114,271.0
17115,1.0
17116,1.0
17117,268.0
17118,191.0
17119,0.0
17120,20.0
17121,9.0
17123,0.0
17124,53.0
17125,1.0
17126,4.0
17128,4.0
17129,0.0
17130,1.0
17132,12.0
17133,6.0
17134,2.0
17135,7.0
17136,0.0
17137,21.0
17138,6.0
17139,8.0
17140,14.0
17141,67.0
17142,17.0
17143,1.0
17144,1.0
17145,24.0
17146,16.0
17147,31.0
17148,8.0
17149,1.0
17150,4.0
17151,2.0
17152,715.0
17153,1.0
17154,0.0
17155,158.0
17157,0.0
17158,2.0
17159,3.0
17160,205.0
17161,8.0
17162,0.0
17163,35.0
17164,37.0
17165,0.0
17166,0.0
17167,17.0
17168,1.0
17169,11.0
17170,1.0
17171,2.0
17172,1.0
17173,2.0
17174,0.0
17175,4.0
17176,0.0
17177,1.0
17178,13.0
17180,94.0
17181,46.0
17182,11.0
17183,1.0
17184,4.0
17185,10.0
17186,42.0
17187,1.0
17188,3.0
17189,4.0
17190,8.0
17191,4.0
17192,3.0
17193,38.0
17194,0.0
17195,4.0
17196,1.0
17197,6.0
17198,4.0
17199,128.0
17200,1.0
17201,1.0
17202,114.0
17203,0.0
17204,1.0
17205,1.0
17206,3.0
17207,7.0
17208,2.0
17209,2.0
17210,3.0
17211,0.0
17212,0.0
17213,36.0
17214,2.0
17215,25.0
17216,0.0
17217,1.0
17218,0.0
17220,4.0
17221,23.0
17222,1.0
17223,5.0
17224,7.0
17225,1.0
17226,4.0
17227,2.0
17228,2.0
17230,10.0
17232,5.0
17233,4.0
17234,1.0
17901,6.0
17902,5.0
17903,2.0
18001,6.0
18002,2.0
18003,132.0
18004,3.0
18005,0.0
18006,50.0
18007,5.0
18010,44.0
18011,23.0
18012,12.0
18013,36.0
18014,104.0
18015,2.0
18016,5.0
18017,427.0
18018,0.0
18020,7.0
18021,175.0
18022,289.0
18023,127.0
18024,1.0
18025,0.0
18027,8.0
18028,2.0
18029,13.0
18030,3.0
18032,5.0
18033,2.0
18034,5.0
18035,17.0
18036,48.0
18037,7.0
18038,4.0
18039,14.0
18040,4.0
18042,14.0
18043,1.0
18044,7.0
18045,0.0
18046,7.0
18047,51.0
18048,61.0
18049,3.0
18050,23.0
18051,17.0
18053,8.0
18054,5.0
18056,22.0
18057,29.0
18059,30.0
18061,4.0
18062,165.0
18063,3.0
18064,1.0
18065,
18066,5.0
18067,3.0
18068,11.0
18069,2.0
18070,1.0
18071,20.0
18072,4.0
18074,3.0
18076,3.0
18077,
18078,4.0
18079,46.0
18082,14.0
18083,2.0
18084,47.0
18085,3.0
18086,1.0
18087,1565.0
18088,8.0
18089,91.0
18093,76.0
18094,21.0
18095,10.0
18096,2.0
18097,11.0
18098,60.0
18099,10.0
18100,59.0
18101,70.0
18102,41.0
18103,5.0
18105,40.0
18106,
18107,10.0
18108,5.0
18109,2.0
18111,31.0
18112,2.0
18114,7.0
18115,65.0
18116,18.0
18117,4.0
18119,25.0
18120,9.0
18121,0.0
18122,185.0
18123,3.0
18124,4.0
18126,34.0
18127,133.0
18128,3.0
18132,31.0
18133,21.0
18134,142.0
18135,28.0
18136,3.0
18137,5.0
18138,15.0
18140,570.0
18141,3.0
18143,6.0
18144,5.0
18145,94.0
18146,5.0
18147,52.0
18148,8.0
18149,48.0
18150,74.0
18151,1.0
18152,6.0
18153,56.0
18154,6.0
18157,6.0
18158,47.0
18159,5.0
18161,0.0
18162,13.0
18163,0.0
18164,25.0
18165,36.0
18167,4.0
18168,1.0
18170,6.0
18171,3.0
18173,127.0
18174,1.0
18175,155.0
18176,2.0
18177,25.0
18178,5.0
18179,2.0
18180,5.0
18181,1.0
18182,18.0
18183,12.0
18184,16.0
18185,2.0
18187,3.0
18188,16.0
18189,2.0
18192,20.0
18193,243.0
18194,18.0
18901,6.0
18902,4.0
18903,29.0
18904,6.0
18905,254.0
18906,3.0
18907,4.0
18908,6.0
18909,5.0
18910,3.0
18911,81.0
18912,12.0
18913,2.0
18914,
18915,
18916,
19001,9.0
19002,0.0
19003,0.0
19004,1.0
19005,0.0
19006,16.0
19007,3.0
19008,0.0
19009,2.0
19010,0.0
19011,3.0
19013,5.0
19015,1.0
19016,0.0
19017,0.0
19018,0.0
19019,1.0
19020,0.0
19021,7.0
19022,12.0
19023,1.0
19024,73.0
19027,0.0
19031,0.0
19032,4.0
19033,1.0
19034,0.0
19036,5.0
19037,2.0
19038,1.0
19039,0.0
19040,0.0
19041,0.0
19042,0.0
19043,1.0
19044,9.0
19045,0.0
19046,246.0
19047,0.0
19048,1.0
19049,1.0
19050,0.0
19051,1.0
19052,0.0
19053,31.0
19054,3.0
19055,0.0
19057,1.0
19058,67.0
19059,1.0
19060,2.0
19061,1.0
19064,0.0
19065,4.0
19066,0.0
19067,3.0
19070,0.0
19071,116.0
19073,0.0
19074,0.0
19075,1.0
19076,4.0
19078,1.0
19079,0.0
19080,1.0
19081,6.0
19082,3.0
19086,12.0
19087,0.0
19088,1.0
19089,0.0
19090,1.0
19091,0.0
19092,5.0
19095,0.0
19096,1.0
19097,3.0
19098,1.0
19099,0.0
19102,1.0
19103,1.0
19104,0.0
19105,12.0
19106,1.0
19107,0.0
19108,3.0
19109,0.0
19110,1.0
19111,0.0
19112,1.0
19113,7.0
19114,0.0
19115,0.0
19116,0.0
19117,7.0
19118,0.0
19119,0.0
19120,1.0
19121,9.0
19122,4.0
19123,0.0
19124,4.0
19125,1.0
19126,9.0
19127,0.0
19129,0.0
19130,860.0
19132,0.0
19133,1.0
19134,5.0
19135,1.0
19136,0.0
19138,5.0
19139,4.0
19142,7.0
19143,13.0
19145,1.0
19146,0.0
19147,0.0
19148,0.0
19150,0.0
19151,27.0
19152,13.0
19153,0.0
19154,1.0
19155,0.0
19156,10.0
19157,0.0
19159,2.0
19160,13.0
19161,2.0
19162,1.0
19163,6.0
19165,6.0
19166,1.0
19167,2.0
19168,4.0
19169,1.0
19170,6.0
19171,151.0
19172,3.0
19173,5.0
19174,0.0
19175,0.0
19176,3.0
19177,2.0
19178,1.0
19179,0.0
19181,3.0
19182,1.0
19183,3.0
19184,0.0
19185,3.0
19186,0.0
19187,1.0
19188,2.0
19189,1.0
19190,42.0
19191,2.0
19192,9.0
19193,0.0
19194,5.0
19195,2.0
19196,2.0
19197,0.0
19198,0.0
19199,0.0
19200,1.0
19201,0.0
19202,1.0
19203,1.0
19204,2.0
19208,4.0
19209,2.0
19210,0.0
19211,10.0
19212,9.0
19213,1.0
19214,1.0
19215,2.0
19216,5.0
19217,0.0
19218,2.0
19219,0.0
19220,29.0
19221,0.0
19222,2.0
19223,0.0
19224,2.0
19225,14.0
19226,0.0
19227,2.0
19228,1.0
19229,0.0
19230,32.0
19231,0.0
19232,0.0
19233,1.0
19234,0.0
19235,1.0
19237,0.0
19238,2.0
19239,0.0
19240,1.0
19241,2.0
19242,3.0
19243,1.0
19244,3.0
19245,14.0
19246,1.0
19247,3.0
19248,0.0
19249,0.0
19250,0.0
19251,0.0
19252,0.0
19254,3.0
19255,7.0
19256,0.0
19257,25.0
19258,1.0
19259,2.0
19260,1.0
19261,1.0
19262,5.0
19263,1.0
19264,2.0
19265,2.0
19266,5.0
19267,0.0
19268,0.0
19269,3.0
19270,1.0
19271,2.0
19272,2.0
19274,24.0
19277,1.0
19278,0.0
19279,0.0
19280,75.0
19281,0.0
19282,6.0
19283,2.0
19284,0.0
19285,3.0
19286,9.0
19287,3.0
19288,0.0
19289,1.0
19290,29.0
19291,5.0
19293,32.0
19294,0.0
19296,0.0
19297,1.0
19298,3.0
19299,0.0
19300,4.0
19301,1.0
19302,0.0
19303,0.0
19304,2.0
19305,0.0
19306,0.0
19307,0.0
19308,3.0
19309,0.0
19310,0.0
19311,0.0
19314,1.0
19317,1.0
19318,0.0
19319,51.0
19321,0.0
19322,3.0
19323,0.0
19324,2.0
19325,2.0
19326,378.0
19327,1.0
19329,1.0
19330,1.0
19331,50.0
19332,1.0
19333,5.0
19334,0.0
19335,1.0
19901,1.0
20001,1.0
20002,0.0
20003,1.0
20004,0.0
20005,3.0
20006,1.0
20007,0.0
20008,1.0
20009,61.0
20010,4.0
20011,5.0
20012,0.0
20013,171.0
20014,6.0
20015,9.0
20016,10.0
20017,55.0
20018,276.0
20019,106.0
20020,0.0
20021,2.0
20022,4.0
20023,0.0
20024,5.0
20025,10.0
20026,2.0
20027,17.0
20028,82.0
20029,44.0
20030,203.0
20031,1.0
20032,85.0
20033,4.0
20034,43.0
20035,7.0
20036,94.0
20037,2.0
20038,0.0
20039,9.0
20040,223.0
20041,0.0
20042,29.0
20043,11.0
20044,1.0
20045,474.0
20046,9.0
20047,3.0
20048,0.0
20049,29.0
20050,1.0
20051,107.0
20052,9.0
20053,67.0
20054,1.0
20055,112.0
20056,132.0
20057,1.0
20058,4.0
20059,119.0
20060,0.0
20061,74.0
20062,5.0
20063,38.0
20064,51.0
20065,36.0
20066,8.0
20067,201.0
20068,0.0
20069,1264.0
20070,12.0
20071,319.0
20072,17.0
20073,22.0
20074,167.0
20075,8.0
20076,60.0
20077,43.0
20078,55.0
20079,110.0
20080,85.0
20081,52.0
20901,9.0
20902,122.0
20903,186.0
20904,0.0
20905,1.0
20906,0.0
20907,0.0
21001,8.0
21002,163.0
21003,5.0
21004,12.0
21005,264.0
21006,46.0
21007,118.0
21008,15.0
21009,5.0
21010,812.0
21011,13.0
21012,0.0
21013,96.0
21014,13.0
21015,0.0
21016,17.0
21017,43.0
21018,15.0
21019,3.0
21020,4.0
21021,274.0
21022,1.0
21023,29.0
21024,2.0
21025,91.0
21026,4.0
21027,0.0
21028,2.0
21029,5.0
21030,3.0
21031,13.0
21032,19.0
21033,13.0
21034,12.0
21035,76.0
21036,1.0
21037,3.0
21038,8.0
21039,4.0
21040,33.0
21041,1116.0
21042,209.0
21043,10.0
21044,280.0
21045,2.0
21046,12.0
21047,14.0
21048,4.0
21049,30.0
21050,91.0
21051,2.0
21052,82.0
21053,14.0
21054,115.0
21055,66.0
21056,26.0
21057,6.0
21058,12.0
21059,1.0
21060,208.0
21061,32.0
21062,8.0
21063,47.0
21064,38.0
21065,8.0
21066,0.0
21067,5.0
21068,1.0
21069,6.0
21070,36.0
21071,1.0
21072,63.0
21073,9.0
21074,9.0
21075,0.0
21076,24.0
21077,9.0
21078,19.0
21079,15.0
21902,
22001,2.0
22002,0.0
22003,0.0
22004,0.0
22006,10.0
22007,1.0
22008,0.0
22009,4.0
22011,0.0
22012,0.0
22013,0.0
22014,0.0
22015,1.0
22016,3.0
22017,6.0
22018,2.0
22019,0.0
22020,2.0
22021,11.0
22022,1.0
22023,0.0
22024,6.0
22025,5.0
22027,0.0
22028,2.0
22029,1.0
22032,1.0
22035,1.0
22036,2.0
22037,1.0
22039,10.0
22040,1.0
22041,0.0
22042,0.0
22043,0.0
22044,1.0
22045,2.0
22046,2.0
22047,0.0
22048,72.0
22049,0.0
22050,0.0
22051,1.0
22052,3.0
22053,18.0
22054,68.0
22055,0.0
22057,9.0
22058,2.0
22059,32.0
22060,4.0
22061,52.0
22062,0.0
22063,0.0
22064,1.0
22066,6.0
22067,1.0
22068,0.0
22069,10.0
22072,3.0
22074,7.0
22075,1.0
22076,1.0
22077,3.0
22078,24.0
22079,1.0
22080,0.0
22081,1.0
22082,1.0
22083,2.0
22084,9.0
22085,0.0
22086,7.0
22087,0.0
22088,0.0
22089,1.0
22090,0.0
22094,0.0
22095,1.0
22096,1.0
22099,0.0
22102,1.0
22103,4.0
22105,1.0
22106,1.0
22107,0.0
22109,5.0
22110,3.0
22111,1.0
22112,93.0
22113,4.0
22114,0.0
22115,9.0
22116,9.0
22117,16.0
22119,0.0
22122,5.0
22124,0.0
22125,436.0
22126,0.0
22127,5.0
22128,5.0
22129,2.0
22130,237.0
22131,12.0
22133,2.0
22135,1.0
22136,4.0
22137,5.0
22139,0.0
22141,0.0
22142,3.0
22143,6.0
22144,1.0
22149,3.0
22150,4.0
22151,0.0
22155,1.0
22156,3.0
22157,0.0
22158,130.0
22160,2.0
22162,1.0
22163,4.0
22164,0.0
22165,4.0
22167,3.0
22168,0.0
22170,48.0
22172,0.0
22173,6.0
22174,1.0
22175,0.0
22176,0.0
22177,0.0
22178,0.0
22181,0.0
22182,1.0
22184,1.0
22186,4.0
22187,6.0
22188,2.0
22189,0.0
22190,1.0
22193,0.0
22195,0.0
22197,2.0
22199,116.0
22200,2.0
22201,1.0
22202,2.0
22203,0.0
22204,50.0
22205,5.0
22206,4.0
22207,1.0
22208,12.0
22209,0.0
22212,3.0
22213,26.0
22214,4.0
22215,0.0
22217,2.0
22218,0.0
22220,0.0
22221,15.0
22222,6.0
22223,2.0
22225,29.0
22226,6.0
22227,1.0
22228,1.0
22229,0.0
22230,1.0
22232,0.0
22233,0.0
22234,4.0
22235,0.0
22236,1.0
22239,0.0
22242,0.0
22243,0.0
22244,0.0
22245,0.0
22246,0.0
22247,0.0
22248,1.0
22249,6.0
22250,39.0
22251,1.0
22252,0.0
22253,0.0
22254,6.0
22901,3.0
22902,2.0
22903,4.0
22904,2.0
22905,0.0
22906,0.0
22907,11.0
22908,0.0
22909,0.0
23001,3.0
23002,118.0
23003,61.0
23004,4.0
23005,217.0
23006,31.0
23007,31.0
23008,14.0
23009,96.0
23010,74.0
23011,22.0
23012,27.0
23014,8.0
23015,4.0
23016,6.0
23017,11.0
23018,15.0
23019,6.0
23020,8.0
23021,3.0
23024,75.0
23025,12.0
23026,20.0
23027,6.0
23028,52.0
23029,5.0
23030,1.0
23031,2.0
23032,3.0
23033,11.0
23034,18.0
23035,6.0
23037,1.0
23038,23.0
23039,17.0
23040,9.0
23041,3.0
23042,3.0
23043,4.0
23044,25.0
23045,4.0
23046,11.0
23047,31.0
23048,1.0
23049,21.0
23050,840.0
23051,18.0
23052,10.0
23053,54.0
23054,13.0
23055,451.0
23056,13.0
23057,5.0
23058,153.0
23059,22.0
23060,161.0
23061,39.0
23062,9.0
23063,15.0
23064,5.0
23065,25.0
23066,45.0
23067,11.0
23069,41.0
23070,28.0
23071,12.0
23072,19.0
23073,23.0
23074,17.0
23075,13.0
23076,3.0
23077,10.0
23079,24.0
23080,6.0
23081,10.0
23082,23.0
23084,6.0
23085,11.0
23086,107.0
23087,66.0
23088,32.0
23090,5.0
23091,2.0
23092,182.0
23093,14.0
23094,33.0
23095,71.0
23096,23.0
23097,50.0
23098,3.0
23099,15.0
23101,1.0
23901,12.0
23902,13.0
23903,14.0
23904,10.0
23905,6.0
24001,2.0
24002,2.0
24003,8.0
24004,9.0
24005,1.0
24006,9.0
24007,10.0
24008,62.0
24009,5.0
24010,77.0
24011,1.0
24012,7.0
24014,67.0
24015,25.0
24016,4.0
24017,4.0
24018,3.0
24019,3.0
24020,2.0
24021,13.0
24022,0.0
24023,2.0
24024,0.0
24025,4.0
24026,7.0
24027,6.0
24028,4.0
24029,6.0
24030,22.0
24031,4.0
24032,0.0
24033,1.0
24034,17.0
24036,2.0
24037,3.0
24038,13.0
24039,7.0
24040,8.0
24041,5.0
24042,0.0
24043,0.0
24044,1.0
24046,4.0
24047,3.0
24049,6.0
24050,0.0
24051,4.0
24052,0.0
24053,3.0
24054,3.0
24055,5.0
24056,27.0
24057,12.0
24058,1.0
24059,2.0
24060,0.0
24061,9.0
24062,2.0
24063,1.0
24064,17.0
24065,33.0
24066,1.0
24067,0.0
24068,3.0
24069,0.0
24070,10.0
24071,6.0
24073,3.0
24074,1.0
24076,28.0
24077,0.0
24078,2.0
24079,5.0
24080,2.0
24081,2.0
24082,16.0
24083,7.0
24084,2.0
24086,2.0
24087,3.0
24088,7.0
24089,866.0
24090,4.0
24091,2.0
24092,4.0
24093,4.0
24094,19.0
24095,2.0
24096,0.0
24097,2.0
24098,51.0
24099,3.0
24100,6.0
24101,4.0
24102,3.0
24103,3.0
24104,5.0
24105,11.0
24106,2.0
24107,2.0
24108,2.0
24109,3.0
24110,11.0
24112,4.0
24113,1.0
24114,21.0
24115,591.0
24116,4.0
24117,0.0
24118,0.0
24119,2.0
24120,2.0
24121,22.0
24122,4.0
24123,12.0
24124,2.0
24125,4.0
24127,2.0
24129,0.0
24130,4.0
24131,2.0
24132,5.0
24133,4.0
24134,17.0
24136,3.0
24137,28.0
24139,23.0
24141,2.0
24142,178.0
24143,1.0
24144,3.0
24145,4.0
24146,0.0
24148,7.0
24149,0.0
24150,3.0
24151,7.0
24152,7.0
24153,2.0
24154,3.0
24155,4.0
24156,5.0
24157,22.0
24158,3.0
24159,8.0
24160,7.0
24161,8.0
24162,9.0
24163,51.0
24164,6.0
24165,3.0
24166,7.0
24167,4.0
24168,1.0
24169,18.0
24170,13.0
24171,1.0
24172,4.0
24173,5.0
24174,11.0
24175,26.0
24176,0.0
24177,0.0
24178,0.0
24179,1.0
24180,18.0
24181,35.0
24182,10.0
24183,8.0
24184,1.0
24185,5.0
24187,9.0
24188,74.0
24189,74.0
24190,0.0
24191,1.0
24193,2.0
24194,5.0
24196,13.0
24197,5.0
24198,5.0
24199,2.0
24201,7.0
24202,42.0
24203,1.0
24205,17.0
24206,7.0
24207,5.0
24209,19.0
24210,1.0
24211,1.0
24212,9.0
24213,2.0
24214,6.0
24215,4.0
24216,4.0
24217,0.0
24218,3.0
24219,2.0
24221,7.0
24222,145.0
24223,22.0
24224,7.0
24225,10.0
24226,1.0
24227,3.0
24228,3.0
24229,3.0
24230,3.0
24901,5.0
24902,1.0
25001,2.0
25002,5.0
25003,34.0
25004,3.0
25005,1.0
25006,0.0
25007,11.0
25008,2.0
25009,1.0
25010,3.0
25011,110.0
25012,8.0
25013,9.0
25014,0.0
25015,2.0
25016,9.0
25017,0.0
25019,48.0
25020,4.0
25021,17.0
25022,1.0
25023,26.0
25024,5.0
25025,56.0
25027,12.0
25029,6.0
25030,0.0
25031,0.0
25032,1.0
25033,12.0
25034,10.0
25035,0.0
25036,0.0
25037,1.0
25038,21.0
25039,5.0
25040,110.0
25041,2.0
25042,0.0
25043,14.0
25044,0.0
25045,2.0
25046,3.0
25047,6.0
25048,58.0
25049,1.0
25050,19.0
25051,20.0
25052,27.0
25053,13.0
25055,0.0
25056,1.0
25057,2.0
25058,68.0
25059,6.0
25060,1.0
25061,0.0
25062,2.0
25063,0.0
25064,0.0
25067,4.0
25068,0.0
25069,1.0
25070,3.0
25071,0.0
25072,39.0
25073,3.0
25074,0.0
25075,0.0
25076,0.0
25077,11.0
25078,6.0
25079,0.0
25081,0.0
25082,9.0
25085,0.0
25086,9.0
25087,0.0
25088,0.0
25089,0.0
25092,0.0
25093,2.0
25094,1.0
25096,6.0
25097,1.0
25098,2.0
25099,28.0
25100,3.0
25101,4.0
25102,5.0
25103,0.0
25104,0.0
25105,0.0
25109,1.0
25110,51.0
25111,0.0
25112,2.0
25113,1.0
25114,0.0
25115,3.0
25118,2.0
25119,40.0
25120,860.0
25121,10.0
25122,30.0
25123,2.0
25124,0.0
25125,0.0
25126,1.0
25127,2.0
25128,0.0
25129,0.0
25130,0.0
25131,1.0
25132,1.0
25133,0.0
25134,1.0
25135,9.0
25136,0.0
25137,104.0
25138,0.0
25139,3.0
25140,1.0
25141,3.0
25142,0.0
25143,1.0
25145,0.0
25146,0.0
25148,0.0
25149,2.0
25150,0.0
25151,2.0
25152,1.0
25153,0.0
25154,0.0
25155,4.0
25156,5.0
25157,1.0
25158,25.0
25161,1.0
25163,4.0
25164,0.0
25165,0.0
25166,0.0
25167,1.0
25168,2.0
25169,0.0
25170,2.0
25171,8.0
25172,14.0
25173,32.0
25174,1.0
25175,7.0
25176,2.0
25177,4.0
25179,0.0
25180,1.0
25181,1.0
25182,1.0
25183,11.0
25185,3.0
25186,2.0
25189,13.0
25190,1.0
25191,4.0
25192,2.0
25193,16.0
25194,0.0
25196,3.0
25197,0.0
25200,0.0
25201,0.0
25202,4.0
25203,65.0
25204,4.0
25205,0.0
25206,0.0
25207,51.0
25208,4.0
25209,32.0
25210,2.0
25211,1.0
25212,2.0
25215,2.0
25216,2.0
25217,133.0
25218,0.0
25219,1.0
25220,3.0
25221,0.0
25222,0.0
25223,4.0
25224,1.0
25225,1.0
25226,1.0
25227,7.0
25228,29.0
25230,9.0
25231,1.0
25232,10.0
25233,0.0
25234,54.0
25238,2.0
25239,6.0
25240,5.0
25242,4.0
25243,57.0
25244,4.0
25245,17.0
25247,2.0
25248,2.0
25249,0.0
25250,3.0
25251,11.0
25252,2.0
25253,2.0
25254,4.0
25255,2.0
25901,2.0
25902,2.0
25903,1.0
25904,0.0
25905,2.0
25906,4.0
25907,3.0
25908,5.0
25909,2.0
25910,0.0
25911,1.0
25912,3.0
25913,0.0
26001,4.0
26002,7.0
26003,5.0
26004,0.0
26005,18.0
26006,35.0
26007,8.0
26008,9.0
26009,32.0
26010,0.0
26011,127.0
26012,0.0
26013,9.0
26014,13.0
26015,0.0
26016,1.0
26017,4.0
26018,76.0
26019,0.0
26020,12.0
26021,26.0
26022,0.0
26023,0.0
26024,6.0
26025,0.0
26026,8.0
26027,0.0
26028,0.0
26029,0.0
26030,0.0
26031,1.0
26032,0.0
26033,1.0
26034,7.0
26035,0.0
26036,111.0
26037,0.0
26038,2.0
26039,0.0
26040,3.0
26041,0.0
26042,19.0
26043,24.0
26044,1.0
26045,1.0
26046,11.0
26047,22.0
26048,0.0
26049,18.0
26050,16.0
26051,1.0
26052,0.0
26053,1.0
26054,4.0
26055,0.0
26056,22.0
26057,0.0
26058,2.0
26059,11.0
26060,0.0
26061,57.0
26062,1.0
26063,4.0
26064,12.0
26065,0.0
26066,4.0
26067,0.0
26068,4.0
26069,1.0
26070,0.0
26071,104.0
26072,1.0
26073,2.0
26074,0.0
26075,0.0
26076,0.0
26077,0.0
26078,0.0
26079,8.0
26080,2.0
26081,1.0
26082,1.0
26083,5.0
26084,109.0
26086,0.0
26087,10.0
26088,1.0
26089,1037.0
26091,0.0
26092,0.0
26093,1.0
26094,2.0
26095,2.0
26096,4.0
26098,1.0
26099,9.0
26100,0.0
26101,0.0
26102,49.0
26103,25.0
26104,0.0
26105,18.0
26106,1.0
26107,1.0
26108,4.0
26109,1.0
26110,0.0
26111,1.0
26112,3.0
26113,0.0
26114,0.0
26115,1.0
26117,19.0
26118,1.0
26119,2.0
26120,23.0
26121,1.0
26122,2.0
26123,2.0
26124,11.0
26125,18.0
26126,0.0
26127,24.0
26128,6.0
26129,10.0
26130,3.0
26131,0.0
26132,4.0
26134,2.0
26135,0.0
26136,1.0
26138,76.0
26139,4.0
26140,7.0
26141,0.0
26142,10.0
26143,19.0
26144,3.0
26145,4.0
26146,2.0
26147,0.0
26148,0.0
26149,0.0
26150,1.0
26151,3.0
26152,2.0
26153,0.0
26154,0.0
26155,4.0
26157,8.0
26158,4.0
26160,8.0
26161,1.0
26162,3.0
26163,1.0
26164,2.0
26165,2.0
26166,0.0
26167,5.0
26168,46.0
26169,1.0
26170,2.0
26171,2.0
26172,1.0
26173,0.0
26174,1.0
26175,0.0
26176,0.0
26177,2.0
26178,0.0
26179,1.0
26180,3.0
26181,1.0
26183,4.0
27001,27.0
27002,2.0
27003,12.0
27004,7.0
27005,121.0
27006,16.0
27007,11.0
27008,5.0
27009,7.0
27010,14.0
27011,3.0
27012,1.0
27013,33.0
27014,5.0
27015,15.0
27016,91.0
27017,8.0
27018,19.0
27019,249.0
27020,10.0
27021,5.0
27022,40.0
27023,3.0
27024,3.0
27025,18.0
27026,13.0
27027,14.0
27028,594.0
27029,10.0
27030,35.0
27031,140.0
27032,17.0
27033,8.0
27034,2.0
27035,0.0
27037,0.0
27038,4.0
27039,8.0
27040,28.0
27041,12.0
27042,3.0
27043,2.0
27044,6.0
27045,2.0
27046,3.0
27047,9.0
27048,13.0
27049,7.0
27050,23.0
27051,87.0
27052,4.0
27053,2.0
27054,3.0
27055,2.0
27056,6.0
27057,78.0
27058,12.0
27059,6.0
27060,6.0
27061,1.0
27062,3.0
27063,19.0
27064,10.0
27065,60.0
27066,81.0
27901,9.0
27902,134.0
28001,21.0
28002,11.0
28003,2.0
28004,53.0
28005,1726.0
28006,427.0
28007,1547.0
28008,23.0
28009,67.0
28010,76.0
28011,1.0
28012,27.0
28013,457.0
28014,193.0
28015,354.0
28016,2.0
28017,2.0
28018,27.0
28019,6.0
28020,0.0
28021,3.0
28022,258.0
28023,51.0
28024,0.0
28025,3.0
28026,80.0
28027,3.0
28028,190.0
28029,3.0
28030,22.0
28031,24.0
28032,32.0
28033,20.0
28034,0.0
28035,6.0
28036,14.0
28037,9.0
28038,39.0
28039,2.0
28040,194.0
28041,60.0
28042,7.0
28043,173.0
28044,28.0
28045,172.0
28046,24.0
28047,332.0
28048,3.0
28049,423.0
28050,40.0
28051,4.0
28052,24.0
28053,58.0
28054,76.0
28055,4.0
28056,2.0
28057,8.0
28058,1223.0
28059,13.0
28060,5.0
28061,124.0
28062,1.0
28063,4.0
28064,0.0
28065,1692.0
28066,31.0
28067,28.0
28068,80.0
28069,4.0
28070,1.0
28071,3.0
28072,30.0
28073,67.0
28074,769.0
28075,26.0
28076,12.0
28078,2.0
28079,20425.0
28080,305.0
28082,62.0
28083,119.0
28084,63.0
28085,34.0
28086,34.0
28087,11.0
28088,2.0
28089,23.0
28090,38.0
28091,13.0
28092,1720.0
28093,24.0
28094,7.0
28095,19.0
28096,124.0
28097,0.0
28099,15.0
28100,31.0
28101,1.0
28102,4.0
28104,211.0
28106,616.0
28107,1.0
28108,48.0
28109,18.0
28110,16.0
28111,2.0
28112,2.0
28113,255.0
28114,3.0
28115,946.0
28116,5.0
28117,1.0
28118,0.0
28119,15.0
28120,5.0
28121,2.0
28122,6.0
28123,1484.0
28124,0.0
28125,20.0
28126,3.0
28127,546.0
28128,1.0
28129,65.0
28130,223.0
28131,140.0
28132,101.0
28133,47.0
28134,1466.0
28135,8.0
28136,2.0
28137,11.0
28138,0.0
28140,11.0
28141,51.0
28143,0.0
28144,37.0
28145,17.0
28146,17.0
28147,10.0
28148,996.0
28149,66.0
28150,19.0
28151,20.0
28152,181.0
28153,6.0
28154,20.0
28155,1.0
28156,3.0
28157,2.0
28158,1.0
28159,4.0
28160,87.0
28161,678.0
28162,22.0
28163,6.0
28164,15.0
28165,9.0
28166,2.0
28167,74.0
28168,8.0
28169,7.0
28170,13.0
28171,29.0
28172,317.0
28173,3.0
28174,7.0
28175,18.0
28176,146.0
28177,66.0
28178,7.0
28179,11.0
28180,32.0
28181,121.0
28182,0.0
28183,2.0
28901,9.0
28902,3.0
28903,197.0
29001,30.0
29002,21.0
29003,3.0
29004,0.0
29005,65.0
29006,4.0
29007,233.0
29008,85.0
29009,5.0
29010,7.0
29011,18.0
29012,91.0
29013,4.0
29014,0.0
29015,248.0
29016,6.0
29017,86.0
29018,4.0
29019,2.0
29020,8.0
29021,0.0
29022,3.0
29023,394.0
29024,1.0
29025,1312.0
29026,5.0
29027,5.0
29028,17.0
29029,1.0
29030,1.0
29031,15.0
29032,39.0
29033,14.0
29034,12.0
29035,4.0
29036,2.0
29037,3.0
29038,209.0
29039,13.0
29040,10.0
29041,235.0
29042,80.0
29043,12.0
29044,6.0
29045,46.0
29046,13.0
29047,1.0
29048,9.0
29049,10.0
29050,1.0
29051,1277.0
29052,0.0
29053,66.0
29054,853.0
29055,29.0
29056,4.0
29057,1.0
29058,8.0
29059,9.0
29060,4.0
29061,7.0
29062,2.0
29063,4.0
29064,4.0
29065,1.0
29066,1.0
29067,3485.0
29068,740.0
29069,2208.0
29070,1667.0
29071,5.0
29072,28.0
29073,2.0
29074,8.0
29075,453.0
29076,90.0
29077,4.0
29079,18.0
29080,87.0
29081,1.0
29082,585.0
29083,6.0
29084,240.0
29085,1.0
29086,11.0
29087,7.0
29088,14.0
29089,37.0
29090,16.0
29091,465.0
29092,1.0
29093,6.0
29094,989.0
29095,24.0
29096,3.0
29097,20.0
29098,2.0
29099,16.0
29100,10.0
29901,908.0
29902,0.0
29903,
29904,
30001,27.0
30002,49.0
30003,389.0
30004,3.0
30005,201.0
30006,4.0
30007,37.0
30008,442.0
30009,168.0
30010,86.0
30011,32.0
30012,66.0
30013,71.0
30014,16.0
30015,133.0
30016,1558.0
30017,67.0
30018,95.0
30019,155.0
30020,57.0
30021,67.0
30022,139.0
30023,40.0
30024,319.0
30025,58.0
30026,578.0
30027,447.0
30028,49.0
30029,70.0
30030,2680.0
30031,4.0
30032,12.0
30033,79.0
30034,4.0
30035,525.0
30036,291.0
30037,445.0
30038,78.0
30039,192.0
30040,2.0
30041,177.0
30042,18.0
30043,166.0
30901,53.0
30902,253.0
31001,17.0
31002,1.0
31003,0.0
31004,0.0
31005,4.0
31006,14.0
31007,0.0
31008,0.0
31009,3.0
31010,59.0
31011,2.0
31012,2.0
31013,2.0
31014,12.0
31015,8.0
31016,116.0
31017,0.0
31018,5.0
31019,26.0
31020,4.0
31021,1.0
31022,0.0
31023,482.0
31024,2.0
31025,5.0
31026,0.0
31027,22.0
31028,0.0
31029,4.0
31030,2.0
31031,5.0
31032,15.0
31033,0.0
31034,0.0
31035,0.0
31036,5.0
31037,0.0
31038,14.0
31039,0.0
31040,1.0
31041,38.0
31042,22.0
31043,1.0
31044,0.0
31045,3.0
31046,0.0
31047,0.0
31048,1.0
31049,7.0
31050,32.0
31051,2.0
31052,0.0
31053,3.0
31054,6.0
31055,3.0
31056,1.0
31057,19.0
31058,1.0
31059,1.0
31060,277.0
31061,0.0
31062,1.0
31063,1.0
31064,12.0
31065,19.0
31066,5.0
31067,2.0
31068,25.0
31069,3.0
31070,21.0
31071,0.0
31072,40.0
31073,0.0
31074,3.0
31075,0.0
31076,25.0
31077,36.0
31078,5.0
31079,1.0
31080,2.0
31081,1.0
31082,3.0
31083,1.0
31084,13.0
31085,12.0
31086,201.0
31087,1.0
31088,49.0
31089,6.0
31090,0.0
31091,1.0
31092,3.0
31093,2.0
31094,0.0
31095,0.0
31096,0.0
31097,63.0
31098,15.0
31099,0.0
31100,0.0
31101,15.0
31102,1.0
31103,0.0
31104,11.0
31105,6.0
31106,4.0
31107,5.0
31108,22.0
31109,41.0
31110,3.0
31111,0.0
31112,1.0
31113,0.0
31114,0.0
31115,0.0
31116,1.0
31117,5.0
31118,0.0
31119,0.0
31120,4.0
31121,0.0
31122,159.0
31123,4.0
31124,0.0
31125,1.0
31126,0.0
31127,1.0
31128,3.0
31129,2.0
31130,9.0
31131,8.0
31132,0.0
31133,1.0
31134,0.0
31135,1.0
31136,1.0
31137,0.0
31138,7.0
31139,5.0
31140,0.0
31141,0.0
31142,4.0
31143,1.0
31144,3.0
31145,1.0
31146,0.0
31147,0.0
31148,1.0
31149,52.0
31150,1.0
31151,0.0
31152,11.0
31153,19.0
31154,0.0
31155,0.0
31156,1.0
31157,24.0
31158,2.0
31159,4.0
31160,1.0
31161,3.0
31162,0.0
31163,11.0
31164,2.0
31165,21.0
31166,1.0
31167,5.0
31168,0.0
31169,21.0
31170,0.0
31171,11.0
31172,1.0
31173,1.0
31174,0.0
31175,4.0
31176,20.0
31177,3.0
31178,2.0
31179,2.0
31180,2.0
31181,0.0
31182,0.0
31183,9.0
31184,0.0
31185,3.0
31186,1.0
31187,0.0
31188,0.0
31189,3.0
31190,1.0
31191,50.0
31192,2.0
31193,7.0
31194,1.0
31195,1.0
31196,0.0
31197,0.0
31198,1.0
31199,0.0
31200,4.0
31201,1433.0
31202,35.0
31203,0.0
31204,0.0
31205,2.0
31206,14.0
31207,6.0
31208,19.0
31209,2.0
31210,0.0
31211,0.0
31212,0.0
31213,2.0
31214,3.0
31215,84.0
31216,41.0
31217,2.0
31219,0.0
31220,5.0
31221,10.0
31222,0.0
31223,4.0
31224,3.0
31225,0.0
31226,4.0
31227,69.0
31228,1.0
31229,0.0
31230,2.0
31231,0.0
31232,272.0
31233,1.0
31234,5.0
31235,0.0
31236,3.0
31237,0.0
31238,1.0
31239,1.0
31240,0.0
31241,3.0
31242,2.0
31243,5.0
31244,0.0
31245,1.0
31246,0.0
31247,0.0
31248,1.0
31249,8.0
31250,10.0
31251,24.0
31252,0.0
31253,1.0
31254,12.0
31255,0.0
31256,0.0
31257,11.0
31258,75.0
31259,4.0
31260,5.0
31261,2.0
31262,2.0
31263,2.0
31264,0.0
31265,4.0
31901,67.0
31902,167.0
31903,175.0
31904,10.0
31905,13.0
31906,20.0
31907,70.0
31908,14.0
32001,94.0
32002,12.0
32003,4.0
32004,4.0
32005,0.0
32006,8.0
32007,1.0
32008,171.0
32009,74.0
32010,1.0
32011,4.0
32012,1.0
32013,3.0
32014,4.0
32015,4.0
32016,6.0
32017,3.0
32018,2.0
32019,122.0
32020,3.0
32021,2.0
32022,4.0
32023,14.0
32024,59.0
32025,5.0
32026,14.0
32027,2.0
32028,1.0
32029,1.0
32030,3.0
32031,11.0
32032,114.0
32033,3.0
32034,12.0
32035,1.0
32036,10.0
32037,1.0
32038,0.0
32039,3.0
32040,6.0
32041,0.0
32042,4.0
32043,21.0
32044,0.0
32045,9.0
32046,4.0
32047,7.0
32048,2.0
32049,4.0
32050,5.0
32051,5.0
32052,15.0
32053,3.0
32054,519.0
32055,5.0
32056,4.0
32057,3.0
32058,38.0
32059,5.0
32060,6.0
32061,2.0
32062,3.0
32063,19.0
32064,0.0
32065,1.0
32066,1.0
32067,2.0
32068,9.0
32069,16.0
32070,3.0
32071,2.0
32072,30.0
32073,3.0
32074,8.0
32075,50.0
32076,3.0
32077,8.0
32078,5.0
32079,5.0
32080,4.0
32081,8.0
32082,1.0
32083,3.0
32084,0.0
32085,89.0
32086,20.0
32087,8.0
32088,3.0
32089,6.0
32090,6.0
32091,4.0
32092,1.0
33001,20.0
33002,76.0
33003,7.0
33004,432.0
33005,16.0
33006,5.0
33007,5.0
33008,35.0
33009,15.0
33010,11.0
33011,21.0
33012,52.0
33013,14.0
33014,55.0
33015,11.0
33016,187.0
33017,32.0
33018,21.0
33019,34.0
33020,104.0
33021,21.0
33022,1.0
33023,1.0
33024,2009.0
33025,143.0
33026,62.0
33027,1.0
33028,8.0
33029,2.0
33030,1.0
33031,254.0
33032,127.0
33033,50.0
33034,68.0
33035,85.0
33036,288.0
33037,321.0
33038,12.0
33039,27.0
33040,30.0
33041,40.0
33042,35.0
33043,9.0
33044,1666.0
33045,37.0
33046,7.0
33047,14.0
33048,0.0
33049,37.0
33050,5.0
33051,32.0
33052,4.0
33053,27.0
33054,10.0
33055,26.0
33056,38.0
33057,4.0
33058,8.0
33059,26.0
33060,94.0
33061,2.0
33062,2.0
33063,0.0
33064,4.0
33065,4.0
33066,347.0
33067,2.0
33068,13.0
33069,58.0
33070,34.0
33071,4.0
33072,23.0
33073,32.0
33074,30.0
33075,0.0
33076,114.0
33077,5.0
33078,0.0
34001,0.0
34003,0.0
34004,50.0
34005,9.0
34006,1.0
34009,0.0
34010,1.0
34011,4.0
34012,3.0
34015,1.0
34017,6.0
34018,1.0
34019,1.0
34020,2.0
34022,28.0
34023,47.0
34024,0.0
34025,0.0
34027,25.0
34028,0.0
34029,6.0
34031,0.0
34032,0.0
34033,0.0
34034,1.0
34035,0.0
34036,3.0
34037,2.0
34038,3.0
34039,0.0
34041,2.0
34042,2.0
34045,1.0
34046,1.0
34047,27.0
34048,0.0
34049,3.0
34050,0.0
34051,0.0
34052,0.0
34053,0.0
34055,6.0
34056,41.0
34057,6.0
34058,3.0
34059,1.0
34060,1.0
34061,2.0
34062,0.0
34063,0.0
34066,2.0
34067,0.0
34068,1.0
34069,8.0
34070,2.0
34071,0.0
34072,0.0
34073,0.0
34074,8.0
34076,4.0
34077,8.0
34079,24.0
34080,30.0
34081,0.0
34082,0.0
34083,25.0
34084,0.0
34086,0.0
34087,4.0
34088,3.0
34089,1.0
34091,0.0
34092,2.0
34093,0.0
34094,0.0
34096,2.0
34098,10.0
34099,0.0
34100,0.0
34101,1.0
34102,0.0
34103,0.0
34104,0.0
34106,0.0
34107,0.0
34108,6.0
34109,1.0
34110,2.0
34112,0.0
34113,0.0
34114,1.0
34116,0.0
34120,415.0
34121,2.0
34122,1.0
34123,11.0
34124,0.0
34125,0.0
34126,0.0
34127,1.0
34129,1.0
34130,5.0
34131,0.0
34132,1.0
34133,1.0
34134,0.0
34135,12.0
34136,0.0
34137,0.0
34139,0.0
34140,0.0
34141,3.0
34143,4.0
34146,0.0
34147,1.0
34149,2.0
34151,0.0
34152,4.0
34154,0.0
34155,0.0
34156,1.0
34157,35.0
34158,4.0
34159,5.0
34160,0.0
34161,0.0
34163,1.0
34165,3.0
34167,0.0
34168,2.0
34169,3.0
34170,1.0
34171,6.0
34174,1.0
34175,0.0
34176,3.0
34177,1.0
34178,1.0
34179,0.0
34180,1.0
34181,11.0
34182,9.0
34184,0.0
34185,0.0
34186,2.0
34189,0.0
34190,1.0
34192,3.0
34196,1.0
34199,7.0
34201,0.0
34202,0.0
34204,0.0
34205,1.0
34206,13.0
34208,0.0
34210,0.0
34211,0.0
34213,0.0
34214,0.0
34215,2.0
34216,1.0
34217,21.0
34218,4.0
34220,0.0
34221,2.0
34222,0.0
34223,1.0
34224,0.0
34225,53.0
34227,0.0
34228,1.0
34229,1.0
34230,0.0
34231,3.0
34232,10.0
34233,2.0
34234,0.0
34236,4.0
34237,16.0
34238,3.0
34240,0.0
34241,0.0
34242,1.0
34243,2.0
34245,3.0
34246,0.0
34901,15.0
34902,2.0
34903,2.0
34904,2.0
35001,22.0
35002,127.0
35003,208.0
35004,345.0
35005,4.0
35006,157.0
35007,10.0
35008,27.0
35009,72.0
35010,27.0
35011,124.0
35012,659.0
35013,25.0
35014,291.0
35015,173.0
35016,1842.0
35017,264.0
35018,72.0
35019,944.0
35020,15.0
35021,50.0
35022,439.0
35023,48.0
35024,174.0
35025,3.0
35026,594.0
35027,45.0
35028,336.0
35029,15.0
35030,48.0
35031,20.0
35032,8.0
35033,26.0
35034,212.0
36001,8.0
36002,6.0
36003,91.0
36004,43.0
36005,30.0
36006,74.0
36007,2.0
36008,139.0
36009,31.0
36010,18.0
36013,9.0
36014,6.0
36015,7.0
36016,2.0
36017,60.0
36018,16.0
36019,4.0
36020,13.0
36021,37.0
36022,45.0
36023,92.0
36024,151.0
36025,3.0
36026,126.0
36027,22.0
36028,8.0
36029,39.0
36030,12.0
36031,5.0
36032,10.0
36033,31.0
36034,5.0
36035,71.0
36036,9.0
36037,3.0
36038,528.0
36039,156.0
36040,3.0
36041,103.0
36042,172.0
36043,15.0
36044,10.0
36045,65.0
36046,14.0
36047,8.0
36048,13.0
36049,35.0
36050,39.0
36051,311.0
36052,36.0
36053,23.0
36054,46.0
36055,56.0
36056,17.0
36057,1401.0
36058,10.0
36059,15.0
36060,248.0
36061,51.0
36901,23.0
36902,
37001,1.0
37002,1.0
37003,0.0
37004,0.0
37005,0.0
37006,1.0
37007,1.0
37008,47.0
37009,3.0
37010,7.0
37011,3.0
37012,1.0
37013,2.0
37014,8.0
37015,4.0
37016,7.0
37017,4.0
37018,0.0
37019,0.0
37020,3.0
37021,0.0
37022,0.0
37023,180.0
37024,0.0
37025,2.0
37026,1.0
37027,1.0
37028,1.0
37029,0.0
37030,0.0
37031,1.0
37032,6.0
37033,1.0
37034,0.0
37035,0.0
37036,1.0
37037,0.0
37038,4.0
37039,0.0
37040,1.0
37041,0.0
37042,1.0
37044,3.0
37045,0.0
37046,97.0
37047,0.0
37049,0.0
37050,0.0
37051,0.0
37052,2.0
37054,2.0
37055,1.0
37056,1.0
37057,2.0
37058,0.0
37059,0.0
37060,2.0
37061,0.0
37062,0.0
37063,0.0
37065,0.0
37067,29.0
37068,1.0
37069,7.0
37070,1.0
37071,0.0
37072,0.0
37073,10.0
37074,1.0
37077,3.0
37078,14.0
37079,2.0
37080,1.0
37081,9.0
37082,6.0
37083,3.0
37085,31.0
37086,0.0
37087,14.0
37088,1.0
37089,0.0
37090,4.0
37091,2.0
37092,80.0
37096,2.0
37097,0.0
37098,1.0
37099,0.0
37100,1.0
37101,1.0
37102,0.0
37103,1.0
37104,1.0
37106,3.0
37107,104.0
37108,1.0
37109,0.0
37110,3.0
37112,3.0
37113,1.0
37114,2.0
37115,0.0
37116,0.0
37117,27.0
37118,0.0
37119,4.0
37120,0.0
37121,3.0
37122,1.0
37123,0.0
37124,1.0
37125,0.0
37126,0.0
37127,2.0
37128,0.0
37129,1.0
37130,0.0
37131,2.0
37132,5.0
37133,0.0
37134,2.0
37135,32.0
37136,8.0
37137,0.0
37138,0.0
37139,0.0
37140,11.0
37141,1.0
37142,6.0
37143,2.0
37144,5.0
37145,5.0
37146,2.0
37147,0.0
37148,3.0
37149,0.0
37150,0.0
37151,1.0
37152,1.0
37154,0.0
37155,1.0
37156,14.0
37157,0.0
37158,0.0
37159,0.0
37160,3.0
37161,1.0
37162,3.0
37163,0.0
37164,2.0
37165,0.0
37166,2.0
37167,2.0
37168,4.0
37169,0.0
37170,8.0
37171,11.0
37172,5.0
37173,9.0
37174,1.0
37175,0.0
37176,1.0
37177,5.0
37178,1.0
37179,1.0
37180,0.0
37181,2.0
37182,0.0
37183,0.0
37184,0.0
37185,6.0
37186,0.0
37187,3.0
37188,3.0
37189,0.0
37190,1.0
37191,1.0
37192,9.0
37193,2.0
37194,1.0
37195,0.0
37196,0.0
37197,2.0
37198,1.0
37199,0.0
37200,2.0
37201,1.0
37202,5.0
37203,1.0
37204,1.0
37205,3.0
37206,0.0
37207,34.0
37208,0.0
37209,3.0
37211,1.0
37212,1.0
37213,0.0
37214,1.0
37215,2.0
37216,0.0
37217,0.0
37218,0.0
37219,1.0
37221,1.0
37222,0.0
37223,1.0
37224,0.0
37225,1.0
37226,1.0
37228,0.0
37229,1.0
37230,5.0
37231,3.0
37232,5.0
37233,1.0
37234,3.0
37235,2.0
37236,1.0
37237,2.0
37238,1.0
37239,1.0
37240,20.0
37241,0.0
37242,0.0
37243,0.0
37244,0.0
37245,6.0
37246,65.0
37247,4.0
37248,1.0
37249,0.0
37250,4.0
37251,0.0
37252,1.0
37253,3.0
37254,0.0
37255,0.0
37256,0.0
37257,0.0
37258,0.0
37259,0.0
37260,1.0
37261,3.0
37262,2.0
37263,2.0
37264,1.0
37265,0.0
37266,1.0
37267,0.0
37268,2.0
37269,1.0
37270,1.0
37271,2.0
37272,0.0
37273,0.0
37274,1043.0
37275,2.0
37276,0.0
37277,0.0
37278,12.0
37279,4.0
37280,0.0
37281,0.0
37282,2.0
37283,0.0
37284,1.0
37285,3.0
37286,5.0
37287,0.0
37288,3.0
37289,0.0
37290,0.0
37291,1.0
37292,3.0
37293,0.0
37294,190.0
37296,0.0
37297,0.0
37298,1.0
37299,0.0
37300,3.0
37301,0.0
37302,2.0
37303,1.0
37304,1.0
37305,0.0
37306,2.0
37307,0.0
37309,0.0
37310,0.0
37311,4.0
37312,2.0
37313,4.0
37314,0.0
37315,1.0
37316,5.0
37317,1.0
37318,0.0
37319,0.0
37320,0.0
37321,1.0
37322,19.0
37323,1.0
37324,0.0
37325,1.0
37327,1.0
37328,0.0
37329,0.0
37330,1.0
37331,0.0
37332,0.0
37333,1.0
37334,0.0
37335,2.0
37336,0.0
37337,2.0
37338,0.0
37339,2.0
37340,1.0
37341,2.0
37342,0.0
37343,1.0
37344,0.0
37345,0.0
37346,2.0
37347,3.0
37348,0.0
37349,0.0
37350,1.0
37351,1.0
37352,0.0
37353,0.0
37354,128.0
37355,3.0
37356,0.0
37357,3.0
37358,1.0
37359,1.0
37360,2.0
37361,1.0
37362,48.0
37363,0.0
37364,2.0
37365,1.0
37366,0.0
37367,0.0
37368,1.0
37369,0.0
37370,2.0
37371,0.0
37372,0.0
37373,3.0
37374,2.0
37375,2.0
37376,34.0
37377,0.0
37378,0.0
37379,0.0
37380,2.0
37381,2.0
37382,3.0
38001,1093.0
38002,0.0
38003,13.0
38004,39.0
38005,50.0
38006,1192.0
38007,9.0
38008,22.0
38009,38.0
38010,27.0
38011,141.0
38012,4.0
38013,19.0
38014,3.0
38015,13.0
38016,10.0
38017,369.0
38018,21.0
38019,88.0
38020,110.0
38021,8.0
38022,109.0
38023,606.0
38024,132.0
38025,71.0
38026,127.0
38027,31.0
38028,412.0
38029,6.0
38030,24.0
38031,160.0
38032,76.0
38033,13.0
38034,8.0
38035,321.0
38036,73.0
38037,41.0
38038,813.0
38039,57.0
38040,313.0
38041,33.0
38042,25.0
38043,186.0
38044,6.0
38045,62.0
38046,32.0
38047,17.0
38048,8.0
38049,22.0
38050,9.0
38051,23.0
38052,0.0
38053,13.0
38901,1.0
39001,22.0
39002,35.0
39003,3.0
39004,9.0
39005,14.0
39006,30.0
39007,2.0
39008,124.0
39009,61.0
39010,3.0
39011,28.0
39012,46.0
39013,0.0
39014,3.0
39015,10.0
39016,173.0
39017,11.0
39018,47.0
39019,54.0
39020,285.0
39021,0.0
39022,5.0
39023,106.0
39024,43.0
39025,30.0
39026,12.0
39027,21.0
39028,124.0
39029,9.0
39030,17.0
39031,38.0
39032,14.0
39033,0.0
39034,2.0
39035,137.0
39036,5.0
39037,5.0
39038,35.0
39039,4.0
39040,27.0
39041,4.0
39042,60.0
39043,37.0
39044,55.0
39045,1.0
39046,8.0
39047,141.0
39048,18.0
39049,3.0
39050,3.0
39051,0.0
39052,219.0
39053,4.0
39054,55.0
39055,12.0
39056,8.0
39057,50.0
39058,7.0
39059,77.0
39060,71.0
39061,58.0
39062,17.0
39063,13.0
39064,5.0
39065,3.0
39066,4.0
39067,3.0
39068,19.0
39069,13.0
39070,0.0
39071,1.0
39072,5.0
39073,244.0
39074,84.0
39075,1122.0
39076,150.0
39077,2.0
39078,12.0
39079,203.0
39080,44.0
39081,2.0
39082,8.0
39083,10.0
39084,9.0
39085,101.0
39086,2.0
39087,376.0
39088,0.0
39089,0.0
39090,16.0
39091,7.0
39092,7.0
39093,3.0
39094,20.0
39095,52.0
39096,4.0
39097,2.0
39098,13.0
39099,31.0
39100,2.0
39101,1.0
39102,98.0
40001,2.0
40002,0.0
40003,3.0
40004,8.0
40005,0.0
40006,1.0
40007,0.0
40008,4.0
40009,1.0
40010,1.0
40012,2.0
40013,1.0
40014,0.0
40015,1.0
40016,1.0
40017,0.0
40018,0.0
40019,0.0
40020,2.0
40021,0.0
40022,2.0
40024,21.0
40025,1.0
40026,1.0
40028,1.0
40029,0.0
40030,3.0
40031,25.0
40032,4.0
40033,2.0
40034,1.0
40035,1.0
40036,5.0
40037,0.0
40039,0.0
40040,21.0
40041,23.0
40043,4.0
40044,0.0
40045,1.0
40046,3.0
40047,0.0
40048,0.0
40049,0.0
40051,0.0
40052,0.0
40053,0.0
40054,4.0
40055,0.0
40056,0.0
40057,12.0
40058,3.0
40059,1.0
40060,0.0
40061,0.0
40062,0.0
40063,59.0
40065,1.0
40068,0.0
40069,0.0
40070,0.0
40071,1.0
40072,4.0
40073,3.0
40074,1.0
40075,0.0
40076,98.0
40077,15.0
40078,1.0
40079,6.0
40080,1.0
40081,0.0
40082,0.0
40083,2.0
40084,0.0
40086,1.0
40087,2.0
40088,1.0
40089,2.0
40091,0.0
40092,3.0
40093,1.0
40094,9.0
40095,1.0
40097,11.0
40099,0.0
40100,2.0
40101,55.0
40103,1.0
40104,9.0
40105,1.0
40106,3.0
40107,1.0
40108,0.0
40109,2.0
40110,3.0
40111,0.0
40112,35.0
40113,2.0
40115,2.0
40118,1.0
40119,0.0
40120,1.0
40121,3.0
40122,7.0
40123,4.0
40124,1.0
40125,0.0
40126,1.0
40127,2.0
40128,1.0
40129,0.0
40130,0.0
40131,0.0
40132,0.0
40134,3.0
40135,1.0
40136,0.0
40138,11.0
40139,1.0
40140,1.0
40141,4.0
40142,1.0
40143,1.0
40144,0.0
40145,5.0
40146,5.0
40148,1.0
40149,8.0
40150,1.0
40151,0.0
40152,6.0
40154,0.0
40155,26.0
40156,2.0
40157,2.0
40158,0.0
40159,0.0
40160,0.0
40161,0.0
40162,6.0
40163,0.0
40164,0.0
40165,0.0
40166,3.0
40168,1.0
40170,38.0
40171,3.0
40172,0.0
40173,3.0
40174,1.0
40176,8.0
40177,3.0
40178,0.0
40179,2.0
40180,2.0
40181,31.0
40182,2.0
40183,0.0
40184,3.0
40185,12.0
40186,0.0
40188,2.0
40189,3.0
40190,1.0
40191,6.0
40192,1.0
40193,1.0
40194,204.0
40195,17.0
40196,0.0
40198,0.0
40199,2.0
40200,1.0
40201,1.0
40202,0.0
40203,8.0
40204,2.0
40205,3.0
40206,1.0
40207,9.0
40208,11.0
40210,3.0
40211,0.0
40212,1.0
40213,0.0
40214,1.0
40215,3.0
40216,7.0
40218,0.0
40219,2.0
40220,0.0
40221,0.0
40222,2.0
40223,18.0
40224,0.0
40225,27.0
40228,1.0
40229,2.0
40230,0.0
40231,0.0
40233,2.0
40234,2.0
40901,5.0
40902,3.0
40903,1.0
40904,3.0
40905,0.0
40906,10.0
41001,16.0
41002,7.0
41003,37.0
41004,380.0
41005,77.0
41006,13.0
41007,78.0
41008,2.0
41009,14.0
41010,15.0
41011,141.0
41012,23.0
41013,14.0
41014,6.0
41015,26.0
41016,67.0
41017,185.0
41018,128.0
41019,34.0
41020,71.0
41021,279.0
41022,14.0
41023,47.0
41024,133.0
41025,11.0
41026,30.0
41027,42.0
41028,7.0
41029,74.0
41030,2.0
41031,9.0
41032,30.0
41033,23.0
41034,207.0
41035,10.0
41036,18.0
41037,12.0
41038,683.0
41039,199.0
41040,206.0
41041,45.0
41042,69.0
41043,3.0
41044,127.0
41045,35.0
41046,28.0
41047,99.0
41048,11.0
41049,90.0
41050,20.0
41051,26.0
41052,13.0
41053,209.0
41054,2.0
41055,72.0
41056,10.0
41057,2.0
41058,292.0
41059,328.0
41060,118.0
41061,0.0
41062,2.0
41063,11.0
41064,42.0
41065,147.0
41066,6.0
41067,25.0
41068,55.0
41069,119.0
41070,56.0
41071,21.0
41072,10.0
41073,6.0
41074,18.0
41075,60.0
41076,5.0
41077,48.0
41078,9.0
41079,36.0
41080,7.0
41081,168.0
41082,18.0
41083,7.0
41084,11.0
41085,19.0
41086,116.0
41087,164.0
41088,2.0
41089,37.0
41090,16.0
41091,5267.0
41092,63.0
41093,114.0
41094,47.0
41095,466.0
41096,35.0
41097,70.0
41098,194.0
41099,58.0
41100,8.0
41101,33.0
41102,78.0
41901,4.0
41902,39.0
41903,62.0
41904,
42001,3.0
42003,1.0
42004,67.0
42006,0.0
42007,1.0
42008,3.0
42009,0.0
42010,0.0
42011,2.0
42012,0.0
42013,0.0
42014,0.0
42015,0.0
42016,0.0
42017,0.0
42018,3.0
42019,3.0
42020,45.0
42021,0.0
42022,11.0
42023,0.0
42024,0.0
42025,17.0
42026,0.0
42027,1.0
42028,0.0
42029,3.0
42030,0.0
42031,4.0
42032,0.0
42033,1.0
42034,0.0
42035,9.0
42036,0.0
42037,0.0
42038,0.0
42039,1.0
42041,0.0
42042,0.0
42043,41.0
42044,0.0
42045,6.0
42046,1.0
42048,1.0
42049,5.0
42050,0.0
42051,0.0
42052,2.0
42053,1.0
42054,0.0
42055,0.0
42056,1.0
42057,1.0
42058,3.0
42059,1.0
42060,0.0
42061,2.0
42062,0.0
42063,1.0
42064,2.0
42065,0.0
42068,2.0
42069,4.0
42070,0.0
42071,0.0
42073,1.0
42075,1.0
42076,5.0
42078,4.0
42079,0.0
42080,1.0
42081,1.0
42082,1.0
42083,0.0
42084,1.0
42085,5.0
42086,0.0
42087,0.0
42088,0.0
42089,0.0
42090,2.0
42092,0.0
42093,1.0
42094,5.0
42095,30.0
42096,4.0
42097,0.0
42098,0.0
42100,0.0
42103,2.0
42105,0.0
42106,1.0
42107,0.0
42108,0.0
42110,2.0
42111,4.0
42113,5.0
42115,1.0
42116,0.0
42117,1.0
42118,0.0
42119,2.0
42120,1.0
42121,0.0
42123,3.0
42124,0.0
42125,1.0
42127,0.0
42128,0.0
42129,7.0
42130,0.0
42131,0.0
42132,0.0
42134,22.0
42135,3.0
42139,0.0
42140,0.0
42141,1.0
42142,0.0
42144,8.0
42145,1.0
42148,0.0
42149,3.0
42151,0.0
42152,1.0
42153,0.0
42154,0.0
42155,1.0
42156,0.0
42157,1.0
42158,0.0
42159,0.0
42160,0.0
42161,1.0
42162,25.0
42163,1.0
42164,4.0
42165,10.0
42166,0.0
42167,1.0
42168,2.0
42171,1.0
42172,0.0
42173,363.0
42174,2.0
42175,1.0
42176,0.0
42177,0.0
42178,1.0
42181,3.0
42182,0.0
42183,2.0
42184,0.0
42185,0.0
42187,0.0
42188,0.0
42189,1.0
42190,5.0
42191,2.0
42192,2.0
42193,0.0
42194,3.0
42195,0.0
42196,0.0
42197,0.0
42198,1.0
42200,2.0
42201,0.0
42202,0.0
42204,2.0
42205,0.0
42206,0.0
42207,0.0
42208,0.0
42209,9.0
42211,0.0
42212,0.0
42213,0.0
42215,6.0
42216,0.0
42217,1.0
42218,1.0
42219,2.0
43001,22.0
43002,9.0
43003,1.0
43004,75.0
43005,15.0
43006,2.0
43007,6.0
43008,1.0
43009,6.0
43010,15.0
43011,4.0
43012,90.0
43013,91.0
43014,225.0
43015,1.0
43016,55.0
43017,0.0
43018,3.0
43019,23.0
43020,24.0
43021,4.0
43022,11.0
43023,3.0
43024,26.0
43025,4.0
43026,3.0
43027,1.0
43028,21.0
43029,1.0
43030,5.0
43031,3.0
43032,8.0
43033,6.0
43034,2.0
43035,1.0
43036,3.0
43037,395.0
43038,468.0
43039,1.0
43040,1.0
43041,1.0
43042,5.0
43043,26.0
43044,11.0
43045,0.0
43046,0.0
43047,49.0
43048,2.0
43049,9.0
43050,45.0
43051,130.0
43052,5.0
43053,0.0
43054,11.0
43055,14.0
43056,6.0
43057,1.0
43058,2.0
43059,3.0
43060,10.0
43061,3.0
43062,2.0
43063,3.0
43064,12.0
43065,0.0
43066,0.0
43067,16.0
43068,2.0
43069,0.0
43070,0.0
43071,5.0
43072,0.0
43073,0.0
43074,7.0
43075,1.0
43076,3.0
43077,1.0
43078,4.0
43079,4.0
43080,0.0
43081,5.0
43082,2.0
43083,0.0
43084,4.0
43085,1.0
43086,45.0
43088,63.0
43089,1.0
43090,9.0
43091,1.0
43092,312.0
43093,33.0
43094,22.0
43095,36.0
43096,1.0
43097,1.0
43098,2.0
43099,1.0
43100,28.0
43101,1.0
43102,1.0
43103,9.0
43104,27.0
43105,1.0
43106,2.0
43107,1.0
43108,7.0
43109,85.0
43110,0.0
43111,15.0
43112,2.0
43113,1.0
43114,0.0
43115,0.0
43116,4.0
43117,0.0
43118,7.0
43119,15.0
43120,2.0
43121,1.0
43122,1.0
43123,696.0
43124,1.0
43125,11.0
43126,9.0
43127,4.0
43128,9.0
43129,31.0
43130,3.0
43131,179.0
43132,3.0
43133,26.0
43134,2.0
43135,3.0
43136,208.0
43137,24.0
43138,28.0
43139,11.0
43140,19.0
43141,2.0
43142,7.0
43143,0.0
43144,4.0
43145,22.0
43146,0.0
43147,4.0
43148,821.0
43149,4.0
43150,12.0
43151,0.0
43152,0.0
43153,158.0
43154,2.0
43155,165.0
43156,50.0
43157,4.0
43158,0.0
43159,0.0
43160,6.0
43161,95.0
43162,88.0
43163,373.0
43164,6.0
43165,1.0
43166,47.0
43167,0.0
43168,0.0
43169,2.0
43170,6.0
43171,251.0
43172,1.0
43173,0.0
43174,2.0
43175,2.0
43176,4.0
43177,2.0
43178,12.0
43901,143.0
43902,60.0
43903,42.0
43904,14.0
43905,631.0
43906,71.0
43907,
44001,1.0
44002,0.0
44003,0.0
44004,13.0
44005,3.0
44006,2.0
44007,2.0
44008,11.0
44009,9.0
44010,0.0
44011,1.0
44012,27.0
44013,78.0
44014,11.0
44016,6.0
44017,3.0
44018,0.0
44019,1.0
44020,1.0
44021,1.0
44022,8.0
44023,0.0
44024,0.0
44025,73.0
44026,5.0
44027,0.0
44028,2.0
44029,5.0
44031,0.0
44032,0.0
44033,4.0
44034,2.0
44035,1.0
44036,1.0
44037,8.0
44038,1.0
44039,4.0
44040,0.0
44041,0.0
44042,0.0
44043,3.0
44044,2.0
44045,7.0
44046,0.0
44047,2.0
44048,0.0
44049,8.0
44050,27.0
44051,29.0
44052,1.0
44053,0.0
44054,11.0
44055,4.0
44056,7.0
44059,12.0
44060,0.0
44061,0.0
44062,0.0
44063,1.0
44064,0.0
44065,1.0
44066,1.0
44067,3.0
44068,6.0
44070,1.0
44071,14.0
44074,6.0
44075,0.0
44076,20.0
44077,3.0
44080,0.0
44082,0.0
44084,1.0
44085,0.0
44086,7.0
44087,1.0
44088,3.0
44089,0.0
44090,2.0
44092,1.0
44093,3.0
44094,0.0
44096,2.0
44097,1.0
44099,9.0
44100,3.0
44101,1.0
44102,0.0
44103,2.0
44105,3.0
44106,2.0
44107,0.0
44108,1.0
44109,1.0
44110,0.0
44111,0.0
44112,1.0
44113,2.0
44114,2.0
44115,0.0
44116,3.0
44117,5.0
44118,4.0
44119,0.0
44120,1.0
44121,4.0
44122,13.0
44123,0.0
44124,2.0
44125,2.0
44126,1.0
44127,1.0
44128,1.0
44129,0.0
44130,0.0
44131,0.0
44132,0.0
44133,0.0
44135,1.0
44136,0.0
44137,3.0
44138,4.0
44141,1.0
44142,0.0
44143,7.0
44144,3.0
44145,1.0
44146,0.0
44147,2.0
44148,0.0
44149,4.0
44150,0.0
44151,2.0
44152,0.0
44153,14.0
44154,1.0
44155,13.0
44156,0.0
44157,1.0
44158,27.0
44159,0.0
44160,5.0
44161,2.0
44163,2.0
44164,1.0
44165,3.0
44167,3.0
44168,2.0
44169,3.0
44171,5.0
44172,2.0
44173,1.0
44174,3.0
44175,1.0
44176,0.0
44177,0.0
44178,0.0
44179,0.0
44180,0.0
44181,1.0
44182,2.0
44183,0.0
44184,0.0
44185,1.0
44187,2.0
44189,1.0
44190,0.0
44191,7.0
44192,5.0
44193,2.0
44194,2.0
44195,0.0
44196,2.0
44197,0.0
44198,0.0
44199,0.0
44200,1.0
44201,28.0
44203,1.0
44204,4.0
44205,3.0
44206,7.0
44207,3.0
44208,0.0
44209,7.0
44210,11.0
44211,2.0
44212,2.0
44213,0.0
44215,0.0
44216,298.0
44217,1.0
44218,2.0
44219,2.0
44220,2.0
44221,3.0
44222,1.0
44223,0.0
44224,3.0
44225,2.0
44226,0.0
44227,0.0
44228,1.0
44229,1.0
44230,2.0
44231,0.0
44232,4.0
44234,5.0
44235,1.0
44236,2.0
44237,5.0
44238,26.0
44239,0.0
44240,2.0
44241,3.0
44243,0.0
44244,2.0
44245,3.0
44246,13.0
44247,5.0
44249,1.0
44250,1.0
44251,2.0
44252,2.0
44256,1.0
44257,9.0
44258,0.0
44260,7.0
44261,4.0
44262,2.0
44263,7.0
44264,5.0
44265,1.0
44266,1.0
44267,1.0
44268,0.0
45001,41.0
45002,94.0
45003,4.0
45004,1.0
45005,1.0
45006,4.0
45007,1.0
45008,1.0
45009,4.0
45010,2.0
45011,3.0
45012,3.0
45013,13.0
45014,19.0
45015,22.0
45016,36.0
45017,0.0
45018,45.0
45019,146.0
45020,14.0
45021,42.0
45022,6.0
45023,23.0
45024,5.0
45025,7.0
45026,4.0
45027,4.0
45028,54.0
45029,4.0
45030,1.0
45031,33.0
45032,4.0
45033,0.0
45034,12.0
45035,4.0
45036,4.0
45037,39.0
45038,80.0
45039,2.0
45040,40.0
45041,57.0
45042,1.0
45043,5.0
45045,27.0
45046,7.0
45047,82.0
45048,3.0
45049,6.0
45050,5.0
45051,11.0
45052,24.0
45053,38.0
45054,26.0
45055,6.0
45056,84.0
45057,0.0
45058,4.0
45059,14.0
45060,0.0
45061,109.0
45062,9.0
45063,3.0
45064,44.0
45065,3.0
45066,186.0
45067,6.0
45068,2.0
45069,17.0
45070,11.0
45071,69.0
45072,4.0
45073,6.0
45074,1.0
45075,1.0
45076,18.0
45077,3.0
45078,1.0
45079,4.0
45080,0.0
45081,261.0
45082,5.0
45083,39.0
45084,18.0
45085,12.0
45086,6.0
45087,30.0
45088,59.0
45089,7.0
45090,1.0
45091,3.0
45092,3.0
45093,1.0
45094,12.0
45095,3.0
45096,2.0
45097,2.0
45098,11.0
45099,37.0
45100,2.0
45101,9.0
45102,47.0
45103,1.0
45104,4.0
45105,2.0
45106,41.0
45107,17.0
45108,4.0
45109,10.0
45110,6.0
45111,0.0
45112,6.0
45113,15.0
45114,2.0
45115,8.0
45116,3.0
45117,5.0
45118,23.0
45119,20.0
45120,0.0
45121,313.0
45122,69.0
45123,61.0
45124,12.0
45125,34.0
45126,4.0
45127,8.0
45128,33.0
45129,0.0
45130,2.0
45131,4.0
45132,22.0
45133,13.0
45134,6.0
45135,25.0
45136,46.0
45137,13.0
45138,37.0
45139,2.0
45140,32.0
45141,5.0
45142,98.0
45143,43.0
45144,9.0
45145,90.0
45146,0.0
45147,4.0
45148,7.0
45149,6.0
45150,2.0
45151,11.0
45152,5.0
45153,11.0
45154,33.0
45155,2.0
45156,13.0
45157,26.0
45158,61.0
45159,0.0
45160,7.0
45161,567.0
45162,3.0
45163,46.0
45164,1.0
45165,596.0
45166,17.0
45167,10.0
45168,750.0
45169,2.0
45170,0.0
45171,9.0
45172,3.0
45173,131.0
45174,0.0
45175,3.0
45176,70.0
45177,9.0
45179,12.0
45180,25.0
45181,15.0
45182,12.0
45183,35.0
45184,0.0
45185,57.0
45186,17.0
45187,21.0
45188,32.0
45189,4.0
45190,2.0
45191,3.0
45192,9.0
45193,5.0
45194,0.0
45195,10.0
45196,34.0
45197,20.0
45198,22.0
45199,127.0
45200,29.0
45201,207.0
45202,94.0
45203,25.0
45204,20.0
45205,177.0
45901,4.0
46001,10.0
46002,7.0
46003,11.0
46004,11.0
46005,205.0
46006,44.0
46007,81.0
46008,28.0
46009,18.0
46010,21.0
46011,44.0
46012,9.0
46013,667.0
46014,25.0
46015,37.0
46016,14.0
46017,349.0
46018,1.0
46019,68.0
46020,74.0
46021,97.0
46022,135.0
46023,3.0
46024,3.0
46025,31.0
46026,3.0
46027,5.0
46028,2.0
46029,189.0
46030,5.0
46031,151.0
46032,20.0
46033,3.0
46034,33.0
46035,60.0
46036,6.0
46037,4.0
46038,5.0
46039,9.0
46040,5.0
46041,4.0
46042,15.0
46043,0.0
46044,19.0
46045,6.0
46046,6.0
46047,2.0
46048,45.0
46049,4.0
46050,21.0
46051,78.0
46052,6.0
46053,4.0
46054,76.0
46055,8.0
46056,0.0
46057,3.0
46058,6.0
46059,3.0
46060,54.0
46061,5.0
46062,54.0
46063,13.0
46064,2.0
46065,11.0
46066,4.0
46067,4.0
46068,7.0
46069,1.0
46070,226.0
46071,0.0
46072,35.0
46073,3.0
46074,14.0
46075,1.0
46076,6.0
46077,24.0
46078,208.0
46079,5.0
46080,6.0
46081,53.0
46082,214.0
46083,131.0
46084,5.0
46085,71.0
46086,0.0
46087,6.0
46088,0.0
46089,12.0
46090,13.0
46091,0.0
46092,3.0
46093,15.0
46094,111.0
46095,1.0
46096,0.0
46097,3.0
46098,18.0
46099,3.0
46100,0.0
46101,0.0
46102,226.0
46103,51.0
46104,7.0
46105,263.0
46106,19.0
46107,9.0
46108,1.0
46109,20.0
46110,95.0
46111,167.0
46112,5.0
46113,71.0
46114,0.0
46115,4.0
46116,68.0
46117,4.0
46118,37.0
46119,5.0
46120,11.0
46121,1.0
46122,9.0
46123,16.0
46124,1.0
46125,3.0
46126,37.0
46127,23.0
46128,14.0
46129,7.0
46130,9.0
46131,605.0
46132,22.0
46133,3.0
46134,27.0
46135,27.0
46136,36.0
46137,1.0
46138,2.0
46139,15.0
46140,18.0
46141,1.0
46142,7.0
46143,57.0
46144,8.0
46145,234.0
46146,10.0
46147,182.0
46148,10.0
46149,2.0
46150,4.0
46151,1.0
46152,1.0
46153,3.0
46154,2.0
46155,10.0
46156,12.0
46157,22.0
46158,5.0
46159,185.0
46160,8.0
46161,3.0
46162,15.0
46163,22.0
46164,162.0
46165,84.0
46166,118.0
46167,2.0
46168,37.0
46169,196.0
46170,16.0
46171,86.0
46172,72.0
46173,2.0
46174,4.0
46175,4.0
46176,34.0
46177,89.0
46178,57.0
46179,10.0
46180,4.0
46181,250.0
46182,13.0
46183,165.0
46184,192.0
46185,3.0
46186,183.0
46187,11.0
46188,3.0
46189,7.0
46190,392.0
46191,48.0
46192,4.0
46193,68.0
46194,145.0
46195,49.0
46196,0.0
46197,24.0
46198,9.0
46199,60.0
46200,7.0
46201,1.0
46202,294.0
46203,19.0
46204,51.0
46205,104.0
46206,2.0
46207,67.0
46208,4.0
46209,6.0
46210,4.0
46211,15.0
46212,15.0
46213,90.0
46214,109.0
46215,25.0
46216,35.0
46217,6.0
46218,26.0
46219,2.0
46220,629.0
46221,1.0
46222,7.0
46223,33.0
46224,0.0
46225,0.0
46226,1.0
46227,3.0
46228,14.0
46229,16.0
46230,75.0
46231,17.0
46232,4.0
46233,26.0
46234,4.0
46235,221.0
46236,1.0
46237,21.0
46238,93.0
46239,2.0
46240,0.0
46241,7.0
46242,2.0
46243,0.0
46244,528.0
46245,7.0
46246,2.0
46247,8.0
46248,81.0
46249,47.0
46250,4967.0
46251,11.0
46252,2.0
46253,2.0
46254,5.0
46255,46.0
46256,54.0
46257,55.0
46258,26.0
46259,2.0
46260,13.0
46261,7.0
46262,0.0
46263,9.0
46902,1.0
46903,183.0
46904,0.0
47001,1.0
47002,0.0
47003,3.0
47004,6.0
47005,4.0
47006,1.0
47007,23.0
47008,0.0
47009,0.0
47010,359.0
47011,1.0
47012,1.0
47013,1.0
47014,0.0
47015,2.0
47016,2.0
47017,1.0
47018,0.0
47019,0.0
47020,0.0
47021,0.0
47022,0.0
47023,66.0
47024,1.0
47025,1.0
47026,1.0
47027,65.0
47028,0.0
47029,0.0
47030,2.0
47031,0.0
47032,1.0
47033,1.0
47034,0.0
47035,3.0
47036,4.0
47037,1.0
47038,0.0
47039,1.0
47040,2.0
47041,5.0
47042,2.0
47043,0.0
47044,15.0
47045,2.0
47046,0.0
47047,1.0
47048,0.0
47049,0.0
47050,47.0
47051,1.0
47052,44.0
47053,1.0
47054,4.0
47055,2.0
47056,1.0
47057,1.0
47058,2.0
47059,0.0
47060,1.0
47061,3.0
47062,2.0
47063,0.0
47064,0.0
47065,2.0
47066,12.0
47067,3.0
47068,0.0
47069,0.0
47070,0.0
47071,2.0
47073,0.0
47074,2.0
47075,91.0
47076,156.0
47077,0.0
47078,1.0
47079,0.0
47080,1.0
47081,0.0
47082,5.0
47083,0.0
47084,9.0
47085,113.0
47086,37.0
47087,3.0
47088,2.0
47089,2.0
47090,16.0
47091,1.0
47092,1.0
47093,3.0
47094,0.0
47095,0.0
47096,2.0
47097,1.0
47098,5.0
47099,1.0
47100,1.0
47101,14.0
47102,1.0
47103,1.0
47104,30.0
47105,3.0
47106,2.0
47109,0.0
47110,2.0
47111,3.0
47112,10.0
47113,3.0
47114,37.0
47115,0.0
47116,4.0
47117,3.0
47118,0.0
47119,0.0
47121,2.0
47122,13.0
47123,0.0
47124,6.0
47125,1.0
47126,0.0
47127,1.0
47128,0.0
47129,1.0
47130,0.0
47131,0.0
47132,1.0
47133,86.0
47134,0.0
47135,0.0
47137,0.0
47138,2.0
47139,4.0
47140,0.0
47141,0.0
47142,0.0
47143,0.0
47144,0.0
47145,2.0
47146,2.0
47147,0.0
47148,1.0
47149,0.0
47150,1.0
47151,0.0
47152,1.0
47153,0.0
47154,0.0
47155,73.0
47156,3.0
47157,7.0
47158,3.0
47159,4.0
47160,0.0
47161,99.0
47162,0.0
47163,9.0
47164,4.0
47165,71.0
47166,3.0
47167,0.0
47168,0.0
47169,0.0
47170,0.0
47171,1.0
47172,2.0
47173,5.0
47174,1.0
47175,71.0
47176,1.0
47177,0.0
47178,2.0
47179,1.0
47180,1.0
47181,0.0
47182,5.0
47183,1.0
47184,10.0
47185,5.0
47186,1910.0
47187,1.0
47188,0.0
47189,1.0
47190,0.0
47191,0.0
47192,0.0
47193,9.0
47194,1.0
47195,10.0
47196,0.0
47197,3.0
47198,0.0
47199,0.0
47200,0.0
47203,2.0
47204,2.0
47205,2.0
47206,1.0
47207,1.0
47208,0.0
47209,1.0
47210,0.0
47211,1.0
47212,1.0
47213,0.0
47214,25.0
47215,1.0
47216,1.0
47217,38.0
47218,9.0
47219,0.0
47220,2.0
47221,0.0
47222,0.0
47223,2.0
47224,2.0
47225,0.0
47226,0.0
47227,0.0
47228,2.0
47229,1.0
47230,3.0
47231,40.0
47232,0.0
48001,117.0
48002,84.0
48003,154.0
48004,0.0
48005,0.0
48006,1.0
48007,1.0
48008,3.0
48009,2.0
48010,1.0
48011,43.0
48012,43.0
48013,708.0
48014,8.0
48015,214.0
48016,36.0
48017,199.0
48018,6.0
48019,12.0
48020,2503.0
48021,11.0
48022,25.0
48023,0.0
48024,3.0
48025,0.0
48026,8.0
48027,153.0
48028,9.0
48029,96.0
48030,2.0
48031,5.0
48032,62.0
48033,0.0
48034,141.0
48035,12.0
48036,230.0
48037,4.0
48038,5.0
48039,0.0
48040,2.0
48041,1.0
48042,8.0
48043,87.0
48044,411.0
48045,31.0
48046,198.0
48047,0.0
48048,14.0
48049,6.0
48050,0.0
48051,2.0
48052,15.0
48053,6.0
48054,137.0
48055,43.0
48056,69.0
48057,60.0
48058,3.0
48059,1.0
48060,32.0
48061,2.0
48062,1.0
48063,2.0
48064,4.0
48065,18.0
48066,1.0
48067,4.0
48068,16.0
48069,184.0
48070,1.0
48071,49.0
48072,18.0
48073,65.0
48074,28.0
48075,27.0
48076,17.0
48077,29.0
48078,212.0
48079,1.0
48080,65.0
48081,10.0
48082,256.0
48083,63.0
48084,162.0
48085,92.0
48086,15.0
48087,4.0
48088,3.0
48089,47.0
48090,52.0
48091,4.0
48092,14.0
48093,25.0
48094,11.0
48095,26.0
48096,36.0
48097,8.0
48901,163.0
48902,212.0
48903,13.0
48904,42.0
48905,10.0
48906,3.0
48907,2.0
48908,0.0
48909,1.0
48910,9.0
48911,0.0
48912,9.0
48913,34.0
48914,6.0
48915,1.0
49002,0.0
49003,2.0
49004,2.0
49005,0.0
49006,2.0
49007,1.0
49008,2.0
49009,2.0
49010,2.0
49011,0.0
49012,0.0
49013,0.0
49014,0.0
49015,1.0
49016,5.0
49017,4.0
49018,1.0
49019,0.0
49020,1.0
49021,169.0
49022,1.0
49023,3.0
49024,2.0
49025,1.0
49026,0.0
49027,1.0
49028,0.0
49029,1.0
49030,2.0
49031,0.0
49032,0.0
49033,1.0
49034,3.0
49035,1.0
49036,1.0
49037,5.0
49038,1.0
49039,5.0
49040,0.0
49041,3.0
49042,0.0
49043,3.0
49044,0.0
49046,1.0
49047,1.0
49048,0.0
49050,9.0
49052,1.0
49053,7.0
49054,4.0
49055,1.0
49056,1.0
49057,0.0
49058,2.0
49059,0.0
49061,3.0
49062,0.0
49063,1.0
49064,1.0
49065,13.0
49066,2.0
49067,2.0
49068,2.0
49069,5.0
49071,3.0
49075,1.0
49076,0.0
49077,2.0
49078,0.0
49079,1.0
49080,4.0
49081,6.0
49082,3.0
49083,1.0
49084,1.0
49085,4.0
49086,2.0
49087,1.0
49088,0.0
49090,2.0
49091,0.0
49092,0.0
49093,0.0
49094,2.0
49095,21.0
49096,2.0
49097,0.0
49098,0.0
49099,0.0
49100,7.0
49101,1.0
49102,1.0
49103,3.0
49104,1.0
49105,1.0
49107,3.0
49108,3.0
49109,10.0
49110,1.0
49111,0.0
49112,1.0
49113,1.0
49114,1.0
49115,0.0
49116,1.0
49117,3.0
49118,0.0
49119,1.0
49120,1.0
49121,3.0
49122,10.0
49123,10.0
49124,0.0
49125,25.0
49126,0.0
49127,73.0
49128,1.0
49129,3.0
49130,0.0
49131,0.0
49132,2.0
49133,2.0
49134,2.0
49135,4.0
49136,1.0
49137,0.0
49138,0.0
49139,2.0
49141,3.0
49142,0.0
49143,7.0
49145,7.0
49146,3.0
49147,2.0
49148,0.0
49149,0.0
49150,0.0
49151,7.0
49152,4.0
49153,3.0
49154,1.0
49155,0.0
49156,0.0
49157,0.0
49158,2.0
49159,5.0
49160,0.0
49162,2.0
49163,0.0
49164,0.0
49165,0.0
49166,22.0
49167,2.0
49168,0.0
49169,1.0
49170,0.0
49171,3.0
49172,1.0
49173,0.0
49174,1.0
49175,1.0
49176,0.0
49177,3.0
49178,16.0
49179,2.0
49180,0.0
49181,6.0
49183,0.0
49184,0.0
49185,0.0
49186,2.0
49187,1.0
49188,1.0
49189,3.0
49190,1.0
49191,0.0
49192,2.0
49193,3.0
49194,0.0
49197,2.0
49199,0.0
49200,4.0
49201,1.0
49202,0.0
49203,3.0
49204,0.0
49205,0.0
49206,3.0
49207,0.0
49208,1.0
49209,0.0
49210,4.0
49214,5.0
49216,2.0
49219,67.0
49220,2.0
49221,2.0
49222,4.0
49223,11.0
49224,6.0
49225,2.0
49226,3.0
49227,1.0
49228,0.0
49229,0.0
49230,1.0
49231,1.0
49232,0.0
49233,0.0
49234,5.0
49235,8.0
49236,0.0
49237,1.0
49238,3.0
49239,1.0
49240,1.0
49241,1.0
49242,3.0
49243,1.0
49244,0.0
49245,1.0
49246,1.0
49247,0.0
49248,2.0
49249,0.0
49250,14.0
49251,0.0
49252,4.0
49255,2.0
49256,0.0
49257,6.0
49258,2.0
49259,2.0
49260,9.0
49261,9.0
49262,1.0
49263,1.0
49264,4.0
49265,0.0
49266,1.0
49267,1.0
49268,4.0
49269,1.0
49270,1.0
49271,0.0
49272,1.0
49273,3.0
49275,564.0
50001,5.0
50002,1.0
50003,0.0
50004,3.0
50005,4.0
50006,11.0
50007,1.0
50008,67.0
50009,0.0
50010,0.0
50011,2.0
50012,1.0
50013,0.0
50014,2.0
50015,2.0
50016,2.0
50017,11.0
50018,3.0
50019,1.0
50020,6.0
50021,1.0
50022,0.0
50023,3.0
50024,7.0
50025,34.0
50026,2.0
50027,1.0
50028,1.0
50029,4.0
50030,5.0
50031,2.0
50032,0.0
50033,0.0
50034,7.0
50035,0.0
50036,0.0
50037,2.0
50038,9.0
50039,3.0
50040,3.0
50041,0.0
50042,0.0
50043,1.0
50044,1.0
50045,3.0
50046,1.0
50047,0.0
50048,0.0
50050,1.0
50051,0.0
50052,0.0
50053,2.0
50054,4.0
50055,32.0
50056,5.0
50057,17.0
50058,0.0
50059,2.0
50060,2.0
50061,0.0
50062,17.0
50063,2.0
50064,3.0
50065,0.0
50066,85.0
50067,214.0
50068,11.0
50069,3.0
50070,3.0
50071,1.0
50072,4.0
50073,21.0
50074,57.0
50075,0.0
50076,4.0
50077,1.0
50078,1.0
50079,1.0
50080,0.0
50081,1.0
50082,2.0
50083,5.0
50084,0.0
50085,0.0
50086,2.0
50087,0.0
50088,1.0
50089,326.0
50090,1.0
50091,0.0
50092,4.0
50093,1.0
50094,22.0
50095,101.0
50096,0.0
50098,0.0
50099,32.0
50100,3.0
50101,40.0
50102,5.0
50104,0.0
50105,6.0
50106,2.0
50107,5.0
50108,0.0
50109,1.0
50110,3.0
50111,0.0
50113,3.0
50114,0.0
50115,19.0
50116,2.0
50117,3.0
50118,11.0
50119,1.0
50120,0.0
50121,1.0
50122,1.0
50123,6.0
50124,5.0
50125,4.0
50126,7.0
50128,0.0
50129,0.0
50130,2.0
50131,2.0
50132,19.0
50133,0.0
50134,1.0
50135,2.0
50136,3.0
50137,4.0
50138,2.0
50139,0.0
50140,0.0
50141,0.0
50142,0.0
50143,2.0
50144,0.0
50146,3.0
50147,5.0
50148,2.0
50149,0.0
50150,7.0
50151,3.0
50152,10.0
50153,9.0
50154,1.0
50155,1.0
50156,0.0
50157,1.0
50159,3.0
50160,19.0
50161,2.0
50162,0.0
50163,59.0
50164,3.0
50165,7.0
50166,0.0
50167,0.0
50168,0.0
50169,2.0
50170,2.0
50171,2.0
50172,1.0
50173,3.0
50174,1.0
50175,7.0
50176,0.0
50177,2.0
50178,4.0
50179,2.0
50180,2.0
50181,5.0
50182,126.0
50183,2.0
50184,3.0
50185,7.0
50186,0.0
50187,1.0
50188,0.0
50189,7.0
50190,3.0
50191,3.0
50192,3.0
50193,6.0
50194,0.0
50195,0.0
50196,1.0
50197,2.0
50198,0.0
50199,2.0
50200,6.0
50201,2.0
50202,4.0
50203,8.0
50204,20.0
50205,4.0
50206,1.0
50207,1.0
50208,12.0
50209,108.0
50210,2.0
50211,1.0
50212,0.0
50213,2.0
50214,0.0
50215,0.0
50216,0.0
50217,4.0
50218,1.0
50219,85.0
50220,1.0
50221,0.0
50222,10.0
50223,3.0
50224,2.0
50225,19.0
50227,2.0
50228,2.0
50229,0.0
50230,7.0
50231,2.0
50232,3.0
50233,2.0
50234,3.0
50235,11.0
50236,3.0
50237,0.0
50238,1.0
50239,1.0
50240,6.0
50241,6.0
50242,0.0
50243,2.0
50244,0.0
50245,2.0
50246,0.0
50247,12.0
50248,3.0
50249,4.0
50250,0.0
50251,74.0
50252,26.0
50253,7.0
50254,3.0
50255,1.0
50256,0.0
50257,1.0
50258,2.0
50259,2.0
50260,1.0
50261,0.0
50262,4.0
50263,13.0
50264,0.0
50265,2.0
50266,3.0
50267,2.0
50268,2.0
50269,4.0
50270,2.0
50271,3.0
50272,69.0
50273,0.0
50274,2.0
50275,0.0
50276,0.0
50277,0.0
50278,5.0
50279,1.0
50280,2.0
50281,0.0
50282,0.0
50283,3.0
50284,2.0
50285,7.0
50286,0.0
50287,8.0
50288,23.0
50289,2.0
50290,4.0
50291,4.0
50292,3.0
50293,6.0
50294,0.0
50295,0.0
50296,2.0
50297,3962.0
50298,44.0
50901,2.0
50902,0.0
50903,11.0
51001,321.0
52001,505.0
53000,
53001,
53002,
53003,
53004,
53005,
53006,
53007,
53008,
53009,
53010,
53011,
53012,
53013,
53014,
53015,
53016,
53017,
53018,
53019,
53020,
53021,
53022,
53023,
53024,
53025,
53026,
53027,
53028,
53029,
53031,
53032,
53033,
53034,
53035,
53036,
53037,
53038,
53039,
53040,
53041,
53042,
53043,
53044,
53045,
53046,
53047,
53048,
53049,
53050,
53051,
53052,
53053,
53054,
53055,
53056,
53057,
53058,
53059,
53060,
53061,
53062,
53063,
53064,
53065,
53066,
53067,
53068,
53069,
53070,
53071,
53072,
53073,
53074,
53075,
53076,
53077,
53078,
53080,
53081,
53083,
54001,
54002,
54003,
54004,
54005,
