Codigo Municipio,Nº Residencias Mayores,Nº Instituciones Religiosas y Militares
00000,4378.0,1486.0
44001,,
40001,,
10001,,
27001,,
48001,,
31001,,
09001,,
26001,,
20001,,
19001,,
30001,1.0,
50001,,
48002,1.0,
30002,1.0,
34001,,
31002,,
31003,,
31004,,
15001,,
42001,,
44002,,
25001,,
02001,,
13001,1.0,
31005,,
10002,,
49002,,
16001,,
34003,,
22001,,
22002,,
04001,,
19002,,
31006,,
08001,1.0,
04002,,
37001,,
28001,,
24001,,
10003,,
16002,,
06001,,
10004,,
10005,,
50002,,
06002,1.0,
22003,,
47001,,
14001,,
05001,,
38001,,
46001,1.0,
31007,,
19003,,
46002,,
04003,1.0,
09003,,
40002,,
05002,,
42003,,
40003,,
03001,,
20002,,
35001,,
37002,1.0,
25002,1.0,
36020,,
50003,,
26002,,1.0
03002,,
25003,2.0,
42004,2.0,1.0
03003,,
18001,,
41001,,
50004,1.0,
09006,,
47002,,
44003,,
44004,,
13002,2.0,
22004,1.0,
40004,1.0,
09007,,
34004,2.0,1.0
47003,,
31008,,
14002,,1.0
08002,,
44005,,
26003,,
30003,2.0,
50005,,
35002,2.0,
17001,,
46004,,1.0
38002,,
10006,,
37003,,
37004,,
06003,,
20016,,
31009,,
46042,,
46043,,
08014,2.0,
43001,,
17002,,
03004,,
12002,,
22907,1.0,
50006,1.0,
22006,,
25038,2.0,
20003,,
28002,,
26004,,
48911,,
45001,1.0,1.0
44006,,
50007,,
47004,,
50008,2.0,
10903,,
07002,1.0,
21001,,
38003,,
29001,1.0,
37005,,
45002,,
28003,,
18002,,
37006,,
13003,1.0,
19004,,
28004,6.0,
25004,,
06004,,
41002,,
46005,1.0,
34005,,
37007,2.0,
50009,,
16003,,
19005,,
07001,,
25005,,
02002,,
44007,,
34006,,
37008,2.0,2.0
37009,,
02003,9.0,1.0
25006,,
46006,1.0,
41003,,
46007,,
10007,,
13004,1.0,
16004,,
46008,,
46009,,
46010,,
22007,,
16005,2.0,
19006,1.0,
44008,1.0,
22008,,
04004,,
23001,,
17003,,
19007,1.0,
44009,1.0,1.0
45003,,
02004,,
25007,,
03005,,
22009,1.0,
26005,2.0,
16006,,
19008,,
44010,,
16007,1.0,
37010,,
37011,,
46011,1.0,
26006,,
50010,,
22011,,
22012,,
22013,,
25008,,
50011,,
25009,,
09009,,
43002,,
43003,,
20004,,
12003,,
04005,,
18003,1.0,
18004,,
17004,,
46012,1.0,
46013,1.0,
02005,,
50012,,
05005,,
04006,1.0,
30004,,
06005,1.0,
46014,2.0,
18005,,
18006,,1.0
18007,,
06006,,
45004,,
02006,,
44011,,
50013,,
41004,7.0,1.0
22014,,
28005,7.0,13.0
44012,,
16008,1.0,
11001,1.0,
50014,,
12004,1.0,
02007,1.0,
22015,,
41005,1.0,
11002,,
23002,1.0,2.0
03006,,
22016,,
26007,,
43004,1.0,
25010,,
10008,2.0,
30005,1.0,1.0
46016,,
16009,,
49003,1.0,
44013,2.0,
45005,,
14003,2.0,
02008,1.0,1.0
25011,1.0,
46015,1.0,
29002,,
23003,,1.0
45006,2.0,
13005,5.0,
16010,,
47005,,
30902,1.0,
13006,1.0,
28006,5.0,1.0
19009,,
03007,,
09010,,
16011,,
04007,,
13007,,
22017,,
19010,,
45007,,
19011,1.0,
41006,,
03008,,
25012,,
10009,,
42006,,
37012,,
40005,,
06007,1.0,
50015,,
16012,,
06008,,
04008,,
12005,1.0,
28007,4.0,
44014,1.0,
19013,1.0,
43005,1.0,
03009,4.0,2.0
22018,,
42007,,
42008,,
49004,,
13008,,
46018,,
07003,,
46020,1.0,
04009,,
12006,,
46019,,
10010,1.0,
46021,2.0,
47006,,
35020,1.0,
10012,,
28008,1.0,
37015,,
10013,,
13009,1.0,
45008,,
40012,,
43904,,
10011,,
37013,,
37014,1.0,
42009,,
40006,,
37016,,
40007,,
40008,,
42010,,
42011,,
42012,,
47007,1.0,
45009,,
26008,,
37017,,
19015,1.0,
40009,,
37018,,
10014,,
45010,,
05007,,
10015,1.0,
40010,,
23004,,
37019,,
37020,,
05008,1.0,
37021,,
37022,,
40013,,
37023,,
37024,,
40014,,
10016,,
37025,,
50016,,
42013,,
37026,,
40015,,
05010,,
42014,,
18010,,
40016,,
43006,,
30006,,
20005,,
01001,1.0,1.0
43007,,
08003,2.0,
42015,,
22019,,
26009,,
26010,,
18011,,
46022,,
03010,,
50017,1.0,
44016,1.0,
50018,,
22020,,
43008,,
46024,,
46025,,
49005,,
29003,,
29004,,
26011,1.0,1.0
46026,,
25013,1.0,
46027,,
03011,2.0,
46023,,
25014,,
12007,,
43009,2.0,
50019,,
27002,,
09011,,
39001,1.0,1.0
09907,,
09012,,
41007,1.0,
24002,,
07004,,
41008,,
11003,,
19016,,
46028,,
18012,1.0,
16013,,
29005,,
29006,,
11004,3.0,2.0
46029,1.0,
25015,,
28009,,
46030,1.0,
12008,,
46031,,
11005,1.0,
49006,,
19017,,
03012,,
25016,,
30007,,
03013,,
04010,,
04011,2.0,
50020,,
18013,1.0,1.0
30008,1.0,
13010,,
29007,3.0,
29008,,2.0
18014,1.0,
19018,,
10017,,
44017,,
16014,,
03014,13.0,8.0
04012,,
18015,,
24003,1.0,
25017,,
43010,,
19019,,
10018,1.0,
42016,,
21002,,
06009,,
20006,,
33001,,
32001,3.0,2.0
44021,,
33002,1.0,
31011,,
31012,,
44022,,
44023,,
25019,1.0,
29009,,
13011,4.0,
41009,,
13012,,
19020,,
13013,1.0,1.0
42017,,
42018,,
02009,2.0,
24004,,
10019,1.0,
49007,1.0,
16015,,
29010,,
42019,,
26012,,
46032,,
25020,,
42020,2.0,
12009,1.0,1.0
42021,,
12010,,
13014,1.0,
14004,1.0,
18016,,
49008,1.0,
25021,1.0,
42022,,
12011,,
47008,,
37027,,
37028,1.0,
06010,,
45011,,
06011,2.0,1.0
21003,,
16016,,
41010,,
04013,7.0,4.0
46033,,
50021,,
04014,,
13015,,
16017,1.0,
14005,1.0,
29011,,
19021,,
44018,,
10020,1.0,
46034,,
50022,,
50023,,
50024,1.0,
45012,,
19022,1.0,
16018,,
21004,,
21005,1.0,
03015,1.0,
45013,1.0,
43011,,
03016,,
22021,2.0,
50025,2.0,1.0
22022,,
22023,,
18017,1.0,
13016,1.0,
46035,1.0,
44019,,
19023,,
48912,,
29012,1.0,
25022,,
21006,2.0,
19024,,
29013,,
17006,,
29014,,
42023,,
50026,,
28010,2.0,
08004,,
44020,,
02010,1.0,
25023,2.0,
46036,,
18904,,
03017,,
46037,,
12901,,1.0
22024,,
18018,,
04015,,
25024,,
09013,,
43012,,
16019,,
03018,1.0,1.0
22025,,
09014,,
31010,1.0,1.0
12012,,
20906,,
20007,,
19027,,
46017,3.0,1.0
05012,,
34009,,
50027,,
28011,,
17007,,
15002,,
31013,,
43013,,
08005,2.0,1.0
09016,,
20008,,
33003,1.0,
32002,1.0,
48003,4.0,
48004,,
43906,,
43014,1.0,1.0
34010,,1.0
39002,1.0,
01002,3.0,
34011,,
47009,,
44024,,
40017,,
37029,,
28012,,
13017,,
31014,,
49009,,
46038,,
20009,1.0,
44025,2.0,
31015,1.0,
07005,,
23005,3.0,2.0
50028,,
17008,,
25027,,
19031,,
26013,,
22027,1.0,
26014,1.0,1.0
19032,1.0,
09017,,
39003,,
50029,,
46039,1.0,1.0
20010,,
19033,,
19034,,
22028,1.0,
31016,,
04016,,
27003,1.0,
46040,,
29015,2.0,6.0
35003,,
24005,,
34012,1.0,
22029,,
20011,,
31017,,
01049,,1.0
40018,,
50030,1.0,
14006,1.0,
31018,,
45014,1.0,
37030,,
31019,1.0,
37031,,
21007,1.0,1.0
38004,,
22032,,
41011,1.0,
40019,,
31020,,
48005,,
31025,,
20012,,
01003,,
31021,,
42024,,
09018,2.0,1.0
50031,,
50032,,
09019,,
16020,,
15003,,
31023,1.0,2.0
28013,3.0,1.0
31024,,
31022,,
48006,,
19036,,
12013,,
37032,,
31026,,
46041,,
09020,,
09021,,
09022,,
19037,1.0,
25029,,
19038,,
31027,,
36001,,
43016,1.0,
04017,,
43015,,
17009,1.0,
16905,1.0,
31028,,
37033,,
49010,,
30009,1.0,
29016,,
29017,2.0,1.0
45015,1.0,
37034,,
34015,,
40020,,
09023,,
42025,2.0,
11006,3.0,1.0
49011,,
16022,,
44026,,
31029,1.0,
29018,,
50033,,
24006,,
48093,,
31030,,
22035,,
05013,,
13903,,
29019,,
39004,,
13018,,
05014,2.0,1.0
18020,,
42026,,
09024,,
44027,,
08006,8.0,
08007,2.0,
26015,,
26016,,
15004,,
12014,,
31031,,
20013,1.0,1.0
05015,,
40021,,
05016,1.0,1.0
42027,,
13019,,
13020,1.0,
28014,3.0,
24007,,
49012,,
22036,,
19039,,
17010,,
12015,,
08008,,
44028,,
43017,,
08009,4.0,
45016,1.0,
39005,,
31032,,
22037,,
16024,,
49013,,
31033,,
07901,,
31034,,
38005,1.0,
09025,,
44029,,
50034,1.0,
23006,1.0,
23007,1.0,
09026,,
19040,,
31035,,
17011,,
37035,,
18021,2.0,1.0
01006,,
40022,,
04018,1.0,
19041,,
26017,,
26018,1.0,1.0
43018,,
32003,1.0,
39006,,
21008,,
38006,1.0,
49014,,
23008,,
49015,,
01037,,
16025,,
48009,,
20055,1.0,1.0
48914,,
09027,,
01008,1.0,
35004,1.0,2.0
39007,,
25031,,
29020,1.0,
48010,,
48011,1.0,1.0
13021,,
31036,,
47010,,
10021,1.0,
19042,,
06012,1.0,
23905,,
10023,,
28015,,
10022,,
21009,,
31037,,
26019,,
25032,,
07006,1.0,
31038,1.0,
12016,,
31039,,
48023,,
15005,,
35005,1.0,
08010,2.0,
25033,,
25034,1.0,
50035,,
48008,,
01004,1.0,1.0
35006,2.0,
15006,1.0,
43019,1.0,
50036,1.0,
25036,,
49016,,
01009,1.0,
03019,1.0,
20014,,
20903,,
39008,3.0,
24008,3.0,4.0
34017,1.0,1.0
49017,,
29021,,
06013,,
16026,,
37037,,
19043,,
09029,,
47011,,
18022,1.0,
20015,,
28016,,
50037,,
50038,,
31040,,
19044,,
48091,,
46003,,
12001,,
48070,,
19045,,
31058,,
26020,,
42028,,
09030,,
34018,,
34019,,
26021,2.0,
05017,,
05018,,
25037,,
09032,,
08011,,
05019,7.0,8.0
33004,5.0,1.0
08012,1.0,
17012,,
08013,,
32004,,
01010,1.0,
21010,1.0,
31041,,
22039,1.0,
40024,,
02011,,
12017,,
49018,,
46044,,
34020,,
31042,,
44031,,
22040,,
22041,,
20017,1.0,2.0
22042,,
41012,1.0,
41013,1.0,
26022,,
20018,1.0,2.0
06014,2.0,
50039,,
12018,,
31043,,
19046,2.0,
45017,1.0,
37038,,
04019,2.0,
06015,6.0,9.0
08015,9.0,2.0
26023,,
44032,,
08904,,
41014,,
50040,,
22043,,
14007,4.0,1.0
23009,1.0,4.0
08016,1.0,
44033,,
50041,,
47012,,
09033,,
19047,,
23010,,
22044,,
36003,,2.0
25039,,
31044,,
48012,1.0,
25040,3.0,1.0
02012,1.0,
09034,1.0,
24009,,
50042,,
22045,,
27004,,
08017,,
20904,,
02014,,
13022,,
22046,,
48090,2.0,
03020,,
02013,,
08018,1.0,
34022,1.0,
32005,,
22047,,
32006,1.0,
07007,,
03021,,
43020,,
17015,8.0,1.0
15007,,
26024,,
24010,5.0,
37039,1.0,
44034,,
01011,,
23011,,
32007,,3.0
10024,,
26026,,
26025,,
19048,,
09035,,
19049,,
09036,,
34024,,
16027,1.0,
48013,6.0,1.0
27901,,
31901,,
42029,1.0,
31045,1.0,
32008,2.0,1.0
37040,,
09037,,
09038,,
09039,,
37041,,
31046,,1.0
22048,4.0,1.0
11007,,
25041,3.0,
43021,,
08252,1.0,
50043,,
40025,,
22049,,
22050,,
42030,,
22051,,
06016,,
08019,222.0,35.0
34025,,
39009,1.0,
39010,,
37042,,
16029,,
47013,,
49019,,
45018,,
05021,1.0,
32009,,
42031,,
50044,,
39011,,
45019,1.0,
31047,,
31048,,
24011,,
38007,,
25042,,
12020,,
44035,,
05022,1.0,
10025,,
02015,,
27005,,
48014,3.0,
09041,,
19050,,
09043,,
09044,,
24012,,
11008,3.0,1.0
36002,,
05023,,
37044,,
34027,1.0,
47014,,
01013,,
46046,1.0,
46045,,
31049,,
40026,,
48015,1.0,
17016,,
09045,,
34028,,
09046,,
16030,,
25044,,
37045,,
43022,,
06017,,
28017,,
25045,,
04020,,
04021,,
42032,,
42033,,
18023,1.0,1.0
31050,1.0,1.0
44036,,
32010,,
16031,,
32011,1.0,
21011,1.0,
18024,,
18025,,
23012,1.0,1.0
20019,1.0,
05024,,
05025,,
44037,,
27006,,
34029,1.0,1.0
28018,1.0,
47015,,
04022,,
48092,,
23902,1.0,
23014,,
27007,,
08020,1.0,
17013,,
31137,,
31051,,
04023,,
20020,,
37046,4.0,
12022,,
14008,,1.0
31052,,
20021,,
09047,,
50045,1.0,1.0
37047,3.0,
46047,,
25046,,
16032,1.0,
25170,,
17018,,
25047,,
25048,1.0,
43023,,
25049,,
44039,,
08021,,
25050,2.0,
46048,,
46049,,
43024,,
25051,1.0,
25052,,
14009,1.0,
23015,,
16033,1.0,
34031,,
50046,,
33005,,
44038,,
28019,1.0,
16034,,
09048,1.0,1.0
22052,1.0,
49020,,
45020,,
10026,,
24014,1.0,
22053,1.0,
41015,,
29022,,
47016,,
12024,,
12025,,
46050,,
46051,1.0,1.0
04024,,
29023,,
29024,,
29025,3.0,1.0
18027,1.0,
18028,,
11901,,
29026,,
18029,,
14010,1.0,
29027,,
11009,,
29028,,
29029,,
12026,,
03022,,
22054,,
23016,,
25053,1.0,
49021,4.0,2.0
24015,1.0,
46052,,
49022,,
03023,,
46053,,
03024,1.0,
46054,,
03025,,
03026,,
03027,,
46055,,
03028,,
46056,,
12027,1.0,1.0
12028,1.0,1.0
46057,1.0,
46904,,
03030,,
03031,2.0,
30010,,
46060,,
46059,,
46058,,
43025,,
03032,,
03033,,
46061,,
46062,,1.0
03029,,
03034,,
03035,,
03036,,
03037,,
03038,,
03039,,
03040,1.0,
46063,,
46064,,
46065,,
46066,1.0,
46067,1.0,
03041,1.0,
43026,,
46068,,
46069,,
03042,,
04026,,
04027,,
12029,,
10027,,
06018,1.0,
04028,,
24016,,
31250,1.0,
48016,,
01014,,
22246,,
20022,,
42034,,
22055,,
09050,,
31053,,
26027,,
47017,,
47018,,
18030,,
40028,,
05026,,
24017,,
24018,,
40029,,
50047,,
08022,2.0,2.0
20074,1.0,2.0
26028,,
26029,,
44040,,
15008,1.0,
31905,,
04029,1.0,1.0
05027,1.0,
06019,,
42035,1.0,1.0
24019,,
09051,,
37049,,
48017,1.0,1.0
49023,,
40030,,
01016,1.0,
19051,,
40031,,
05029,,
48018,,
31902,,2.0
31903,,
48019,,1.0
20023,,
21012,,
37050,,
37051,,
10028,,
05030,,
47019,,
50048,,
28021,,
31054,,
10029,,
09052,,
28020,,
34032,,
17019,,
17020,1.0,
35007,,
15009,1.0,2.0
31055,1.0,
46070,3.0,3.0
16035,1.0,
12021,,
17021,,
26030,,
44041,,
03043,,
46071,,
31253,,
20024,,
50901,,
22057,,
02016,,
06020,,
22058,,
22059,1.0,
03044,,
08023,,
50050,,
48020,65.0,11.0
33006,,
22060,,
22061,2.0,
07008,,
25055,,
50051,,
22062,,
43027,,
43028,1.0,
17022,1.0,
22063,,
50052,,
17234,,
31056,,
42036,,
30011,1.0,
43029,,
44042,,
32012,,
17023,3.0,
05033,,1.0
05034,,
05035,,
14011,,
22064,,
44043,,
42037,,
37052,,
34033,,
17029,,
34035,,
34034,,
28022,2.0,2.0
33007,,
28023,,
26031,,
47020,,
32013,,
24020,,
46072,1.0,
40032,,
47021,,
47022,,
19052,,
37054,,
06021,,
47023,1.0,
37055,,
02017,,
05036,,
10030,,
05037,,
15010,1.0,
15011,,
32014,,
13023,1.0,
47024,,
46073,,
41016,,
21013,,
32015,,
22066,,
03045,,
17024,,
22067,,
21014,,
43030,,
02018,,
16036,,
05038,,
02019,1.0,
46074,,
24021,,
15012,,
50053,,
22068,,
50054,,
25057,,
17025,,
44044,,
29030,,
25058,1.0,
43031,1.0,
50055,2.0,2.0
42038,,
41017,1.0,1.0
11010,,
42039,,
45021,,
17026,,
08024,,
24022,,
12032,2.0,2.0
12031,,
11011,,
25059,,1.0
43032,,
43033,,
10031,,
50056,,
37056,,
27008,,
49024,,
37057,,
25056,,
09054,,
05039,,
43034,,
47025,,
34036,,
28024,,
09055,,
13024,,
24023,,
50057,,
28025,,
17027,,
41018,1.0,
38008,,1.0
38009,,
49025,,
49026,,
40033,,
26032,,
19053,2.0,2.0
49027,,
49028,,
37058,,
26033,,
15013,,
26034,,
09056,2.0,
44045,,
22069,,
10032,2.0,
08025,,
08026,,
28026,2.0,
17028,,
42041,,
50058,,
18032,,
16038,,
19054,,
16039,1.0,
16040,,
37059,,
45022,1.0,
37060,,
34037,,
38010,,
16041,1.0,
44046,,
36004,,
46075,,
46076,,
09057,,
07009,,
42042,,
28027,2.0,
14012,1.0,1.0
19055,,
50059,,
05040,,
50060,,
30012,,
09058,,
07010,,
46077,1.0,
31057,1.0,
44047,2.0,
27902,1.0,
50061,,
49029,,
50062,,
42043,2.0,1.0
24024,,
29031,,
05041,,
09059,29.0,23.0
31059,,
41019,,
45023,,
06022,1.0,
46078,2.0,
31060,2.0,
24025,,
45024,,
03046,,
18033,,
19057,,
28028,1.0,
50063,,
47026,,
34038,,
49030,,
24026,,
34039,,
09060,,
31061,,
48021,2.0,
43035,,
37061,,1.0
40034,,
15014,,
25060,1.0,
15015,1.0,
17031,,
12033,1.0,
17030,,
31062,,
28029,,
19058,,
08027,,
50064,1.0,
45025,,
40035,,
49031,,
45026,1.0,
10033,,
24027,1.0,
09061,,
37063,,
06023,1.0,3.0
37065,,
06024,,
10034,,
37062,,
45027,,
13025,,
13026,,
05042,,
41020,,
05043,,
05044,,
21015,,
26035,,
39012,1.0,1.0
09062,,
39013,,
47027,1.0,
47028,,
40036,,
10035,,
05045,,
25061,,
50065,,
14013,2.0,1.0
44048,,
43036,,
23017,,
33008,,
33009,,
31063,,
42044,,
42045,,
08028,,
08029,,
28030,2.0,
37067,,1.0
10036,,
47029,,
24028,,
24029,,
37068,,
08030,1.0,
39014,1.0,
24030,3.0,
10037,7.0,5.0
10038,,
18034,,
10039,,
28031,1.0,
17032,1.0,
18035,,
11012,7.0,6.0
31064,,
50066,,
18036,2.0,
21016,,
40037,,
44049,,
08031,,
43037,2.0,
26036,3.0,3.0
34041,,
18114,,
44050,1.0,
06025,1.0,
44051,1.0,
21017,1.0,
30013,1.0,
42046,,
50067,4.0,3.0
50068,,
50069,,
36005,1.0,
22072,,
08034,,
17033,1.0,
08033,4.0,
08032,2.0,
08035,5.0,
06026,,
45028,,
09064,1.0,1.0
45029,1.0,
18037,,
12034,,1.0
08037,,
46079,,
03049,,
03048,1.0,
08038,1.0,
50070,,
44052,,
17034,2.0,
08036,,
03047,3.0,
42048,,
37069,,
37070,1.0,
07011,1.0,1.0
32016,,
37071,,
13027,1.0,
37072,,
34042,,
45030,1.0,
37073,,
24031,,
10040,,
06027,,
49032,,
39015,,
44053,,
25062,,
45031,1.0,
44054,,
45032,1.0,
39016,5.0,1.0
44055,,
15016,,
43903,,
28032,1.0,
49033,1.0,
41021,1.0,
36006,1.0,
23018,1.0,
15017,1.0,
43038,3.0,
10041,,
44056,,
17035,,
41022,1.0,
06028,1.0,1.0
07012,,
47030,1.0,
24032,,
17036,1.0,
17037,,
03050,2.0,
01017,,
16042,1.0,
50071,,
09065,,
23019,1.0,
37074,,
10042,,
19059,,
45033,,
06029,,
19060,,
21018,,
47031,,
29032,,
16043,,
16044,,
08039,,
19061,,
17038,,
22074,,
13028,1.0,1.0
03051,,
37077,,
40039,,
24033,,
36007,,
10043,,
28033,1.0,
21019,,
09066,,
24034,,
39027,,
39017,,
47032,,
22075,,
46080,,
07013,1.0,
16901,1.0,
30014,,
18038,,
17039,1.0,
26037,,
45034,1.0,
22076,,
47033,,
16045,,
05046,,
26038,,
46081,,
33010,3.0,
22077,,
38011,,
37078,1.0,
05047,1.0,1.0
42049,,
24036,,
25063,,
23020,,
28034,,
17040,,
08040,4.0,
46082,1.0,
12036,,
22078,,
36008,1.0,
33012,1.0,
33011,1.0,1.0
09067,,
18039,1.0,
37079,,
29033,,
29034,,
47034,,
26039,,
04030,1.0,
43907,,
08041,1.0,
08042,,
19064,,
09068,,
37080,,
37081,1.0,1.0
40040,1.0,
17041,,
19065,1.0,
37082,1.0,
37083,,
44059,,
41023,1.0,
40041,1.0,
05048,,
04031,,
08043,,
03052,,
44060,,
13029,,
44061,,
16046,,
16047,,
41901,,
44062,,
42050,,
16048,,
10044,,
18040,,
26040,,1.0
16049,,
10045,,
21020,,
16050,,
16051,,
16052,1.0,
14014,1.0,
29035,1.0,1.0
36009,1.0,
49034,,
19066,,
44063,,
16053,,
49035,1.0,
43039,,
31065,1.0,
43040,,
07014,,
22079,,
15018,,
22080,,
08044,1.0,
18042,,
06030,,
34045,,
17042,,
08045,,
42051,,
28035,1.0,
42052,,
13030,,
18043,,
30015,1.0,1.0
33013,,
09070,,
49036,1.0,
10046,,
37085,,
32018,,
32017,,
27009,,
32019,2.0,1.0
15019,2.0,
49037,,
04032,,
16055,1.0,
40043,1.0,
23021,,
10047,,
14015,1.0,
46083,3.0,
31066,1.0,
31067,1.0,1.0
09071,,
09072,1.0,1.0
02020,1.0,
46084,,
23901,,
08046,2.0,
26041,,
16056,1.0,
14016,,
09073,,
09074,,
05049,,
34046,,
09075,,
45035,,
08047,1.0,
19067,,
50072,,
50073,1.0,
15901,,
46085,1.0,
14017,1.0,
08048,,
45036,1.0,
24037,,
41024,6.0,1.0
06031,,
15020,,
23024,2.0,
47035,,
37086,,
45037,1.0,
14018,,
24038,,
15021,1.0,
45038,,
37087,,
37088,,
40044,,
10048,,
06032,,
16057,,
42053,,
16058,,
42054,,
29036,,
33014,6.0,
05051,,
09076,,
45039,,
46086,,
13031,,
41025,1.0,
34047,2.0,2.0
24039,1.0,1.0
13032,,
24040,,
30016,8.0,7.0
29037,,
29038,1.0,
21021,,
32020,1.0,
39018,,
24041,,
19070,,
29039,,
37089,,
26042,,1.0
10049,2.0,
45040,,
10050,1.0,
19071,2.0,
29040,,
42055,,
29041,,
10051,,
41026,,
45041,1.0,1.0
28036,,
46087,,
46088,,
16060,1.0,
10052,1.0,
10053,,
06033,1.0,
16061,1.0,
16062,,
16063,,
16064,,
02021,1.0,
02022,,
16065,,
10056,,
10057,,
06034,,
19073,,
02023,,
10054,,
37090,,
10055,1.0,
05052,,
45042,,
49038,,
49039,,
02024,1.0,
16066,1.0,
05053,,
47036,,
10058,,
05054,1.0,
22081,,
09077,,
09078,,
31068,1.0,
44064,,
31069,,
43041,,
05055,,
10059,,
37091,1.0,
46089,,
40045,,
33015,,
50074,1.0,2.0
19074,,
17044,1.0,
08049,1.0,
03053,,
10060,,
26043,,
39019,,
21022,,
18044,,
16067,,
31070,1.0,
50075,,
19075,,
50076,,
22083,,
22084,1.0,
44065,,
50077,,
22082,,
44066,,
22085,,
12037,,
03054,1.0,
03075,,
08057,,
25904,,
07064,,
09079,,
37092,,
37185,1.0,
05056,,
23025,,
11013,,
19076,,
25064,,
08052,,
13033,,
08050,,
08051,5.0,
44070,,
08053,1.0,
08054,,
08055,1.0,
25067,,
08056,21.0,1.0
08058,,
17046,,
08060,,
08059,,
12038,,
08061,1.0,
08062,,
25068,,
12039,,
25069,,
46090,,
17047,1.0,
08063,,
12040,5.0,3.0
46091,,
44071,1.0,
17048,1.0,
25070,,
08064,2.0,
43042,,
08065,,
08066,1.0,
44067,,
44068,,
46092,,
22086,,
22087,,
09083,,
34048,,
06035,,
41027,1.0,
09082,,
24042,,
19078,,
42056,,
50078,,
22088,,
41028,,
41029,,1.0
41030,,
18045,,
16068,,
37096,,
40046,,
42058,,
16070,,
45043,,
16072,,
41031,,
23026,,
12041,,
16071,,
22089,,
31071,,
19079,,
42057,,
37097,,
34049,,
47037,,
32022,,
32021,,
18046,,
24043,,
34050,,
47038,,
49040,,
09084,,
24044,,
09085,1.0,
34051,,
09088,,
34052,,
09086,1.0,2.0
09090,,
33016,3.0,
47039,,
32023,1.0,
04033,,
40047,,
27010,1.0,
14019,1.0,1.0
47040,,
24046,,
24047,1.0,
47041,,
49041,,
09091,1.0,1.0
40048,,
47042,,
34053,,
47043,,
49042,,
47044,,
47045,,
24049,,
33017,,
47046,,
40049,,
40051,,
24050,1.0,
39020,2.0,
27011,,
49043,,
47047,,
26044,,
06036,2.0,
46093,,
46094,2.0,
12042,,
43043,,
36010,,
03055,,
02025,1.0,
46095,,
12043,,1.0
25071,,
09063,,
09093,,
45045,1.0,
23027,1.0,
41032,1.0,
23028,1.0,1.0
49044,,
24051,,
24052,,
45046,,
09094,,
05057,1.0,
24053,,
10061,,
15022,1.0,
10062,,
40052,,
45047,1.0,
44074,1.0,
15023,,
30017,,
47048,,
09095,1.0,
44075,,
32024,1.0,
44076,,
17189,,
26045,,
17049,1.0,
31193,,1.0
19080,,
19081,,
18047,,
26046,1.0,
28037,1.0,
02026,,
32025,,
08067,1.0,1.0
19082,,
42059,,
37098,,
05058,,
42060,,
15024,,
28038,4.0,3.0
08268,,
46096,,
08266,2.0,
36011,,
15025,,
37099,,
49046,,
49047,,
37100,,
10063,,
40053,,
40054,,
09098,1.0,
49048,,
44077,,
37101,,
45048,,
09100,,
21023,,1.0
37102,1.0,
27012,,
34055,,
08068,3.0,
25072,2.0,
28039,,
50079,,
45049,,
34056,1.0,
16073,,
12044,,
26047,1.0,1.0
50080,,
25073,,
17050,,
47049,,
27013,,
37103,1.0,
15026,,
50081,,
51001,3.0,6.0
30018,2.0,
34057,1.0,
34058,,
37114,,
22094,,
05067,,
32029,,
27016,1.0,
40065,,
28051,1.0,
18059,,1.0
19103,1.0,
06042,,
46107,,
46106,1.0,
19104,,
46108,,
04036,,
12052,,
46109,,
22095,,
11015,4.0,1.0
23029,1.0,
12053,,
16023,1.0,
19106,,
13038,2.0,
23030,,
19105,,
18061,,
22096,1.0,
02029,,1.0
28052,2.0,1.0
11016,,1.0
50092,,
04037,,
46111,3.0,
50093,,
12055,,
12056,,
24065,2.0,1.0
45056,,
21030,,1.0
45057,,
46112,,
16081,,
18062,2.0,
09101,,
26048,,
42061,,
28040,5.0,2.0
16074,,
39021,,
30019,1.0,
19086,2.0,1.0
47050,,1.0
42062,,
47051,,
42063,,
26049,,
18048,,
05059,,
09102,,
10064,1.0,
37104,,
09103,,
09104,,
40055,,
39022,,
24054,,
24055,,
50082,,
50083,,
19087,,
12045,,
31072,1.0,
37106,,
12046,,
31074,,
42064,,
31075,,
19088,,
45050,,
09105,,
19089,,
26050,,
42065,,
05060,,
34059,1.0,
17051,,
47052,1.0,
24056,1.0,
13034,5.0,2.0
37107,6.0,3.0
07015,1.0,1.0
25074,,
31076,,
50084,,
25075,,
26051,,
33018,,
04034,,
45051,,
28041,2.0,
19090,,
45052,,
34060,,
40056,,
49050,,
40057,1.0,
37108,,
03056,1.0,1.0
50085,,
44080,,
40058,,
50086,,
06037,,
46097,1.0,
47053,,
47054,,
19091,,
09108,,
18049,,
18050,1.0,
19092,1.0,
25076,,
29042,,1.0
15027,1.0,
17054,,
32026,1.0,
05061,,
39023,,
25077,,
10065,,
05062,,
05063,,
40059,,
28046,1.0,
28047,2.0,
34061,,
08069,2.0,
43045,,
08070,,
29043,1.0,
37109,,
28043,1.0,2.0
28042,1.0,
28045,8.0,3.0
28044,,
18051,,
17055,,
33019,1.0,
22090,,
25163,,
29044,,
39024,1.0,
29045,,
25161,,
40060,,
09109,1.0,1.0
19095,,
19096,,
43046,,
03057,,
24057,,1.0
34062,,
19097,,
11014,,
14020,1.0,
10066,,
07016,,
43047,,
41033,1.0,2.0
05064,,
45053,1.0,1.0
50087,,
09110,,
49052,,
19098,,
08071,,
44082,,
46098,,
08072,7.0,
43048,,
24058,,
25078,,
17057,,
47055,,
15028,,
14021,21.0,22.0
06038,,
37110,1.0,
34063,,
26052,,
19099,1.0,
31077,1.0,1.0
26053,,
49053,1.0,
27014,,
10067,3.0,2.0
41034,3.0,
41035,,
15029,,
26054,,
08073,5.0,
17056,1.0,
43049,,
06039,,
41036,1.0,
28048,,
26055,,
45054,2.0,
40061,,
13035,,
39025,1.0,
47056,,
49054,,
41037,,
02027,,
06040,,
21024,,
32027,,
21025,,
21026,,
31078,1.0,
44084,,
12048,,
18053,,
29046,,
46099,,
18054,,
13036,,
24059,,
09112,,
15030,11.0,3.0
33020,1.0,
39026,1.0,
44085,,
42068,,
28049,1.0,
27015,,
07017,,
12049,,
50088,,
49055,,
46100,,
02028,,
36012,,
42069,,
09113,,
36013,1.0,
12050,,
03058,,
13037,1.0,
40902,,
36014,1.0,
43050,2.0,
24060,,
17058,,
05065,,
44086,,
03059,1.0,
06041,,
37112,,
44087,,
17901,,
10068,,
24061,3.0,
32028,,
50089,2.0,
44088,,
28050,2.0,1.0
50090,,
08074,1.0,
25079,1.0,
42070,,
34066,,
24062,,
24063,,
47057,,
40062,,
19102,,
09114,,
49056,,
24064,,
44089,,
49057,,
09115,,
37113,,
42071,,
49058,,
44090,,
33021,1.0,
49059,,
40063,1.0,2.0
16078,8.0,6.0
47058,1.0,
50091,,
45055,,1.0
41903,1.0,
44092,,
42073,,
09117,,
16079,,
29047,,
44093,,
40905,,
09119,,
29049,,
04035,1.0,
29048,,
18912,,
05066,,
44094,,
12051,,
18056,1.0,
18057,1.0,
46105,1.0,
15031,2.0,
10069,,
21027,,
21028,,
21029,1.0,
43051,3.0,
36015,,1.0
47059,,
15032,,
29050,,
26056,,
28053,,
13039,4.0,1.0
46113,1.0,
04038,1.0,
17060,,
50094,1.0,1.0
26057,,
18063,,
17061,,
03061,,
03062,,
20029,,
33022,,
34067,,
34068,,
18064,,
18066,,
10070,,
43901,1.0,
03063,1.0,2.0
48901,1.0,
10071,,
31079,,
24066,,
42075,,
07018,,
42076,,
31080,,
05903,,
18067,,
18068,,
48026,2.0,
37115,,
15033,,
18069,,
03064,,
46114,,
40068,,
45058,,
06043,,
06044,2.0,1.0
31081,,1.0
31221,,
40069,,
05069,,
20069,18.0,11.0
05070,,
14022,,
37116,,
37117,1.0,
46115,,
41038,6.0,2.0
14023,1.0,
45059,1.0,
08075,1.0,
36016,,
19107,1.0,
18070,,
34069,,
43053,,
15034,,
48027,2.0,1.0
18071,,
19108,,
40070,,
42078,,
48028,1.0,
31083,,
41039,2.0,4.0
31086,,1.0
20030,2.0,
07026,1.0,1.0
50095,2.0,
37118,,
04902,2.0,
44096,,
48031,,
01021,1.0,1.0
02030,,
03065,4.0,2.0
01022,,
03066,2.0,
20031,,
20033,,
20032,1.0,1.0
31087,,
46116,4.0,1.0
10072,,
48032,1.0,1.0
01023,,
19109,,
50096,,
46117,,
37120,,
37119,,
50098,,
40071,,
37121,,
37122,,
47060,,
14024,,
21031,,
37123,,
24067,1.0,
40072,,
09120,,
26058,,
37124,,
31089,,
46118,1.0,
16082,1.0,
04041,,
46119,,
49061,,
39028,,
26059,,
32030,1.0,
06045,,
50099,1.0,1.0
48902,5.0,
31090,,
24068,,
48033,,
31091,,
50100,,
48034,1.0,
20067,2.0,1.0
20066,,
01046,1.0,
48079,,
31092,1.0,
45060,1.0,
21032,1.0,
17062,1.0,
39029,,1.0
45061,1.0,1.0
40073,,
45062,1.0,
19110,,
23031,,
40074,,
19111,,
50101,,
24069,,
40075,,
42079,,
19112,,
07019,,
28054,3.0,
44097,,
44099,,
10073,,
37125,2.0,
18072,,
32031,,
47061,,
20034,1.0,
31094,,
12057,,
37126,,
49062,,
12058,,
06046,,
06047,,
06048,,
08076,1.0,
41040,2.0,
31095,,
37127,,
42080,,
14025,,
42081,,
23032,,
11017,,
14026,1.0,
40076,1.0,1.0
17063,,
37128,,
34070,,
09122,,
19113,1.0,
05072,,
09124,2.0,
34071,,
09123,,
45063,,
40077,,
19114,,
25081,,
43054,1.0,
08077,5.0,2.0
22099,,
17064,,
17065,1.0,
07020,,
25082,,
31096,,
08078,,
45064,,
19115,,
22102,,
22103,,
25088,,
08079,1.0,
25085,,
31097,3.0,2.0
07021,,
41041,1.0,1.0
42082,,
09125,,
29051,3.0,
44100,,
31098,,
25086,1.0,
25087,,
46120,2.0,
26060,,
22105,,
36017,1.0,
45065,,
28055,1.0,
19116,,
46121,,
31099,,
31082,,
31084,,
31085,,
48029,,
48030,,
31100,,
31101,,
26061,1.0,
31093,,
20035,,
31102,,
31103,,
50102,,
24070,1.0,1.0
03067,,
22106,,
31104,1.0,
43055,,1.0
03068,,
22107,,
12059,,
17005,,
29052,,
49063,,
49064,,
50104,,
25089,,
38012,1.0,
43056,,
46122,,
46123,1.0,
50105,,
50106,,
43057,,
07022,2.0,
04043,,
15035,1.0,
02031,,
06049,1.0,
49065,1.0,
13040,1.0,
14027,,
18074,,
49066,1.0,
49067,,
07023,1.0,
49068,,
44101,,
15036,3.0,3.0
08134,2.0,
08080,,
25908,,
43058,,
17066,4.0,1.0
43059,,
12060,,
49069,,
50107,1.0,
04044,,
03069,,
04045,,
35008,,
22109,,
15037,1.0,
31105,1.0,
17067,,
43060,1.0,
05073,,
25092,,
37129,,
08082,,
08081,,
46126,,
17068,,
24071,,
27017,,
08083,,
47062,,
50108,,
47063,,
26062,,
25093,,
03077,,
04046,1.0,
18076,,
44102,,
49071,,
08084,,
27018,1.0,
46128,,
46127,,
17069,,
19117,2.0,
13041,,
46124,,
17070,,
17071,1.0,
31106,,
47064,,
09127,,
05074,1.0,1.0
08085,,
22110,1.0,
26063,,
25094,,
22111,,
17902,,
12061,1.0,
36018,1.0,
43061,,
37130,,
07024,,1.0
03070,1.0,
44103,,
07025,,
17073,1.0,
36019,,
44105,,
46125,,
44106,,
17074,,1.0
30020,,
48906,,
27019,1.0,
44107,,
15038,,
37131,,
22112,1.0,
50109,,
23033,,
33023,,
09128,,
08086,3.0,
50110,,
34072,,
42083,,
06050,,1.0
37132,1.0,
43062,,
18078,,
50111,,
16083,,
40078,,
16084,,
09129,,
44108,,
05075,1.0,
28056,,
37133,,
10075,,
09130,,
09131,,
37134,,
40079,,
42084,,
40080,,
49075,,
49076,,
24073,,
09132,,
09133,,
49077,,
28057,,
34073,,
47065,,
05076,,
09134,,
44109,,
49078,,
29053,,
27020,,
34074,1.0,1.0
38013,1.0,
16085,,
48035,,
40081,,
19118,,
13042,,
38014,1.0,
19119,,
50113,,
50114,,
44110,,
29054,1.0,
28058,3.0,
06051,,
13043,,
26064,,
47066,1.0,1.0
45066,1.0,1.0
02032,,
23034,,
30021,1.0,
06052,1.0,1.0
16086,,
29055,1.0,
37135,1.0,
40082,,
06053,,
06054,1.0,
13044,,
40083,,
40084,,
05077,,
28059,3.0,
47067,,
49079,,
14028,,
12063,,
14029,1.0,
14030,,
18079,1.0,
02033,,
02034,,
42085,,
09135,,
42086,,
42087,,
09136,,
37136,,
21033,,
19120,,
49080,1.0,
09137,,
19121,1.0,
16087,,
16088,,
37137,,
09138,,
42088,,
19122,,
42089,,
19123,,
09139,,
16904,,
09140,,
19124,,
47068,,
40086,1.0,
42090,,
40087,,
40088,,
37138,,
46129,,
16089,1.0,
44111,,
44112,,
41042,1.0,
05078,,
12064,,
37139,,
24074,,
50115,,
50116,,
06055,,
42092,,
34076,,
37140,,
49082,,
44113,,
34077,1.0,
49081,1.0,
40089,,
49083,,
40091,,
44114,,
09141,1.0,
49084,,
42093,,
14031,1.0,
40092,,
28060,1.0,
23035,,
16091,,
22113,,
25096,,
25097,,
31107,1.0,
31108,1.0,
16092,,
18905,2.0,
20038,,
04047,,
08090,,
03072,,
12065,,
20037,,
19125,,
37141,,
28061,9.0,2.0
19126,,
31109,,
21034,,
09143,,
26065,,
48036,4.0,
48037,,
35009,1.0,
49085,,
18082,,
43063,,
26066,,
37142,,
37143,1.0,
37144,,
10076,,
04048,,
09144,,
40093,,
05079,,
37145,,
47069,,
05080,,
37146,,
49086,,
49087,,
08087,,
26067,,
31110,,
50117,,
31111,,
50118,,
44115,,
19127,,
45067,1.0,
48038,,
49088,,
43064,1.0,
46131,2.0,1.0
16093,,
38015,1.0,
38016,1.0,
48039,,
31112,,
06056,,
43065,,
10077,,
37147,,
37148,1.0,
40094,,
45068,,
37149,,
31113,,
44116,,
28062,,
05081,,
10079,,
10078,,
10080,,
28063,,
10081,,
43066,,
31114,,
06057,,
24076,,
31115,,
42094,,
08088,4.0,
17075,,
17076,,
17077,,
41043,,
06058,,
10082,1.0,1.0
04049,,
10083,,
28064,,
16094,,
19129,,
11018,,
10084,1.0,
03071,,
48040,1.0,
47070,,
46902,,
29056,,
48041,,
08089,3.0,1.0
46130,,
25098,,
05082,,
20907,,
44117,,
37150,,
12067,,
08091,3.0,
50119,,
41044,,
49090,,
05083,,
29057,,
23037,,
31116,,
46132,,
17078,,
41045,1.0,
04050,1.0,
47071,,
45069,,
48046,1.0,1.0
46133,,
28065,7.0,4.0
20039,,
48044,8.0,1.0
21035,2.0,1.0
33024,45.0,1.0
05085,,
05084,,
41046,,
46134,,
25912,1.0,
05086,,
26068,,
44118,,
41047,1.0,
43067,,
02035,1.0,
17079,4.0,7.0
08092,1.0,
08093,,
22114,,
48047,,
18083,,
43068,,
46135,1.0,2.0
46136,,1.0
50120,,
31117,,
18084,,
42095,1.0,
25099,,
02036,,
37151,,
42096,1.0,
17080,,
37152,,
32033,,
40095,,
36021,3.0,
31118,,
18085,1.0,
18086,,
24077,,
48042,1.0,1.0
10085,,
24078,,
03073,,
48043,,
42097,,
25100,,
05087,,
50121,,
33025,2.0,
24079,,1.0
33026,2.0,
22115,,
16095,,
16096,,
24080,,
40097,,
18087,8.0,29.0
21036,,
08094,,
25101,,
38017,1.0,
21037,,
13045,1.0,
33027,1.0,
05088,,
08095,,
46137,,
49091,,
03074,,
06059,,
25102,,
10086,,
14032,,
08096,5.0,1.0
49092,,
25103,,
25105,,
25104,,
22116,2.0,
26069,,
43069,,
22117,1.0,
26070,,
11019,,
44119,,
09148,,
34079,1.0,
28066,4.0,1.0
09149,,
50122,,
50123,,
36022,,
18088,,
19130,7.0,5.0
44120,,
41048,,
14033,,
28067,1.0,
13046,,
10087,,
45070,1.0,
28068,13.0,2.0
46138,,
46139,1.0,
18089,1.0,2.0
37154,,
18906,,
08097,,
18093,,
17081,,
38018,1.0,
36023,1.0,
46140,,
03076,2.0,
23038,,
45071,1.0,
08099,,
34080,1.0,
06060,1.0,
29058,1.0,
49093,,
23039,,
34081,,
44121,,
32034,,
18094,1.0,
48045,1.0,1.0
31119,,
31120,,
18095,,
38019,,
43070,1.0,
37155,,
10088,,
10089,,
10090,,
10091,,
14034,1.0,
37156,1.0,
41049,,
17082,,
38020,1.0,1.0
25109,,
25903,,
31121,,
05089,,
25110,1.0,
27022,,
25111,,
09151,,
09152,,
27023,1.0,
08100,,
39030,,
22119,1.0,
24081,,
05090,,
06061,,
09154,,
01056,,
35010,1.0,
26071,2.0,
09155,,
39031,,
06062,,
02037,2.0,1.0
16097,,
19132,1.0,
19133,,
12068,,
26072,,
13047,2.0,
45072,1.0,
10092,,
37157,,
37158,,
37159,,
39032,,
34082,,
38021,1.0,
49094,,
20040,1.0,1.0
10093,,
05092,,
20041,,
05093,,
26073,,
41050,1.0,
10094,,
50124,,
34083,2.0,
42098,,
34084,,
06063,1.0,
02038,,
19134,,
39033,,
05094,,
10095,,
45073,1.0,
47073,,
16098,,
10096,1.0,
26074,,
19135,,
10097,,
23041,,
06064,,
21038,1.0,
05095,,
06065,,
06066,,
06067,1.0,
12069,,
02039,,
46141,,
05096,,
44122,1.0,1.0
19136,,
49095,,
10098,,
21039,,
23042,,
21040,,
37160,1.0,
44123,,
45074,,
42100,,
14035,2.0,1.0
06068,,
16099,,
13048,1.0,
16100,,
31256,,
28069,,
19138,,
16101,,
10099,,
19139,,
20036,1.0,2.0
03078,,
16102,,
40099,,
40100,,
45075,,
40101,,
09159,,
16103,,
09160,,
16104,,
19142,,
34086,,
09162,,
09164,,
09163,,
05097,,
28070,,
05099,,
13049,1.0,
37161,,
16106,1.0,
37162,,
28071,,
19143,3.0,
09166,,
45076,1.0,
26075,,
26076,,
06069,1.0,
14036,,2.0
05100,,
26077,,
34087,,
47074,,
09167,,
23043,,
26078,,
09168,,
43071,,
19145,,
09169,,
24082,,
08101,11.0,1.0
08162,,
17083,,
37163,,
02040,,
09170,,
28072,,1.0
05102,1.0,
05101,,
05103,,
10100,,
05106,,
05104,,
05105,1.0,
22122,,
44124,,
22908,,
31122,,1.0
45077,1.0,
04051,,
10101,,
18096,,
16107,,
23044,1.0,
21041,4.0,2.0
16108,,
18097,,
04052,,
04053,2.0,
26079,,
19146,,
16109,,
09172,,
19147,,
37164,,
09173,,
16110,,
09174,,
45078,1.0,
16111,,
19148,,
22124,,
40103,,
23045,,
44125,,
22125,12.0,6.0
18098,2.0,1.0
16112,2.0,
18099,,
18100,1.0,
18101,,
19150,,
41051,1.0,
09175,,
19151,2.0,
28073,1.0,
29059,,
09176,,
05107,,
34088,,
10102,1.0,
31124,,
20042,,
48048,,
50125,,
09177,1.0,
03079,,
33028,,
22126,,
09178,,
23046,,
38022,,
20043,,1.0
31259,,
26080,,
09179,,
09180,,
44126,,
45079,,
48094,,
22127,1.0,
08102,4.0,1.0
29060,,
24083,,
31125,,
20044,,
22128,,
36901,,
45080,,
19152,,
33029,,
04054,1.0,
33030,,
45081,1.0,2.0
18102,2.0,
50126,1.0,
31126,,
07027,2.0,2.0
27024,1.0,
35011,1.0,
16113,2.0,
19153,,
04055,,
19154,,
31127,,
32035,,
15039,,
23047,,
37165,,
19155,,
20045,3.0,3.0
01901,,
20046,,
01027,,
31904,,
31128,,
22129,,
09181,,1.0
47075,1.0,
21042,,
41902,,
25115,,
17084,,
48049,,
29061,,
50128,,
34089,,
09182,,
18103,,
20047,,
37166,,
40104,,
31129,,
31130,,
48910,,
25112,,
25113,,
25114,,
31131,,
31132,,
24084,,
31133,,
14037,1.0,
18105,1.0,
29062,,
23048,,
48050,,
44127,,
23049,1.0,
21043,,
22130,2.0,3.0
03080,,
19156,1.0,
23050,4.0,5.0
17085,,
46142,,
26081,,
49096,,
23051,,
12070,,
50129,,
46144,,
10103,,
10104,1.0,
09183,,
09184,,
10105,1.0,
10106,,
50130,,
44128,,
22131,,
44129,,
50131,1.0,
31134,,
03082,2.0,
31135,,1.0
18107,,
11020,6.0,9.0
06070,1.0,
18108,,
12071,,
10107,,
18109,,
03083,1.0,
23052,1.0,
11021,,
29063,,
19157,,
24086,,
23053,,
17086,,
08103,,
44130,,
02041,,
44131,,
25910,,
50132,1.0,
40105,,
40106,,
29064,,
17087,,
30022,1.0,1.0
18111,,
05108,,
25118,,
25119,2.0,
09189,,
09190,,
09191,,
09192,,
31136,,
49097,,
18112,,
37167,,
29065,,
48022,1.0,
48907,,
01019,,
01020,,
40107,,
01028,,
13050,,
22133,,
18115,1.0,
10108,,
45082,2.0,
34091,,
50133,,
01030,,
01031,,
44132,,
24087,,
26082,,
40108,,
47076,5.0,
24088,,
16115,,
16116,,
37168,,
26083,1.0,
23040,1.0,
31138,,
36024,2.0,
22135,,
22136,,
36025,,
39034,,
31139,,
22137,,
27026,1.0,
01032,,
16117,1.0,
48051,,
05109,,
42103,,
50134,,
47077,,
33031,6.0,1.0
40109,,
18116,,
34092,,
01902,,
18117,,
41052,,
31140,,
05110,,
44133,,
06071,,
22139,,
31141,,
01033,,
15041,,
26084,1.0,1.0
39035,1.0,1.0
32038,1.0,
04056,,
48052,,
31142,,
31143,,
20048,,
31144,,1.0
37169,,
23054,,
20902,1.0,1.0
22141,,
22142,,
22143,,
22144,,
40110,,
40111,,
40112,1.0,
01036,1.0,
04057,,
48053,,
33032,1.0,
15040,,
50135,,
45083,,
32039,,
31145,,
20049,,2.0
20050,,
31146,,
41053,2.0,1.0
50136,,
50138,,
50137,,
18119,,
19159,,1.0
16118,,
37170,2.0,1.0
26086,,
34094,,
37171,1.0,
28074,5.0,
16119,,
31147,,
31148,,
20051,,
20052,,
01058,,
20068,,
48054,1.0,
32040,,
31149,,
26087,,
48057,,2.0
31908,,1.0
48055,,
48056,,
33033,1.0,
18120,,
24089,11.0,10.0
31150,,
21044,,
31151,,
31152,1.0,
09194,1.0,3.0
25121,,
31153,1.0,
02042,,
50139,1.0,
01034,,
26088,,
48081,,
31154,,
20053,,
02043,,
30023,,
44135,,
42105,,
44136,,
31155,,
39036,,
39037,1.0,1.0
02044,,
04058,,
45084,1.0,
39038,,
23055,4.0,2.0
21045,,
44137,,
37172,1.0,
11022,4.0,
25122,,
50140,,
50141,,
20054,,
31156,,
08104,,
17088,1.0,
25123,,
25124,,
08105,,
17089,1.0,
24092,,
17090,,
17091,,
17092,,
33035,5.0,
46154,1.0,
33036,4.0,
09195,,
47079,,
38024,,1.0
05113,,
13904,,
25125,,
46155,,
25126,,
44141,,
25120,19.0,1.0
06073,,
06074,,1.0
17093,,
25127,,
03085,,
08107,1.0,
08108,,
25128,,
08106,2.0,
46147,1.0,
17094,,
43072,,
25129,,
46152,,
46153,,
46151,,
46156,,
43073,,
43074,1.0,
17095,2.0,
07028,,
46157,,
12074,,
07029,,
17096,,
07030,,
08109,,
07031,1.0,
46150,,
22149,,
32041,,
50142,,
32042,,
06072,,
18121,,
31157,1.0,
28075,,2.0
26089,8.0,10.0
10109,1.0,
48903,1.0,2.0
18122,1.0,
34903,,
34096,,
45085,,
47078,,
50143,,
50144,,
31158,,
23056,1.0,
22150,,
41054,,
41055,1.0,1.0
19160,,
30024,2.0,1.0
03084,,
46148,,
30025,,
46149,,
40113,,
49098,,
49099,,
10110,2.0,
05112,,
22151,,
44138,,
42106,,
27027,,
15042,,
28076,,
28901,,
49100,,
04059,,
04060,,
04061,,
14038,2.0,2.0
50146,,
12072,,
21046,,
50147,,
13051,,
24090,,
45086,,
12073,,
49101,,
39039,,
50148,1.0,
50149,,
27028,7.0,6.0
18123,,
41056,,
18124,,
31159,1.0,
37173,1.0,
26091,,
50150,,
50151,,
19161,1.0,
22905,,
23057,,
14039,1.0,
31160,,
24091,1.0,
19162,,
31248,,
19163,,
04062,,
17102,,
17103,1.0,
46158,,
32043,1.0,
37175,,
29066,,
37174,1.0,
28078,,
49102,,
40115,,
17097,,
28079,145.0,102.0
49103,,
45087,1.0,
10111,2.0,
05114,,1.0
09196,,
10112,1.0,
09197,,
02045,1.0,
37176,,
10113,,
41057,,
50152,,
05115,,
06075,,
50153,,
45088,1.0,
42107,,
24093,,
34098,,
06076,,
09198,,
49104,,
02046,1.0,
17098,,
25133,,
44142,,
37177,,
50154,,
49105,,
41058,,
41059,1.0,1.0
28080,3.0,
10114,,
16121,,
19165,,
42108,,
29067,28.0,11.0
19166,,
13052,3.0,1.0
19167,,
18126,,
50155,,
06077,,
25130,1.0,
50156,,
08110,3.0,2.0
08111,,
48058,,
50160,1.0,
50157,,
37178,,
10115,1.0,
05116,,
06078,,
10116,2.0,
15043,,
45089,1.0,
50159,,1.0
49107,,
05117,,
09199,,
09200,,
09201,,
07033,1.0,1.0
37179,,2.0
05118,,
23058,,
06079,,
50161,,
09202,,
07034,,
19168,1.0,
49108,,
49109,,
29068,,
46159,2.0,
05119,,
26092,,
08112,1.0,
34099,,
08113,13.0,4.0
26093,,
24094,2.0,
24095,,
19169,,
34100,,
46160,,
49110,,
49112,,
49111,,
13053,2.0,1.0
26094,,
28082,1.0,
32044,1.0,
45090,1.0,
44143,,
21047,,
47080,,
37180,1.0,
48059,,
31161,,
15044,,
07032,2.0,3.0
45091,1.0,
50162,,
18127,,
19170,2.0,
24096,,
31162,,
40903,,
40118,,
29069,6.0,
43076,,
10117,,
18128,,
19171,,
41060,2.0,2.0
31163,1.0,
34101,,
43075,,
08242,1.0,
04063,,
50163,1.0,
07035,,
16122,,
36026,1.0,
39040,,
41061,,
46161,,1.0
21048,,
45092,,
48060,1.0,1.0
05120,,
23059,1.0,
50902,,
07036,1.0,
45093,1.0,
37181,,
05121,,
41062,,
37183,,
44144,,
40119,,
40120,,
40121,,
37182,,
05122,,
08114,4.0,
08115,1.0,
23060,1.0,1.0
40122,1.0,
48061,,
47081,,
43077,,
44145,1.0,
17100,,
45094,,
43078,,
16123,,
02047,,
19172,,
32045,2.0,
08116,,
08117,,
43079,,
08118,5.0,
43080,,
43081,,
08119,,
43082,,
46162,,
25131,,
46163,,
46164,1.0,
46165,1.0,
17101,,
25132,,
37184,,
10118,,
40124,,
37186,,
44146,,
12075,,
45095,1.0,
40123,,
24097,1.0,
08120,2.0,
42110,,
24098,,
42111,,
24099,,
38025,,
47082,1.0,
08121,10.0,3.0
19173,,
12076,,
49113,,
47083,,
37187,,
49114,,
40125,,
19174,,
26095,,
37188,,
49115,,
47084,3.0,1.0
44147,,
45096,1.0,
19175,,
15045,,
34102,,
30026,1.0,
39041,,
19176,,
34103,,
09206,,
36027,,
09208,,
28083,1.0,
06080,,
50164,,
05123,,
06081,1.0,
09209,1.0,1.0
47086,1.0,1.0
47085,2.0,3.0
42113,1.0,1.0
11023,2.0,2.0
05124,,
39042,1.0,
08122,1.0,
19177,,
26096,,
47087,,
19178,,
27029,,
36028,,1.0
45097,,
28084,1.0,
47088,,
47089,,
09211,1.0,
49116,,
34104,,
46166,,
31164,,
15046,1.0,
52001,2.0,1.0
32046,1.0,
40126,,
40127,,
37189,,
13054,,
19179,,
10119,2.0,
25134,,
45098,1.0,
20901,,
48062,,
31165,1.0,
31166,,
48063,,
31167,,
34106,,
06082,,
05125,,
23061,,
45099,,
48064,1.0,
50165,,
17099,,
32047,,
07037,1.0,
06083,4.0,
09213,,
09214,,
09906,,
09215,,
09216,,
09217,,
39043,,
10120,,
16124,,
05126,,
45100,,
15047,,
50166,,
13055,1.0,
31168,,
50167,,
44148,,
32048,1.0,
10121,2.0,
50168,,
49117,,
34107,,
50169,,1.0
19181,,
39044,,
39045,,
33037,4.0,
17105,,
19182,,
37190,,
07902,,
45101,,
40128,,
13056,2.0,1.0
05127,,
29070,1.0,
43083,,
31169,1.0,
09218,1.0,
37191,,
19184,,
10122,,
46167,,
03086,,
49118,,
19183,,
21049,,
02048,,
16125,1.0,
05128,,
15048,,
42115,,
42116,,
19185,,
16126,,
10123,,
19186,,
28085,1.0,
31170,,
25135,,
19187,,
46168,1.0,
44149,,
31171,1.0,
37192,1.0,
09219,3.0,2.0
37193,,
06084,,
09220,,
43084,,
44150,,
05129,,
05130,,
05131,,
46169,,1.0
36029,,
45102,1.0,
19188,,
18132,,
29071,,
09221,,
15049,,
35012,,
37194,,
46170,1.0,
21050,1.0,
10124,,
45103,1.0,
19189,,
08138,3.0,
04064,,
47090,2.0,
04903,,
49119,,
28086,1.0,
43085,,
41063,,
49120,,
19190,2.0,1.0
30027,2.0,
24100,,
02049,,
37195,,
44151,,
42117,,
28087,3.0,1.0
08123,1.0,
39046,,
25137,1.0,1.0
17106,,
08124,2.0,
29072,,
17107,,
25136,,
18133,,
05132,2.0,
42118,,
49121,,
18134,,
19191,,
09223,,
09224,,
47091,,
46171,2.0,1.0
09225,,
12077,1.0,
29073,,
36030,,
36031,,
19192,2.0,
27030,1.0,2.0
50170,,
22155,,
06085,1.0,
50171,,
49122,,
15050,,
22156,,
37196,,
27031,3.0,1.0
44152,,
03088,,
08128,,
08127,,1.0
37197,,
37198,,
03089,1.0,
50172,,
44153,2.0,
16128,,
31172,,
10125,,
44154,,
37199,,
05133,,
17109,,
44155,,
14040,,
16129,,
16130,1.0,
02050,,
49123,,
12078,1.0,
10126,1.0,
12079,,
22157,,
19193,,
46173,,
43086,,
43088,,
08125,3.0,
08130,,
31173,,
16131,,
42119,1.0,
44156,,
47092,,
02051,1.0,
45104,,
32049,,
18135,2.0,
10127,,
29074,,
18136,,
37200,,
40129,,
28088,1.0,
40130,,
42120,,
25139,,
41064,1.0,
14041,,
47093,,
37201,,
06086,,
42121,,
50173,,
44157,,
32050,,
27032,,
40131,,
37202,,
09226,,
06087,,
37203,,
46174,,
45105,,
03903,,
08131,1.0,
25140,,
43089,,
25138,,
08126,1.0,1.0
13057,1.0,
06088,2.0,1.0
14042,2.0,2.0
18137,,
46175,,
23062,,
08132,,
08133,,
43090,,
08135,1.0,
25142,,
25141,,
50174,,
09227,,
25143,,
08136,1.0,
14043,1.0,
43091,,
17110,,
43092,,
46176,,
08137,,
46172,,
07038,,
14044,,
22158,2.0,1.0
34108,,
45106,1.0,
44158,,
43093,1.0,1.0
43094,1.0,
09228,,
13058,1.0,
40132,,
47094,,
49124,,
18138,,
10128,2.0,
28089,2.0,
47095,,
05134,,
49126,,
49125,2.0,
47096,,
49128,,
49129,1.0,
49130,,
49127,1.0,
49131,,
28090,4.0,1.0
36032,,
37204,,
50175,,
50176,,
28091,3.0,
30028,,
19194,,
34109,,
10129,,
33038,,
01039,,
18909,,
43095,,
12080,1.0,
19195,,
31174,,
43096,,
06089,,
49132,,
49133,,
50177,,
48066,,
14045,,
37205,,
37206,,
37207,,
42123,1.0,
41065,2.0,4.0
37208,,
50178,,
36033,3.0,
44159,,
44160,1.0,
28092,6.0,
16132,,
16133,1.0,
47097,,
16134,1.0,
02052,,
18140,4.0,1.0
16135,,
35013,1.0,
50179,,
37209,1.0,
40134,,
50180,,
47098,,
34110,,
47099,,
19196,,
50181,1.0,
50182,1.0,
49134,,
49135,,
31175,,
49136,,
15051,,
32051,,
30029,,1.0
48068,2.0,
50183,,
02053,,
48069,2.0,2.0
44161,,
26098,,
48007,,
08129,,
05135,,
05136,,
05138,,
05139,,
05140,,
40135,,
05141,,
05142,,
05143,,
40136,,
08139,,
27033,,
31176,,
30030,8.0,17.0
50184,,
24101,,
47100,,
42124,,
42125,,
31177,,
50185,,
26099,,
31178,,
31179,,
03091,,
07039,1.0,
26100,,
03092,1.0,
26101,,
15053,,
33039,1.0,
18141,,
48908,,
31180,1.0,
46177,,
48071,2.0,
20057,,
20056,1.0,
03090,5.0,1.0
15052,,
48067,1.0,
48909,,
04065,,
42127,,
26102,2.0,2.0
26103,1.0,
25145,,
45107,1.0,
46178,1.0,
16137,,
15054,2.0,
05144,,
05145,,
42128,,
37211,,
05149,,
05147,,
05148,,
25025,,
33040,1.0,
05152,,
37213,,
37214,,
40138,1.0,
45108,1.0,
09229,,
06090,,
37215,,
05153,,
47101,1.0,
21051,,
37212,,
05151,,
28093,,
10130,,
05154,,
05155,,
40139,,
45109,1.0,1.0
05156,,
12081,1.0,
26104,,
22160,,
05157,,
28094,,
28095,,
45110,,
28096,9.0,
42129,1.0,
37216,,
40140,,
40141,,
05158,,
37217,,
10131,2.0,
45111,,
45112,1.0,
05159,,
05160,,
05161,,
05162,,
13059,,
45113,1.0,
05163,1.0,
10132,,
06091,,
37218,,
45114,,
05164,,
08140,1.0,
50186,,
40142,,
40143,1.0,
40144,,
01041,,
05165,1.0,
37219,,
28097,,
05166,1.0,
46179,1.0,
26105,,
05167,,
08141,1.0,
09230,,
13060,,
19197,,
02054,,
41066,1.0,
40145,1.0,
40904,,
40146,,
23063,,
10133,1.0,
05168,1.0,
28099,1.0,
31181,,
37221,,
17111,,
05169,,
05170,,
25146,,
10134,,
33041,,
27034,,
49137,,
31182,,
09231,,
15055,,
19198,,
15056,,
37222,,
27035,,
09232,,
05171,,
42130,,
29075,,
02055,,
21052,2.0,
26106,,
18903,,
36034,,
21053,,
40148,,
26107,,
36035,2.0,
18143,,
50187,,
05172,,
04066,1.0,
18144,,
31088,,
23064,,
45115,1.0,
24102,1.0,
45116,,
27037,,
34112,,
06092,,
32052,1.0,
44163,,
44164,,
44165,1.0,
15057,2.0,1.0
39047,,1.0
42131,,
45117,1.0,
50188,,
50189,,
33042,2.0,
08142,,
43097,,
22162,,
50190,,
03093,1.0,
46180,,
45118,1.0,
42132,,
50191,1.0,
03094,1.0,
22163,,
14046,,
47102,,
50192,,
28100,,
50193,,
12082,1.0,
43098,,
45119,,
45120,,
10135,1.0,
31183,,
14047,,
44167,,
45121,1.0,3.0
19199,,
31185,,
26109,,
31184,,
26108,,
25148,,
08143,,
31186,,
44168,,
24103,,
17112,,
18145,1.0,
04067,,
36036,,
20063,1.0,
32053,,
31187,,
26110,,
29076,,
30031,,
44169,,
05173,,
01042,1.0,
20058,,
31188,,
31189,,
44171,,
34113,,
15058,3.0,1.0
31190,,
08145,,
08146,1.0,
08147,5.0,
25149,,
45122,1.0,
44172,,
25150,,
31191,1.0,1.0
25151,,
46181,3.0,1.0
06093,1.0,
06094,,
10136,,
35014,,
19200,,
41067,,
47103,,
16139,,
08148,,1.0
06095,3.0,1.0
26111,,
46183,,
31194,,
19201,1.0,1.0
19202,,
16140,,
28101,,
16141,,
16142,,
16143,,
09235,,
47104,2.0,1.0
37223,1.0,
49138,,
09236,,
47105,,
34114,,
47106,,
44173,,
46182,,
12083,,
40149,,
31192,,
08149,,
17114,6.0,1.0
25152,,
04068,,
04069,,
08144,,
42134,,
22164,,
11024,1.0,
50194,,
24104,,
25153,,
25154,,
42135,,
12084,1.0,1.0
03095,1.0,
48073,1.0,
03096,2.0,1.0
33043,,
45123,,
46184,3.0,1.0
22165,,
02056,,
24105,1.0,
09238,1.0,
20059,1.0,3.0
09239,,
03097,,
37224,,
31195,,
09241,,
31196,,
05174,,
50195,,
18146,,
23065,1.0,
15059,1.0,
19203,,
17115,,
20076,1.0,
19204,,
40150,,
06096,,
06097,1.0,
20905,,
50196,,
50197,1.0,
20060,,
25155,,
45124,1.0,
18147,1.0,
04070,,
03099,1.0,4.0
44174,,
20061,,
08150,,
31197,,
08151,,
31906,,
20062,,
31198,,
45125,1.0,
12085,,
15060,1.0,
38026,,
31199,,
48075,,
08152,,
31211,,
44175,,
08153,,
26112,,
40151,,
40901,,
15061,1.0,
48083,1.0,
28102,1.0,
03098,,
25156,1.0,
16145,,
50198,,
24106,,
50199,2.0,
05175,,
17116,,
34116,,
34901,1.0,
02057,,
22167,,
25157,,
41068,2.0,4.0
31200,,1.0
45126,,
49139,,
40152,,
18148,,
46185,,
18149,1.0,
48072,,
32054,12.0,4.0
27038,,
27039,1.0,
15062,,
33044,26.0,6.0
01043,1.0,1.0
15063,,
08154,1.0,
15064,,
32055,,
05176,1.0,
09242,,
09243,,
32056,,
15065,,
09244,,
18150,1.0,
04071,,
46186,1.0,
35015,,
40154,,
05177,,
37225,,
49141,,
24107,,
16146,,
16147,,
05178,,
09246,1.0,
24108,1.0,
09247,,
49143,,
37226,,
49142,,
24109,,
41069,1.0,
37228,,
08155,1.0,
17117,2.0,
17118,1.0,
12087,,
27040,,
25158,1.0,
17119,,
17121,,
17120,1.0,
08156,1.0,
47109,,
40155,1.0,
09248,,
09249,,
34120,13.0,7.0
37229,,
14048,,
34121,,
43100,,
08157,6.0,1.0
07040,14.0,16.0
08905,1.0,
46187,,
43099,,
21054,2.0,
14049,1.0,
19208,,
35016,13.0,10.0
46188,,
22168,,
17123,,
44176,,
46189,,
16148,,
41070,1.0,
06098,,
45127,,
16149,,
10137,,
21055,1.0,
17124,,
18151,,
09250,,
31201,12.0,18.0
09251,,1.0
44177,,
50200,,
22170,,
45128,1.0,
27041,,1.0
05179,,
08158,,
16150,,
28104,,1.0
50201,,
50202,,
37230,,
37231,,
32057,,
41071,1.0,
27042,,
37232,,
34122,,
24110,,
27043,,
29077,,
03100,,
09253,,
17125,,
19209,,
16151,,
45129,,
34123,1.0,1.0
19210,,
19211,,
08159,,
28106,4.0,
17126,,
16152,,
06099,,
05180,,
44178,,
33045,1.0,
47110,,
45130,,
04072,,
09255,,
20064,1.0,
10138,,
05181,,
38027,,
43101,,
37233,,
27044,1.0,
19212,1.0,1.0
50203,1.0,
46190,3.0,1.0
11025,,
21056,,
02058,,
04073,,
28107,1.0,
17128,,
43102,,
12088,,
21057,,
34124,,
37234,,
36037,,
26113,,
23066,,
04074,1.0,
16153,1.0,
27045,,
47111,1.0,
47112,1.0,
46191,,
49145,,
40156,,
37235,,
34125,,
19213,,
03101,1.0,
41072,,
17129,,
28108,1.0,
14050,,1.0
05182,,
18152,1.0,
13061,,
14051,1.0,
50204,1.0,
16154,1.0,
05183,,
09256,,
34126,,
09259,,
09257,,
09258,,
47113,,
50205,,
37236,,
37237,,
37238,,
26114,,
10139,,
37239,1.0,
41073,,
23067,,
03102,1.0,
49146,,
05184,,
37240,1.0,
45131,,
37241,,
37242,,
28109,3.0,
40157,,
49147,,
49148,1.0,
18153,1.0,
39048,,
03103,,
25164,,
12089,1.0,
37243,,
37244,,
01044,,
47114,3.0,
41074,,
47115,1.0,
22172,,
05185,,
19214,,
06100,1.0,
19215,,
33046,,
33047,,
37245,1.0,
37246,,1.0
09261,1.0,1.0
37247,,
44179,,
14052,2.0,
39049,,
22173,,
02060,,
02059,,
49149,,
45132,2.0,
49150,,
17130,,
44180,,
08160,,
43103,,
09262,,
16155,,
17132,,
10140,1.0,
10141,,
06101,,
16156,,
44181,,
37248,,
37249,,
19216,,
34127,,
28110,,
44182,,
10142,,
22174,,
22175,,
31202,1.0,
22176,,
19217,,
25165,,
24112,,
22177,,
49151,,
50206,,
32058,1.0,
43104,,
37250,1.0,
49152,,
29079,,
49153,,
34904,,
37251,,
40158,,
32059,3.0,
22178,,
39050,,
10143,,
10144,,
33048,,
39051,,
47116,,
16157,,
31203,,
32060,,
07041,,
03104,1.0,
46192,,
02061,,
18154,,
28111,,
49154,,
46193,5.0,
46194,1.0,
16158,,
13062,1.0,
13063,1.0,
05186,1.0,1.0
49155,,
05187,,1.0
31204,,
10145,,
50207,,
39052,2.0,
08161,8.0,
09265,,
03902,2.0,
41075,1.0,
46195,,
43105,,
33049,2.0,
50208,,
12090,,
38901,,
18910,,
16159,,
40159,,
40160,,
16160,,
09266,,
08163,3.0,
09267,,
37252,,
43106,,
25166,,
46196,,
19218,,
09268,,
09269,,
19219,,
49156,,
42139,,
28112,,
09270,,
26115,,
37253,,
49157,,
34129,,
15066,,
10146,,
25167,,
18157,,
18158,1.0,
03105,,
50209,4.0,
50210,,
28113,1.0,1.0
34130,,
47117,1.0,
18159,,
47118,,
47119,,
49158,,
32061,,
28114,,
10147,1.0,
19220,,
19221,,
16161,,
43107,,
22181,,
44183,,
37254,,
31205,,
29080,,
37255,,
43108,,
08164,,
22182,,
03106,,
17133,,
17134,,
25911,,
10148,3.0,4.0
50211,,
10149,1.0,
50212,,
50213,,
48077,,
30032,,
44184,,
25168,,
12093,,
25169,,
08165,,
46199,,
08166,1.0,
43109,,
43110,,
43111,,
25171,2.0,
46202,3.0,
46200,,
46203,,
12094,,
07044,1.0,
34131,,
34132,,
34133,,
24113,,
49160,,
49159,,
13064,,
03901,,
19222,,
44185,,
43112,,
32063,1.0,
27047,,
15067,1.0,
36041,1.0,
27046,,
24114,1.0,
39053,,
45133,,
39054,1.0,
34134,,
22184,,
18161,,
08167,,
46197,,
07042,1.0,2.0
47121,,
03107,1.0,
18162,,
34135,,
50214,,
24115,4.0,1.0
33050,,
43113,,
25030,,
17135,,
25173,1.0,
08182,,
36043,,
36042,2.0,
15068,,
36044,,
15069,2.0,1.0
32064,,
27048,,
15070,1.0,
36038,2.0,3.0
43141,,
08168,,
17136,,
25172,1.0,
23069,1.0,
32062,,
17137,,
43114,,
07043,1.0,
36039,,
17140,,
10150,,
16162,,
36040,,
17138,,
12091,,
25174,,
44187,,
10151,,
16163,,
47122,1.0,
42140,,
45134,1.0,
49162,,
15071,,
27049,,
48078,2.0,
18163,,
13065,1.0,
24116,,
14053,1.0,
39055,1.0,
46198,,
05188,,
19223,,
37256,,
42141,,
02062,,
05189,,
16165,,
09272,,1.0
34136,,
47123,,
47124,1.0,
42142,,
22186,,
05190,,
23070,1.0,
02901,,
19224,,
19225,,
34137,,
16166,,
49163,2.0,
14054,2.0,
02063,,
02064,,
44189,,
16908,,
16167,1.0,
37257,,
50215,,
44190,,
02065,,
28115,15.0,8.0
50216,,
13066,1.0,
47125,,
49164,,
10152,1.0,
24117,,
28116,,
16169,,
13067,,
40161,,
09273,,
34139,,
26117,,
43115,,
40162,1.0,
19226,,
28117,,
43116,,
50217,,
26118,,
49165,,
24118,,
11026,,
09274,1.0,
19227,,
05191,,
43117,,
08169,3.0,
43118,,
08171,1.0,
08170,,
25175,,
33051,2.0,
25176,,
25177,,
26119,,
08230,,
08172,3.0,
09275,,
17139,,
24119,,
16170,1.0,
14055,3.0,
24120,,
33052,,
16171,,
25179,,
41076,,
46205,1.0,1.0
50218,,
06102,1.0,
50219,1.0,
16172,1.0,
45135,,
12092,,
09276,,
37258,,
19228,,
22187,,
41077,2.0,
18164,,
13068,1.0,
21058,,
44191,,
06103,,
06104,,
28118,,
24121,,
41078,1.0,
45136,1.0,1.0
06107,,
40163,,
37259,,
46201,,
49166,,
06108,,
34140,,
19229,,
44192,,
37260,,
06105,1.0,
13069,,
06106,,
41079,,
16174,,
45137,,
49167,,
06902,,
50220,,
24122,1.0,
23071,,
22188,,
45138,1.0,
37261,,
14056,2.0,
22902,,
31206,,1.0
39056,1.0,
09277,,
28902,,
23072,1.0,
37262,,
05192,,
37263,1.0,
38028,6.0,
45139,,
10153,,
11027,5.0,2.0
35017,1.0,1.0
13070,,
30033,,
21059,,
11028,2.0,
37264,,
11029,1.0,
22189,,
13071,3.0,
44193,,
31207,,
22190,,
22193,,
46204,1.0,
17141,1.0,
08174,,
25180,,
43119,,
07045,,
08175,2.0,
25181,,
25182,1.0,
08176,,
29081,,
45140,1.0,
18165,,
04075,1.0,
21060,1.0,
38029,,
38030,,
32065,,
47126,,
04076,,
50221,,
18167,,
08177,,
17142,,
46101,,
46102,2.0,
46103,1.0,
46104,1.0,
03060,,
26120,1.0,
09279,,
18168,,
19230,,
17043,,
45141,,
43120,,
46206,,
23073,1.0,
22195,1.0,
28119,,
06109,,
24123,,
24124,,
09281,,
34141,,
42144,1.0,
24125,,
09280,,
09283,,
09287,,
09288,,
45142,2.0,1.0
09289,1.0,
16175,1.0,
42145,,
09292,,
47127,,
09294,,
47129,1.0,
34143,,
47130,,
49170,,
09901,,
09295,,
47128,,
49168,,
49169,,
09298,,
09301,,1.0
09297,,
32066,,
50222,,
42148,,
27050,1.0,
33053,1.0,
49171,1.0,
45143,2.0,
27056,,
49172,,
26121,,
09302,,
47131,,
49173,,
09303,,
42149,,
09304,1.0,
17143,,
16176,,
03109,,
44194,,
46207,1.0,
46208,,
46209,,
03110,,
46210,,
37265,,
04077,,
32067,1.0,
08178,,
39057,,
14057,1.0,1.0
32068,1.0,
47132,,
40164,1.0,1.0
28120,,1.0
26122,,
39058,,
43121,,
05193,,
46212,,
46211,,
41080,1.0,
45144,,
40181,1.0,1.0
38031,,
10154,,
42151,,
09306,,
40165,,
19231,,
45145,2.0,
02066,,
19232,,
42152,,
26123,,
09307,,
09308,,
37266,,
36045,,1.0
03111,1.0,
28121,,
17144,,
24127,,
33054,,
09309,,
16177,,
06110,,
39059,1.0,
09310,,
34146,,
03112,,
08179,,
42153,,
50223,1.0,
40166,,
06111,,
43122,,
47133,,
34147,,
19233,,
42154,,
39060,2.0,
49174,,
46213,2.0,1.0
34149,,
34151,,
06112,,
45146,,
50224,,
19234,,
37267,1.0,
42155,,
09311,,
13072,,
43123,9.0,3.0
49175,,
34152,,
34154,,
09314,,
09316,,
09312,,
09315,,
24129,,
09317,,
42156,,
40168,,
25183,,
15072,,
24130,,
40170,1.0,
42157,,
19235,,
43124,,
32069,1.0,
33055,1.0,
27051,3.0,2.0
33056,1.0,
36046,1.0,
31208,,
26124,,
39061,,1.0
39062,,2.0
46214,2.0,
43125,,
34155,,
27052,,
28122,,
15073,2.0,
27053,,
01047,1.0,
33057,,
06113,1.0,
25905,,
25185,,
34156,,
17145,1.0,
12095,,
40171,,
50225,1.0,
30034,,
24131,,
24132,1.0,
17146,,
45147,,
43126,,
44195,,
19237,,
29082,5.0,
26125,,
37268,,
41081,1.0,
25186,,
05194,,
09318,,
44196,,
05195,,
49176,,
40172,,
19238,,
29083,,
04078,,
46215,,
10155,1.0,
39063,1.0,
49177,,
02067,1.0,
32071,1.0,
33058,,
42158,,
24133,1.0,
27054,1.0,
39064,,
17147,2.0,
08180,1.0,
06114,,
25913,,
17148,,
17149,,
43127,,
43128,,
17150,,
43129,,1.0
17151,,
28123,2.0,
05196,,
09321,1.0,
49178,1.0,
47134,,
24134,,
47135,,
37269,,
49179,,
10156,,
28124,1.0,
10157,,
19239,,
10158,,
02068,1.0,
28125,2.0,1.0
19240,,
45148,,
13901,,
10159,,
37270,,
28126,,
22197,,
26126,,
06115,,
08181,1.0,1.0
46216,,
43130,,
21061,,
41082,1.0,
43131,2.0,
40173,,
08183,1.0,
02069,2.0,1.0
36047,,
44197,,
26127,,
43132,,
49180,1.0,
15074,,
03113,1.0,
09323,,
42159,,
37271,,
03114,,
10160,1.0,
19241,,
19242,,
50227,,
31209,,
45149,,
31210,,
29084,2.0,4.0
41083,1.0,
24136,,
04079,1.0,
43133,,
21062,,
36048,,1.0
10901,,
38032,,
17152,1.0,1.0
49181,,
12096,,
25189,1.0,
11030,1.0,3.0
46217,,
46218,,
47137,,
43134,,
42160,1.0,
44198,,
09325,,
16181,,
28127,8.0,3.0
28128,,
39065,,
32072,2.0,
10161,,
09326,,
08184,6.0,
47138,,
32073,1.0,
44199,,
44200,,
44201,,1.0
08185,,
41084,,
18170,,
09327,,
09328,,
47139,,
50228,,
19243,,
39066,,
50229,,
39067,,
46219,,
13902,,
39068,,1.0
17153,,
08901,,
23074,1.0,
14058,1.0,1.0
08187,21.0,2.0
24137,,
50241,,
22199,2.0,
23075,,
12097,,
19244,,
16185,,
19245,1.0,
13073,,
40174,,
15075,1.0,
31212,,
50230,1.0,
16186,1.0,
19246,,
47140,,
37272,,
08188,,
03115,,
37273,,
46220,4.0,1.0
24139,2.0,2.0
37303,,
22200,,
26128,,
37274,10.0,21.0
18171,,
29085,,
33059,2.0,
22201,,
22202,,
09329,,
09330,2.0,1.0
25190,,
49183,,
36049,,
44203,,
34157,3.0,
09332,,
37275,,
08190,,
31213,,
44204,,
42161,,
46221,,
17154,,
22203,,
50231,,
03116,,
31214,,
34158,1.0,
16187,,
07059,,
09334,,
08191,1.0,1.0
22204,,
19247,,
16188,,
37276,1.0,
05197,,
02070,,
18173,,
43135,,
10162,,
43905,1.0,
17155,3.0,
41085,2.0,
16189,,
05198,,
47141,,
06116,1.0,
36050,1.0,
50232,,
06117,,
10163,1.0,
37277,,
01051,1.0,1.0
12098,,
01052,1.0,
40176,,
49184,,
27055,,1.0
44205,,
50233,,
31215,1.0,
09335,,
24141,,
44206,,
28129,1.0,
49185,,
32074,,
19248,,
24142,,4.0
19249,,
38033,1.0,
46903,3.0,
26129,,
35018,,1.0
05199,,
05200,,
21063,,
45150,,
05201,,
35019,,
13074,,
34159,,
49186,,
47142,,
34160,,
32075,,
16190,2.0,2.0
34161,,
40177,,
49187,1.0,
37278,,
38023,5.0,3.0
24144,,
40178,,
40906,,
32076,1.0,1.0
24145,,
42162,1.0,
37284,,
22205,,
05206,,
24146,,
05208,,
49188,,
05207,,
42163,,
39069,,
37285,1.0,1.0
11031,4.0,3.0
28130,2.0,
03118,,
05209,,
03904,,
30035,3.0,1.0
11902,,
41086,,
05901,,
05210,,
05211,,
38034,,
22207,,
05212,,
09337,,
05213,,
21064,1.0,
49189,,
24148,1.0,
42164,,
47143,,
13075,,
28131,3.0,3.0
16191,1.0,
05214,,
09338,1.0,
34163,,
16192,,
28132,1.0,
05215,,
50234,,
45151,1.0,
33061,,
45152,1.0,
09339,,
10164,1.0,
31217,1.0,
28133,3.0,
49190,,
47144,,
37286,,
05216,,
33060,,
44207,,
40182,,
50235,2.0,
38035,,
39070,,
40183,,
05217,,
49191,,
03120,,
05218,1.0,
37287,,
47145,,
22903,,
47146,,
37036,,
49192,,
26130,,
09340,,
24149,,
26131,,
01053,1.0,
37288,1.0,
37289,,
41088,,
47147,,
45153,,
05219,,
02071,,
24150,,
49193,,
40184,1.0,
49194,,
47148,,
06119,,
37291,,
05220,,
30036,2.0,
39071,,
37290,,
42165,1.0,
16193,,
47149,,
37292,,
12101,,
26132,,
47150,,
34165,,
45154,1.0,
11033,2.0,1.0
39072,,
15076,,
47151,,
38036,1.0,
14059,,
28134,4.0,
21066,,
33063,,
26139,,
06123,1.0,
05231,1.0,
39080,1.0,
49208,,
26142,1.0,
47156,,
03122,3.0,
09360,,
49209,,
32070,,
25191,,
24143,,
05204,,
37280,,
37281,,
40179,1.0,
05205,,
37282,,
06118,1.0,
37279,,
32077,,
37283,,
03117,,
40180,,
22206,,
31216,1.0,1.0
11032,1.0,3.0
21065,,
41087,3.0,1.0
31219,,
08194,3.0,
08195,,
08196,3.0,
08197,3.0,
17157,,
17183,,
07046,,
08198,3.0,
08199,,
08200,5.0,2.0
08201,2.0,
43136,2.0,
08203,,
08202,,
08204,,
17158,,1.0
08205,11.0,5.0
08206,1.0,
25196,,
08207,,
08208,,
17159,,
08210,1.0,
17160,2.0,
08211,3.0,4.0
17161,,
08212,,
17162,,
08209,6.0,
08213,1.0,
17163,1.0,
25192,,
25197,,
17164,1.0,
08215,1.0,
08193,,
08216,,
17165,,
43137,,
43902,,
07049,,
03119,3.0,
07050,,
17167,1.0,
17168,,
12902,,
08218,1.0,
08217,2.0,
17185,1.0,
46222,,
17166,,
12099,,
07048,,
08903,,
17169,,
08220,,
17903,,
08221,4.0,
17171,,
25193,1.0,
07051,,
08222,1.0,
08223,1.0,
07052,,
08225,,
08224,,
17172,,
25902,,
08226,,
08227,,
08228,,
17173,,
12100,,1.0
08229,,
17174,,
17175,,
17176,,
17177,,
08231,3.0,
08232,,
08233,,
08234,,
17178,,
08189,,
08235,1.0,
08236,,
08237,1.0,
08238,4.0,
08239,,
25194,,
08240,1.0,
08241,,
08098,,
08262,1.0,
08264,3.0,
08265,,
08263,3.0,
06120,,
10165,,
45155,,
21067,,
43138,,
21068,,
35021,3.0,1.0
09343,,
08243,,
34167,,
22208,,
49197,,
26134,,
08244,1.0,
17180,1.0,1.0
08245,8.0,
43139,1.0,
24151,,
49199,,
24152,,1.0
15077,,
17181,,1.0
49200,1.0,
24153,,
49201,,
39073,2.0,
34168,,
50236,,
38037,1.0,
09345,,
22209,,
10166,,
45156,1.0,
13076,,
04080,,
50237,,
16194,,
13077,,
44208,,
10167,,
05222,,
38038,12.0,1.0
42166,,
18174,,
45157,4.0,
05221,,
09346,,
23076,,
24154,,
26135,,
14061,1.0,
47152,,
49202,,
07053,,
08246,,
44209,,
26136,,
50238,,
33062,,
08247,,
08248,1.0,
07054,,
18175,2.0,
04081,,
08249,,
09347,,
09348,,
17182,,
35022,1.0,
12102,,
07055,1.0,
08250,,
08251,1.0,
08253,,
39074,,
08254,2.0,
22906,,
35023,,
42167,,1.0
28135,,
24155,,
49203,,
42168,,
05226,,
16196,1.0,
08256,1.0,
08255,,
08257,,
24158,,
08259,,
37293,,
49204,,
05224,,
05225,,
07056,2.0,
09350,1.0,
16195,1.0,
05902,,
09351,,
09352,,
24156,,
24157,,
05227,,
16197,,
08258,,
40185,,
09353,,
24159,,
06121,1.0,
10168,,
37294,4.0,1.0
40186,,
45158,1.0,
09354,,
21069,,
43140,1.0,
17184,,
08260,2.0,
03121,2.0,
08261,,
38039,,
31220,,
14060,,
22212,,
39075,7.0,4.0
07057,,
24160,,
50239,,
47153,,
34169,,
10169,1.0,
23077,,
15078,5.0,9.0
37296,,
10170,,
05228,,
38040,,
05904,,
24161,,
23904,,
37297,,
34170,,1.0
09355,,
34171,,
37298,,
49205,1.0,
47154,,
49206,1.0,
09356,,
10171,,
10172,,
39076,,
41089,1.0,
15079,,
23079,1.0,
39077,,
39078,,
19250,,
40188,,
40189,,
37299,,
33064,,
26138,1.0,4.0
05229,,
40190,,
09358,,1.0
45901,,
23080,,
05230,,
40191,,
30901,,1.0
39079,1.0,
28136,,
28137,,
06122,1.0,
37300,1.0,
49207,,
24162,,
47155,1.0,1.0
34174,,
08192,2.0,
26140,,
26141,,
48082,4.0,
36051,,
49210,,
47157,,1.0
37301,,
09361,,
33065,1.0,
24163,1.0,1.0
22213,1.0,
39081,,
09362,,
43142,,
12103,,
32078,1.0,
27057,1.0,1.0
17186,,
31222,,
44210,1.0,
25201,,
25200,,
31223,,
45159,,
09363,,
50240,,
19251,,
10173,,
41090,,
37302,,
40192,,
17187,,
38041,1.0,1.0
43143,,
27058,,
03123,,
29086,,
19252,,
40193,,
47158,,
22214,,
43144,,
46223,1.0,
29087,,
50242,,
46224,,
12104,2.0,
40194,3.0,13.0
20070,1.0,1.0
23081,,
06124,,
44211,,
10174,,
45160,,
22215,,
19254,,
39082,,
03124,,
46225,,
07058,,
17188,,
43145,2.0,1.0
19901,,
46226,,
22217,,
24164,,
43146,,
07047,1.0,
04082,,
22218,,
43044,1.0,
03125,,
44212,,
25202,,
25035,,
08267,1.0,
46227,,
37304,,
40195,1.0,
40196,,
09365,,
37305,,
17190,,
28138,,
34175,,
04083,1.0,1.0
42171,1.0,
25204,,
46228,,1.0
17191,,
47159,,
05232,,
10175,1.0,1.0
37306,,
37307,,
05233,,
28140,4.0,
10176,,
22220,,
45161,1.0,
31224,1.0,
48084,2.0,
50243,,
22221,,
17192,,
11034,1.0,
19255,,
25203,2.0,1.0
08269,1.0,
41091,22.0,34.0
28141,4.0,
45162,1.0,
25205,,
19256,,
33066,8.0,1.0
37309,,
10177,1.0,
50244,,
29088,,
12105,,
04084,,
22222,,
46229,,
47160,,
37310,1.0,
05234,,
19257,3.0,3.0
50245,,
23082,1.0,
46230,2.0,
36052,,
38042,2.0,
17193,1.0,
47161,1.0,
46231,1.0,
46232,,
07060,1.0,1.0
44213,,
05235,,
06125,,1.0
50246,,
16198,1.0,1.0
08270,2.0,
17052,,
39083,,
27059,1.0,
50247,1.0,1.0
37311,,
15080,,
24165,,
08271,,
33067,1.0,
02072,1.0,
13078,1.0,
26143,,
05236,,
06126,,
05237,1.0,
13080,,
13079,3.0,2.0
19258,,
09366,,
16199,,
25206,,
42172,,
43147,,
46233,1.0,
07061,1.0,2.0
39084,,
05238,,
25207,1.0,1.0
33068,,
19259,,
04085,,
28143,,
15081,,
07062,,
48904,1.0,
12106,,
45163,1.0,
22223,,
48085,2.0,
18176,,
48086,3.0,
08272,,
20065,1.0,
04086,1.0,
09368,,
42173,3.0,2.0
25208,,
37312,,
23084,1.0,
31225,,
25209,1.0,
18177,,
26144,,
50248,,
25210,,
46234,,
12107,,
05239,,
26145,,
40198,,
05240,2.0,
09369,,
45164,,
42174,,
19260,,
34177,,
24166,1.0,
33069,,
28144,3.0,
26146,,
24167,,
34176,,
19261,,
22904,,
16909,1.0,
40199,,
37313,,
09372,,
09373,,
36053,,
39085,,
08273,2.0,
25211,,
46235,2.0,1.0
42175,,
12108,,
04087,,
48076,,
46236,,
31226,,
25212,,
08274,1.0,
09374,,
17194,,
34178,,
34179,,
40200,,
49214,,
37314,,
04088,,
04089,,
27060,1.0,
32079,,
50249,,
38043,1.0,
31227,3.0,
08276,,
18901,,
04090,,
42176,,
42177,,
37315,,
08277,,
28145,1.0,
50250,,
25215,,1.0
06127,2.0,
10178,1.0,
25216,,
45165,11.0,5.0
06128,1.0,1.0
10179,,
10180,1.0,
16202,,
12109,,
06129,,
17195,,
42178,,
19262,1.0,
37316,1.0,
34180,,
22225,2.0,
47162,,
09375,,
06130,,
38044,,
33070,1.0,
49216,,
08278,2.0,
19263,,
33071,,
16203,1.0,
19264,,
50251,2.0,
37317,,
02073,,
03127,,
37318,,
09377,1.0,
42181,1.0,
22226,,
34181,,
11035,2.0,2.0
42182,,
43148,2.0,2.0
25217,1.0,1.0
25218,,
25219,,
19265,,
50252,1.0,1.0
46237,,
46238,1.0,
08275,,
08280,,
38045,1.0,
29089,,
16204,,
38046,1.0,
35024,,
08281,1.0,
32080,,
09378,,
16205,,
42183,,
37319,,
35025,,
10181,,
37320,,
35026,1.0,2.0
22227,,
45166,1.0,
19266,,
37321,,
15082,4.0,
12110,,
46239,,
25220,,
35027,,1.0
04091,,
17196,,
37322,,
09380,,
08279,26.0,1.0
46240,,
50253,,
44215,,
13081,,
26147,,
44216,5.0,2.0
19267,,
03128,,
33072,,
08282,1.0,2.0
35028,2.0,
03129,,
31228,,
47163,,
28146,1.0,
05241,2.0,1.0
50254,,
22228,,
19268,,
38047,,
04092,1.0,
16206,,
35029,1.0,
33073,1.0,
09381,,
05242,,
31229,,
26148,,
12111,,
25221,,
46241,,
28147,,
25222,,
43149,,
43150,,
19269,1.0,
09382,,
02074,1.0,
50255,,
26149,,
45167,1.0,2.0
41092,1.0,
12112,,
32081,,
12113,,
39086,,
05243,,
45168,7.0,20.0
03130,1.0,
40201,,
20071,2.0,3.0
29090,,
22229,,
41093,,
13082,4.0,
36054,,
08283,3.0,
37323,,
15083,,
25223,1.0,
24168,,1.0
24206,1.0,
12114,,
47164,,
19271,,
19270,,
08284,2.0,
47165,1.0,
19272,,
37324,1.0,
15084,,
09384,,
08285,1.0,
24169,2.0,1.0
19274,,
10182,,
44217,,
22230,,
42184,,
26150,,
05244,,
44218,,
03131,,
25224,,
25225,,
37325,,
05245,,
10183,,
10184,,
44219,,
49219,4.0,6.0
12115,,
34182,1.0,
16209,,
22232,,
13083,1.0,
50256,,
44220,,
45169,,
50257,,
12116,,
31230,,
50258,,
11036,,
44223,,
25227,,
08286,1.0,
10187,1.0,
47169,,
45171,,
43151,,
13084,1.0,
44224,,
43152,,
06131,,
47170,,
10188,1.0,
24170,,
19279,,
23086,1.0,
44225,,
49220,,
12119,,
12120,,
26153,,
22233,,
44227,,
40206,,
05247,,
40202,,
46242,,
25226,,
42185,,
12117,1.0,
23085,,
40203,,
14062,1.0,
18178,,
12118,,
44221,,
47166,,
45170,,
47167,,
47168,,
10185,1.0,
09386,,
40204,,
44222,,
26151,,
26152,,
10186,1.0,
19277,,
19278,,
43153,1.0,
23087,1.0,1.0
25228,,
25907,,
09387,,
49221,,
25230,,
50259,,
40205,1.0,
28148,3.0,3.0
28149,1.0,
28150,,
19280,,
10190,,
10189,1.0,
16211,1.0,
44226,,
28151,1.0,1.0
25231,,
50260,,
09388,,
39087,2.0,2.0
08287,,
46243,,
50261,,
08288,,
08289,2.0,
47171,,
28152,5.0,
03132,,
06132,,
06133,,
10191,,
10192,,
19281,,
28153,1.0,1.0
44228,,
19282,,
19283,,
19284,,
29901,7.0,1.0
26154,,
34184,,
17197,,
46244,18.0,4.0
22234,,
13085,1.0,
10193,,
30037,,
09389,,
23088,1.0,
10194,,
23090,,
23091,,
44229,,
22235,,
22236,,
50262,,
30038,,
28154,2.0,1.0
25232,,
49222,,
31231,,
46245,,
09390,,
47172,,
25233,,
37327,,
44230,,
03133,5.0,
45172,,
44231,,
50263,,
44232,1.0,
45173,3.0,2.0
17198,,
17199,1.0,
43154,,
29091,,
19285,,
42187,,
16212,,
16213,,
17200,,
19286,,
05246,,
09391,1.0,
43155,2.0,3.0
19287,,
19288,,
18179,,
09392,,
17201,,
50264,,
17202,1.0,
29092,,
30039,1.0,
45174,,
15085,1.0,
46246,,
27061,,
24171,,
37328,,
49223,,
16215,,
19289,,
12121,,
44234,,
44235,,
22239,,
06134,,
32082,,
50265,,
50266,,
47173,1.0,
15086,,
11037,,
49224,,
37329,,
25234,1.0,
28903,2.0,
04901,,
40207,1.0,
16216,,
09394,,
39088,,
42188,,
18180,,
26155,,
27062,,
16217,,
26157,,1.0
21070,1.0,
47174,,
19290,,
19291,1.0,1.0
34185,,
44236,,
24172,,
48087,1.0,
06135,,
10195,3.0,6.0
09395,,
09396,,
39089,,
31232,2.0,5.0
47175,3.0,
26158,,
46247,,
36055,2.0,1.0
35030,,
31233,,1.0
24173,,
40208,,
46248,,
45175,,
18181,,
04093,,
04094,,
23092,3.0,2.0
48088,,
11038,1.0,
31234,,
19293,,
42189,,
16218,,
39090,,
48065,,
45176,,
18182,1.0,
31123,,
19294,,
31235,,
30040,,
04095,,
17204,,
08290,1.0,
17205,,
43156,1.0,1.0
43157,,
17203,,
31236,1.0,1.0
41094,,
05249,,
50267,1.0,
31237,,
50268,,
47176,,
30041,,
31238,,
16219,,
49225,,
09398,,
45177,1.0,
31239,,
31240,,
24174,,
48089,1.0,
48074,1.0,
01054,,
20072,,
47177,,
04096,,
31241,,
31242,,
44237,,
50269,1.0,
20077,,
50270,,
31244,,
31243,,
47178,,
40210,,
26160,,
17206,,
31245,,
06136,,
50271,,
12122,1.0,
20073,,
19296,,
50272,2.0,
31246,,
46249,2.0,
41095,1.0,2.0
44238,1.0,
31247,,
08291,3.0,
42190,,
49226,,
05251,,
09400,1.0,
17014,,
24185,,
50274,,
39095,1.0,
15088,1.0,
44239,,
27063,1.0,
44240,,
47179,,
34186,,
49227,,
39091,,
28155,,
19297,,
10196,,
44241,,
09403,,
47180,,
19298,,
19299,,
42191,1.0,
28156,,
19300,,
06137,,
10197,,
37330,1.0,
05252,,
16906,,
19301,,
44243,,
49228,,
24175,4.0,
10198,,
37331,,
24176,,
02075,,
42192,,
01055,1.0,
19302,,
37332,,
50273,,
10199,,
06901,,
37333,,
10200,,
37334,,
42193,,
28157,,
21071,,
19303,,
44244,,
37335,,
44245,,
24177,,
26161,,
42194,,
28158,,
13086,,
28159,,
16224,,
37336,,
24178,,
10201,,
28160,,
16225,,
28161,4.0,2.0
16227,,
42195,,
47181,,
19304,,
10202,,
39092,,
16228,1.0,
34189,1.0,
28162,1.0,
13087,1.0,1.0
23093,,
19305,,
24179,,
28163,,
24180,,
42196,,
39093,,
40211,,
24181,2.0,
34190,,
19306,,
39094,2.0,
24182,,
44246,1.0,
42197,,
37337,,
24183,,
33034,3.0,
24184,,
49229,,
19307,,
47182,2.0,
06138,,
28164,1.0,
16902,,
34192,,
40212,,
40213,,
45179,,
24187,,
09405,,
28165,,
09406,,
15087,,
37338,,
47183,,
46250,23.0,17.0
10203,2.0,
24188,1.0,
06139,,
06140,,
06141,,
41096,1.0,
14063,,
13088,1.0,
16903,,
37339,,
22242,,
19308,,
36056,,
26162,,
19309,,
16231,,
44247,,
12124,,
03134,,
12125,,
17208,,
25043,,
25901,,
03136,,
03137,1.0,
03135,,
17207,,
12126,1.0,1.0
46251,1.0,
47186,38.0,30.0
46252,,
09408,,
12123,,
08292,,
25238,,1.0
08293,,
43158,,
07063,,1.0
29093,1.0,
16173,,
22243,,
34196,,
22901,,
06146,,
09904,,
22244,,
09908,,
09409,,
06147,,
09410,3.0,
09411,,
06148,,
09902,,
09905,,
40218,,
09412,1.0,1.0
48080,1.0,
09413,1.0,
09414,,
09415,,
39101,,
31260,,1.0
09416,,
34902,,
18907,,
38049,1.0,
18902,,
24191,,
44249,,
38050,,
09417,,
37343,,
40219,,
40220,,
40221,,
46253,,
09418,,
49230,,
35032,,
25240,,
17170,,
43159,,
08294,,
12127,,
08295,6.0,
17209,,
43160,,
08296,,
43161,3.0,1.0
25906,,
25239,,
09419,,
50275,,
09407,,
45180,1.0,
18183,,
47184,1.0,
50276,,
37340,,
16234,,
40214,,
14064,,
35031,,
19310,,
42198,,
40215,,
31249,1.0,
50277,,
38048,,
28166,,
06142,,
47185,,
16236,1.0,
10204,,
24189,3.0,2.0
06143,,
06144,,
19311,,
06145,,
37341,,
21072,2.0,
10205,1.0,
40216,,
24190,,
16237,,
37342,,
43162,,
25909,,
16238,,
08297,,
24193,,
37344,,1.0
15089,,
24196,,
24197,,
39096,,
39097,1.0,
47187,,
35033,,
05253,,
49231,,
37345,,
24198,,
47188,,
49232,,
16239,,
24194,1.0,
33074,1.0,
49233,,
40222,,
24199,1.0,
40223,,
24201,1.0,
18911,1.0,
10902,,
44250,,
37346,,
32083,1.0,
11039,2.0,
45181,1.0,
42200,,
47189,,
05254,,
04097,,
18184,,
04098,,
29094,4.0,2.0
04099,2.0,
47190,,
22245,,
50278,,
50279,,
42201,,
42202,,
28167,,
34199,,
37347,,
16240,,
47191,,
28168,,
22909,,
43163,3.0,
49234,,
34023,1.0,1.0
46254,,
17210,,
45182,1.0,
18185,,
45183,1.0,
45184,1.0,
26163,,
47192,,
37348,,
40224,,
26164,,
28169,1.0,
04100,1.0,
50280,1.0,
25242,2.0,
32084,,
03138,2.0,
17211,,
32085,1.0,
34201,,
43164,,
49235,,
22247,,
31251,1.0,
47193,2.0,
42204,,
19314,,
32086,2.0,
10206,,
02076,,
04101,,1.0
08298,4.0,4.0
04102,1.0,
27064,,
22248,,
38051,,
14065,,
09422,,
34093,,
09421,,1.0
31252,,
49236,,
49237,,
37349,,
17212,,
17213,2.0,
25243,1.0,
50281,,
36057,15.0,6.0
26165,,
36059,,
43165,,
17214,,
17215,,
36058,,
08299,,
17217,,
17216,,
08301,2.0,
08300,1.0,
17218,1.0,
17220,,
12128,,
17221,1.0,
38052,,
07065,,
08305,4.0,1.0
36060,1.0,2.0
25244,,
17223,,
27065,1.0,
43175,,
08306,,
25245,,
17224,,
43166,,
17225,,
17226,1.0,
17227,,
32087,1.0,
32088,2.0,
46256,,
25247,,
17228,,
12132,,
36061,1.0,
25248,,
25254,1.0,
25249,,
25250,,
43168,,
08303,,
25251,,
08302,1.0,
08902,1.0,
43167,,
08307,5.0,1.0
43169,,
32089,,
12134,,
32090,,
32091,,
12135,4.0,1.0
32092,,
15091,,
43170,,
17230,,
25252,1.0,
15090,,
43171,1.0,
08214,1.0,
08219,6.0,1.0
17222,,
12136,,
43172,,
23094,1.0,
43173,,
43174,,
09423,,
45186,,
38053,,
02077,,
10207,,
28171,1.0,
10208,,
14066,,
47195,1.0,
47196,,
34202,,
21073,,
24202,2.0,
20075,1.0,
47197,,
24203,,
49238,,
01057,,
49239,,
45185,2.0,
47198,,
39098,1.0,
23095,1.0,1.0
40225,,1.0
47199,,
34204,,
42205,,
47200,,
34205,,
28170,,
16242,,
34206,1.0,
24205,,
24207,,
49240,,
09427,1.0,1.0
50283,,
34208,,
39099,,
49241,,
16243,,
09428,,
09429,,
09430,,
49242,,
50284,,
49243,,
05256,,
37351,,
47203,,
31254,1.0,
14067,,
47204,,
50285,1.0,
05257,,
06149,4.0,
45187,2.0,
24209,2.0,3.0
44251,,
12129,,
09431,,
47205,,
09432,,
47206,,
39100,,
09433,,
47207,,1.0
06150,,
16244,,
24210,1.0,
49244,,
47208,,
06151,,
37352,,1.0
09434,,
34210,,
14068,1.0,
13089,1.0,
44252,,
12130,1.0,
34211,,
09437,,
03139,1.0,1.0
34213,,
47209,,
47210,,
49245,,
09438,,
34214,,
49246,,
47211,,
16245,,
47212,,
06152,,
37353,,
50286,,
26166,,
21074,1.0,1.0
16246,1.0,
47213,,
28172,2.0,
09439,1.0,
09440,,
49247,,
34215,,
34216,,
09441,,
50287,,
02078,,
16247,,
09442,1.0,
26167,,
34217,,
49248,,
47214,2.0,
46255,,
49249,,
49250,1.0,1.0
16248,,
49251,,
45188,,
34218,,
11040,,
02079,1.0,
12131,,
24211,,
24901,,
13090,,
41097,,
28173,,
28174,3.0,
28175,1.0,
24212,,1.0
11041,1.0,
34220,,
24213,,
37354,3.0,
13091,,
49252,,
50903,,
09443,,1.0
31255,,
16249,1.0,
09444,,
09445,,
34221,,
26168,,
09446,,
24214,,
18908,,
34222,,
10209,,
10210,,
09447,,
45189,,
45190,,
24215,,
24216,,
49255,,
24217,,
34223,,
45191,,
34224,,
47215,,
34225,,
47216,,
49256,,
09448,,
22249,,
22250,,
47217,,1.0
45192,,
19317,,
29095,1.0,
09449,,
19318,,
05905,,
49257,,
45193,,
26169,,
49258,,
09450,,
46257,,
14069,2.0,
47218,,
50288,2.0,
05258,,
42206,,
16250,,
09451,,
50290,,
50289,,
28176,2.0,
29902,,
47219,,
13092,1.0,
16251,,1.0
23096,1.0,
06153,2.0,1.0
10211,1.0,
19319,1.0,
10212,,
21075,,
24218,,
49259,,
18187,,
47220,,
21076,,
13093,3.0,
47221,,
33075,,
28178,,
13094,,
41100,,
47222,,
22251,,1.0
29098,,
09454,,
12133,,
05259,,
41098,1.0,
23097,1.0,1.0
05260,,
49260,1.0,
37355,,
14070,1.0,1.0
06154,,
28177,1.0,
34227,,
44256,,
14071,1.0,
30042,1.0,
41099,,
29096,1.0,
29097,,
18188,,
34228,,
24219,,
24902,,
02080,,
34229,,
24221,,
24222,1.0,
09455,,
09456,,
37356,,
26170,,
16253,,
37357,,
05261,,
16254,1.0,
49263,,
37358,,
16255,,
37359,,
50291,,
16263,1.0,
37360,,
10214,,
06156,,
37361,,
26171,,
42207,,
46258,,1.0
49264,,
42208,,
44257,,
16258,,
16259,,
28179,,
10213,,
13095,,
06155,,
42209,,
44258,,
16910,,
49261,2.0,
14072,1.0,
09903,1.0,
49262,1.0,
47223,,
49265,,
49266,,
23098,,
49267,,
26172,,
16264,,
16265,,
45194,,
24223,3.0,1.0
28180,,
05262,,
16266,,
19321,,
37362,,
24224,,
42211,,
37363,,
16269,1.0,
23099,1.0,
46259,,
09458,,
37364,1.0,
44260,,
37365,,
34230,,
47224,,
37366,,
44261,1.0,
34231,,
34232,1.0,
21077,,
50292,,
49268,1.0,
02081,2.0,2.0
23101,,
26173,,
50293,1.0,
44262,,
50294,,
13096,1.0,1.0
45195,1.0,
16270,,
16271,,
06157,,
13097,,
26174,,
16272,,
24225,,
09460,,
34233,,
42212,,
37367,,
10215,,
37368,,
42213,,
19322,,
45196,1.0,
19323,,
37369,,
37370,,
49269,,
24226,,
45197,,
47225,,
34234,,
37371,,
44263,,
09463,,
45198,,
05263,,
23903,,
02082,,
09464,,
31257,,
34236,,
24227,1.0,
34237,,
31258,1.0,1.0
02083,,
47226,,
26175,,
47227,,
49270,,
02084,,
37372,1.0,
40228,,
47228,,
40229,,
26176,,
09466,,
41101,,
16273,,
09467,,
49272,,
49271,,
47229,1.0,
33076,2.0,1.0
14073,,1.0
28181,5.0,
37373,1.0,
28182,,
34238,1.0,
09471,,
33077,,
24228,,
24229,,
09472,,
09473,,
40230,,
44264,,
19324,1.0,
03140,1.0,1.0
34240,,
34241,,
34242,,
34243,,
16274,,
12137,,
37374,,
09476,,
37375,,1.0
26177,,
34245,,
34246,,
08304,,
17233,,
17232,,
47194,,
09424,,
25253,,
50282,,
37350,1.0,
09425,,
43176,,1.0
15092,1.0,
44265,,
25255,,
46260,,
12138,1.0,1.0
16275,,
43177,,
26178,,
26179,,
42215,,
43178,,1.0
49273,,
05264,,
29099,,
19325,1.0,
44266,,
45199,,
41102,1.0,
13098,1.0,
14074,1.0,
50295,,
12139,,
05265,,
37376,1.0,1.0
01059,28.0,11.0
27066,1.0,2.0
44267,,
12140,2.0,
08308,,
02085,,
09478,,
42216,,
18189,,
39102,,
42217,,
47230,,
03081,,
46145,2.0,1.0
46143,,
46146,,
27021,,
43052,,
32032,1.0,
46110,1.0,
27025,,
32036,,
32037,,
35034,,
42218,,
40231,,
46261,,
45200,1.0,
19326,,
19327,1.0,
22252,,
30043,1.0,1.0
37377,,
01060,1.0,
19329,,
19330,,
45201,2.0,
42219,,
16276,,
45202,1.0,1.0
33078,,
31261,,1.0
46262,,
22253,,
02086,1.0,
45203,,
45204,,
45205,1.0,
29100,,
19331,,1.0
19332,,
31262,,
09480,,
18192,,
06158,2.0,1.0
16277,,
16278,,
18913,,
11042,1.0,
06159,,
50296,1.0,
22254,,
06160,1.0,
21078,1.0,
48095,,
20078,,
01061,,
48096,1.0,
37378,,
37379,,
01062,,
49275,6.0,9.0
48905,,
19333,,
05266,,
05267,,
50297,97.0,43.0
37380,,
48097,,
47231,1.0,
20079,1.0,2.0
46263,,
26180,,
10216,,
10217,,
37381,,
16279,,
10218,,
06162,1.0,
47232,,
06161,,
28183,1.0,
26181,,
09482,,
16280,,
19334,,
40233,,
40234,,
15093,,
09483,,
48024,,
48025,1.0,
20025,,
20026,,
20027,2.0,
48913,2.0,
01018,1.0,
31073,1.0,
48915,,
31907,,2.0
20028,1.0,
44268,,
10219,,
37382,,
19335,,
12141,,
26183,,
24230,,
18193,1.0,1.0
31263,,
12142,,
50298,1.0,
21079,,
31264,,
14075,,
01063,2.0,
18194,,
20081,1.0,1.0
20080,1.0,
09485,,
31265,,
04103,,
