Codigo Municipio,Altitud Municipios
01001,568.0
01002,219.0
01003,333.0
01004,210.0
01006,467.0
01008,528.0
01009,602.0
01010,306.0
01011,421.0
01013,575.0
01014,471.0
01016,710.0
01017,578.0
01018,585.0
01019,691.0
01020,594.0
01021,540.0
01022,451.0
01023,581.0
01027,627.0
01028,555.0
01030,751.0
01031,630.0
01032,542.0
01033,431.0
01034,569.0
01036,123.0
01037,649.0
01039,461.0
01041,535.0
01042,135.0
01043,435.0
01044,752.0
01046,545.0
01047,483.0
01049,574.0
01051,608.0
01052,571.0
01053,600.0
01054,633.0
01055,552.0
01056,812.0
01057,483.0
01058,570.0
01059,539.0
01060,694.0
01061,612.0
01062,458.0
01063,617.0
01901,502.0
01902,482.0
02001,634.0
02002,858.0
02003,681.0
02004,582.0
02005,706.0
02006,925.0
02007,547.0
02008,953.0
02009,687.0
02010,852.0
02011,696.0
02012,771.0
02013,751.0
02014,1027.0
02015,733.0
02016,898.0
02017,844.0
02018,886.0
02019,1062.0
02020,911.0
02021,704.0
02022,942.0
02023,707.0
02024,708.0
02025,554.0
02026,706.0
02027,870.0
02028,947.0
02029,907.0
02030,630.0
02031,682.0
02032,693.0
02033,820.0
02034,670.0
02035,691.0
02036,740.0
02037,570.0
02038,714.0
02039,1041.0
02040,929.0
02041,624.0
02042,735.0
02043,913.0
02044,641.0
02045,688.0
02046,663.0
02047,1108.0
02048,723.0
02049,851.0
02050,709.0
02051,810.0
02052,676.0
02053,929.0
02054,708.0
02055,1085.0
02056,653.0
02057,898.0
02058,1126.0
02059,1169.0
02060,1010.0
02061,870.0
02062,872.0
02063,871.0
02064,769.0
02065,845.0
02066,542.0
02067,1126.0
02068,1041.0
02069,708.0
02070,920.0
02071,844.0
02072,734.0
02073,713.0
02074,652.0
02075,667.0
02076,1118.0
02077,744.0
02078,683.0
02079,739.0
02080,837.0
02081,728.0
02082,409.0
02083,726.0
02084,799.0
02085,1012.0
02086,878.0
02901,830.0
03001,99.0
03002,331.0
03003,719.0
03004,332.0
03005,15.0
03006,226.0
03007,345.0
03008,735.0
03009,564.0
03010,580.0
03011,89.0
03012,23.0
03013,530.0
03014,5.0
03015,10.0
03016,570.0
03017,363.0
03018,60.0
03019,234.0
03020,670.0
03021,812.0
03022,705.0
03023,592.0
03024,23.0
03025,56.0
03026,42.0
03027,464.0
03028,385.0
03029,311.0
03030,124.0
03031,11.0
03032,738.0
03033,663.0
03034,22.0
03035,521.0
03036,564.0
03037,546.0
03038,414.0
03039,725.0
03040,93.0
03041,254.0
03042,159.0
03043,697.0
03044,23.0
03045,213.0
03046,312.0
03047,55.0
03048,250.0
03049,20.0
03050,26.0
03051,585.0
03052,556.0
03053,669.0
03054,549.0
03055,8.0
03056,433.0
03057,780.0
03058,16.0
03059,129.0
03060,620.0
03061,8.0
03062,6.0
03063,13.0
03064,4.0
03065,81.0
03066,395.0
03067,769.0
03068,684.0
03069,264.0
03070,8.0
03071,79.0
03072,420.0
03073,542.0
03074,17.0
03075,571.0
03076,27.0
03077,367.0
03078,413.0
03079,754.0
03080,25.0
03081,188.0
03082,46.0
03083,448.0
03084,261.0
03085,191.0
03086,635.0
03088,228.0
03089,389.0
03090,63.0
03091,283.0
03092,391.0
03093,241.0
03094,216.0
03095,36.0
03096,701.0
03097,154.0
03098,176.0
03099,24.0
03100,290.0
03101,85.0
03102,82.0
03103,682.0
03104,465.0
03105,591.0
03106,451.0
03107,239.0
03109,13.0
03110,87.0
03111,28.0
03112,435.0
03113,8.0
03114,419.0
03115,103.0
03116,493.0
03117,83.0
03118,3.0
03119,40.0
03120,87.0
03121,4.0
03122,105.0
03123,473.0
03124,412.0
03125,231.0
03127,559.0
03128,183.0
03129,517.0
03130,776.0
03131,129.0
03132,782.0
03133,7.0
03134,639.0
03135,392.0
03136,293.0
03137,439.0
03138,21.0
03139,26.0
03140,503.0
03901,13.0
03902,32.0
03903,19.0
03904,10.0
04001,853.0
04002,986.0
04003,14.0
04004,487.0
04005,381.0
04006,422.0
04007,746.0
04008,955.0
04009,1025.0
04010,290.0
04011,520.0
04012,414.0
04013,16.0
04014,835.0
04015,309.0
04016,108.0
04017,270.0
04018,630.0
04019,1209.0
04020,1252.0
04021,817.0
04022,401.0
04023,934.0
04024,115.0
04026,945.0
04027,934.0
04028,316.0
04029,340.0
04030,602.0
04031,381.0
04032,6.0
04033,945.0
04034,606.0
04035,90.0
04036,912.0
04037,1039.0
04038,411.0
04041,716.0
04043,820.0
04044,479.0
04045,950.0
04046,846.0
04047,173.0
04048,121.0
04049,20.0
04050,763.0
04051,409.0
04052,76.0
04053,280.0
04054,424.0
04055,427.0
04056,860.0
04057,920.0
04058,604.0
04059,516.0
04060,549.0
04061,900.0
04062,536.0
04063,1197.0
04064,140.0
04065,596.0
04066,355.0
04067,961.0
04068,1005.0
04069,486.0
04070,1022.0
04071,747.0
04072,543.0
04073,1201.0
04074,105.0
04075,194.0
04076,551.0
04077,405.0
04078,128.0
04079,7.0
04080,330.0
04081,215.0
04082,1008.0
04083,823.0
04084,755.0
04085,824.0
04086,409.0
04087,630.0
04088,402.0
04089,712.0
04090,1008.0
04091,285.0
04092,688.0
04093,45.0
04094,845.0
04095,627.0
04096,744.0
04097,926.0
04098,1076.0
04099,838.0
04100,101.0
04101,71.0
04102,279.0
04103,239.0
04901,689.0
04902,81.0
04903,40.0
04904,6.0
05001,910.0
05002,624.0
05005,911.0
05007,1162.0
05008,859.0
05010,1070.0
05012,1163.0
05013,888.0
05014,507.0
05015,1130.0
05016,820.0
05017,1002.0
05018,1353.0
05019,1131.0
05021,1004.0
05022,1008.0
05023,800.0
05024,1097.0
05025,1062.0
05026,807.0
05027,946.0
05029,865.0
05030,1092.0
05033,948.0
05034,786.0
05035,902.0
05036,883.0
05037,1139.0
05038,1077.0
05039,994.0
05040,1169.0
05041,847.0
05042,900.0
05043,843.0
05044,1048.0
05045,884.0
05046,857.0
05047,429.0
05048,875.0
05049,1105.0
05051,1048.0
05052,1174.0
05053,1310.0
05054,538.0
05055,1012.0
05056,783.0
05057,755.0
05058,1504.0
05059,1211.0
05060,853.0
05061,1130.0
05062,917.0
05063,1166.0
05064,890.0
05065,923.0
05066,842.0
05067,1197.0
05069,883.0
05070,868.0
05072,858.0
05073,895.0
05074,884.0
05075,622.0
05076,1074.0
05077,876.0
05078,822.0
05079,1255.0
05080,1175.0
05081,1463.0
05082,678.0
05083,1103.0
05084,1062.0
05085,1144.0
05086,948.0
05087,930.0
05088,1005.0
05089,760.0
05090,885.0
05092,900.0
05093,924.0
05094,1009.0
05095,634.0
05096,1179.0
05097,1033.0
05099,820.0
05100,748.0
05101,1348.0
05102,850.0
05103,1038.0
05104,1474.0
05105,1484.0
05106,1534.0
05107,1170.0
05108,994.0
05109,865.0
05110,448.0
05112,1009.0
05113,1053.0
05114,809.0
05115,1024.0
05116,1019.0
05117,819.0
05118,934.0
05119,1286.0
05120,1203.0
05121,1230.0
05122,1094.0
05123,1109.0
05124,1066.0
05125,1312.0
05126,1018.0
05127,848.0
05128,1032.0
05129,1258.0
05130,1122.0
05131,1110.0
05132,635.0
05133,1002.0
05134,783.0
05135,1169.0
05136,1088.0
05138,1128.0
05139,941.0
05140,895.0
05141,1118.0
05142,905.0
05143,1152.0
05144,1116.0
05145,1378.0
05147,956.0
05148,1150.0
05149,899.0
05151,1255.0
05152,864.0
05153,1143.0
05154,1520.0
05155,1211.0
05156,740.0
05157,1238.0
05158,1042.0
05159,1185.0
05160,1304.0
05161,1284.0
05162,1301.0
05163,763.0
05164,1509.0
05165,1523.0
05166,1132.0
05167,1129.0
05168,1296.0
05169,1262.0
05170,1043.0
05171,1164.0
05172,1088.0
05173,1225.0
05174,865.0
05175,893.0
05176,1103.0
05177,878.0
05178,818.0
05179,889.0
05180,1049.0
05181,1069.0
05182,801.0
05183,876.0
05184,1351.0
05185,1073.0
05186,1060.0
05187,717.0
05188,1201.0
05189,548.0
05190,915.0
05191,1178.0
05192,1168.0
05193,832.0
05194,906.0
05195,1182.0
05196,901.0
05197,1084.0
05198,951.0
05199,1114.0
05200,991.0
05201,1039.0
05204,922.0
05205,1310.0
05206,1117.0
05207,806.0
05208,781.0
05209,1066.0
05210,910.0
05211,1117.0
05212,1140.0
05213,1282.0
05214,1030.0
05215,1517.0
05216,1335.0
05217,1059.0
05218,1097.0
05219,881.0
05220,935.0
05221,724.0
05222,1010.0
05224,1152.0
05225,1048.0
05226,1037.0
05227,697.0
05228,1224.0
05229,928.0
05230,959.0
05231,877.0
05232,1106.0
05233,1220.0
05234,962.0
05235,827.0
05236,1148.0
05237,1120.0
05238,1118.0
05239,1155.0
05240,635.0
05241,685.0
05242,867.0
05243,1139.0
05244,1063.0
05245,1191.0
05246,1267.0
05247,1129.0
05249,1095.0
05251,1349.0
05252,1366.0
05253,941.0
05254,933.0
05256,977.0
05257,1105.0
05258,890.0
05259,843.0
05260,1450.0
05261,997.0
05262,822.0
05263,1183.0
05264,906.0
05265,991.0
05266,1144.0
05267,1349.0
05901,1348.0
05902,1206.0
05903,1052.0
05904,1125.0
05905,1059.0
06001,316.0
06002,303.0
06003,580.0
06004,322.0
06005,251.0
06006,430.0
06007,277.0
06008,515.0
06009,261.0
06010,320.0
06011,337.0
06012,225.0
06013,502.0
06014,592.0
06015,182.0
06016,492.0
06017,562.0
06018,695.0
06019,570.0
06020,607.0
06021,603.0
06022,406.0
06023,531.0
06024,759.0
06025,227.0
06026,710.0
06027,561.0
06028,396.0
06029,487.0
06030,496.0
06031,384.0
06032,301.0
06033,366.0
06034,630.0
06035,503.0
06036,509.0
06037,325.0
06038,301.0
06039,351.0
06040,243.0
06041,293.0
06042,192.0
06043,259.0
06044,278.0
06045,241.0
06046,231.0
06047,448.0
06048,458.0
06049,550.0
06050,572.0
06051,539.0
06052,582.0
06053,698.0
06054,440.0
06055,753.0
06056,488.0
06057,553.0
06058,207.0
06059,594.0
06060,280.0
06061,305.0
06062,437.0
06063,463.0
06064,474.0
06065,528.0
06066,353.0
06067,626.0
06068,442.0
06069,507.0
06070,504.0
06071,466.0
06072,246.0
06073,480.0
06074,640.0
06075,460.0
06076,527.0
06077,610.0
06078,479.0
06079,337.0
06080,249.0
06081,529.0
06082,251.0
06083,224.0
06084,296.0
06085,752.0
06086,628.0
06087,558.0
06088,200.0
06089,423.0
06090,264.0
06091,348.0
06092,372.0
06093,378.0
06094,323.0
06095,267.0
06096,407.0
06097,359.0
06098,316.0
06099,518.0
06100,418.0
06101,547.0
06102,528.0
06103,190.0
06104,378.0
06105,554.0
06106,370.0
06107,377.0
06108,526.0
06109,410.0
06110,744.0
06111,262.0
06112,468.0
06113,395.0
06114,514.0
06115,246.0
06116,523.0
06117,619.0
06118,485.0
06119,290.0
06120,252.0
06121,335.0
06122,526.0
06123,501.0
06124,685.0
06125,519.0
06126,263.0
06127,439.0
06128,187.0
06129,305.0
06130,538.0
06131,322.0
06132,196.0
06133,302.0
06134,694.0
06135,260.0
06136,550.0
06137,401.0
06138,243.0
06139,534.0
06140,295.0
06141,493.0
06142,415.0
06143,289.0
06144,581.0
06145,266.0
06146,421.0
06147,608.0
06148,504.0
06149,409.0
06150,590.0
06151,236.0
06152,306.0
06153,293.0
06154,257.0
06155,247.0
06156,269.0
06157,542.0
06158,507.0
06159,345.0
06160,486.0
06161,606.0
06162,297.0
06901,184.0
06902,181.0
06903,190.0
07001,224.0
07002,129.0
07003,15.0
07004,194.0
07005,99.0
07006,143.0
07007,109.0
07008,136.0
07009,102.0
07010,214.0
07011,109.0
07012,130.0
07013,22.0
07014,98.0
07015,19.0
07016,152.0
07017,138.0
07018,201.0
07019,481.0
07020,178.0
07021,140.0
07022,110.0
07023,138.0
07024,40.0
07025,143.0
07026,81.0
07027,118.0
07028,168.0
07029,159.0
07030,71.0
07031,141.0
07032,35.0
07033,90.0
07034,214.0
07035,107.0
07036,138.0
07037,58.0
07038,163.0
07039,72.0
07040,24.0
07041,109.0
07042,47.0
07043,127.0
07044,23.0
07045,217.0
07046,9.0
07047,116.0
07048,200.0
07049,142.0
07050,197.0
07051,77.0
07052,59.0
07053,129.0
07054,53.0
07055,92.0
07056,129.0
07057,59.0
07058,200.0
07059,42.0
07060,142.0
07061,37.0
07062,80.0
07063,409.0
07064,16.0
07065,96.0
07901,115.0
07902,107.0
08001,106.0
08002,490.0
08003,92.0
08004,857.0
08005,292.0
08006,13.0
08007,121.0
08008,741.0
08009,87.0
08010,339.0
08011,688.0
08012,364.0
08013,276.0
08014,405.0
08015,23.0
08016,787.0
08017,545.0
08018,329.0
08019,13.0
08020,369.0
08021,645.0
08022,722.0
08023,309.0
08024,853.0
08025,475.0
08026,838.0
08027,251.0
08028,301.0
08029,104.0
08030,150.0
08031,688.0
08032,7.0
08033,205.0
08034,553.0
08035,5.0
08036,536.0
08037,489.0
08038,261.0
08039,313.0
08040,17.0
08041,181.0
08042,353.0
08043,141.0
08044,317.0
08045,1279.0
08046,195.0
08047,503.0
08048,331.0
08049,618.0
08050,1277.0
08051,332.0
08052,1397.0
08053,140.0
08054,152.0
08055,772.0
08056,3.0
08057,954.0
08058,105.0
08059,702.0
08060,480.0
08061,268.0
08062,484.0
08063,393.0
08064,726.0
08065,192.0
08066,183.0
08067,519.0
08068,124.0
08069,386.0
08070,902.0
08071,430.0
08072,242.0
08073,27.0
08074,16.0
08075,148.0
08076,186.0
08077,81.0
08078,820.0
08079,872.0
08080,1175.0
08081,623.0
08082,44.0
08083,553.0
08084,526.0
08085,314.0
08086,191.0
08087,506.0
08088,250.0
08089,10.0
08090,480.0
08091,162.0
08092,470.0
08093,1339.0
08094,260.0
08095,766.0
08096,145.0
08097,178.0
08098,330.0
08099,725.0
08100,562.0
08101,11.0
08102,313.0
08103,402.0
08104,610.0
08105,53.0
08106,189.0
08107,142.0
08108,120.0
08109,750.0
08110,2.0
08111,510.0
08112,460.0
08113,234.0
08114,79.0
08115,104.0
08116,450.0
08117,411.0
08118,26.0
08119,259.0
08120,425.0
08121,26.0
08122,427.0
08123,36.0
08124,64.0
08125,38.0
08126,34.0
08127,159.0
08128,442.0
08129,811.0
08130,726.0
08131,574.0
08132,750.0
08133,708.0
08134,537.0
08135,79.0
08136,90.0
08137,530.0
08138,711.0
08139,451.0
08140,261.0
08141,370.0
08142,872.0
08143,423.0
08144,558.0
08145,189.0
08146,276.0
08147,125.0
08148,209.0
08149,568.0
08150,570.0
08151,467.0
08152,483.0
08153,255.0
08154,204.0
08155,19.0
08156,147.0
08157,44.0
08158,136.0
08159,92.0
08160,753.0
08161,286.0
08162,295.0
08163,10.0
08164,217.0
08165,263.0
08166,843.0
08167,125.0
08168,574.0
08169,5.0
08170,606.0
08171,708.0
08172,8.0
08174,237.0
08175,455.0
08176,766.0
08177,1059.0
08178,364.0
08179,354.0
08180,77.0
08181,121.0
08182,204.0
08183,453.0
08184,123.0
08185,699.0
08187,191.0
08188,738.0
08189,583.0
08190,1214.0
08191,278.0
08192,323.0
08193,129.0
08194,15.0
08195,814.0
08196,43.0
08197,113.0
08198,255.0
08199,869.0
08200,32.0
08201,808.0
08202,158.0
08203,73.0
08204,83.0
08205,116.0
08206,266.0
08207,233.0
08208,170.0
08209,87.0
08210,467.0
08211,25.0
08212,616.0
08213,249.0
08214,139.0
08215,532.0
08216,1075.0
08217,14.0
08218,221.0
08219,11.0
08220,595.0
08221,125.0
08222,196.0
08223,466.0
08224,730.0
08225,632.0
08226,457.0
08227,295.0
08228,640.0
08229,570.0
08230,139.0
08231,44.0
08232,245.0
08233,619.0
08234,290.0
08235,6.0
08236,326.0
08237,585.0
08238,189.0
08239,629.0
08240,156.0
08241,526.0
08242,337.0
08243,520.0
08244,72.0
08245,56.0
08246,537.0
08247,569.0
08248,218.0
08249,238.0
08250,320.0
08251,169.0
08252,134.0
08253,863.0
08254,698.0
08255,531.0
08256,183.0
08257,500.0
08258,543.0
08259,208.0
08260,73.0
08261,9.0
08262,168.71
08263,23.0
08264,142.0
08265,556.0
08266,84.0
08267,204.0
08268,660.0
08269,662.0
08270,8.0
08271,880.0
08272,715.0
08273,239.0
08274,290.0
08275,552.0
08276,345.0
08277,555.0
08278,631.0
08279,281.0
08280,857.0
08281,119.0
08282,137.0
08283,597.0
08284,41.0
08285,507.0
08286,363.0
08287,210.0
08288,366.0
08289,125.0
08290,313.0
08291,397.69
08292,287.0
08293,1121.0
08294,221.0
08295,190.0
08296,231.0
08297,568.0
08298,485.0
08299,757.0
08300,275.0
08301,18.0
08302,304.0
08303,553.0
08304,277.0
08305,240.0
08306,203.0
08307,25.0
08308,730.0
08901,842.0
08902,89.0
08903,965.0
08904,117.0
08905,91.0
09001,839.0
09003,822.0
09006,716.0
09007,683.0
09009,830.0
09010,798.0
09011,1021.0
09012,893.0
09013,715.0
09014,1019.0
09016,551.0
09017,807.0
09018,798.0
09019,882.0
09020,998.0
09021,943.0
09022,922.0
09023,850.0
09024,790.0
09025,843.0
09026,996.0
09027,925.0
09029,965.0
09030,905.0
09032,877.0
09033,912.0
09034,811.0
09035,897.0
09036,798.0
09037,1118.0
09038,951.0
09039,1049.0
09041,779.0
09043,631.0
09044,969.0
09045,907.0
09046,805.0
09047,796.0
09048,769.0
09050,624.0
09051,779.0
09052,681.0
09054,577.0
09055,910.0
09056,718.0
09057,534.0
09058,830.0
09059,859.0
09060,721.0
09061,882.0
09062,1017.0
09063,827.0
09064,954.0
09065,908.0
09066,972.0
09067,1136.0
09068,636.0
09070,1135.0
09071,780.0
09072,990.0
09073,914.0
09074,923.0
09075,933.0
09076,836.0
09077,795.0
09078,925.0
09079,882.0
09082,770.0
09083,790.0
09084,978.0
09085,809.0
09086,940.0
09088,825.0
09090,790.0
09091,808.0
09093,822.0
09094,970.0
09095,800.0
09098,704.0
09100,957.0
09101,793.0
09102,568.0
09103,913.0
09104,965.0
09105,1026.0
09108,891.0
09109,568.0
09110,1029.0
09112,903.0
09113,880.0
09114,1003.0
09115,683.0
09117,766.0
09119,1032.0
09120,661.0
09122,1030.0
09123,891.0
09124,747.0
09125,811.0
09127,974.0
09128,823.0
09129,995.0
09130,846.0
09131,805.0
09132,703.0
09133,978.0
09134,527.0
09135,681.0
09136,821.0
09137,884.0
09138,851.0
09139,882.0
09140,927.0
09141,844.0
09143,949.0
09144,1111.0
09148,814.0
09149,740.0
09151,850.0
09152,839.0
09154,1004.0
09155,907.0
09159,866.0
09160,836.0
09162,949.0
09163,1049.0
09164,860.0
09166,903.0
09167,822.0
09168,806.0
09169,942.0
09170,799.0
09172,882.0
09173,1205.0
09174,998.0
09175,959.0
09176,911.0
09177,930.0
09178,742.0
09179,886.0
09180,848.0
09181,844.0
09182,787.0
09183,1055.0
09184,968.0
09189,690.0
09190,666.0
09191,1025.0
09192,661.0
09194,839.0
09195,641.0
09196,938.0
09197,890.0
09198,827.0
09199,837.0
09200,986.0
09201,1090.0
09202,880.0
09206,827.0
09208,985.0
09209,607.0
09211,806.0
09213,557.0
09214,707.0
09215,640.0
09216,676.0
09217,618.0
09218,843.0
09219,474.0
09220,798.0
09221,890.0
09223,1159.0
09224,873.0
09225,1059.0
09226,1226.0
09227,945.0
09228,915.0
09229,786.0
09230,765.0
09231,915.0
09232,1175.0
09235,840.0
09236,810.0
09238,600.0
09239,912.0
09241,927.0
09242,799.0
09243,830.0
09244,777.0
09246,1058.0
09247,780.0
09248,1113.0
09249,788.0
09250,815.0
09251,633.0
09253,876.0
09255,620.0
09256,835.0
09257,944.0
09258,774.0
09259,845.0
09261,854.0
09262,774.0
09265,736.0
09266,1209.0
09267,960.0
09268,1084.0
09269,978.0
09270,932.0
09272,757.0
09273,755.0
09274,959.0
09275,812.0
09276,482.0
09277,861.0
09279,848.0
09280,680.0
09281,845.0
09283,711.0
09287,864.0
09288,933.0
09289,1114.0
09292,837.0
09294,884.0
09295,942.0
09297,843.0
09298,730.0
09301,849.0
09302,1080.0
09303,1184.0
09304,830.0
09306,958.0
09307,740.0
09308,750.0
09309,1113.0
09310,879.0
09311,900.0
09312,944.0
09314,950.0
09315,904.0
09316,790.0
09317,831.0
09318,1143.0
09321,811.0
09323,723.0
09325,843.0
09326,909.0
09327,801.0
09328,802.0
09329,636.0
09330,964.0
09332,865.0
09334,897.0
09335,1041.0
09337,840.0
09338,840.0
09339,810.0
09340,1076.0
09343,845.0
09345,876.0
09346,961.0
09347,509.0
09348,861.0
09350,829.0
09351,852.0
09352,964.0
09353,691.0
09354,851.0
09355,917.0
09356,939.0
09358,1015.0
09360,958.0
09361,1011.0
09362,856.0
09363,828.0
09365,872.0
09366,906.0
09368,821.0
09369,842.0
09372,846.0
09373,868.0
09374,895.0
09375,820.0
09377,827.0
09378,1087.0
09380,870.0
09381,1130.0
09382,878.0
09384,812.0
09386,948.0
09387,834.0
09388,990.0
09389,803.0
09390,858.0
09391,851.0
09392,818.0
09394,555.0
09395,774.0
09396,900.0
09398,943.0
09400,813.0
09403,945.0
09405,825.0
09406,898.0
09407,990.0
09408,704.0
09409,619.0
09410,311.0
09411,860.0
09412,549.0
09413,834.0
09414,1168.0
09415,940.0
09416,673.0
09417,817.0
09418,807.0
09419,717.0
09421,852.0
09422,700.0
09423,667.0
09424,798.0
09425,1105.0
09427,838.0
09428,899.0
09429,909.0
09430,966.0
09431,951.0
09432,901.0
09433,897.0
09434,898.0
09437,818.0
09438,810.0
09439,837.0
09440,916.0
09441,828.0
09442,856.0
09443,895.0
09444,821.0
09445,864.0
09446,797.0
09447,1144.0
09448,861.0
09449,837.0
09450,1054.0
09451,844.0
09454,727.0
09455,813.0
09456,809.0
09458,876.0
09460,795.0
09463,1026.0
09464,854.0
09466,854.0
09467,776.0
09471,927.0
09472,784.0
09473,825.0
09476,1124.0
09478,1013.0
09480,849.0
09482,825.0
09483,841.0
09485,718.0
09901,851.0
09902,874.0
09903,596.0
09904,866.0
09905,747.0
09906,855.0
09907,849.0
09908,655.0
10001,451.0
10002,396.0
10003,509.0
10004,340.0
10005,477.0
10006,377.0
10007,502.0
10008,228.0
10009,308.0
10010,487.0
10011,565.0
10012,391.0
10013,442.0
10014,658.0
10015,523.0
10016,263.0
10017,581.0
10018,350.0
10019,274.0
10020,306.0
10021,348.0
10022,618.0
10023,396.0
10024,703.0
10025,804.0
10026,379.0
10027,445.0
10028,375.0
10029,727.0
10030,356.0
10031,414.0
10032,407.0
10033,785.0
10034,839.0
10035,517.0
10036,737.0
10037,457.0
10038,318.0
10039,440.0
10040,353.0
10041,489.0
10042,503.0
10043,294.0
10044,597.0
10045,357.0
10046,340.0
10047,266.0
10048,604.0
10049,363.0
10050,526.0
10051,686.0
10052,406.0
10053,322.0
10054,677.0
10055,597.0
10056,492.0
10057,450.0
10058,272.0
10059,243.0
10060,685.0
10061,320.0
10062,274.0
10063,401.0
10064,451.0
10065,451.0
10066,439.0
10067,264.0
10068,519.0
10069,480.0
10070,568.0
10071,492.0
10072,593.0
10073,315.0
10075,515.0
10076,300.0
10077,669.0
10078,1123.0
10079,587.0
10080,645.0
10081,518.0
10082,327.0
10083,503.0
10084,636.0
10085,320.0
10086,410.0
10087,638.0
10088,445.0
10089,428.0
10090,389.0
10091,877.0
10092,461.0
10093,446.0
10094,258.0
10095,324.0
10096,674.0
10097,480.0
10098,336.0
10099,274.0
10100,515.0
10101,285.0
10102,540.0
10103,503.0
10104,562.0
10105,585.0
10106,497.0
10107,605.0
10108,697.0
10109,465.0
10110,538.0
10111,396.0
10112,296.0
10113,589.0
10114,264.0
10115,370.0
10116,467.0
10117,515.0
10118,330.0
10119,332.0
10120,484.0
10121,296.0
10122,368.0
10123,490.0
10124,450.0
10125,376.0
10126,713.0
10127,394.0
10128,261.0
10129,267.0
10130,456.0
10131,291.0
10132,663.0
10133,427.0
10134,933.0
10135,475.0
10136,414.0
10137,450.0
10138,593.0
10139,474.0
10140,336.0
10141,470.0
10142,436.0
10143,331.0
10144,443.0
10145,363.0
10146,448.0
10147,1176.0
10148,349.0
10149,427.0
10150,376.0
10151,370.0
10152,467.0
10153,454.0
10154,615.0
10155,267.0
10156,587.0
10157,449.0
10158,495.0
10159,710.0
10160,416.0
10161,478.0
10162,330.0
10163,437.0
10164,612.0
10165,486.0
10166,452.0
10167,476.0
10168,376.0
10169,347.0
10170,342.0
10171,673.0
10172,380.0
10173,257.0
10174,631.0
10175,412.0
10176,337.0
10177,427.0
10178,362.0
10179,566.0
10180,284.0
10181,444.0
10182,259.0
10183,869.0
10184,766.0
10185,469.0
10186,503.0
10187,558.0
10188,492.0
10189,329.0
10190,293.0
10191,527.0
10192,443.0
10193,422.0
10194,433.0
10195,586.0
10196,649.0
10197,371.0
10198,482.0
10199,366.0
10200,448.0
10201,430.0
10202,332.0
10203,455.0
10204,508.0
10205,489.0
10206,536.0
10207,468.0
10208,336.0
10209,364.0
10210,741.0
10211,534.0
10212,497.0
10213,496.0
10214,469.0
10215,429.0
10216,400.0
10217,448.0
10218,303.0
10219,419.0
10901,278.0
10902,258.0
10903,260.0
10904,275.0
10905,285.0
11001,212.0
11002,618.0
11003,205.0
11004,19.0
11005,366.0
11006,181.0
11007,8.0
11008,23.0
11009,790.0
11010,157.0
11011,285.0
11012,13.0
11013,25.0
11014,11.0
11015,13.0
11016,8.0
11017,118.0
11018,595.0
11019,848.0
11020,57.0
11021,205.0
11022,3.0
11023,335.0
11024,621.0
11025,127.0
11026,431.0
11027,7.03
11028,9.0
11029,160.0
11030,9.0
11031,25.0
11032,3.0
11033,107.0
11034,633.0
11035,59.0
11036,483.0
11037,69.0
11038,337.0
11039,218.0
11040,868.0
11041,193.0
11042,520.0
11901,86.0
11902,142.0
11903,22.0
12001,400.0
12002,495.0
12003,538.0
12004,158.0
12005,280.0
12006,469.0
12007,213.0
12008,483.0
12009,35.0
12010,404.0
12011,23.0
12012,391.0
12013,406.0
12014,1188.0
12015,309.0
12016,260.0
12017,382.0
12018,287.0
12020,980.0
12021,97.0
12022,802.0
12024,595.0
12025,944.0
12026,830.0
12027,12.0
12028,16.0
12029,319.0
12031,203.0
12032,12.0
12033,273.0
12034,121.0
12036,329.0
12037,1132.0
12038,1182.0
12039,348.0
12040,27.0
12041,807.0
12042,657.0
12043,632.0
12044,310.0
12045,904.0
12046,400.0
12048,980.0
12049,470.0
12050,182.0
12051,1094.0
12052,446.0
12053,7.0
12055,1060.0
12056,419.0
12057,378.0
12058,294.0
12059,231.0
12060,363.0
12061,709.0
12063,808.0
12064,506.0
12065,511.0
12067,299.0
12068,783.0
12069,695.0
12070,298.0
12071,517.0
12072,567.0
12073,433.0
12074,11.0
12075,824.0
12076,594.0
12077,4.0
12078,578.0
12079,469.0
12080,985.0
12081,388.0
12082,13.0
12083,1042.0
12084,190.0
12085,7.0
12087,673.0
12088,739.0
12089,48.0
12090,1038.0
12091,1072.0
12092,626.0
12093,702.0
12094,298.0
12095,175.0
12096,490.0
12097,1015.0
12098,338.0
12099,175.0
12100,322.0
12101,250.0
12102,116.0
12103,770.0
12104,368.0
12105,746.0
12106,261.0
12107,232.0
12108,318.0
12109,242.0
12110,637.0
12111,463.0
12112,803.0
12113,289.0
12114,772.0
12115,1012.0
12116,722.0
12117,33.0
12118,338.0
12119,639.0
12120,308.0
12121,264.0
12122,401.0
12123,279.0
12124,300.0
12125,439.0
12126,119.0
12127,668.0
12128,332.0
12129,1127.0
12130,758.0
12131,641.0
12132,347.0
12133,891.0
12134,666.0
12135,43.0
12136,37.0
12137,738.0
12138,6.0
12139,1245.0
12140,561.0
12141,660.0
12142,810.0
12901,24.0
12902,188.0
13001,612.0
13002,569.0
13003,446.0
13004,937.0
13005,643.0
13006,639.0
13007,652.0
13008,806.0
13009,663.0
13010,860.0
13011,582.0
13012,523.0
13013,646.0
13014,905.0
13015,669.0
13016,802.0
13017,549.0
13018,625.0
13019,672.0
13020,675.0
13021,620.0
13022,663.0
13023,646.0
13024,729.0
13025,683.0
13026,734.0
13027,648.0
13028,706.0
13029,651.0
13030,646.0
13031,618.0
13032,893.0
13033,824.0
13034,625.0
13035,594.0
13036,777.0
13037,858.0
13038,521.0
13039,621.0
13040,616.0
13041,647.0
13042,695.0
13043,905.0
13044,678.0
13045,657.0
13046,364.0
13047,643.0
13048,763.0
13049,593.0
13050,650.0
13051,542.0
13052,639.0
13053,658.0
13054,667.0
13055,742.0
13056,630.0
13057,899.0
13058,671.0
13059,618.0
13060,666.0
13061,661.0
13062,603.0
13063,598.0
13064,629.0
13065,645.0
13066,624.0
13067,582.0
13068,498.0
13069,933.0
13070,675.0
13071,704.0
13072,733.0
13073,590.0
13074,754.0
13075,764.0
13076,982.0
13077,719.0
13078,680.0
13079,767.0
13080,728.0
13081,925.0
13082,663.0
13083,622.0
13084,826.0
13085,734.0
13086,556.0
13087,706.0
13088,659.0
13089,956.0
13090,856.0
13091,663.0
13092,1004.0
13093,879.0
13094,650.0
13095,638.0
13096,624.0
13097,628.0
13098,782.0
13901,590.0
13902,798.0
13903,645.0
13904,649.0
14001,241.0
14002,379.0
14003,609.0
14004,620.0
14005,119.0
14006,624.0
14007,459.0
14008,488.0
14009,533.0
14010,454.0
14011,595.0
14012,346.0
14013,447.0
14014,319.0
14015,634.0
14016,746.0
14017,212.0
14018,182.0
14019,236.0
14020,596.0
14021,106.0
14022,585.0
14023,587.0
14024,441.0
14025,424.0
14026,556.0
14027,336.0
14028,560.0
14029,627.0
14030,158.0
14031,600.0
14032,548.0
14033,159.0
14034,567.0
14035,548.0
14036,181.0
14037,519.0
14038,484.0
14039,663.0
14040,280.0
14041,384.0
14042,378.0
14043,197.0
14044,388.0
14045,375.0
14046,450.0
14047,702.0
14048,398.0
14049,54.0
14050,160.0
14051,628.0
14052,538.0
14053,87.0
14054,649.0
14055,649.0
14056,229.0
14057,326.0
14058,635.0
14059,311.0
14060,241.0
14061,561.0
14062,573.0
14063,344.0
14064,578.0
14065,262.0
14066,166.0
14067,144.0
14068,579.0
14069,724.0
14070,582.0
14071,549.0
14072,583.0
14073,695.0
14074,576.0
14075,654.0
14901,155.0
14902,292.0
15001,144.0
15002,33.0
15003,269.0
15004,7.0
15005,31.0
15006,385.0
15007,272.0
15008,103.0
15009,24.0
15010,488.0
15011,27.0
15012,305.0
15013,110.0
15014,21.0
15015,73.0
15016,13.0
15017,64.0
15018,389.0
15019,110.0
15020,41.0
15021,147.0
15022,10.0
15023,5.0
15024,343.0
15025,283.0
15027,223.0
15028,13.0
15029,140.0
15030,7.0
15031,82.0
15032,492.0
15033,18.0
15034,198.0
15035,27.0
15036,16.0
15037,21.0
15038,346.0
15039,367.0
15040,13.0
15041,182.0
15042,39.0
15043,12.0
15044,71.0
15045,326.0
15046,456.0
15047,399.0
15048,42.0
15049,263.0
15050,354.0
15051,23.0
15052,6.0
15053,7.0
15054,25.0
15055,19.0
15056,167.0
15057,13.0
15058,123.0
15059,286.0
15060,228.0
15061,12.0
15062,13.0
15064,160.0
15065,6.0
15066,287.0
15067,8.0
15068,17.0
15069,5.0
15070,360.0
15071,13.0
15072,11.0
15073,10.0
15074,67.0
15075,6.0
15076,58.0
15077,355.0
15078,254.0
15079,363.0
15080,508.0
15081,226.0
15082,157.0
15083,464.0
15084,367.0
15085,318.0
15086,322.0
15087,71.0
15088,201.0
15089,168.0
15090,485.0
15091,275.0
15092,132.0
15093,229.0
15901,7.0
15902,231.0
15026,231.0
15063,231.0
16001,1022.0
16002,764.0
16003,840.0
16004,915.0
16005,852.0
16006,831.0
16007,811.0
16008,1194.0
16009,843.0
16010,883.0
16011,810.0
16012,839.0
16013,1267.0
16014,1005.0
16015,874.0
16016,869.0
16017,994.0
16018,892.0
16019,883.0
16020,890.0
16022,1000.0
16023,914.0
16024,1044.0
16025,936.0
16026,813.0
16027,701.0
16029,950.0
16030,1060.0
16031,1334.0
16032,750.0
16033,756.0
16034,870.0
16035,1217.0
16036,1033.0
16038,816.0
16039,821.0
16040,1301.0
16041,739.0
16042,939.0
16043,1177.0
16044,1253.0
16045,785.0
16046,1022.0
16047,807.0
16048,883.0
16049,792.0
16050,817.0
16051,792.0
16052,1074.0
16053,1063.0
16055,1027.0
16056,964.0
16057,1243.0
16058,790.0
16060,753.0
16061,727.0
16062,1153.0
16063,753.0
16064,729.0
16065,726.0
16066,751.0
16067,861.0
16068,823.0
16070,1007.0
16071,900.0
16072,932.0
16073,898.0
16074,1261.0
16078,997.0
16079,1334.0
16081,1034.0
16082,734.0
16083,902.0
16084,993.0
16085,976.0
16086,772.0
16087,851.0
16088,1104.0
16089,1023.0
16091,982.0
16092,920.0
16093,945.0
16094,932.0
16095,1101.0
16096,835.0
16097,1073.0
16098,775.0
16099,939.0
16100,775.0
16101,869.0
16102,815.0
16103,807.0
16104,828.0
16106,756.0
16107,1316.0
16108,821.0
16109,1110.0
16110,929.0
16111,1262.0
16112,835.0
16113,769.0
16115,1319.0
16116,1362.0
16117,988.0
16118,725.0
16119,752.0
16121,1390.0
16122,961.0
16123,1376.0
16124,689.0
16125,823.0
16126,830.0
16128,735.0
16129,905.0
16130,891.0
16131,1017.0
16132,865.0
16133,707.0
16134,830.0
16135,1136.0
16137,850.0
16139,906.0
16140,898.0
16141,938.0
16142,822.0
16143,869.0
16145,764.0
16146,1051.0
16147,983.0
16148,877.0
16149,1075.0
16150,969.0
16151,832.0
16152,1023.0
16153,716.0
16154,709.0
16155,793.0
16156,877.0
16157,795.0
16158,698.0
16159,882.0
16160,976.0
16161,927.0
16162,817.0
16163,1066.0
16165,1240.0
16166,752.0
16167,785.0
16169,1218.0
16170,848.0
16171,699.0
16172,864.0
16173,801.0
16174,842.0
16175,728.0
16176,823.0
16177,1022.0
16181,874.0
16185,904.0
16186,930.0
16187,1132.0
16188,761.0
16189,1212.0
16190,721.0
16191,940.0
16192,1208.0
16193,820.0
16194,763.0
16195,788.0
16196,716.0
16197,1196.0
16198,744.0
16199,1043.0
16202,991.0
16203,810.0
16204,888.0
16205,1235.0
16206,870.0
16209,912.0
16211,931.0
16212,799.0
16213,849.0
16215,1281.0
16216,796.0
16217,823.0
16218,842.0
16219,1139.0
16224,1322.0
16225,1200.0
16227,1111.0
16228,926.0
16231,800.0
16234,1225.0
16236,817.0
16237,869.0
16238,822.0
16239,1344.0
16240,943.0
16242,813.0
16243,824.0
16244,728.0
16245,994.0
16246,787.0
16247,857.0
16248,775.0
16249,775.0
16250,812.0
16251,769.0
16253,815.0
16254,933.0
16255,842.0
16258,990.0
16259,763.0
16263,921.0
16264,860.0
16265,943.0
16266,910.0
16269,869.0
16270,821.0
16271,757.0
16272,853.0
16273,857.0
16274,897.0
16275,886.0
16276,867.0
16277,955.0
16278,1418.0
16279,709.0
16280,1054.0
16901,896.0
16902,900.0
16903,873.0
16904,968.0
16905,960.0
16906,932.0
16908,779.0
16909,988.0
16910,978.0
17001,162.0
17002,164.0
17003,234.0
17004,25.0
17005,43.0
17006,1161.0
17007,186.0
17008,163.0
17009,287.0
17010,182.0
17011,6.0
17012,71.0
17013,198.0
17014,542.0
17015,165.0
17016,64.0
17018,31.0
17019,168.0
17020,100.0
17021,339.0
17022,35.0
17023,14.0
17024,1144.0
17025,41.0
17026,73.0
17027,169.0
17028,251.0
17029,86.0
17030,24.0
17031,194.0
17032,16.0
17033,92.0
17034,35.0
17035,168.0
17036,734.0
17037,1301.0
17038,112.0
17039,964.0
17040,246.0
17041,204.0
17042,105.0
17043,1220.0
17044,146.0
17046,281.0
17047,17.0
17048,4.0
17049,71.0
17050,45.0
17051,130.0
17052,32.0
17054,22.0
17055,39.0
17056,96.0
17057,43.0
17058,137.0
17060,187.0
17061,1221.0
17062,13.0
17063,750.0
17064,122.0
17065,139.0
17066,41.0
17067,33.0
17068,79.0
17069,1149.0
17070,30.0
17071,203.0
17073,101.0
17074,8.0
17075,110.0
17076,85.0
17077,55.0
17078,1134.0
17079,69.0
17080,910.0
17081,10.0
17082,1379.0
17083,159.0
17084,1035.0
17085,41.0
17086,112.0
17087,94.0
17088,206.0
17089,155.0
17090,142.0
17091,984.0
17092,11.0
17093,137.0
17094,1225.0
17095,5.0
17096,900.0
17097,173.0
17098,237.0
17099,1539.0
17100,79.0
17101,151.0
17102,371.0
17103,100.0
17105,278.0
17106,59.0
17107,1181.0
17109,276.0
17110,89.0
17111,148.0
17112,942.0
17114,438.0
17115,97.0
17116,342.0
17117,62.0
17118,10.0
17119,87.0
17120,100.0
17121,20.0
17123,141.0
17124,52.0
17125,1228.0
17126,37.0
17128,34.0
17129,35.0
17130,89.0
17132,37.0
17133,371.0
17134,1126.0
17135,56.0
17136,96.0
17137,182.0
17138,27.0
17139,475.0
17140,14.0
17141,1206.0
17142,94.0
17143,103.0
17144,76.0
17145,913.0
17146,486.0
17147,690.0
17148,83.0
17149,570.0
17150,97.0
17151,6.0
17152,4.0
17153,64.0
17154,261.0
17155,86.0
17157,130.0
17158,82.0
17159,403.0
17160,3.0
17161,472.0
17162,361.0
17163,100.0
17164,798.0
17165,202.0
17166,58.0
17167,772.0
17168,53.0
17169,178.0
17170,953.0
17171,166.0
17172,257.0
17173,70.0
17174,223.0
17175,26.0
17176,54.0
17177,852.0
17178,5.0
17180,139.0
17181,29.0
17182,43.0
17183,409.0
17184,491.0
17185,322.0
17186,66.0
17187,86.0
17188,48.0
17189,160.0
17190,183.0
17191,14.0
17192,1278.0
17193,73.0
17194,816.0
17195,18.0
17196,228.0
17197,42.0
17198,10.0
17199,30.0
17200,277.0
17201,1446.0
17202,3.0
17203,29.0
17204,24.0
17205,48.0
17206,1264.0
17207,450.0
17208,359.0
17209,48.0
17210,29.0
17211,21.0
17212,980.0
17213,91.0
17214,19.0
17215,115.0
17216,92.0
17217,6.0
17218,124.0
17220,820.0
17221,54.0
17222,66.0
17223,32.0
17224,1071.0
17225,6.0
17226,40.0
17227,167.0
17228,98.0
17230,15.0
17232,76.0
17233,118.0
17234,77.0
17901,111.0
17902,49.0
17903,130.0
18001,1059.0
18002,861.0
18003,649.0
18004,898.0
18005,1114.0
18006,240.0
18007,734.0
18010,1274.0
18011,919.0
18012,606.0
18013,889.0
18014,736.0
18015,700.0
18016,818.0
18017,22.0
18018,1195.0
18020,874.0
18021,675.0
18022,598.0
18023,843.0
18024,1072.0
18025,950.0
18027,867.0
18028,841.0
18029,723.0
18030,1319.0
18032,1281.0
18033,1159.0
18034,701.0
18035,920.0
18036,729.0
18037,768.0
18038,935.0
18039,906.0
18040,1026.0
18042,1429.0
18043,774.0
18044,1007.0
18045,775.0
18046,904.0
18047,747.0
18048,540.0
18049,1136.0
18050,999.0
18051,841.0
18053,700.0
18054,974.0
18056,892.0
18057,641.0
18059,552.0
18061,693.0
18062,655.0
18063,1120.0
18064,654.0
18065,1008.0
18066,737.0
18067,1228.0
18068,881.0
18069,1210.0
18070,812.0
18071,788.0
18072,873.0
18074,1269.0
18076,786.0
18077,858.0
18078,795.0
18079,544.0
18082,830.0
18083,1039.0
18084,791.0
18085,1239.0
18086,854.0
18087,684.0
18088,969.0
18089,913.0
18093,339.0
18094,1087.0
18095,877.0
18096,911.0
18097,1153.0
18098,952.0
18099,1024.0
18100,485.0
18101,724.0
18102,740.0
18103,390.0
18105,804.0
18106,966.0
18107,900.0
18108,1228.0
18109,124.0
18111,767.0
18112,1258.0
18114,1195.0
18115,540.0
18116,659.0
18117,1340.0
18119,703.0
18120,645.0
18121,936.0
18122,484.0
18123,1244.0
18124,526.0
18126,708.0
18127,657.0
18128,916.0
18132,1086.0
18133,241.0
18134,806.0
18135,834.0
18136,1147.0
18137,1023.0
18138,624.0
18140,39.0
18141,1115.0
18143,935.0
18144,1042.0
18145,720.0
18146,927.0
18147,455.0
18148,286.0
18149,785.0
18150,749.0
18151,1057.0
18152,1041.0
18153,692.0
18154,987.0
18157,773.0
18158,634.0
18159,928.0
18161,1156.0
18162,798.0
18163,1302.0
18164,1163.0
18165,735.0
18167,911.0
18168,881.0
18170,795.0
18171,546.0
18173,77.0
18174,739.0
18175,582.0
18176,949.0
18177,763.0
18178,1216.0
18179,680.0
18180,1479.0
18181,684.0
18182,564.0
18183,906.0
18184,173.0
18185,851.0
18187,629.0
18188,490.0
18189,1079.0
18192,894.0
18193,740.0
18194,763.0
18901,1250.0
18902,538.0
18903,1015.0
18904,1213.0
18905,676.0
18906,284.0
18907,1017.0
18908,748.0
18909,1090.0
18910,366.0
18911,617.0
18912,844.0
18913,677.0
18914,546.0
18915,975.0
18916,3.0
19001,1039.0
19002,1061.0
19003,1380.0
19004,1064.0
19005,830.0
19006,759.0
19007,742.0
19008,1189.0
19009,782.0
19010,1001.0
19011,1203.0
19013,1414.0
19015,946.0
19016,900.0
19017,1116.0
19018,815.0
19019,921.0
19020,1054.0
19021,665.0
19022,683.0
19023,954.0
19024,644.0
19027,1398.0
19031,996.0
19032,1120.0
19033,1192.0
19034,1284.0
19036,692.0
19037,903.0
19038,991.0
19039,962.0
19040,1208.0
19041,709.0
19042,1213.0
19043,949.0
19044,1167.0
19045,747.0
19046,627.0
19047,861.0
19048,1260.0
19049,1157.0
19050,884.0
19051,926.0
19052,1126.0
19053,876.0
19054,895.0
19055,844.0
19057,1294.0
19058,691.0
19059,1111.0
19060,1101.0
19061,1350.0
19064,1158.0
19065,1318.0
19066,794.0
19067,1268.0
19070,914.0
19071,833.0
19073,1021.0
19074,852.0
19075,965.0
19076,1210.0
19078,999.0
19079,1079.0
19080,915.0
19081,958.0
19082,811.0
19086,893.0
19087,1020.0
19088,819.0
19089,1262.0
19090,1117.0
19091,946.0
19092,875.0
19095,1313.0
19096,1301.0
19097,1018.0
19098,843.0
19099,1053.0
19102,885.0
19103,1356.0
19104,1359.0
19105,786.0
19106,800.0
19107,729.0
19108,747.0
19109,1076.0
19110,1020.0
19111,788.0
19112,858.0
19113,760.0
19114,1153.0
19115,1147.0
19116,1099.0
19117,685.0
19118,1219.0
19119,826.0
19120,901.0
19121,971.0
19122,1127.0
19123,887.0
19124,807.0
19125,1029.0
19126,738.0
19127,1366.0
19129,1208.0
19130,685.0
19132,826.0
19133,707.0
19134,1072.0
19135,1084.0
19136,1163.0
19138,870.0
19139,1233.0
19142,728.0
19143,903.0
19145,1092.0
19146,1257.0
19147,876.0
19148,1150.0
19150,894.0
19151,748.0
19152,747.0
19153,1166.0
19154,984.0
19155,855.0
19156,827.0
19157,834.0
19159,924.0
19160,701.0
19161,773.0
19162,1061.0
19163,1176.0
19165,1186.0
19166,780.0
19167,820.0
19168,869.0
19169,944.0
19170,1246.0
19171,675.0
19172,886.0
19173,873.0
19174,816.0
19175,1206.0
19176,710.0
19177,808.0
19178,1254.0
19179,845.0
19181,1150.0
19182,953.0
19183,1067.0
19184,823.0
19185,1015.0
19186,1065.0
19187,1019.0
19188,994.0
19189,782.0
19190,1059.0
19191,929.0
19192,796.0
19193,836.0
19194,842.0
19195,1183.0
19196,808.0
19197,1163.0
19198,987.0
19199,860.0
19200,1038.0
19201,1143.0
19202,978.0
19203,1236.0
19204,1500.0
19208,915.0
19209,1185.0
19210,1004.0
19211,754.0
19212,755.0
19213,1191.0
19214,1358.0
19215,940.0
19216,1185.0
19217,1111.0
19218,835.0
19219,1212.0
19220,876.0
19221,1368.0
19222,1263.0
19223,1191.0
19224,785.0
19225,888.0
19226,1144.0
19227,1153.0
19228,921.0
19229,839.0
19230,701.0
19231,1028.0
19232,978.0
19233,751.0
19234,898.0
19235,984.0
19237,1048.0
19238,1017.0
19239,885.0
19240,1151.0
19241,1102.0
19242,759.0
19243,1145.0
19244,1115.0
19245,741.0
19246,983.0
19247,824.0
19248,861.0
19249,1018.0
19250,914.0
19251,1105.0
19252,663.0
19254,1218.0
19255,1257.0
19256,1034.0
19257,1016.0
19258,998.0
19259,1242.0
19260,1036.0
19261,1145.0
19262,1026.0
19263,773.0
19264,1316.0
19265,1175.0
19266,789.0
19267,1175.0
19268,1136.0
19269,939.0
19270,1025.0
19271,1245.0
19272,1323.0
19274,962.0
19277,1182.0
19278,1020.0
19279,725.0
19280,721.0
19281,932.0
19282,1085.0
19283,1291.0
19284,1163.0
19285,1168.0
19286,719.0
19287,1114.0
19288,892.0
19289,1379.0
19290,995.0
19291,730.0
19293,778.0
19294,1142.0
19296,834.0
19297,760.0
19298,783.0
19299,953.0
19300,740.0
19301,749.0
19302,931.0
19303,1019.0
19304,836.0
19305,908.0
19306,870.0
19307,849.0
19308,961.0
19309,1226.0
19310,843.0
19311,1255.0
19314,873.0
19317,1272.0
19318,1019.0
19319,691.0
19321,1043.0
19322,853.0
19323,915.0
19324,938.0
19325,902.0
19326,883.0
19327,748.0
19329,916.0
19330,946.0
19331,693.0
19332,1103.0
19333,1223.0
19334,1043.0
19335,644.0
19901,1196.0
20001,374.0
20002,129.0
20003,58.0
20004,278.0
20005,96.0
20006,341.0
20007,217.0
20008,185.0
20009,69.0
20010,76.0
20011,236.0
20012,169.0
20013,248.0
20014,100.0
20015,197.0
20016,311.0
20017,116.0
20018,82.0
20019,173.0
20020,477.0
20021,213.0
20022,403.0
20023,163.0
20024,489.0
20025,296.0
20026,329.0
20027,72.0
20028,113.0
20029,4.0
20030,121.0
20031,246.0
20032,44.0
20033,472.0
20034,279.0
20035,240.0
20036,24.0
20037,444.0
20038,418.0
20039,18.0
20040,44.0
20041,302.0
20042,87.0
20043,213.0
20044,113.0
20045,9.0
20046,74.0
20047,173.0
20048,239.0
20049,157.0
20050,297.0
20051,408.0
20052,124.0
20053,19.0
20054,138.0
20055,217.0
20056,49.0
20057,246.0
20058,321.0
20059,235.0
20060,417.0
20061,14.0
20062,196.0
20063,80.0
20064,10.0
20065,113.0
20066,304.0
20067,12.0
20068,456.0
20069,7.0
20070,247.0
20071,74.0
20072,56.0
20073,29.0
20074,157.0
20075,54.0
20076,153.0
20077,355.0
20078,168.0
20079,7.0
20080,397.0
20081,4.0
20901,15.0
20902,21.0
20903,25.0
20904,296.0
20905,388.0
20906,279.0
20907,454.0
21001,573.0
21002,34.0
21003,231.0
21004,574.4
21005,75.0
21006,183.0
21007,732.0
21008,404.0
21009,600.0
21010,45.0
21011,119.0
21012,306.0
21013,109.0
21014,72.0
21015,221.0
21016,586.0
21017,297.0
21018,434.0
21019,520.0
21020,544.0
21021,18.0
21022,733.0
21023,298.0
21024,577.0
21025,679.0
21026,620.0
21027,589.0
21028,578.0
21029,695.0
21030,141.0
21031,431.0
21032,171.0
21033,715.0
21034,568.0
21035,24.0
21036,434.0
21037,133.0
21038,626.0
21039,609.0
21040,81.0
21041,24.0
21042,3.0
21043,655.0
21044,20.0
21045,494.0
21046,80.0
21047,163.0
21048,720.0
21049,418.0
21050,50.0
21051,417.0
21052,335.0
21053,43.0
21054,91.0
21055,25.0
21056,177.0
21057,195.0
21058,214.0
21059,523.0
21060,7.0
21061,97.0
21062,219.0
21063,128.0
21064,6.0
21065,25.0
21066,152.0
21067,631.0
21068,307.0
21069,539.0
21070,75.0
21071,617.0
21072,272.0
21073,88.0
21074,157.0
21075,118.0
21076,225.0
21077,63.0
21078,405.0
21079,440.0
21902,256.0
22001,536.0
22002,638.0
22003,616.0
22004,695.0
22006,1041.0
22007,189.0
22008,261.0
22009,360.0
22011,442.0
22012,408.0
22013,352.0
22014,471.0
22015,521.0
22016,499.0
22017,186.0
22018,460.0
22019,504.0
22020,248.0
22021,426.0
22022,348.0
22023,344.0
22024,657.0
22025,263.0
22027,544.0
22028,858.0
22029,514.0
22032,971.0
22035,724.0
22036,481.0
22037,1038.0
22039,583.0
22040,449.0
22041,432.0
22042,491.0
22043,612.0
22044,708.0
22045,459.0
22046,162.0
22047,532.0
22048,343.0
22049,360.0
22050,469.0
22051,715.0
22052,196.0
22053,774.0
22054,1140.0
22055,519.0
22057,1024.0
22058,595.0
22059,860.0
22060,277.0
22061,283.0
22062,1111.0
22063,472.0
22064,467.0
22066,643.0
22067,1259.0
22068,1002.0
22069,903.0
22072,642.0
22074,691.0
22075,620.0
22076,692.0
22077,283.0
22078,1037.0
22079,312.0
22080,523.0
22081,559.0
22082,370.0
22083,467.0
22084,923.0
22085,312.0
22086,914.0
22087,839.0
22088,367.0
22089,457.0
22090,606.0
22094,195.0
22095,1223.0
22096,520.0
22099,277.0
22102,397.0
22103,454.0
22105,718.0
22106,897.0
22107,1336.0
22109,766.0
22110,480.0
22111,978.0
22112,125.0
22113,636.0
22114,1413.0
22115,472.0
22116,337.0
22117,542.0
22119,341.0
22122,1266.0
22124,368.0
22125,483.0
22126,639.0
22127,596.0
22128,322.0
22129,739.0
22130,818.0
22131,936.0
22133,572.0
22135,481.0
22136,287.0
22137,369.0
22139,460.0
22141,529.0
22142,648.0
22143,1432.0
22144,708.0
22149,779.0
22150,583.0
22151,615.0
22155,1030.0
22156,435.0
22157,1213.0
22158,278.0
22160,625.0
22162,455.0
22163,727.0
22164,528.0
22165,212.0
22167,165.0
22168,727.0
22170,1186.0
22172,254.0
22173,739.0
22174,399.0
22175,537.0
22176,428.0
22177,516.0
22178,377.0
22181,451.0
22182,1126.0
22184,294.0
22186,423.0
22187,646.0
22188,537.0
22189,1173.0
22190,699.0
22193,254.0
22195,474.0
22197,399.0
22199,797.0
22200,1128.0
22201,613.0
22202,462.0
22203,425.0
22204,1304.0
22205,460.0
22206,378.0
22207,1118.0
22208,643.0
22209,788.0
22212,564.0
22213,282.0
22214,611.0
22215,819.0
22217,222.0
22218,390.0
22220,458.0
22221,997.0
22222,558.0
22223,710.0
22225,371.0
22226,382.0
22227,809.0
22228,466.0
22229,690.0
22230,1020.0
22232,399.0
22233,1078.0
22234,108.0
22235,392.0
22236,354.0
22239,419.0
22242,367.0
22243,1002.0
22244,1016.0
22245,129.0
22246,999.0
22247,948.0
22248,395.0
22249,984.0
22250,950.0
22251,231.0
22252,877.0
22253,1125.0
22254,156.0
22901,828.0
22902,691.0
22903,236.0
22904,672.0
22905,470.0
22906,436.0
22907,586.0
22908,719.0
22909,201.0
23001,862.0
23002,1029.0
23003,675.0
23004,698.0
23005,211.0
23006,458.0
23007,346.0
23008,380.0
23009,769.0
23010,342.0
23011,418.0
23012,581.0
23014,559.0
23015,867.0
23016,853.0
23017,942.0
23018,829.0
23019,874.0
23020,537.0
23021,406.0
23024,604.0
23025,760.0
23026,684.0
23027,299.0
23028,823.0
23029,873.0
23030,732.0
23031,315.0
23032,284.0
23033,973.0
23034,719.0
23035,436.0
23037,835.0
23038,636.0
23039,349.0
23040,409.0
23041,359.0
23042,668.0
23043,869.0
23044,1005.0
23045,653.0
23046,595.0
23047,933.0
23048,1038.0
23049,497.0
23050,570.0
23051,753.0
23052,609.0
23053,628.0
23054,743.0
23055,418.0
23056,270.0
23057,498.0
23058,759.0
23059,245.0
23060,751.0
23061,323.0
23062,644.0
23063,654.0
23064,1084.0
23065,795.0
23066,563.0
23067,836.0
23069,471.0
23070,873.0
23071,543.0
23072,585.0
23073,677.0
23074,590.0
23075,829.0
23076,741.0
23077,385.0
23079,681.0
23080,457.0
23081,1108.0
23082,825.0
23084,637.0
23085,332.0
23086,646.0
23087,591.0
23088,756.0
23090,883.0
23091,835.0
23092,750.0
23093,923.0
23094,545.0
23095,824.0
23096,221.0
23097,687.0
23098,441.0
23099,634.0
23101,875.0
23901,799.0
23902,687.0
23903,347.0
23904,1324.0
23905,540.0
24001,1153.0
24002,738.0
24003,734.0
24004,917.0
24005,754.0
24006,783.0
24007,598.0
24008,869.0
24009,720.0
24010,772.0
24011,844.0
24012,1032.0
24014,644.0
24015,839.0
24016,785.0
24017,818.0
24018,854.0
24019,805.0
24020,1111.0
24021,975.0
24022,556.0
24023,966.0
24024,879.0
24025,1092.0
24026,844.0
24027,557.0
24028,762.0
24029,1249.0
24030,479.0
24031,820.0
24032,770.0
24033,768.0
24034,490.0
24036,907.0
24037,1158.0
24038,455.0
24039,871.0
24040,1049.0
24041,515.0
24042,819.0
24043,1062.0
24044,904.0
24046,815.0
24047,915.0
24049,747.0
24050,850.0
24051,849.0
24052,940.0
24053,758.0
24054,719.0
24055,898.0
24056,948.0
24057,689.0
24058,792.0
24059,523.0
24060,1003.0
24061,900.0
24062,777.0
24063,892.0
24064,578.0
24065,879.0
24066,877.0
24067,997.0
24068,1102.0
24069,818.0
24070,676.0
24071,774.0
24073,753.0
24074,803.0
24076,920.0
24077,819.0
24078,747.0
24079,851.0
24080,799.0
24081,798.0
24082,818.0
24083,914.0
24084,782.0
24086,792.0
24087,798.0
24088,778.0
24089,837.0
24090,1216.0
24091,1071.0
24092,895.0
24093,895.0
24094,797.0
24095,790.0
24096,1246.0
24097,856.0
24098,1022.0
24099,828.0
24100,588.0
24101,1254.0
24102,831.0
24103,848.0
24104,934.0
24105,806.0
24106,740.0
24107,791.0
24108,794.0
24109,864.0
24110,867.0
24112,949.0
24113,795.0
24114,1004.0
24115,512.0
24116,927.0
24117,754.0
24118,1046.0
24119,512.0
24120,1120.0
24121,1137.0
24122,377.0
24123,1012.0
24124,746.0
24125,815.0
24127,765.0
24129,1148.0
24130,1130.0
24131,809.0
24132,1040.0
24133,953.0
24134,955.0
24136,771.0
24137,982.0
24139,813.0
24141,732.0
24142,849.0
24143,673.0
24144,796.0
24145,1180.0
24146,782.0
24148,847.0
24149,751.0
24150,823.0
24151,926.0
24152,989.0
24153,815.0
24154,770.0
24155,788.0
24156,885.0
24157,808.0
24158,947.0
24159,842.0
24160,834.0
24161,932.0
24162,836.0
24163,864.0
24164,1139.0
24165,426.0
24166,777.0
24167,1048.0
24168,742.0
24169,659.0
24170,756.0
24171,593.0
24172,1118.0
24173,847.0
24174,812.0
24175,869.0
24176,782.0
24177,1202.0
24178,778.0
24179,1027.0
24180,876.0
24181,754.0
24182,841.0
24183,1033.0
24184,1022.0
24185,892.0
24187,812.0
24188,762.0
24189,887.0
24190,833.0
24191,837.0
24193,1006.0
24194,1038.0
24196,604.0
24197,778.0
24198,630.0
24199,936.0
24201,860.0
24202,1015.0
24203,845.0
24205,897.0
24206,530.0
24207,746.0
24209,499.0
24210,1013.0
24211,728.0
24212,765.0
24213,898.0
24214,912.0
24215,829.0
24216,820.0
24217,845.0
24218,779.0
24219,868.0
24221,722.0
24222,887.0
24223,814.0
24224,827.0
24225,850.0
24226,862.0
24227,795.0
24228,796.0
24229,912.0
24230,780.0
24901,1133.0
24902,735.0
25001,954.0
25002,629.0
25003,336.0
25004,211.0
25005,769.0
25006,372.0
25007,146.0
25008,236.0
25009,527.0
25010,214.0
25011,134.0
25012,215.0
25013,280.0
25014,239.0
25015,342.0
25016,304.0
25017,1049.0
25019,248.0
25020,463.0
25021,326.0
25022,292.0
25023,263.0
25024,1084.0
25025,1270.0
25027,335.0
25029,333.0
25030,860.0
25031,1264.0
25032,949.0
25033,204.0
25034,319.0
25035,280.0
25036,257.0
25037,570.0
25038,108.0
25039,597.0
25040,261.0
25041,282.0
25042,474.0
25043,1096.0
25044,434.0
25045,908.0
25046,374.0
25047,268.0
25048,196.0
25049,380.0
25050,309.0
25051,1057.0
25052,204.0
25053,233.0
25055,449.0
25056,296.0
25057,858.0
25058,303.0
25059,711.0
25060,424.0
25061,759.0
25062,287.0
25063,919.0
25064,652.0
25067,354.0
25068,269.0
25069,362.0
25070,266.0
25071,1293.0
25072,541.0
25073,442.0
25074,519.0
25075,506.0
25076,280.0
25077,569.0
25078,209.0
25079,504.0
25081,433.0
25082,1319.0
25085,613.0
25086,956.0
25087,1209.0
25088,1079.0
25089,1356.0
25092,315.0
25093,243.0
25094,438.0
25096,272.0
25097,583.0
25098,429.0
25099,275.0
25100,1420.0
25101,525.0
25102,80.0
25103,498.0
25104,602.0
25105,366.0
25109,558.0
25110,485.0
25111,938.0
25112,332.0
25113,263.0
25114,569.0
25115,661.0
25118,576.0
25119,263.0
25120,167.0
25121,633.0
25122,244.0
25123,1049.0
25124,831.0
25125,396.0
25126,807.0
25127,1477.0
25128,770.0
25129,855.0
25130,425.0
25131,94.0
25132,500.0
25133,381.0
25134,207.0
25135,287.0
25136,670.0
25137,248.0
25138,286.0
25139,963.0
25140,727.0
25141,688.0
25142,166.0
25143,611.0
25145,486.0
25146,608.0
25148,1321.0
25149,476.0
25150,450.0
25151,564.0
25152,528.0
25153,385.0
25154,563.0
25155,560.0
25156,466.0
25157,386.0
25158,235.0
25161,510.0
25163,984.0
25164,277.0
25165,568.0
25166,804.0
25167,821.0
25168,215.0
25169,663.0
25170,637.0
25171,526.0
25172,365.0
25173,838.0
25174,259.0
25175,1118.0
25176,326.0
25177,316.0
25179,1092.0
25180,334.0
25181,365.0
25182,220.0
25183,728.0
25185,699.0
25186,606.0
25189,253.0
25190,571.0
25191,409.0
25192,739.0
25193,923.0
25194,663.0
25196,869.0
25197,553.0
25200,199.0
25201,998.0
25202,727.0
25203,692.0
25204,102.0
25205,232.0
25206,382.0
25207,664.0
25208,1175.0
25209,689.0
25210,118.0
25211,152.0
25212,213.0
25215,570.0
25216,772.0
25217,371.0
25218,578.0
25219,461.0
25220,205.0
25221,990.0
25222,434.0
25223,446.0
25224,478.0
25225,295.0
25226,278.0
25227,1088.0
25228,214.0
25230,230.0
25231,201.0
25232,119.0
25233,195.0
25234,468.0
25238,485.0
25239,739.0
25240,231.0
25242,433.0
25243,974.0
25244,355.0
25245,978.0
25247,1256.0
25248,290.0
25249,403.0
25250,629.0
25251,253.0
25252,247.0
25253,663.0
25254,193.0
25255,480.0
25901,898.0
25902,408.0
25903,940.0
25904,529.0
25905,570.0
25906,663.0
25907,471.0
25908,601.0
25909,991.0
25910,1204.0
25911,411.0
25912,258.0
25913,1173.0
26001,590.0
26002,346.0
26003,638.0
26004,1039.0
26005,537.0
26006,449.0
26007,348.0
26008,343.0
26009,567.0
26010,575.0
26011,300.0
26012,1061.0
26013,473.0
26014,661.0
26015,542.0
26016,598.0
26017,655.0
26018,525.0
26019,355.0
26020,563.0
26021,462.0
26022,555.0
26023,623.0
26024,595.0
26025,550.0
26026,576.0
26027,732.0
26028,648.0
26029,844.0
26030,698.0
26031,587.0
26032,968.0
26033,456.0
26034,502.0
26035,915.0
26036,358.0
26037,667.0
26038,1026.0
26039,624.0
26040,644.0
26041,566.0
26042,500.0
26043,542.0
26044,967.0
26045,792.0
26046,436.0
26047,549.0
26048,583.0
26049,487.0
26050,755.0
26051,898.0
26052,594.0
26053,522.0
26054,750.0
26055,734.0
26056,520.0
26057,726.0
26058,814.0
26059,561.0
26060,749.0
26061,814.0
26062,699.0
26063,559.0
26064,433.0
26065,646.0
26066,563.0
26067,1060.0
26068,482.0
26069,725.0
26070,767.0
26071,478.0
26072,605.0
26073,570.0
26074,641.0
26075,516.0
26076,494.0
26077,1158.0
26078,681.0
26079,512.0
26080,593.0
26081,882.0
26082,1056.0
26083,643.0
26084,438.0
26086,746.0
26087,587.0
26088,571.0
26089,384.0
26091,1184.0
26092,629.0
26093,947.0
26094,806.0
26095,682.0
26096,600.0
26098,790.0
26099,411.0
26100,893.0
26101,1111.0
26102,491.0
26103,630.0
26104,930.0
26105,519.0
26106,866.0
26107,1017.0
26108,898.0
26109,551.0
26110,793.0
26111,507.0
26112,1047.0
26113,1161.0
26114,780.0
26115,1004.0
26117,361.0
26118,883.0
26119,719.0
26120,492.0
26121,972.0
26122,1101.0
26123,529.0
26124,501.0
26125,283.0
26126,724.0
26127,545.0
26128,519.0
26129,530.0
26130,729.0
26131,655.0
26132,850.0
26134,762.0
26135,655.0
26136,617.0
26138,640.0
26139,602.0
26140,714.0
26141,781.0
26142,497.0
26143,670.0
26144,722.0
26145,672.0
26146,719.0
26147,798.0
26148,521.0
26149,688.0
26150,608.0
26151,740.0
26152,617.0
26153,1153.0
26154,424.0
26155,597.0
26157,564.0
26158,545.0
26160,497.0
26161,975.0
26162,940.0
26163,642.0
26164,988.0
26165,698.0
26166,561.0
26167,585.0
26168,440.0
26169,899.0
26170,428.0
26171,765.0
26172,835.0
26173,928.0
26174,743.0
26175,937.0
26176,811.0
26177,1064.0
26178,880.0
26179,1181.0
26180,562.0
26181,978.0
26183,863.0
27001,512.0
27002,80.0
27003,555.0
27004,720.0
27005,68.0
27006,638.0
27007,399.0
27008,356.0
27009,637.0
27010,438.0
27011,592.0
27012,616.0
27013,71.0
27014,433.0
27015,416.0
27016,481.0
27017,611.0
27018,949.0
27019,37.0
27020,482.0
27021,470.0
27022,454.0
27023,473.0
27024,740.0
27025,61.0
27026,370.0
27027,57.0
27028,462.0
27029,486.0
27030,141.0
27031,295.0
27032,542.0
27033,482.0
27034,295.0
27035,366.0
27037,509.0
27038,278.0
27039,414.0
27040,553.0
27041,382.0
27042,597.0
27043,404.0
27044,548.0
27045,1106.0
27046,512.0
27047,387.0
27048,80.0
27049,391.0
27050,273.0
27051,47.0
27052,247.0
27053,246.0
27054,198.0
27055,531.0
27056,410.0
27057,462.0
27058,613.0
27059,400.0
27060,546.0
27061,209.0
27062,653.0
27063,104.0
27064,21.0
27065,487.0
27066,5.0
27901,494.0
27902,15.0
28001,1271.0
28002,680.0
28003,1104.0
28004,608.0
28005,587.0
28006,669.0
28007,711.0
28008,467.0
28009,704.0
28010,916.0
28011,679.0
28012,756.0
28013,495.0
28014,613.0
28015,601.0
28016,992.0
28017,606.0
28018,1078.0
28019,733.0
28020,1092.0
28021,932.0
28022,682.0
28023,942.0
28024,1194.0
28025,713.0
28026,653.0
28027,975.0
28028,1218.0
28029,919.0
28030,1039.0
28031,804.0
28032,689.0
28033,777.0
28034,1139.0
28035,630.0
28036,622.0
28037,774.0
28038,1214.0
28039,916.0
28040,567.0
28041,676.0
28042,687.0
28043,755.0
28044,873.0
28045,879.0
28046,1032.0
28047,918.0
28048,815.0
28049,620.0
28050,647.0
28051,681.0
28052,758.0
28053,666.0
28054,905.0
28055,642.0
28056,899.0
28057,653.0
28058,662.0
28059,639.0
28060,563.0
28061,880.0
28062,1134.0
28063,1133.0
28064,1047.0
28065,622.0
28066,671.0
28067,839.0
28068,980.0
28069,1229.0
28070,1066.0
28071,1144.0
28072,1002.0
28073,677.0
28074,667.0
28075,647.0
28076,1116.0
28078,1059.0
28079,657.0
28080,740.0
28082,907.0
28083,669.0
28084,576.0
28085,1143.0
28086,813.0
28087,1046.0
28088,1148.0
28089,686.0
28090,980.0
28091,557.0
28092,660.0
28093,1207.0
28094,909.0
28095,753.0
28096,668.0
28097,1223.0
28099,711.0
28100,833.0
28101,794.0
28102,646.0
28104,688.0
28106,645.0
28107,897.0
28108,861.0
28109,570.0
28110,585.0
28111,854.0
28112,1093.0
28113,605.0
28114,1064.0
28115,689.0
28116,808.0
28117,1105.0
28118,1154.0
28119,575.0
28120,1162.0
28121,815.0
28122,768.0
28123,563.0
28124,1035.0
28125,901.0
28126,1300.0
28127,712.0
28128,882.0
28129,667.0
28130,585.0
28131,1040.0
28132,517.0
28133,676.0
28134,672.0
28135,1409.0
28136,876.0
28137,870.0
28138,1088.0
28140,652.0
28141,673.0
28143,1433.0
28144,919.0
28145,653.0
28146,590.0
28147,513.0
28148,586.0
28149,629.0
28150,610.0
28151,740.0
28152,846.0
28153,707.0
28154,658.0
28155,733.0
28156,717.0
28157,700.0
28158,1125.0
28159,861.0
28160,818.0
28161,613.0
28162,680.0
28163,750.0
28164,655.0
28165,716.0
28166,723.0
28167,553.0
28168,888.0
28169,861.0
28170,629.0
28171,509.0
28172,748.0
28173,540.0
28174,558.0
28175,550.0
28176,655.0
28177,650.0
28178,595.0
28179,675.0
28180,753.0
28181,661.0
28182,1060.0
28183,1104.0
28901,1026.0
28902,1009.0
28903,710.0
29001,433.0
29002,505.0
29003,887.0
29004,858.0
29005,105.0
29006,719.0
29007,99.0
29008,240.0
29009,228.0
29010,510.0
29011,364.0
29012,196.0
29013,385.0
29014,690.0
29015,570.0
29016,430.0
29017,722.0
29018,452.0
29019,417.0
29020,597.0
29021,745.0
29022,689.0
29023,181.0
29024,666.0
29025,243.0
29026,98.0
29027,127.0
29028,576.0
29029,517.0
29030,257.0
29031,590.0
29032,463.0
29033,648.0
29034,575.0
29035,743.0
29036,539.0
29037,843.0
29038,108.0
29039,544.0
29040,495.0
29041,421.0
29042,206.0
29043,692.0
29044,714.0
29045,620.0
29046,624.0
29047,322.0
29048,736.0
29049,422.0
29050,326.0
29051,14.0
29052,630.0
29053,315.0
29054,6.0
29055,442.0
29056,625.0
29057,513.0
29058,358.0
29059,448.0
29060,693.0
29061,301.0
29062,308.0
29063,537.0
29064,555.0
29065,623.0
29066,237.0
29067,8.0
29068,140.0
29069,18.0
29070,430.0
29071,450.0
29072,477.0
29073,377.0
29074,685.0
29075,20.0
29076,290.0
29077,798.0
29079,545.0
29080,81.0
29081,769.0
29082,12.0
29083,402.0
29084,729.0
29085,571.0
29086,350.0
29087,690.0
29088,451.0
29089,559.0
29090,313.0
29091,147.0
29092,290.0
29093,341.0
29094,64.0
29095,540.0
29096,699.0
29097,696.0
29098,660.0
29099,150.0
29100,682.0
29901,43.0
29902,586.0
29903,499.0
29904,521.0
30001,222.0
30002,173.0
30003,2.0
30004,182.0
30005,70.0
30006,616.0
30007,88.0
30008,202.0
30009,104.0
30010,28.0
30011,152.0
30012,644.0
30013,338.0
30014,173.0
30015,627.0
30016,67.0
30017,570.0
30018,95.0
30019,187.0
30020,193.0
30021,127.0
30022,511.0
30023,165.0
30024,342.0
30025,96.0
30026,60.0
30027,92.0
30028,644.0
30029,318.0
30030,42.0
30031,132.0
30032,380.0
30033,469.0
30034,297.0
30035,29.0
30036,15.0
30037,43.0
30038,90.0
30039,255.0
30040,134.0
30041,110.0
30042,135.0
30043,606.0
30901,38.0
30902,3.0
31001,486.0
31002,560.0
31003,1056.0
31004,869.0
31005,516.0
31006,386.0
31007,478.0
31008,728.0
31009,560.0
31010,531.0
31011,455.0
31012,422.0
31013,576.0
31014,489.0
31015,316.0
31016,454.0
31017,550.0
31018,568.0
31019,508.0
31020,221.0
31021,782.0
31022,270.0
31023,618.0
31024,443.0
31025,470.0
31026,636.0
31027,493.0
31028,605.0
31029,444.0
31030,655.0
31031,460.0
31032,269.0
31033,836.0
31034,701.0
31035,493.0
31036,563.0
31037,469.0
31038,411.0
31039,451.0
31040,572.0
31041,494.0
31042,314.0
31043,628.0
31044,515.0
31045,526.0
31046,638.0
31047,588.0
31048,388.0
31049,548.0
31050,200.0
31051,365.0
31052,418.0
31053,317.0
31054,135.0
31055,238.0
31056,611.0
31057,242.0
31058,896.0
31059,632.0
31060,426.0
31061,431.0
31062,259.0
31063,654.0
31064,288.0
31065,303.0
31066,422.0
31067,351.0
31068,357.0
31069,436.0
31070,277.0
31071,804.0
31072,392.0
31073,547.0
31074,473.0
31075,462.0
31076,455.0
31077,370.0
31078,255.0
31079,543.0
31080,554.0
31081,168.0
31082,98.0
31083,398.0
31084,509.0
31085,413.0
31086,505.0
31087,148.0
31088,490.0
31089,423.0
31090,527.0
31091,582.0
31092,668.0
31093,744.0
31094,545.0
31095,704.0
31096,549.0
31097,421.0
31098,625.0
31099,594.0
31100,734.0
31101,546.0
31102,542.0
31103,521.0
31104,295.0
31105,420.0
31106,275.0
31107,315.0
31108,261.0
31109,551.0
31110,535.0
31111,643.0
31112,782.0
31113,760.0
31114,536.0
31115,843.0
31116,617.0
31117,153.0
31118,887.0
31119,653.0
31120,527.0
31121,624.0
31122,441.0
31123,472.0
31124,605.0
31125,515.0
31126,604.0
31127,457.0
31128,811.0
31129,154.0
31130,525.0
31131,443.0
31132,644.0
31133,806.0
31134,911.0
31135,472.0
31136,530.0
31137,443.0
31138,491.0
31139,588.0
31140,631.0
31141,964.0
31142,383.0
31143,774.0
31144,564.0
31145,393.0
31146,590.0
31147,461.0
31148,477.0
31149,473.0
31150,764.0
31151,615.0
31152,429.0
31153,70.0
31154,824.0
31155,438.0
31156,535.0
31157,322.0
31158,481.0
31159,465.0
31160,605.0
31161,458.0
31162,645.0
31163,290.0
31164,349.0
31165,362.0
31166,648.0
31167,398.0
31168,527.0
31169,310.0
31170,646.0
31171,315.0
31172,551.0
31173,399.0
31174,556.0
31175,518.0
31176,322.0
31177,466.0
31178,341.0
31179,362.0
31180,440.0
31181,644.0
31182,743.0
31183,412.0
31184,500.0
31185,754.0
31186,528.0
31187,192.0
31188,480.0
31189,548.0
31190,582.0
31191,391.0
31192,597.0
31193,499.0
31194,506.0
31195,762.0
31196,764.0
31197,580.0
31198,720.0
31199,597.0
31200,510.0
31201,450.0
31202,290.0
31203,842.0
31204,619.0
31205,352.0
31206,347.0
31207,555.0
31208,255.0
31209,489.0
31210,699.0
31211,944.0
31212,510.0
31213,550.0
31214,684.0
31215,311.0
31216,400.0
31217,627.0
31219,493.0
31220,347.0
31221,122.0
31222,683.0
31223,337.0
31224,393.0
31225,573.0
31226,105.0
31227,440.0
31228,566.0
31229,495.0
31230,633.0
31231,476.0
31232,262.0
31233,373.0
31234,506.0
31235,805.0
31236,563.0
31237,598.0
31238,668.0
31239,94.0
31240,554.0
31241,595.0
31242,472.0
31243,525.0
31244,344.0
31245,732.0
31246,492.0
31247,868.0
31248,366.0
31249,265.0
31250,35.0
31251,470.0
31252,768.0
31253,426.0
31254,292.0
31255,686.0
31256,926.0
31257,428.0
31258,425.0
31259,207.0
31260,538.0
31261,490.0
31262,438.0
31263,212.0
31264,216.0
31265,575.0
31901,433.0
31902,454.0
31903,476.0
31904,465.0
31905,498.0
31906,446.0
31907,467.0
31908,568.0
32001,454.0
32002,440.0
32003,101.0
32004,447.0
32005,823.0
32006,730.0
32007,517.0
32008,244.0
32009,325.0
32010,95.0
32011,642.0
32012,799.0
32013,425.0
32014,479.0
32015,746.0
32016,916.0
32017,370.0
32018,248.0
32019,398.0
32020,370.0
32021,419.0
32022,96.0
32023,783.0
32024,520.0
32025,124.0
32026,395.0
32027,124.0
32028,833.0
32029,997.0
32030,502.0
32031,581.0
32032,622.0
32033,473.0
32034,985.0
32035,510.0
32036,542.0
32037,681.0
32038,542.0
32039,475.0
32040,88.0
32041,697.0
32042,418.0
32043,587.0
32044,661.0
32045,378.0
32046,461.0
32047,495.0
32048,996.0
32049,902.0
32050,398.0
32051,620.0
32052,632.0
32053,387.0
32054,135.0
32055,434.0
32056,371.0
32057,672.0
32058,330.0
32059,513.0
32060,304.0
32061,568.0
32062,631.0
32063,748.0
32064,118.0
32065,144.0
32066,563.0
32067,622.0
32068,363.0
32069,102.0
32070,888.0
32071,807.0
32072,308.0
32073,512.0
32074,490.0
32075,267.0
32076,530.0
32077,645.0
32078,665.0
32079,387.0
32080,583.0
32081,387.0
32082,644.0
32083,874.0
32084,738.0
32085,383.0
32086,715.0
32087,511.0
32088,318.0
32089,677.0
32090,641.0
32091,754.0
32092,740.0
33001,524.0
33002,423.0
33003,621.0
33004,5.0
33005,199.0
33006,303.0
33007,454.0
33008,178.0
33009,336.0
33010,114.0
33011,377.0
33012,81.0
33013,134.0
33014,36.0
33015,574.0
33016,29.0
33017,33.0
33018,87.0
33019,21.0
33020,58.0
33021,7.0
33022,852.0
33023,60.0
33024,7.0
33025,8.0
33026,66.0
33027,563.0
33028,308.0
33029,385.0
33030,156.0
33031,211.0
33032,293.0
33033,306.0
33034,1.0
33035,179.0
33036,10.0
33037,207.0
33038,354.0
33039,127.0
33040,243.0
33041,14.0
33042,206.0
33043,205.0
33044,231.0
33045,85.0
33046,264.0
33047,26.0
33048,328.0
33049,158.0
33050,628.0
33051,38.0
33052,200.0
33053,469.0
33054,163.0
33055,111.0
33056,5.0
33057,148.0
33058,327.0
33059,240.0
33060,255.0
33061,699.0
33062,547.0
33063,42.0
33064,171.0
33065,287.0
33066,222.0
33067,385.0
33068,697.0
33069,50.0
33070,19.0
33071,277.0
33072,469.0
33073,674.0
33074,3.0
33075,644.0
33076,5.0
33077,354.0
33078,630.0
34001,758.0
34003,842.0
34004,897.0
34005,851.0
34006,782.0
34009,793.0
34010,790.0
34011,772.0
34012,827.0
34015,821.0
34017,783.0
34018,869.0
34019,760.0
34020,964.0
34022,792.0
34023,720.0
34024,748.0
34025,846.0
34027,1041.0
34028,963.0
34029,768.0
34031,740.0
34032,812.0
34033,746.0
34034,783.0
34035,777.0
34036,1211.0
34037,942.0
34038,881.0
34039,852.0
34041,871.0
34042,824.0
34045,759.0
34046,827.0
34047,838.0
34048,761.0
34049,1121.0
34050,829.0
34051,821.0
34052,851.0
34053,755.0
34055,849.0
34056,1011.0
34057,767.0
34058,823.0
34059,802.0
34060,826.0
34061,922.0
34062,969.0
34063,744.0
34066,751.0
34067,1090.0
34068,951.0
34069,730.0
34070,868.0
34071,841.0
34072,768.0
34073,1014.0
34074,789.0
34076,754.0
34077,786.0
34079,749.0
34080,1123.0
34081,792.0
34082,907.0
34083,846.0
34084,782.0
34086,756.0
34087,790.0
34088,745.0
34089,772.0
34091,910.0
34092,791.0
34093,878.0
34094,883.0
34096,851.0
34098,728.0
34099,775.0
34100,1067.0
34101,816.0
34102,739.0
34103,780.0
34104,771.0
34106,750.0
34107,953.0
34108,753.0
34109,855.0
34110,998.0
34112,858.0
34113,943.0
34114,931.0
34116,821.0
34120,734.0
34121,802.0
34122,877.0
34123,784.0
34124,1004.0
34125,757.0
34126,891.0
34127,777.0
34129,1000.0
34130,766.0
34131,855.0
34132,792.0
34133,754.0
34134,1265.0
34135,944.0
34136,944.0
34137,819.0
34139,945.0
34140,944.0
34141,751.0
34143,886.0
34146,747.0
34147,872.0
34149,797.0
34151,1013.0
34152,785.0
34154,933.0
34155,778.0
34156,840.0
34157,912.0
34158,946.0
34159,790.0
34160,1042.0
34161,876.0
34163,818.0
34165,804.0
34167,836.0
34168,851.0
34169,918.0
34170,963.0
34171,1120.0
34174,796.0
34175,865.0
34176,895.0
34177,726.0
34178,835.0
34179,978.0
34180,795.0
34181,744.0
34182,742.0
34184,777.0
34185,1301.0
34186,773.0
34189,791.0
34190,962.0
34192,837.0
34196,818.0
34199,1121.0
34201,813.0
34202,924.0
34204,795.0
34205,814.0
34206,795.0
34208,885.0
34210,806.0
34211,826.0
34213,760.0
34214,1061.0
34215,808.0
34216,828.0
34217,758.0
34218,912.0
34220,752.0
34221,793.0
34222,904.0
34223,853.0
34224,832.0
34225,727.0
34227,839.0
34228,883.0
34229,866.0
34230,793.0
34231,890.0
34232,766.0
34233,844.0
34234,869.0
34236,841.0
34237,762.0
34238,764.0
34240,755.0
34241,767.0
34242,765.0
34243,791.0
34245,999.0
34246,815.0
34901,808.0
34902,774.0
34903,845.0
34904,1108.0
35001,45.0
35002,279.0
35003,254.0
35004,6.0
35005,1235.0
35006,237.0
35007,401.0
35008,503.0
35009,104.0
35010,285.0
35011,317.0
35012,288.0
35013,480.0
35014,221.0
35015,231.0
35016,6.0
35017,3.0
35018,263.0
35019,842.0
35020,69.0
35021,524.0
35022,699.0
35023,182.0
35024,315.0
35025,1076.0
35026,147.0
35027,562.0
35028,196.0
35029,194.0
35030,182.0
35031,503.0
35032,1057.0
35033,831.0
35034,186.0
36001,109.0
36002,94.0
36003,7.0
36004,7.0
36005,23.0
36006,6.0
36007,250.0
36008,6.0
36009,568.0
36010,21.0
36013,384.0
36014,222.0
36015,166.0
36016,745.0
36017,297.0
36018,592.0
36019,336.0
36020,581.0
36021,17.0
36022,5.0
36023,35.0
36024,536.0
36025,431.0
36026,6.0
36027,91.0
36028,54.0
36029,8.0
36030,122.0
36031,73.0
36032,161.0
36033,131.0
36034,161.0
36035,39.0
36036,49.0
36037,242.0
36038,20.0
36039,31.0
36040,53.0
36041,47.0
36042,45.0
36043,304.0
36044,19.0
36045,5.0
36046,25.0
36047,632.0
36048,43.0
36049,73.0
36050,41.0
36051,9.0
36052,487.0
36053,57.0
36054,51.0
36055,53.0
36056,33.0
36057,62.0
36058,34.0
36059,478.0
36060,7.0
36061,6.0
36901,8.0
36902,374.0
36012,374.0
36011,374.0
37001,839.0
37002,803.0
37003,632.0
37004,764.0
37005,712.0
37006,756.0
37007,881.0
37008,836.0
37009,786.0
37010,1044.0
37011,736.0
37012,829.0
37013,864.0
37014,687.0
37015,690.0
37016,790.0
37017,865.0
37018,981.0
37019,782.0
37020,811.0
37021,862.0
37022,869.0
37023,794.0
37024,909.0
37025,791.0
37026,835.0
37027,775.0
37028,768.0
37029,878.0
37030,806.0
37031,856.0
37032,838.0
37033,823.0
37034,776.0
37035,1043.0
37036,1015.0
37037,796.0
37038,800.0
37039,746.0
37040,802.0
37041,904.0
37042,718.0
37044,719.0
37045,1112.0
37046,953.0
37047,883.0
37049,639.0
37050,899.0
37051,892.0
37052,775.0
37054,792.0
37055,711.0
37056,608.0
37057,879.0
37058,763.0
37059,754.0
37060,942.0
37061,959.0
37062,855.0
37063,1036.0
37065,729.0
37067,823.0
37068,797.0
37069,797.0
37070,850.0
37071,791.0
37072,814.0
37073,800.0
37074,650.0
37077,838.0
37078,1136.0
37079,811.0
37080,932.0
37081,782.0
37082,808.0
37083,910.0
37085,790.0
37086,678.0
37087,791.0
37088,900.0
37089,928.0
37090,695.0
37091,852.0
37092,834.0
37096,669.0
37097,757.0
37098,625.0
37099,979.0
37100,706.0
37101,671.0
37102,981.0
37103,1032.0
37104,1066.0
37106,768.0
37107,651.0
37108,833.0
37109,825.0
37110,829.0
37112,868.0
37113,739.0
37114,1031.0
37115,814.0
37116,848.0
37117,824.0
37118,814.0
37119,797.0
37120,805.0
37121,793.0
37122,816.0
37123,713.0
37124,924.0
37125,961.0
37126,783.0
37127,695.0
37128,799.0
37129,789.0
37130,789.0
37131,950.0
37132,525.0
37133,1022.0
37134,832.0
37135,769.0
37136,856.0
37137,723.0
37138,955.0
37139,911.0
37140,734.0
37141,854.0
37142,797.0
37143,944.0
37144,818.0
37145,656.0
37146,1106.0
37147,689.0
37148,814.0
37149,814.0
37150,808.0
37151,789.0
37152,843.0
37154,748.0
37155,981.0
37156,1003.0
37157,792.0
37158,642.0
37159,928.0
37160,599.0
37161,735.0
37162,1007.0
37163,1241.0
37164,787.0
37165,786.0
37166,659.0
37167,789.0
37168,918.0
37169,869.0
37170,768.0
37171,889.0
37172,956.0
37173,669.0
37174,891.0
37175,806.0
37176,680.0
37177,987.0
37178,899.0
37179,890.0
37180,780.0
37181,809.0
37182,955.0
37183,760.0
37184,689.0
37185,828.0
37186,813.0
37187,817.0
37188,832.0
37189,1027.0
37190,656.0
37191,729.0
37192,821.0
37193,649.0
37194,765.0
37195,723.0
37196,835.0
37197,876.0
37198,758.0
37199,931.0
37200,926.0
37201,675.0
37202,804.0
37203,959.0
37204,894.0
37205,929.0
37206,805.0
37207,844.0
37208,764.0
37209,877.0
37211,984.0
37212,1109.0
37213,1054.0
37214,1038.0
37215,856.0
37216,846.0
37217,930.0
37218,992.0
37219,1023.0
37221,886.0
37222,821.0
37223,711.0
37224,816.0
37225,825.0
37226,820.0
37228,807.0
37229,823.0
37230,825.0
37231,844.0
37232,851.0
37233,766.0
37234,931.0
37235,896.0
37236,836.0
37237,958.0
37238,815.0
37239,828.0
37240,814.0
37241,755.0
37242,952.0
37243,693.0
37244,870.0
37245,864.0
37246,903.0
37247,824.0
37248,775.0
37249,789.0
37250,687.0
37251,789.0
37252,786.0
37253,767.0
37254,846.0
37255,909.0
37256,817.0
37257,739.0
37258,668.0
37259,965.0
37260,876.0
37261,944.0
37262,785.0
37263,948.0
37264,635.0
37265,846.0
37266,668.0
37267,737.0
37268,1008.0
37269,831.0
37270,818.0
37271,801.0
37272,647.0
37273,861.0
37274,798.0
37275,666.0
37276,908.0
37277,904.0
37278,821.0
37279,757.0
37280,726.0
37281,869.0
37282,931.0
37283,840.0
37284,619.0
37285,658.0
37286,831.0
37287,934.0
37288,793.0
37289,781.0
37290,791.0
37291,975.0
37292,781.0
37293,825.0
37294,779.0
37296,869.0
37297,920.0
37298,605.0
37299,895.0
37300,937.0
37301,744.0
37302,664.0
37303,823.0
37304,829.0
37305,924.0
37306,856.0
37307,872.0
37309,921.0
37310,820.0
37311,649.0
37312,993.0
37313,508.0
37314,812.0
37315,921.0
37316,896.0
37317,772.0
37318,835.0
37319,969.0
37320,922.0
37321,824.0
37322,882.0
37323,822.0
37324,838.0
37325,870.0
37327,788.0
37328,743.0
37329,769.0
37330,883.0
37331,888.0
37332,777.0
37333,953.0
37334,621.0
37335,842.0
37336,937.0
37337,733.0
37338,803.0
37339,585.0
37340,726.0
37341,798.0
37342,766.0
37343,1130.0
37344,895.0
37345,790.0
37346,1041.0
37347,811.0
37348,854.0
37349,693.0
37350,589.0
37351,795.0
37352,802.0
37353,834.0
37354,782.0
37355,782.0
37356,716.0
37357,677.0
37358,857.0
37359,710.0
37360,821.0
37361,747.0
37362,813.0
37363,724.0
37364,603.0
37365,826.0
37366,763.0
37367,729.0
37368,818.0
37369,835.0
37370,771.0
37371,851.0
37372,828.0
37373,741.0
37374,816.0
37375,823.0
37376,769.0
37377,721.0
37378,776.0
37379,809.0
37380,784.0
37381,700.0
37382,828.0
38001,218.0
38002,153.0
38003,803.0
38004,445.0
38005,361.0
38006,616.0
38007,564.0
38008,315.0
38009,260.0
38010,121.0
38011,6.5
38012,462.0
38013,321.0
38014,516.0
38015,39.0
38016,387.0
38017,625.0
38018,498.0
38019,579.0
38020,271.0
38021,119.0
38022,298.0
38023,549.0
38024,340.0
38025,564.0
38026,370.0
38027,669.0
38028,8.0
38029,545.0
38030,386.0
38031,357.0
38032,907.0
38033,269.0
38034,95.0
38035,617.0
38036,2.0
38037,8.0
38038,1.0
38039,332.0
38040,935.0
38041,356.0
38042,104.0
38043,469.0
38044,475.0
38045,132.0
38046,390.0
38047,689.0
38048,606.0
38049,330.0
38050,224.0
38051,420.0
38052,1364.0
38053,399.0
38901,840.0
39001,45.0
39002,12.0
39003,249.0
39004,176.0
39005,18.0
39006,58.0
39007,161.0
39008,25.0
39009,10.0
39010,294.0
39011,49.0
39012,129.0
39013,366.0
39014,252.0
39015,419.0
39016,46.0
39017,855.0
39018,37.0
39019,61.0
39020,7.0
39021,174.0
39022,259.0
39023,7.0
39024,20.0
39025,97.0
39026,162.0
39027,855.0
39028,47.0
39029,8.0
39030,23.0
39031,42.0
39032,946.0
39033,76.0
39034,246.0
39035,4.0
39036,30.0
39037,93.0
39038,5.0
39039,376.0
39040,35.0
39041,140.0
39042,76.0
39043,24.0
39044,10.0
39045,347.0
39046,266.0
39047,24.0
39048,112.0
39049,422.0
39050,559.0
39051,616.0
39052,37.0
39053,907.0
39054,52.0
39055,297.0
39056,73.0
39057,90.0
39058,91.0
39059,849.0
39060,31.0
39061,56.0
39062,49.0
39063,173.0
39064,83.0
39065,851.0
39066,191.0
39067,146.0
39068,34.0
39069,111.0
39070,830.0
39071,748.0
39072,432.0
39073,44.0
39074,95.0
39075,6.0
39076,91.0
39077,659.0
39078,122.0
39079,5.0
39080,35.0
39081,199.0
39082,227.0
39083,343.0
39084,84.0
39085,95.0
39086,434.0
39087,21.0
39088,907.0
39089,468.0
39090,224.0
39091,44.0
39092,924.0
39093,955.0
39094,715.0
39095,50.0
39096,463.0
39097,357.0
39098,203.0
39099,35.0
39100,297.0
39101,195.0
39102,30.0
40001,971.0
40002,1020.0
40003,878.0
40004,887.0
40005,946.0
40006,956.0
40007,1207.0
40008,948.0
40009,1147.0
40010,858.0
40012,881.0
40013,833.0
40014,957.0
40015,857.0
40016,967.0
40017,889.0
40018,875.0
40019,1092.0
40020,1149.0
40021,1042.0
40022,905.0
40024,972.0
40025,942.0
40026,1091.0
40028,968.0
40029,966.0
40030,905.0
40031,1014.0
40032,957.0
40033,1089.0
40034,1028.0
40035,939.0
40036,952.0
40037,903.0
40039,972.0
40040,966.0
40041,906.0
40043,918.0
40044,853.0
40045,1079.0
40046,1006.0
40047,1096.0
40048,1058.0
40049,983.0
40051,1148.0
40052,1018.0
40053,1046.0
40054,1129.0
40055,982.0
40056,833.0
40057,784.0
40058,890.0
40059,1222.0
40060,997.0
40061,1023.0
40062,1058.0
40063,876.0
40065,766.0
40068,903.0
40069,801.0
40070,998.0
40071,1012.0
40072,947.0
40073,890.0
40074,884.0
40075,903.0
40076,1189.0
40077,1063.0
40078,764.0
40079,1033.0
40080,1030.0
40081,816.0
40082,825.0
40083,850.0
40084,779.0
40086,865.0
40087,889.0
40088,927.0
40089,892.0
40091,930.0
40092,862.0
40093,1237.0
40094,917.0
40095,803.0
40097,1012.0
40099,997.0
40100,888.0
40101,878.0
40103,880.0
40104,1004.0
40105,915.0
40106,850.0
40107,1064.0
40108,795.0
40109,946.0
40110,899.0
40111,965.0
40112,1066.0
40113,1083.0
40115,952.0
40118,909.0
40119,918.0
40120,833.0
40121,892.0
40122,955.0
40123,1155.0
40124,755.0
40125,1082.0
40126,857.0
40127,878.0
40128,884.0
40129,798.0
40130,863.0
40131,947.0
40132,1106.0
40134,854.0
40135,1020.0
40136,959.0
40138,802.0
40139,1192.0
40140,902.0
40141,835.0
40142,1011.0
40143,1037.0
40144,1117.0
40145,807.0
40146,1159.0
40148,840.0
40149,872.0
40150,1076.0
40151,860.0
40152,1139.0
40154,990.0
40155,1079.0
40156,1068.0
40157,1143.0
40158,831.0
40159,819.0
40160,856.0
40161,1189.0
40162,1119.0
40163,954.0
40164,853.0
40165,984.0
40166,754.0
40168,929.0
40170,1190.0
40171,1029.0
40172,1312.0
40173,929.0
40174,839.0
40176,794.0
40177,812.0
40178,865.0
40179,804.0
40180,943.0
40181,1190.0
40182,817.0
40183,839.0
40184,988.0
40185,901.0
40186,1022.0
40188,1104.0
40189,818.0
40190,1079.0
40191,1082.0
40192,906.0
40193,940.0
40194,1002.0
40195,1003.0
40196,999.0
40198,967.0
40199,1158.0
40200,907.0
40201,807.0
40202,1082.0
40203,1152.0
40204,870.0
40205,1023.0
40206,1115.0
40207,1128.0
40208,934.0
40210,1049.0
40211,984.0
40212,1126.0
40213,1025.0
40214,941.0
40215,914.0
40216,925.0
40218,932.0
40219,775.0
40220,1099.0
40221,1088.0
40222,915.0
40223,1011.0
40224,1128.0
40225,1096.0
40228,760.0
40229,1051.0
40230,767.0
40231,897.0
40233,1005.0
40234,880.0
40901,1094.0
40902,873.0
40903,910.0
40904,1104.0
40905,890.0
40906,1074.0
41001,264.0
41002,673.0
41003,164.0
41004,43.0
41005,23.0
41006,32.0
41007,9.0
41008,428.0
41009,450.0
41010,42.0
41011,114.0
41012,63.0
41013,140.0
41014,234.0
41015,119.0
41016,89.0
41017,94.0
41018,17.0
41019,88.0
41020,72.0
41021,12.0
41022,133.0
41023,31.0
41024,249.0
41025,97.0
41026,294.0
41027,328.0
41028,123.0
41029,101.0
41030,120.0
41031,349.0
41032,588.0
41033,553.0
41034,7.0
41035,325.0
41036,133.0
41037,387.0
41038,52.0
41039,106.0
41040,129.0
41041,601.0
41042,180.0
41043,268.0
41044,27.0
41045,97.0
41046,463.0
41047,119.0
41048,663.0
41049,22.0
41050,250.0
41051,73.0
41052,152.0
41053,36.0
41054,442.0
41055,37.0
41056,167.0
41057,357.0
41058,136.0
41059,63.0
41060,140.0
41061,203.0
41062,404.0
41063,77.0
41064,269.0
41065,293.0
41066,431.0
41067,170.0
41068,322.0
41069,8.0
41070,31.0
41071,122.0
41072,457.0
41073,413.0
41074,51.0
41075,66.0
41076,546.0
41077,172.0
41078,231.0
41079,26.0
41080,459.0
41081,13.0
41082,405.0
41083,334.0
41084,208.0
41085,152.0
41086,44.0
41087,141.0
41088,586.0
41089,15.0
41090,532.0
41091,11.0
41092,25.0
41093,74.0
41094,119.0
41095,49.0
41096,150.0
41097,30.0
41098,151.0
41099,61.0
41100,469.0
41101,17.0
41102,153.0
41901,157.0
41902,4.0
41903,60.0
41904,22.0
42001,1140.0
42003,1051.0
42004,928.0
42006,1008.0
42007,927.0
42008,1141.0
42009,1010.0
42010,1127.0
42011,1053.0
42012,1089.0
42013,1051.0
42014,1254.0
42015,1062.0
42016,1016.0
42017,1052.0
42018,821.0
42019,1153.0
42020,950.0
42021,980.0
42022,1019.0
42023,1111.0
42024,1064.0
42025,828.0
42026,1100.0
42027,1201.0
42028,1107.0
42029,1130.0
42030,967.0
42031,1097.0
42032,920.0
42033,961.0
42034,1391.0
42035,933.0
42036,998.0
42037,1046.0
42038,1017.0
42039,1131.0
42041,1021.0
42042,1032.0
42043,893.0
42044,992.0
42045,1151.0
42046,1063.0
42048,968.0
42049,1005.0
42050,972.0
42051,979.0
42052,1085.0
42053,1021.0
42054,1175.0
42055,1090.0
42056,1204.0
42057,1013.0
42058,963.0
42059,944.0
42060,1130.0
42061,1089.0
42062,734.0
42063,835.0
42064,1037.0
42065,1066.0
42068,960.0
42069,1209.0
42070,1088.0
42071,989.0
42073,1308.0
42075,948.0
42076,884.0
42078,1197.0
42079,1081.0
42080,1034.0
42081,1033.0
42082,1259.0
42083,984.0
42084,962.0
42085,989.0
42086,1023.0
42087,1029.0
42088,861.0
42089,1091.0
42090,936.0
42092,1145.0
42093,1007.0
42094,1015.0
42095,1053.0
42096,1052.0
42097,1043.0
42098,1095.0
42100,1031.0
42103,851.0
42105,1127.0
42106,1182.0
42107,919.0
42108,1148.0
42110,996.0
42111,955.0
42113,1202.0
42115,1162.0
42116,938.0
42117,1095.0
42118,1061.0
42119,795.0
42120,1154.0
42121,1254.0
42123,1006.0
42124,1029.0
42125,1085.0
42127,1026.0
42128,1115.0
42129,1107.0
42130,1048.0
42131,1078.0
42132,1094.0
42134,1030.0
42135,1292.0
42139,1052.0
42140,1027.0
42141,1300.0
42142,1053.0
42144,1023.0
42145,936.0
42148,1029.0
42149,1028.0
42151,1134.0
42152,898.0
42153,1084.0
42154,1028.0
42155,1242.0
42156,1058.0
42157,1031.0
42158,1004.0
42159,1139.0
42160,1062.0
42161,1095.0
42162,876.0
42163,938.0
42164,1034.0
42165,1074.0
42166,1218.0
42167,765.0
42168,1073.0
42171,938.0
42172,1102.0
42173,1061.0
42174,1107.0
42175,1195.0
42176,1056.0
42177,928.0
42178,1065.0
42181,997.0
42182,1026.0
42183,992.0
42184,864.0
42185,975.0
42187,1045.0
42188,1044.0
42189,967.0
42190,1098.0
42191,1123.0
42192,1080.0
42193,1120.0
42194,943.0
42195,946.0
42196,847.0
42197,936.0
42198,1265.0
42200,994.0
42201,1034.0
42202,1011.0
42204,998.0
42205,1180.0
42206,965.0
42207,1150.0
42208,1029.0
42209,1006.0
42211,1059.0
42212,1025.0
42213,1005.0
42215,1108.0
42216,1208.0
42217,919.0
42218,991.0
42219,1124.0
43001,273.0
43002,200.0
43003,822.0
43004,70.0
43005,244.0
43006,14.0
43007,258.0
43008,336.0
43009,373.0
43010,262.0
43011,285.0
43012,36.0
43013,20.0
43014,8.0
43015,717.0
43016,165.0
43017,343.0
43018,509.0
43019,76.0
43020,170.0
43021,468.0
43022,379.0
43023,263.0
43024,101.0
43025,18.0
43026,26.0
43027,367.0
43028,187.0
43029,430.0
43030,177.0
43031,244.0
43032,288.0
43033,195.0
43034,237.0
43035,356.0
43036,494.0
43037,65.0
43038,24.0
43039,751.0
43040,227.0
43041,323.0
43042,230.0
43043,57.0
43044,363.0
43045,432.0
43046,703.0
43047,83.0
43048,297.0
43049,531.0
43050,46.0
43051,9.0
43052,14.0
43053,267.0
43054,412.0
43055,361.0
43056,487.0
43057,760.0
43058,575.0
43059,495.0
43060,43.0
43061,858.0
43062,123.0
43063,112.0
43064,369.0
43065,46.0
43066,130.0
43067,26.0
43068,168.0
43069,320.0
43070,226.0
43071,539.0
43072,219.0
43073,645.0
43074,161.0
43075,380.0
43076,314.0
43077,340.0
43078,51.0
43079,308.0
43080,115.0
43081,209.0
43082,192.0
43083,165.0
43084,42.0
43085,209.0
43086,345.0
43088,132.0
43089,230.0
43090,423.0
43091,888.0
43092,110.0
43093,40.0
43094,33.0
43095,103.0
43096,745.0
43097,98.0
43098,232.0
43099,332.0
43100,118.0
43101,715.0
43102,372.0
43103,124.0
43104,150.0
43105,675.0
43106,170.0
43107,385.0
43108,382.0
43109,96.0
43110,362.0
43111,57.0
43112,342.0
43113,353.0
43114,317.0
43115,466.0
43116,951.0
43117,360.0
43118,234.0
43119,251.0
43120,543.0
43121,176.0
43122,174.0
43123,117.0
43124,253.0
43125,76.0
43126,29.0
43127,196.0
43128,297.0
43129,121.0
43130,563.0
43131,56.0
43132,316.0
43133,12.0
43134,113.0
43135,162.0
43136,10.0
43137,212.0
43138,78.0
43139,674.0
43140,98.0
43141,575.0
43142,462.0
43143,828.0
43144,170.0
43145,245.0
43146,647.0
43147,490.0
43148,69.0
43149,15.0
43150,311.0
43151,369.0
43152,161.0
43153,17.0
43154,330.0
43155,49.0
43156,132.0
43157,645.0
43158,623.0
43159,575.0
43160,180.0
43161,214.0
43162,280.0
43163,51.0
43164,193.0
43165,254.0
43166,122.0
43167,229.0
43168,892.0
43169,370.0
43170,259.0
43171,43.0
43172,258.0
43173,327.0
43174,213.0
43175,453.0
43176,491.0
43177,33.0
43178,99.0
43901,2.0
43902,3.0
43903,9.0
43904,11.0
43905,3.0
43906,10.0
43907,38.0
44001,1372.0
44002,1168.0
44003,1224.0
44004,549.0
44005,1304.0
44006,698.0
44007,975.0
44008,343.0
44009,1170.0
44010,960.0
44011,658.0
44012,1403.0
44013,335.0
44014,632.0
44016,1049.0
44017,1105.0
44018,1201.0
44019,1109.0
44020,1225.0
44021,1425.0
44022,670.0
44023,1200.0
44024,1113.0
44025,716.0
44026,1075.0
44027,384.0
44028,1252.0
44029,522.0
44031,281.0
44032,999.0
44033,798.0
44034,1135.0
44035,1047.0
44036,1136.0
44037,580.0
44038,656.0
44039,1004.0
44040,718.0
44041,1165.0
44042,1048.0
44043,775.0
44044,826.0
44045,1575.0
44046,1212.0
44047,816.0
44048,1081.0
44049,520.0
44050,884.0
44051,452.0
44052,1314.0
44053,1243.0
44054,1290.0
44055,1313.0
44056,922.0
44059,1300.0
44060,1427.0
44061,735.0
44062,1322.0
44063,958.0
44064,989.0
44065,1082.0
44066,1089.0
44067,201.0
44068,379.0
44070,1242.0
44071,779.0
44074,1350.0
44075,1117.0
44076,1025.0
44077,844.0
44080,500.0
44082,1262.0
44084,931.0
44085,1185.0
44086,567.0
44087,770.0
44088,890.0
44089,1089.0
44090,1035.0
44092,902.0
44093,1283.0
44094,969.0
44096,1114.0
44097,1134.0
44099,1073.0
44100,834.0
44101,1017.0
44102,1246.0
44103,1109.0
44105,706.0
44106,1352.0
44107,495.0
44108,582.0
44109,1462.0
44110,1132.0
44111,1210.0
44112,912.0
44113,957.0
44114,713.0
44115,1193.0
44116,949.0
44117,1033.0
44118,696.0
44119,1601.0
44120,1521.0
44121,1588.0
44122,297.0
44123,1224.0
44124,934.0
44125,873.0
44126,1224.0
44127,1404.0
44128,1263.0
44129,209.0
44130,1343.0
44131,770.0
44132,1065.0
44133,1011.0
44135,771.0
44136,1210.0
44137,1302.0
44138,979.0
44141,461.0
44142,954.0
44143,993.0
44144,913.0
44145,498.0
44146,905.0
44147,345.0
44148,1256.0
44149,912.0
44150,1219.0
44151,855.0
44152,1006.0
44153,943.0
44154,857.0
44155,850.0
44156,1449.0
44157,1281.0
44158,1038.0
44159,1416.0
44160,1474.0
44161,781.0
44163,1384.0
44164,860.0
44165,1141.0
44167,680.0
44168,1089.0
44169,1160.0
44171,653.0
44172,543.0
44173,871.0
44174,1455.0
44175,1049.0
44176,1207.0
44177,1233.0
44178,698.0
44179,742.0
44180,1217.0
44181,999.0
44182,1162.0
44183,994.0
44184,917.0
44185,1400.0
44187,568.0
44189,1409.0
44190,1127.0
44191,260.0
44192,1116.0
44193,1451.0
44194,624.0
44195,1268.0
44196,977.0
44197,1367.0
44198,1221.0
44199,1164.0
44200,1241.0
44201,930.0
44203,1192.0
44204,1400.0
44205,255.0
44206,965.0
44207,778.0
44208,895.0
44209,985.0
44210,988.0
44211,1125.0
44212,784.0
44213,1040.0
44215,1442.0
44216,915.0
44217,1494.0
44218,1054.0
44219,1017.0
44220,1044.0
44221,444.0
44222,1144.0
44223,745.0
44224,944.0
44225,498.0
44226,980.0
44227,1087.0
44228,980.0
44229,1229.0
44230,606.0
44231,1356.0
44232,924.0
44234,897.0
44235,1260.0
44236,1094.0
44237,311.0
44238,948.0
44239,983.0
44240,948.0
44241,511.0
44243,1333.0
44244,1695.0
44245,438.0
44246,515.0
44247,553.0
44249,1418.0
44250,1268.0
44251,959.0
44252,955.0
44256,1093.0
44257,1422.0
44258,1221.0
44260,1119.0
44261,996.0
44262,1337.0
44263,861.0
44264,824.0
44265,296.0
44266,1186.0
44267,975.0
44268,1149.0
45001,773.0
45002,595.0
45003,451.0
45004,530.0
45005,373.0
45006,412.0
45007,353.0
45008,502.0
45009,510.0
45010,577.0
45011,630.0
45012,713.0
45013,535.0
45014,599.0
45015,546.0
45016,653.0
45017,337.0
45018,516.0
45019,593.0
45020,451.0
45021,582.0
45022,436.0
45023,678.0
45024,504.0
45025,554.0
45026,707.0
45027,733.0
45028,391.0
45029,371.0
45030,359.0
45031,573.0
45032,507.0
45033,650.0
45034,667.0
45035,401.0
45036,556.0
45037,479.0
45038,659.0
45039,545.0
45040,463.0
45041,604.0
45042,684.0
45043,561.0
45045,440.0
45046,439.0
45047,643.0
45048,462.0
45049,533.0
45050,705.0
45051,501.0
45052,675.0
45053,705.0
45054,705.0
45055,771.0
45056,546.0
45057,737.0
45058,497.0
45059,711.0
45060,537.0
45061,457.0
45062,547.0
45063,723.0
45064,619.0
45065,558.0
45066,591.0
45067,707.0
45068,469.0
45069,545.0
45070,627.0
45071,698.0
45072,363.0
45073,379.0
45074,651.0
45075,843.0
45076,462.0
45077,550.0
45078,625.0
45079,520.0
45080,480.0
45081,588.0
45082,399.0
45083,650.0
45084,684.0
45085,640.0
45086,478.0
45087,687.0
45088,485.0
45089,389.0
45090,715.0
45091,495.0
45092,857.0
45093,584.0
45094,715.0
45095,564.0
45096,777.0
45097,549.0
45098,702.0
45099,526.0
45100,477.0
45101,680.0
45102,477.0
45103,646.0
45104,428.0
45105,558.0
45106,716.0
45107,677.0
45108,651.0
45109,736.0
45110,393.0
45111,424.0
45112,658.0
45113,745.0
45114,770.0
45115,740.0
45116,753.0
45117,493.0
45118,564.0
45119,528.0
45120,466.0
45121,731.0
45122,584.0
45123,605.0
45124,743.0
45125,422.0
45126,462.0
45127,607.0
45128,520.0
45129,489.0
45130,399.0
45131,673.0
45132,445.0
45133,649.0
45134,598.0
45135,695.0
45136,508.0
45137,480.0
45138,335.0
45139,740.0
45140,721.0
45141,648.0
45142,689.0
45143,548.0
45144,751.0
45145,562.0
45146,610.0
45147,493.0
45148,738.0
45149,658.0
45150,552.0
45151,653.0
45152,506.0
45153,909.0
45154,447.0
45155,595.0
45156,779.0
45157,595.0
45158,486.0
45159,459.0
45160,561.0
45161,607.0
45162,667.0
45163,756.0
45164,564.0
45165,367.0
45166,635.0
45167,692.0
45168,512.0
45169,370.0
45170,645.0
45171,556.0
45172,442.0
45173,527.0
45174,731.0
45175,690.0
45176,652.0
45177,760.0
45179,461.0
45180,655.0
45181,431.0
45182,789.0
45183,620.0
45184,315.0
45185,664.0
45186,671.0
45187,642.0
45188,530.0
45189,484.0
45190,732.0
45191,590.0
45192,725.0
45193,652.0
45194,534.0
45195,757.0
45196,483.0
45197,517.0
45198,726.0
45199,650.0
45200,816.0
45201,550.0
45202,699.0
45203,531.0
45204,519.0
45205,548.0
45901,543.0
46001,756.0
46002,100.0
46003,400.0
46004,411.0
46005,45.0
46006,311.0
46007,10.0
46008,11.0
46009,17.0
46010,97.0
46011,26.0
46012,311.0
46013,6.0
46014,7.0
46015,27.0
46016,37.0
46017,16.0
46018,775.0
46019,32.0
46020,158.0
46021,45.0
46022,11.0
46023,86.0
46024,175.0
46025,30.0
46026,91.0
46027,193.0
46028,187.0
46029,17.0
46030,173.0
46031,32.0
46032,11.0
46033,145.0
46034,34.0
46035,10.0
46036,973.0
46037,25.0
46038,898.0
46039,197.0
46040,42.0
46041,935.0
46042,289.0
46043,265.0
46044,596.0
46045,112.0
46046,343.0
46047,281.0
46048,24.0
46049,134.0
46050,777.0
46051,109.0
46052,39.0
46053,55.0
46054,14.0
46055,45.0
46056,389.0
46057,241.0
46058,46.0
46059,36.0
46060,19.0
46061,47.0
46062,182.0
46063,45.0
46064,22.0
46065,6.0
46066,28.0
46067,131.0
46068,344.0
46069,159.0
46070,102.0
46071,289.0
46072,622.0
46073,237.0
46074,15.0
46075,236.0
46076,178.0
46077,352.0
46078,48.0
46079,348.0
46080,915.0
46081,155.0
46082,10.0
46083,21.0
46084,39.0
46085,49.0
46086,334.0
46087,715.0
46088,689.0
46089,312.0
46090,311.0
46091,173.0
46092,942.0
46093,91.0
46094,10.0
46095,776.0
46096,146.0
46097,388.0
46098,13.0
46099,423.0
46100,38.0
46101,56.0
46102,40.0
46103,42.0
46104,225.0
46105,4.0
46106,471.0
46107,221.0
46108,650.0
46109,217.0
46110,30.0
46111,268.0
46112,297.0
46113,9.0
46114,353.0
46115,356.0
46116,92.0
46117,17.0
46118,320.0
46119,49.0
46120,116.0
46121,180.0
46122,29.0
46123,9.0
46124,626.0
46125,6.0
46126,20.0
46127,72.0
46128,531.0
46129,879.0
46130,33.0
46131,21.0
46132,139.0
46133,199.0
46134,83.0
46135,36.0
46136,270.0
46137,112.0
46138,154.0
46139,23.0
46140,5.0
46141,767.0
46142,443.0
46143,7.0
46144,595.0
46145,120.0
46146,23.0
46147,187.0
46148,113.0
46149,390.0
46150,275.0
46151,92.0
46152,7.0
46153,153.0
46154,139.0
46155,14.0
46156,95.0
46157,111.0
46158,365.0
46159,49.0
46160,63.0
46161,216.0
46162,28.0
46163,12.0
46164,14.0
46165,13.0
46166,12.0
46167,364.0
46168,13.0
46169,27.0
46170,332.0
46171,31.0
46172,165.0
46173,183.0
46174,293.0
46175,262.0
46176,138.0
46177,17.0
46178,222.0
46179,278.0
46180,123.0
46181,15.0
46182,274.0
46183,250.0
46184,353.0
46185,327.0
46186,23.0
46187,65.0
46188,22.0
46189,311.0
46190,53.0
46191,150.0
46192,78.0
46193,31.0
46194,47.0
46195,9.0
46196,359.0
46197,12.0
46198,63.0
46199,13.0
46200,243.0
46201,1103.0
46202,101.0
46203,32.0
46204,11.0
46205,10.0
46206,220.0
46207,23.0
46208,34.0
46209,41.0
46210,293.0
46211,35.0
46212,132.0
46213,694.0
46214,102.0
46215,9.0
46216,38.0
46217,115.0
46218,102.0
46219,293.0
46220,49.0
46221,364.0
46222,38.0
46223,9.0
46224,267.0
46225,80.0
46226,167.0
46227,39.0
46228,330.0
46229,695.0
46230,8.0
46231,59.0
46232,895.0
46233,4.0
46234,341.0
46235,6.0
46236,41.0
46237,12.0
46238,17.0
46239,533.0
46240,258.0
46241,832.0
46242,742.0
46243,148.0
46244,46.0
46245,170.0
46246,98.0
46247,604.0
46248,283.0
46249,731.0
46250,16.0
46251,294.0
46252,977.0
46253,116.0
46254,724.0
46255,105.0
46256,107.0
46257,35.0
46258,506.0
46259,853.0
46260,23.0
46261,435.0
46262,1040.0
46263,564.0
46902,577.0
46903,121.0
46904,21.0
47001,783.0
47002,753.0
47003,775.0
47004,752.0
47005,731.0
47006,738.0
47007,704.0
47008,781.0
47009,774.0
47010,690.0
47011,800.0
47012,885.0
47013,741.0
47014,812.0
47015,729.0
47016,739.0
47017,735.0
47018,788.0
47019,769.0
47020,760.0
47021,773.0
47022,757.0
47023,721.0
47024,708.0
47025,749.0
47026,810.0
47027,700.0
47028,751.0
47029,730.0
47030,900.0
47031,744.0
47032,801.0
47033,897.0
47034,816.0
47035,759.0
47036,711.0
47037,736.0
47038,818.0
47039,800.0
47040,772.0
47041,767.0
47042,785.0
47043,842.0
47044,752.0
47045,701.0
47046,739.0
47047,779.0
47048,763.0
47049,754.0
47050,745.0
47051,821.0
47052,735.0
47053,735.0
47054,885.0
47055,789.0
47056,808.0
47057,759.0
47058,773.0
47059,798.0
47060,829.0
47061,780.0
47062,889.0
47063,887.0
47064,825.0
47065,759.0
47066,746.0
47067,757.0
47068,791.0
47069,715.0
47070,758.0
47071,719.0
47073,771.0
47074,726.0
47075,757.0
47076,701.0
47077,836.0
47078,766.0
47079,777.0
47080,794.0
47081,712.0
47082,730.0
47083,743.0
47084,773.0
47085,720.0
47086,747.0
47087,741.0
47088,799.0
47089,784.0
47090,714.0
47091,765.0
47092,807.0
47093,867.0
47094,765.0
47095,732.0
47096,746.0
47097,736.0
47098,767.0
47099,846.0
47100,776.0
47101,748.0
47102,742.0
47103,743.0
47104,769.0
47105,737.0
47106,785.0
47109,784.0
47110,856.0
47111,716.0
47112,753.0
47113,717.0
47114,754.0
47115,839.0
47116,747.0
47117,751.0
47118,793.0
47119,838.0
47121,678.0
47122,849.0
47123,736.0
47124,804.0
47125,723.0
47126,803.0
47127,740.0
47128,743.0
47129,726.0
47130,786.0
47131,777.0
47132,760.0
47133,711.0
47134,742.0
47135,771.0
47137,838.0
47138,756.0
47139,724.0
47140,772.0
47141,770.0
47142,764.0
47143,890.0
47144,731.0
47145,814.0
47146,676.0
47147,790.0
47148,706.0
47149,776.0
47150,671.0
47151,716.0
47152,710.0
47153,764.0
47154,746.0
47155,692.0
47156,745.0
47157,723.0
47158,755.0
47159,722.0
47160,723.0
47161,720.0
47162,745.0
47163,822.0
47164,739.0
47165,701.0
47166,687.0
47167,782.0
47168,752.0
47169,803.0
47170,789.0
47171,751.0
47172,880.0
47173,727.0
47174,757.0
47175,700.0
47176,765.0
47177,748.0
47178,831.0
47179,733.0
47180,778.0
47181,812.0
47182,699.0
47183,739.0
47184,725.0
47185,770.0
47186,690.0
47187,749.0
47188,714.0
47189,742.0
47190,782.0
47191,780.0
47192,758.0
47193,687.0
47194,872.0
47195,749.0
47196,753.0
47197,723.0
47198,782.0
47199,773.0
47200,792.0
47203,757.0
47204,653.0
47205,738.0
47206,828.0
47207,717.0
47208,751.0
47209,754.0
47210,709.0
47211,768.0
47212,849.0
47213,719.0
47214,782.0
47215,735.0
47216,751.0
47217,842.0
47218,688.0
47219,796.0
47220,711.0
47221,745.0
47222,744.0
47223,731.0
47224,735.0
47225,726.0
47226,769.0
47227,755.0
47228,727.0
47229,724.0
47230,788.0
47231,755.0
47232,757.0
48001,144.0
48002,125.0
48003,64.0
48004,184.0
48005,138.0
48006,95.0
48007,188.0
48008,342.0
48009,112.0
48010,205.0
48011,58.0
48012,6.0
48013,35.0
48014,74.0
48015,64.0
48016,46.0
48017,19.0
48018,35.0
48019,158.0
48020,6.0
48021,24.0
48022,162.0
48023,125.0
48024,403.0
48025,121.0
48026,126.0
48027,118.0
48028,4.0
48029,41.0
48030,106.0
48031,80.0
48032,183.0
48033,281.0
48034,166.0
48035,59.0
48036,55.0
48037,165.0
48038,55.0
48039,308.0
48040,83.0
48041,50.0
48042,73.0
48043,33.0
48044,47.0
48045,78.0
48046,34.0
48047,42.0
48048,116.0
48049,113.0
48050,146.0
48051,287.0
48052,75.0
48053,53.0
48054,31.0
48055,70.0
48056,89.0
48057,9.0
48058,334.0
48059,192.0
48060,84.0
48061,15.0
48062,245.0
48063,186.0
48064,154.0
48065,70.0
48066,211.0
48067,29.0
48068,8.0
48069,27.0
48070,89.0
48071,35.0
48072,560.0
48073,6.0
48074,275.0
48075,156.0
48076,31.0
48077,21.0
48078,53.0
48079,241.0
48080,35.0
48081,60.0
48082,82.0
48083,65.0
48084,48.0
48085,62.0
48086,88.0
48087,152.0
48088,568.0
48089,76.0
48090,147.0
48091,162.0
48092,68.0
48093,140.0
48094,90.0
48095,210.0
48096,92.0
48097,172.0
48901,20.0
48902,3.0
48903,27.0
48904,27.0
48905,50.0
48906,6.0
48907,13.0
48908,32.0
48909,347.0
48910,112.0
48911,37.0
48912,32.0
48913,84.0
48914,42.0
48915,176.0
49002,733.0
49003,806.0
49004,777.0
49005,813.0
49006,661.0
49007,716.0
49008,780.0
49009,693.0
49010,697.0
49011,697.0
49012,738.0
49013,769.0
49014,673.0
49015,773.0
49016,667.0
49017,968.0
49018,803.0
49019,711.0
49020,688.0
49021,741.0
49022,644.0
49023,793.0
49024,697.0
49025,703.0
49026,710.0
49027,761.0
49028,717.0
49029,706.0
49030,704.0
49031,771.0
49032,755.0
49033,734.0
49034,785.0
49035,673.0
49036,751.0
49037,771.0
49038,761.0
49039,709.0
49040,729.0
49041,714.0
49042,687.0
49043,701.0
49044,727.0
49046,705.0
49047,687.0
49048,906.0
49050,1010.0
49052,732.0
49053,645.0
49054,760.0
49055,713.0
49056,666.0
49057,808.0
49058,838.0
49059,809.0
49061,699.0
49062,1036.0
49063,707.0
49064,701.0
49065,669.0
49066,822.0
49067,891.0
49068,826.0
49069,857.0
49071,804.0
49075,720.0
49076,664.0
49077,798.0
49078,719.0
49079,753.0
49080,737.0
49081,800.0
49082,717.0
49083,788.0
49084,763.0
49085,944.0
49086,695.0
49087,715.0
49088,750.0
49090,704.0
49091,703.0
49092,731.0
49093,735.0
49094,853.0
49095,692.0
49096,706.0
49097,984.0
49098,698.0
49099,756.0
49100,1030.0
49101,773.0
49102,840.0
49103,647.0
49104,824.0
49105,740.0
49107,713.0
49108,703.0
49109,717.0
49110,885.0
49111,698.0
49112,912.0
49113,737.0
49114,737.0
49115,874.0
49116,745.0
49117,719.0
49118,701.0
49119,638.0
49120,799.0
49121,890.0
49122,640.0
49123,689.0
49124,743.0
49125,683.0
49126,795.0
49127,697.0
49128,721.0
49129,705.0
49130,722.0
49131,758.0
49132,667.0
49133,692.0
49134,985.0
49135,772.0
49136,786.0
49137,706.0
49138,765.0
49139,835.0
49141,694.0
49142,717.0
49143,954.0
49145,990.0
49146,767.0
49147,651.0
49148,718.0
49149,869.0
49150,849.0
49151,732.0
49152,763.0
49153,724.0
49154,1063.0
49155,699.0
49156,761.0
49157,730.0
49158,744.0
49159,736.0
49160,665.0
49162,1211.0
49163,710.0
49164,701.0
49165,711.0
49166,941.0
49167,732.0
49168,692.0
49169,691.0
49170,725.0
49171,720.0
49172,835.0
49173,789.0
49174,998.0
49175,695.0
49176,788.0
49177,796.0
49178,698.0
49179,1019.0
49180,777.0
49181,1027.0
49183,740.0
49184,788.0
49185,692.0
49186,686.0
49187,714.0
49188,730.0
49189,1061.0
49190,679.0
49191,767.0
49192,735.0
49193,757.0
49194,712.0
49197,778.0
49199,699.0
49200,707.0
49201,726.0
49202,709.0
49203,728.0
49204,733.0
49205,725.0
49206,742.0
49207,708.0
49208,758.0
49209,866.0
49210,711.0
49214,749.0
49216,686.0
49219,735.0
49220,723.0
49221,779.0
49222,645.0
49223,736.0
49224,970.0
49225,782.0
49226,710.0
49227,678.0
49228,723.0
49229,730.0
49230,761.0
49231,764.0
49232,733.0
49233,698.0
49234,698.0
49235,774.0
49236,704.0
49237,785.0
49238,724.0
49239,697.0
49240,738.0
49241,827.0
49242,685.0
49243,743.0
49244,776.0
49245,659.0
49246,679.0
49247,778.0
49248,715.0
49249,722.0
49250,687.0
49251,730.0
49252,690.0
49255,835.0
49256,706.0
49257,699.0
49258,756.0
49259,755.0
49260,755.0
49261,639.0
49262,863.0
49263,695.0
49264,771.0
49265,756.0
49266,680.0
49267,733.0
49268,682.0
49269,749.0
49270,724.0
49271,700.0
49272,708.0
49273,778.0
49275,649.0
50001,929.0
50002,835.0
50003,322.0
50004,650.0
50005,686.0
50006,432.0
50007,775.0
50008,235.0
50009,849.0
50010,378.0
50011,412.0
50012,150.0
50013,225.0
50014,763.0
50015,893.0
50016,986.0
50017,193.0
50018,446.0
50019,165.0
50020,659.0
50021,276.0
50022,488.0
50023,497.0
50024,598.0
50025,366.0
50026,497.0
50027,587.0
50028,921.0
50029,727.0
50030,828.0
50031,908.0
50032,460.0
50033,434.0
50034,749.0
50035,645.0
50036,589.0
50037,837.0
50038,606.0
50039,565.0
50040,918.0
50041,828.0
50042,884.0
50043,258.0
50044,276.0
50045,448.0
50046,649.0
50047,981.0
50048,1087.0
50050,921.0
50051,490.0
50052,321.0
50053,225.0
50054,934.0
50055,459.0
50056,393.0
50057,552.0
50058,645.0
50059,328.0
50060,516.0
50061,411.0
50062,182.0
50063,681.0
50064,221.0
50065,956.0
50066,313.0
50067,536.0
50068,357.0
50069,823.0
50070,844.0
50071,1050.0
50072,641.0
50073,591.0
50074,149.0
50075,920.0
50076,608.0
50077,522.0
50078,482.0
50079,693.0
50080,815.0
50081,684.0
50082,906.0
50083,162.0
50084,938.0
50085,342.0
50086,751.0
50087,669.0
50088,618.0
50089,298.0
50090,1112.0
50091,1009.0
50092,176.0
50093,412.0
50094,782.0
50095,349.0
50096,764.0
50098,766.0
50099,333.0
50100,426.0
50101,145.0
50102,244.0
50104,417.0
50105,192.0
50106,558.0
50107,249.0
50108,1022.0
50109,632.0
50110,688.0
50111,301.0
50113,469.0
50114,752.0
50115,192.0
50116,705.0
50117,1010.0
50118,251.0
50119,154.0
50120,787.0
50121,606.0
50122,621.0
50123,245.0
50124,811.0
50125,746.0
50126,605.0
50128,652.0
50129,766.0
50130,628.0
50131,510.0
50132,220.0
50133,520.0
50134,884.0
50135,492.0
50136,531.0
50137,416.0
50138,983.0
50139,514.0
50140,780.0
50141,756.0
50142,667.0
50143,530.0
50144,738.0
50146,333.0
50147,233.0
50148,806.0
50149,940.0
50150,308.0
50151,468.0
50152,301.0
50153,410.0
50154,868.0
50155,1051.0
50156,466.0
50157,426.0
50159,605.0
50160,286.0
50161,728.0
50162,689.0
50163,342.0
50164,290.0
50165,78.0
50166,519.0
50167,488.0
50168,684.0
50169,768.0
50170,432.0
50171,656.0
50172,760.0
50173,798.0
50174,694.0
50175,412.0
50176,623.0
50177,452.0
50178,734.0
50179,737.0
50180,398.0
50181,428.0
50182,600.0
50183,746.0
50184,711.0
50185,537.0
50186,494.0
50187,481.0
50188,907.0
50189,176.0
50190,424.0
50191,238.0
50192,701.0
50193,179.0
50194,803.0
50195,928.0
50196,738.0
50197,648.0
50198,826.0
50199,174.0
50200,700.0
50201,576.0
50202,485.0
50203,186.0
50204,235.0
50205,473.0
50206,471.0
50207,423.0
50208,162.0
50209,233.0
50210,803.0
50211,272.0
50212,258.0
50213,810.0
50214,1103.0
50215,775.0
50216,411.0
50217,225.0
50218,484.0
50219,198.0
50220,401.0
50221,974.0
50222,183.0
50223,227.0
50224,881.0
50225,382.0
50227,948.0
50228,304.0
50229,770.0
50230,443.0
50231,329.0
50232,587.0
50233,548.0
50234,821.0
50235,279.0
50236,651.0
50237,630.0
50238,514.0
50239,1056.0
50240,151.0
50241,459.0
50242,742.0
50243,573.0
50244,462.0
50245,520.0
50246,1052.0
50247,214.0
50248,639.0
50249,771.0
50250,923.0
50251,483.0
50252,264.0
50253,563.0
50254,632.0
50255,656.0
50256,1094.0
50257,648.0
50258,881.0
50259,848.0
50260,990.0
50261,567.0
50262,218.0
50263,790.0
50264,587.0
50265,744.0
50266,647.0
50267,619.0
50268,637.0
50269,286.0
50270,553.0
50271,1038.0
50272,211.0
50273,875.0
50274,983.0
50275,523.0
50276,492.0
50277,684.0
50278,153.0
50279,596.0
50280,633.0
50281,456.0
50282,703.0
50283,892.0
50284,719.0
50285,175.0
50286,630.0
50287,779.0
50288,246.0
50289,768.0
50290,533.0
50291,803.0
50292,865.0
50293,738.0
50294,935.0
50295,761.0
50296,154.0
50297,208.0
50298,278.0
50901,755.0
50902,413.0
50903,232.0
51001,27.0
52001,2.0
