Codigo Municipio,Total Regimen SS
01001,784
01002,4397
01003,224
01004,381
01006,137
01008,283
01009,909
01010,1425
01011,356
01013,197
01014,663
01016,281
01017,308
01018,936
01019,49
01020,47
01021,213
01022,565
01023,143
01027,119
01028,453
01030,57
01031,1784
01032,236
01033,547
01034,56
01036,6677
01037,212
01039,66
01041,106
01042,338
01043,1632
01044,42
01046,156
01047,585
01049,30
01051,1485
01052,264
01053,306
01054,391
01055,266
01056,62
01057,293
01058,2600
01059,113231
01060,114
01061,23
01062,45
01063,666
01901,1663
01902,861
02001,266
02002,94
02003,69496
02004,143
02005,161
02006,105
02007,316
02008,352
02009,7346
02010,518
02011,100
02012,1000
02013,41
02014,159
02015,478
02016,122
02017,147
02018,315
02019,718
02020,106
02021,260
02022,29
02023,112
02024,1437
02025,2802
02026,332
02027,59
02028,19
02029,1400
02030,886
02031,97
02032,64
02033,760
02034,565
02035,656
02036,22
02037,7970
02038,111
02039,265
02040,103
02041,62
02042,178
02043,419
02044,159
02045,1287
02046,255
02047,22
02048,414
02049,156
02050,41
02051,825
02052,75
02053,796
02054,139
02055,303
02056,434
02057,559
02058,61
02059,44
02060,173
02061,156
02062,109
02063,341
02064,67
02065,74
02066,26
02067,326
02068,205
02069,4880
02070,135
02071,234
02072,348
02073,1462
02074,1827
02075,275
02076,80
02077,2
02078,324
02079,1367
02080,119
02081,8056
02082,63
02083,46
02084,58
02085,66
02086,479
03001,97
03002,1528
03003,105
03004,80
03005,2765
03006,124
03007,87
03008,27
03009,14622
03010,51
03011,4713
03012,514
03013,376
03014,157254
03015,4254
03016,14
03017,194
03018,5916
03019,4388
03020,15
03021,2493
03022,50
03023,576
03024,1360
03025,216
03026,376
03027,43
03028,217
03029,58
03030,166
03031,22420
03032,4
03033,34
03034,530
03035,89
03036,7
03037,123
03038,155
03039,11
03040,78
03041,2849
03042,622
03043,1086
03044,1367
03045,61
03046,344
03047,5163
03048,2151
03049,4108
03050,4514
03051,65
03052,318
03053,2929
03054,93
03055,1419
03056,3910
03057,60
03058,3109
03059,7071
03060,21
03061,412
03062,118
03063,11974
03064,1662
03065,62232
03066,13716
03067,6
03068,4
03069,3020
03070,597
03071,1250
03072,181
03073,45
03074,666
03075,99
03076,3338
03077,360
03078,108
03079,7147
03080,444
03081,526
03082,5972
03083,2053
03084,118
03085,218
03086,11
03088,2581
03089,2582
03090,5482
03091,69
03092,2606
03093,7876
03094,3304
03095,1833
03096,2113
03097,393
03098,78
03099,19293
03100,157
03101,2987
03102,2503
03103,52
03104,7876
03105,1953
03106,170
03107,659
03109,648
03110,88
03111,1640
03112,176
03113,2365
03114,593
03115,61
03116,358
03117,92
03118,1080
03119,6589
03120,1050
03121,5047
03122,14935
03123,2765
03124,89
03125,110
03127,101
03128,2948
03129,342
03130,9
03131,44
03132,117
03133,16153
03134,13
03135,45
03136,122
03137,209
03138,1000
03139,5879
03140,10383
03141,2
03901,376
03902,5217
03903,871
03904,1644
04001,289
04002,374
04003,7200
04004,103
04005,126
04006,4325
04007,247
04008,138
04009,11
04010,205
04011,992
04012,18
04013,76454
04014,32
04015,13
04016,2193
04017,532
04018,128
04019,135
04020,65
04021,34
04022,115
04023,12
04024,792
04026,6
04027,59
04028,62
04029,3804
04030,350
04031,946
04032,3518
04033,22
04034,33
04035,4483
04036,44
04037,470
04038,1036
04039,2
04041,50
04043,86
04044,538
04045,579
04046,201
04047,796
04048,642
04049,1574
04050,289
04051,99
04052,5268
04053,5654
04054,126
04055,90
04056,12
04057,506
04058,75
04059,346
04060,324
04061,179
04062,2353
04063,431
04064,1647
04065,159
04066,12319
04067,134
04068,10
04069,1334
04070,778
04071,94
04072,112
04073,61
04074,833
04075,4403
04076,413
04077,76
04078,235
04079,22593
04080,17
04081,67
04082,37
04083,609
04084,74
04085,80
04086,866
04087,36
04088,1239
04089,216
04090,109
04091,78
04092,997
04093,507
04094,39
04095,292
04096,64
04097,31
04098,455
04099,1951
04100,4471
04101,3961
04102,10065
04103,487
04901,148
04902,40429
04903,4594
05001,81
05002,498
05005,31
05007,30
05008,60
05010,35
05012,37
05013,153
05014,1679
05015,11
05016,2876
05017,14
05018,4
05019,25688
05021,846
05022,469
05023,41
05024,43
05025,18
05026,54
05027,76
05029,30
05030,2
05033,37
05034,6
05035,21
05036,28
05037,50
05038,26
05039,11
05040,18
05041,289
05042,61
05043,15
05044,76
05045,28
05046,6
05047,1316
05048,34
05049,80
05051,38
05052,16
05053,17
05054,306
05055,83
05056,15
05057,639
05058,20
05059,21
05060,30
05061,231
05062,39
05063,4
05064,31
05065,197
05066,95
05067,26
05069,31
05070,15
05072,52
05073,69
05074,248
05075,27
05076,99
05077,36
05078,53
05079,12
05080,15
05081,12
05082,115
05083,24
05084,19
05085,7
05086,18
05087,35
05088,7
05089,86
05090,17
05092,52
05093,115
05094,28
05095,63
05096,6
05097,99
05099,144
05100,57
05101,43
05102,305
05103,16
05104,13
05105,137
05106,7
05107,17
05108,17
05109,141
05110,178
05112,15
05113,9
05114,338
05115,165
05116,20
05117,62
05118,16
05119,4
05120,14
05121,182
05122,36
05123,13
05124,16
05125,10
05126,19
05127,134
05128,50
05129,28
05130,4
05131,22
05132,261
05133,4
05134,9
05135,190
05136,31
05138,107
05139,16
05140,40
05141,6
05142,16
05143,16
05144,15
05145,10
05147,38
05148,7
05149,30
05151,21
05152,251
05153,15
05154,13
05155,9
05156,44
05157,21
05158,91
05159,49
05160,54
05161,158
05162,10
05163,388
05164,2
05165,174
05166,40
05167,56
05168,1265
05169,37
05170,7
05171,14
05172,50
05173,11
05174,28
05175,65
05176,72
05177,67
05178,133
05179,67
05180,23
05181,10
05182,200
05183,27
05184,83
05185,27
05186,639
05187,495
05188,4
05189,130
05190,15
05191,23
05192,17
05193,42
05194,44
05195,26
05196,16
05197,27
05198,25
05199,8
05200,9
05201,108
05204,268
05205,20
05206,8
05207,137
05208,4
05209,27
05210,26
05211,101
05212,45
05213,22
05214,8
05215,54
05216,94
05217,16
05218,45
05219,17
05220,194
05221,42
05222,42
05224,31
05225,146
05226,18
05227,97
05228,43
05229,10
05230,20
05231,85
05232,30
05233,71
05234,12
05235,32
05236,18
05237,67
05238,146
05239,43
05240,994
05241,806
05242,236
05243,12
05244,12
05245,135
05246,8
05247,91
05249,18
05251,18
05252,24
05253,28
05254,63
05256,25
05257,38
05258,22
05259,26
05260,31
05261,4
05262,72
05263,33
05264,8
05265,26
05266,27
05267,19
05901,45
05902,182
05903,29
05904,24
05905,55
06001,194
06002,2210
06003,311
06004,451
06005,848
06006,1337
06007,431
06008,107
06009,47
06010,422
06011,10422
06012,1489
06013,100
06014,2166
06015,56518
06016,966
06017,86
06018,163
06019,801
06020,577
06021,256
06022,652
06023,1319
06024,326
06025,1774
06026,277
06027,150
06028,1030
06029,510
06030,36
06031,183
06032,4
06033,312
06034,55
06035,186
06036,1678
06037,529
06038,318
06039,349
06040,616
06041,138
06042,435
06043,117
06044,12691
06045,261
06046,179
06047,264
06048,210
06049,274
06050,1199
06051,576
06052,1335
06053,213
06054,2352
06055,585
06056,101
06057,121
06058,552
06059,601
06060,2438
06061,200
06062,126
06063,836
06064,169
06065,112
06066,570
06067,708
06068,234
06069,1105
06070,3663
06071,61
06072,792
06073,281
06074,3112
06075,108
06076,336
06077,126
06078,154
06079,318
06080,686
06081,209
06082,136
06083,35022
06084,328
06085,1291
06086,378
06087,717
06088,3703
06089,226
06090,315
06091,1388
06092,244
06093,1390
06094,758
06095,3889
06096,37
06097,550
06098,270
06099,403
06100,224
06101,156
06102,359
06103,1656
06104,220
06105,173
06106,136
06107,608
06108,1100
06109,1180
06110,60
06111,262
06112,160
06113,1279
06114,13
06115,391
06116,435
06117,499
06118,33
06119,233
06120,1524
06121,1339
06122,1685
06123,1511
06124,457
06125,455
06126,1108
06127,930
06128,1681
06129,165
06130,43
06131,659
06132,295
06133,728
06134,224
06135,269
06136,501
06137,219
06138,505
06139,201
06140,187
06141,468
06142,67
06143,1356
06144,191
06145,271
06146,350
06147,86
06148,295
06149,3634
06150,258
06151,327
06152,518
06153,7476
06154,962
06155,608
06156,464
06157,85
06158,5843
06159,1159
06160,830
06161,111
06162,947
06901,1013
07001,903
07002,2190
07003,3307
07004,877
07005,2868
07006,1647
07007,116
07008,1776
07009,120
07010,1361
07011,13225
07012,439
07013,2282
07014,2598
07015,6853
07016,803
07017,147
07018,252
07019,100
07020,990
07021,47
07022,3996
07023,1396
07024,2046
07025,124
07026,17524
07027,7876
07028,192
07029,1129
07030,370
07031,7751
07032,10340
07033,12384
07034,166
07035,398
07036,14379
07037,1038
07038,538
07039,1887
07040,174589
07041,657
07042,3400
07043,1408
07044,2678
07045,291
07046,4068
07047,445
07048,4412
07049,391
07050,882
07051,1358
07052,1144
07053,296
07054,6871
07055,2499
07056,1618
07057,2819
07058,583
07059,818
07060,730
07061,2873
07062,2444
07063,470
07064,1063
07065,566
07901,243
07902,231
08001,6425
08002,51
08003,2847
08004,52
08005,2889
08006,3709
08007,2495
08008,35
08009,4077
08010,1495
08011,527
08012,873
08013,451
08014,685
08015,54404
08016,434
08017,1117
08018,897
08019,991356
08020,1174
08021,13
08022,4903
08023,1974
08024,151
08025,444
08026,79
08027,177
08028,79
08029,3061
08030,1742
08031,1213
08032,555
08033,5186
08034,205
08035,5950
08036,111
08037,616
08038,358
08039,118
08040,2704
08041,3749
08042,383
08043,663
08044,1550
08045,15
08046,4022
08047,1266
08048,181
08049,423
08050,23
08051,7142
08052,60
08053,848
08054,9304
08055,259
08056,14538
08057,11
08058,1145
08059,75
08060,66
08061,706
08062,136
08063,129
08064,668
08065,473
08066,815
08067,2132
08068,2411
08069,731
08070,81
08071,67
08072,2513
08073,33965
08074,1803
08075,1331
08076,5448
08077,17969
08078,83
08079,81
08080,7
08081,95
08082,594
08083,447
08084,368
08085,454
08086,7109
08087,47
08088,4863
08089,13812
08090,48
08091,1753
08092,1037
08093,4
08094,638
08095,57
08096,26417
08097,382
08098,1051
08099,170
08100,3481
08101,87969
08102,14337
08103,210
08104,320
08105,3220
08106,3337
08107,3593
08108,5038
08109,80
08110,4077
08111,280
08112,5160
08113,24869
08114,11122
08115,2737
08116,370
08117,3950
08118,5857
08119,1796
08120,2191
08121,38814
08122,541
08123,7687
08124,12982
08125,17281
08126,2388
08127,962
08128,106
08129,104
08130,24
08131,185
08132,199
08133,122
08134,245
08135,3676
08136,5145
08137,169
08138,1584
08139,47
08140,1005
08141,1672
08142,22
08143,1685
08144,271
08145,2969
08146,367
08147,4380
08148,406
08149,364
08150,87
08151,146
08152,76
08153,130
08154,986
08155,2278
08156,12340
08157,2858
08158,1905
08159,7795
08160,140
08161,2410
08162,567
08163,6704
08164,261
08165,1666
08166,265
08167,5804
08168,74
08169,34640
08170,228
08171,697
08172,4981
08174,88
08175,1415
08176,80
08177,9
08178,103
08179,79
08180,7955
08181,4579
08182,469
08183,1056
08184,22965
08185,30
08187,63417
08188,49
08189,95
08190,79
08191,2700
08192,3565
08193,268
08194,8681
08195,38
08196,9887
08197,2365
08198,1183
08199,178
08200,24291
08201,513
08202,5365
08203,814
08204,853
08205,50396
08206,583
08207,538
08208,4992
08209,2194
08210,1227
08211,10575
08212,252
08213,6704
08214,3193
08215,643
08216,8
08217,14089
08218,3864
08219,4903
08220,705
08221,13122
08222,722
08223,382
08224,231
08225,60
08226,228
08227,660
08228,165
08229,194
08230,2479
08231,6502
08232,766
08233,756
08234,1184
08235,1263
08236,439
08237,770
08238,10743
08239,264
08240,5916
08241,16
08242,111
08243,60
08244,3032
08245,17003
08246,662
08247,200
08248,1726
08249,95
08250,1136
08251,2959
08252,18217
08253,35
08254,740
08255,62
08256,158
08257,246
08258,346
08259,2241
08260,14323
08261,913
08262,2155
08263,7101
08264,1502
08265,911
08266,23992
08267,3695
08268,399
08269,1153
08270,7261
08271,23
08272,120
08273,1308
08274,1938
08275,131
08276,123
08277,18
08278,1535
08279,61163
08280,46
08281,1851
08282,1631
08283,1984
08284,4629
08285,3819
08286,709
08287,421
08288,374
08289,969
08290,395
08291,1672
08292,359
08293,31
08294,512
08295,2570
08296,538
08297,41
08298,19510
08299,91
08300,4485
08301,14793
08302,1572
08303,69
08304,403
08305,14793
08306,114
08307,15978
08308,73
08901,136
08902,1364
08905,998
09001,16
09003,74
09006,4
09007,4
09009,54
09010,6
09011,22
09012,26
09013,8
09014,44
09016,82
09017,58
09018,13518
09019,38
09020,128
09021,22
09022,11
09023,127
09024,48
09025,63
09026,64
09027,5
09029,49
09030,23
09032,17
09033,23
09034,89
09035,63
09036,5
09037,10
09038,51
09039,14
09041,6
09043,31
09044,12
09045,68
09046,4
09047,10
09048,631
09050,20
09051,37
09052,2
09054,12
09055,4
09056,2629
09057,35
09058,103
09059,84973
09060,28
09061,58
09062,4
09063,88
09064,118
09065,18
09066,4
09067,53
09068,4
09070,7
09071,44
09072,66
09073,186
09074,204
09075,46
09076,5
09077,5
09078,12
09079,13
09082,19
09083,4
09084,29
09085,171
09086,206
09088,4
09090,10
09091,243
09093,30
09094,2
09095,17
09098,275
09100,10
09101,22
09103,92
09104,4
09105,18
09108,88
09109,224
09110,7
09112,24
09113,181
09114,43
09115,16
09117,26
09119,12
09120,4
09122,14
09123,4
09124,549
09125,135
09127,7
09128,11
09129,13
09130,31
09131,263
09132,43
09133,5
09134,76
09135,20
09136,65
09137,37
09138,21
09139,10
09140,24
09141,251
09143,5
09144,7
09148,14
09149,12
09151,168
09152,183
09154,36
09155,16
09159,15
09160,17
09162,33
09163,118
09164,50
09166,25
09167,6
09168,109
09169,15
09170,20
09172,23
09173,7
09174,225
09175,47
09176,9
09177,261
09178,2
09179,7
09180,37
09181,56
09182,12
09183,2
09184,2
09189,37
09190,26
09191,8
09192,8
09194,1110
09195,10
09196,22
09197,111
09198,18
09199,32
09200,6
09201,6
09202,2
09206,14
09208,27
09209,1764
09211,582
09213,53
09214,253
09215,91
09216,117
09217,74
09218,198
09219,10932
09220,12
09221,164
09223,7
09224,67
09225,4
09226,2
09227,95
09228,36
09229,91
09230,7
09231,9
09232,14
09235,62
09236,4
09238,155
09239,10
09241,28
09242,15
09243,12
09244,6
09246,188
09247,4
09248,8
09249,12
09250,43
09251,342
09253,32
09255,11
09256,259
09257,29
09258,110
09259,46
09261,162
09262,42
09265,2
09266,17
09267,20
09268,24
09269,8
09270,17
09272,46
09273,18
09274,261
09275,41
09276,113
09277,13
09279,57
09280,2
09281,56
09283,2
09287,155
09288,53
09289,363
09292,8
09294,36
09295,15
09297,54
09298,14
09301,128
09302,12
09303,2
09304,45
09306,36
09307,14
09308,2
09309,120
09310,6
09311,6
09312,24
09314,10
09315,54
09316,51
09317,2
09318,4
09321,798
09323,16
09325,46
09326,119
09327,5
09328,4
09329,17
09330,675
09332,50
09334,15
09335,7
09337,13
09338,56
09339,50
09340,13
09343,19
09345,33
09346,6
09347,26
09348,19
09350,161
09351,9
09352,23
09353,34
09354,8
09355,10
09356,7
09358,91
09360,5
09361,43
09362,91
09363,329
09365,8
09366,12
09368,2
09369,163
09372,57
09373,131
09374,8
09375,8
09377,186
09378,4
09380,22
09381,2
09382,9
09384,118
09386,29
09387,11
09388,4
09389,28
09390,122
09391,115
09392,2
09394,267
09395,14
09396,43
09398,19
09400,93
09403,11
09405,23
09406,120
09407,2
09408,7
09409,14
09410,967
09411,30
09412,568
09413,177
09414,19
09415,79
09416,2
09417,5
09418,19
09419,21
09421,68
09422,2
09423,4
09424,8
09425,242
09427,490
09428,34
09429,7
09430,6
09431,22
09432,56
09433,5
09434,1043
09437,51
09438,154
09439,607
09440,9
09441,16
09442,220
09443,39
09444,21
09445,4
09446,2
09447,2
09448,50
09449,50
09450,2
09451,32
09454,11
09455,10
09456,101
09458,315
09460,31
09463,28
09464,12
09466,11
09467,20
09471,36
09472,15
09473,32
09476,6
09480,18
09482,5
09483,45
09485,5
09901,84
09902,83
09903,1539
09904,75
09905,66
09906,713
09907,344
09908,178
10001,51
10002,109
10003,169
10004,289
10005,190
10006,493
10007,169
10008,454
10009,120
10010,969
10011,191
10012,152
10013,97
10014,676
10015,202
10016,82
10017,249
10018,545
10019,1420
10020,627
10021,1299
10022,96
10023,205
10024,222
10025,108
10026,98
10027,13
10028,22
10029,125
10030,129
10031,36
10032,431
10033,99
10034,83
10035,1056
10036,111
10037,45765
10038,10
10039,98
10040,117
10041,289
10042,12
10043,263
10044,507
10045,448
10046,67
10047,331
10048,65
10049,1249
10050,332
10051,48
10052,55
10053,74
10054,132
10055,257
10056,97
10057,65
10058,449
10059,105
10060,269
10061,557
10062,117
10063,32
10064,496
10065,24
10066,45
10067,3944
10068,464
10069,146
10070,188
10071,58
10072,256
10073,274
10075,49
10076,312
10077,185
10078,77
10079,284
10080,97
10081,21
10082,321
10083,27
10084,467
10085,214
10086,105
10087,492
10088,72
10089,468
10090,158
10091,80
10092,63
10093,113
10094,101
10095,113
10096,1009
10097,17
10098,99
10099,186
10100,258
10101,33
10102,105
10103,118
10104,2058
10105,927
10106,29
10107,423
10108,48
10109,696
10110,993
10111,504
10112,506
10113,478
10114,531
10115,1019
10116,1054
10117,90
10118,71
10119,201
10120,22
10121,3432
10122,35
10123,124
10124,268
10125,254
10126,510
10127,1806
10128,1953
10129,86
10130,808
10131,5945
10132,108
10133,252
10134,198
10135,287
10136,35
10137,136
10138,157
10139,42
10140,401
10141,62
10142,277
10143,39
10144,255
10145,29
10146,587
10147,453
10148,13246
10149,258
10150,74
10151,62
10152,229
10153,57
10154,80
10155,418
10156,23
10157,72
10158,78
10159,126
10160,44
10161,20
10162,174
10163,62
10164,217
10165,48
10166,77
10167,107
10168,63
10169,161
10170,53
10171,113
10172,162
10173,224
10174,39
10175,371
10176,121
10177,279
10178,199
10179,87
10180,3464
10181,246
10182,51
10183,356
10184,205
10185,251
10186,312
10187,147
10188,228
10189,802
10190,143
10191,147
10192,121
10193,327
10194,104
10195,2884
10196,243
10197,23
10198,227
10199,35
10200,69
10201,55
10202,153
10203,1356
10204,101
10205,665
10206,61
10207,111
10208,37
10209,75
10210,196
10211,156
10212,613
10213,142
10214,44
10215,119
10216,459
10217,119
10218,393
10219,302
10901,520
10902,177
10903,283
11001,1227
11002,2277
11003,353
11004,25758
11005,1738
11006,6996
11007,3149
11008,9690
11009,128
11010,2520
11011,434
11012,73436
11013,496
11014,4339
11015,13537
11016,4399
11017,1326
11018,538
11019,545
11020,56297
11021,1911
11022,8940
11023,2442
11024,2755
11025,935
11026,1421
11027,22368
11028,12157
11029,2902
11030,6493
11031,13769
11032,17588
11033,9826
11034,1000
11035,3820
11036,334
11037,1694
11038,4393
11039,2589
11040,103
11041,3453
11042,443
11043,7
11044,9
11901,1632
11902,1269
12001,312
12002,23
12003,847
12004,1936
12005,5708
12006,14
12007,90
12008,45
12009,8380
12010,38
12011,1736
12012,807
12013,14
12014,58
12015,9
12016,674
12017,20
12018,52
12020,73
12021,2520
12022,95
12024,19
12025,10
12026,366
12027,8581
12028,3756
12029,205
12031,1705
12032,8694
12033,1055
12034,521
12036,152
12037,5
12038,34
12039,172
12040,80494
12041,8
12042,307
12043,120
12044,104
12045,127
12046,36
12048,107
12049,38
12050,676
12051,144
12052,178
12053,1145
12055,8
12056,86
12057,160
12058,8
12059,47
12060,194
12061,122
12063,7
12064,40
12065,58
12067,85
12068,21
12069,2
12070,182
12071,341
12072,465
12073,41
12074,461
12075,67
12076,7
12077,2232
12078,292
12079,108
12080,1082
12081,193
12082,6711
12083,52
12084,9751
12085,1809
12087,10
12088,9
12089,1957
12090,24
12091,110
12092,24
12093,53
12094,475
12095,271
12096,316
12097,4
12098,199
12099,276
12100,556
12101,120
12102,198
12103,7
12104,2941
12105,311
12106,456
12107,97
12108,87
12109,99
12110,51
12111,106
12112,70
12113,10
12114,37
12115,62
12116,6
12117,1489
12118,18
12119,62
12120,28
12121,451
12122,176
12123,4
12124,1081
12125,43
12126,8038
12127,7
12128,1322
12129,450
12130,143
12131,4
12132,134
12133,4
12134,47
12135,16645
12136,1601
12137,11
12138,8650
12139,63
12140,353
12141,32
12142,44
12901,1629
12902,1470
13001,295
13002,457
13003,109
13004,232
13005,10772
13006,115
13007,171
13008,140
13009,359
13010,239
13011,1053
13012,87
13013,2545
13014,148
13015,1413
13016,385
13017,83
13018,270
13019,1980
13020,1462
13021,55
13022,75
13023,3789
13024,179
13025,72
13026,105
13027,915
13028,3833
13029,10
13030,33
13031,663
13032,276
13033,676
13034,40329
13035,229
13036,137
13037,323
13038,463
13039,4590
13040,290
13041,42
13042,187
13043,44
13044,711
13045,158
13046,151
13047,2257
13048,61
13049,202
13050,188
13051,106
13052,2181
13053,6163
13054,1402
13055,126
13056,2837
13057,416
13058,1381
13059,37
13060,70
13061,2023
13062,145
13063,979
13064,521
13065,720
13066,609
13067,103
13068,207
13069,150
13070,261
13071,15484
13072,277
13073,116
13074,230
13075,108
13076,118
13077,1408
13078,3729
13079,4180
13080,67
13081,166
13082,11439
13083,985
13084,322
13085,735
13086,30
13087,9947
13088,136
13089,361
13090,305
13091,88
13092,434
13093,1532
13094,69
13095,46
13096,2322
13097,767
13098,561
13099,118
13901,248
13902,96
13904,162
14001,2029
14002,4989
14003,439
14004,1106
14005,2326
14006,437
14007,7801
14008,799
14009,473
14010,2286
14011,207
14012,3345
14013,7034
14014,1347
14015,1118
14016,466
14017,4669
14018,1516
14019,3394
14020,157
14021,121739
14022,1908
14023,730
14024,877
14025,1431
14026,743
14027,2611
14028,72
14029,1175
14030,4517
14031,317
14032,118
14033,492
14034,84
14035,1846
14036,2044
14037,1633
14038,15110
14039,1382
14040,2094
14041,1665
14042,8549
14043,3577
14044,902
14045,1464
14046,2724
14047,293
14048,650
14049,8980
14050,993
14051,489
14052,2125
14053,2319
14054,5820
14055,8144
14056,8991
14057,2786
14058,3966
14059,232
14060,2843
14061,228
14062,273
14063,505
14064,80
14065,613
14066,2812
14067,1656
14068,423
14069,3157
14070,358
14071,254
14072,444
14073,836
14074,779
14075,324
15001,1156
15002,6093
15003,713
15004,593
15005,15146
15006,1924
15007,678
15008,6134
15009,6856
15010,529
15011,3817
15012,1266
15013,1063
15014,983
15015,2026
15016,1304
15017,5931
15018,368
15019,8518
15020,933
15021,1859
15022,1719
15023,2549
15024,2136
15025,272
15026,325
15027,772
15028,309
15029,1447
15030,128408
15031,8936
15032,1866
15033,706
15034,588
15035,2947
15036,21442
15037,919
15038,721
15039,278
15040,625
15041,2405
15042,725
15043,1460
15044,252
15045,1170
15046,2327
15047,918
15048,916
15049,316
15050,517
15051,859
15052,1105
15053,1334
15054,11211
15055,832
15056,1684
15057,3664
15058,8258
15059,4011
15060,1937
15061,1559
15062,1673
15063,656
15064,442
15065,3081
15066,921
15067,2753
15068,1409
15069,1875
15070,3876
15071,1687
15072,1685
15073,5662
15074,839
15075,3777
15076,688
15077,2994
15078,59739
15079,416
15080,487
15081,854
15082,3698
15083,307
15084,911
15085,975
15086,740
15087,1135
15088,970
15089,1231
15090,316
15091,178
15092,2115
15093,1426
15901,821
16001,10
16002,105
16003,90
16004,50
16005,49
16006,30
16007,633
16008,20
16009,21
16010,80
16011,4
16012,33
16013,4
16014,160
16015,182
16016,61
16017,82
16018,99
16019,53
16020,11
16022,10
16023,202
16024,66
16025,2
16026,61
16027,148
16029,31
16030,2
16031,15
16032,105
16033,541
16034,33
16035,200
16036,11
16038,8
16039,133
16040,49
16041,119
16042,347
16043,27
16044,4
16045,72
16046,53
16047,68
16048,106
16049,35
16050,91
16051,40
16052,303
16053,179
16055,296
16056,95
16057,7
16058,24
16060,235
16061,413
16062,4
16063,43
16064,275
16065,98
16066,1072
16067,44
16068,78
16070,4
16071,6
16072,98
16073,95
16074,4
16078,25898
16079,6
16081,8
16082,75
16083,12
16084,8
16085,48
16086,346
16087,46
16088,29
16089,221
16091,11
16092,44
16093,32
16094,29
16095,41
16096,174
16097,31
16098,182
16099,71
16100,207
16101,25
16102,576
16103,77
16104,6
16106,646
16107,12
16108,9
16109,4
16110,40
16111,117
16112,539
16113,2173
16115,15
16116,8
16117,336
16118,408
16119,39
16121,46
16122,85
16123,4
16124,660
16125,654
16126,266
16128,12
16129,28
16130,340
16131,15
16132,16
16133,2089
16134,2313
16135,31
16137,4
16139,92
16140,4
16141,38
16142,45
16143,2
16145,174
16146,13
16147,6
16148,163
16149,14
16150,30
16151,17
16152,8
16153,289
16154,2493
16155,230
16156,26
16157,43
16158,183
16159,51
16160,12
16161,9
16162,13
16163,4
16165,12
16166,102
16167,90
16169,7
16170,193
16171,737
16172,72
16173,68
16174,67
16175,2391
16176,6
16177,29
16181,18
16185,6
16186,133
16187,21
16188,106
16189,104
16190,2453
16191,380
16192,4
16193,10
16194,44
16195,222
16196,186
16197,11
16198,397
16199,4
16202,318
16203,5145
16204,156
16205,31
16206,60
16209,26
16211,88
16212,55
16213,2
16215,65
16216,44
16217,18
16218,52
16219,30
16224,18
16225,7
16227,31
16228,63
16231,6
16234,4
16236,373
16237,28
16238,109
16239,33
16240,24
16242,108
16243,129
16244,217
16245,159
16246,142
16247,14
16248,269
16249,657
16250,26
16251,992
16253,84
16254,55
16255,26
16258,28
16259,12
16263,208
16264,135
16265,4
16266,134
16269,150
16270,156
16271,243
16272,58
16273,75
16274,18
16275,2
16276,7
16277,89
16278,17
16279,68
16280,41
16901,259
16902,12
16903,493
16904,89
16905,283
16906,15
16908,115
16909,147
16910,16
17001,203
17002,1568
17003,25
17004,129
17005,230
17006,1160
17007,981
17008,1236
17009,2759
17010,273
17011,196
17012,308
17013,1316
17014,13
17015,6282
17016,352
17018,210
17019,894
17020,1219
17021,125
17022,2775
17023,8197
17024,135
17025,448
17026,156
17027,873
17028,182
17029,48
17030,266
17031,74
17032,878
17033,1494
17034,2243
17035,173
17036,1250
17037,51
17038,875
17039,671
17040,151
17041,75
17042,201
17043,218
17044,3023
17046,220
17047,3382
17048,3692
17049,2203
17050,260
17051,66
17052,81
17054,84
17055,33
17056,2219
17057,350
17058,121
17060,82
17061,38
17062,2355
17063,96
17064,75
17065,125
17066,13268
17067,388
17068,93
17069,138
17070,67
17071,289
17073,2254
17074,187
17075,99
17076,26
17077,344
17078,122
17079,64361
17080,79
17081,210
17082,65
17083,1010
17084,54
17085,114
17086,2418
17087,276
17088,185
17089,1963
17090,272
17091,141
17092,1102
17093,625
17094,381
17095,8631
17096,40
17097,61
17098,137
17099,16
17100,91
17101,395
17102,169
17103,2609
17105,116
17106,44
17107,97
17109,369
17110,611
17111,323
17112,49
17114,11074
17115,181
17116,683
17117,6200
17118,6210
17119,52
17120,260
17121,141
17122,2
17123,584
17124,862
17125,32
17126,108
17128,119
17129,65
17130,190
17132,894
17133,464
17134,59
17135,334
17136,46
17137,1124
17138,314
17139,1202
17140,284
17141,3177
17142,1075
17143,40
17144,75
17145,697
17146,987
17147,4709
17148,849
17149,90
17150,4396
17151,52
17152,4875
17153,63
17154,26
17155,7973
17157,53
17158,114
17159,749
17160,4538
17161,300
17162,46
17163,1121
17164,1593
17165,836
17166,189
17167,1118
17168,81
17169,972
17170,54
17171,46
17172,127
17173,93
17174,64
17175,132
17176,65
17177,165
17178,685
17180,3639
17181,1222
17182,250
17183,195
17184,616
17185,2469
17186,1254
17187,189
17188,46
17189,495
17190,350
17191,119
17192,135
17193,1681
17194,48
17195,170
17196,53
17197,142
17198,140
17199,3231
17200,317
17201,77
17202,1178
17203,57
17204,385
17205,79
17206,88
17207,1144
17208,879
17209,285
17210,258
17211,490
17212,71
17213,1701
17214,188
17215,1566
17216,51
17217,135
17218,197
17220,323
17221,1408
17222,49
17223,335
17224,112
17225,84
17226,2797
17227,40
17228,84
17230,287
17232,77
17233,1814
17234,54
17901,496
17902,705
17903,536
18001,85
18002,290
18003,8064
18004,258
18005,91
18006,2183
18007,305
18010,228
18011,1004
18012,1075
18013,1997
18014,1156
18015,200
18016,75
18017,5239
18018,81
18020,541
18021,6806
18022,5177
18023,5152
18024,137
18025,81
18027,1024
18028,494
18029,697
18030,215
18032,102
18033,85
18034,169
18035,363
18036,798
18037,213
18038,471
18039,1365
18040,56
18042,137
18043,20
18044,53
18045,456
18046,646
18047,1054
18048,630
18049,141
18050,469
18051,506
18053,604
18054,161
18056,1301
18057,1165
18059,2355
18061,513
18062,2497
18063,590
18064,173
18066,863
18067,249
18068,210
18069,219
18070,117
18071,1867
18072,765
18074,100
18076,432
18078,261
18079,1584
18082,241
18083,58
18084,834
18085,254
18086,127
18087,115976
18088,704
18089,4893
18093,2116
18094,473
18095,409
18096,142
18097,312
18098,2144
18099,326
18100,3840
18101,1664
18102,3943
18103,306
18105,2441
18107,395
18108,205
18109,211
18111,472
18112,47
18114,167
18115,1063
18116,774
18117,109
18119,484
18120,87
18121,29
18122,7066
18123,86
18124,139
18126,344
18127,3986
18128,86
18132,1439
18133,878
18134,3205
18135,2212
18136,1006
18137,463
18138,1131
18140,17786
18141,121
18143,257
18144,133
18145,3146
18146,295
18147,1086
18148,227
18149,1177
18150,2183
18151,98
18152,409
18153,7070
18154,311
18157,272
18158,3633
18159,417
18161,32
18162,507
18163,84
18164,675
18165,2050
18167,640
18168,69
18170,94
18171,966
18173,2283
18174,159
18175,4432
18176,52
18177,147
18178,321
18179,220
18180,316
18181,40
18182,714
18183,194
18184,529
18185,204
18187,217
18188,763
18189,126
18192,975
18193,3166
18194,870
18901,146
18902,287
18903,307
18904,262
18905,2311
18906,254
18907,625
18908,292
18909,228
18910,198
18911,1462
18912,691
18913,349
19001,27
19002,12
19003,4
19004,8
19005,19
19006,180
19007,155
19008,10
19009,72
19010,4
19011,119
19013,59
19015,6
19016,9
19017,6
19018,25
19019,2
19020,109
19021,330
19022,303
19023,15
19024,3738
19027,46
19032,25
19033,8
19034,9
19036,97
19037,35
19038,4
19039,28
19040,4
19041,23
19042,4
19043,19
19044,158
19045,39
19046,10946
19047,28
19048,4
19049,4
19050,2
19051,21
19052,12
19053,845
19054,58
19055,12
19057,14
19058,4360
19059,24
19060,34
19061,14
19064,9
19065,26
19066,16
19067,31
19070,6
19071,1429
19073,7
19074,15
19075,17
19076,4
19078,7
19079,6
19080,15
19081,17
19082,6
19086,480
19087,4
19088,11
19089,10
19090,20
19091,15
19092,147
19095,4
19096,15
19097,6
19098,9
19099,79
19102,13
19103,87
19104,2
19105,680
19106,13
19107,64
19108,14
19109,8
19110,7
19111,30
19112,9
19113,147
19114,10
19115,11
19117,682
19118,2
19119,16
19120,18
19121,75
19122,23
19123,16
19124,47
19125,4
19126,164
19127,30
19129,6
19130,37387
19132,8
19133,37
19134,4
19135,33
19136,4
19138,90
19139,9
19142,43
19143,408
19145,11
19146,10
19147,12
19148,6
19150,29
19151,305
19152,129
19153,4
19154,9
19155,6
19156,469
19157,9
19159,27
19160,117
19161,41
19162,18
19163,14
19165,26
19166,19
19167,16
19168,52
19169,4
19170,82
19172,18
19173,9
19174,41
19175,6
19176,44
19177,14
19178,4
19179,9
19181,11
19183,11
19184,30
19185,15
19186,26
19187,19
19188,6
19189,26
19190,1025
19191,4
19192,821
19193,7
19194,20
19195,12
19196,26
19197,4
19198,2
19199,4
19200,28
19201,20
19202,2
19203,6
19204,30
19208,4
19209,14
19210,4
19211,110
19212,216
19213,8
19214,16
19215,34
19216,27
19217,6
19218,7
19219,7
19220,259
19221,14
19222,34
19223,27
19224,27
19225,184
19226,4
19227,16
19228,6
19229,7
19230,591
19231,7
19232,10
19233,4
19234,2
19235,22
19237,10
19238,10
19239,10
19240,8
19241,19
19242,22
19243,12
19244,37
19245,455
19246,11
19247,35
19248,17
19249,4
19250,2
19251,21
19252,30
19254,6
19255,30
19256,4
19257,1982
19258,15
19259,9
19260,7
19261,6
19262,49
19263,7
19264,7
19265,30
19266,118
19267,4
19268,11
19269,21
19270,2
19271,12
19272,28
19274,618
19277,4
19278,4
19279,35
19280,497
19281,4
19282,87
19283,7
19284,4
19285,4
19286,71
19287,68
19288,2
19289,4
19290,179
19291,694
19293,223
19294,4
19296,8
19297,4
19298,9
19299,8
19300,94
19301,2
19302,10
19303,19
19304,22
19305,27
19306,9
19307,6
19308,4
19309,4
19310,4
19311,16
19314,9
19317,38
19318,10
19319,705
19321,11
19322,4
19323,4
19324,34
19325,93
19326,196
19327,142
19329,4
19330,18
19331,708
19332,31
19333,16
19334,6
19335,24
19901,4
20001,156
20002,766
20003,414
20004,130
20005,363
20006,55
20007,206
20008,334
20009,4926
20010,764
20011,723
20012,156
20013,2101
20014,1066
20015,390
20016,620
20017,3430
20018,6479
20019,7702
20020,36
20021,431
20022,297
20023,77
20024,130
20025,306
20026,84
20027,1535
20028,1142
20029,2846
20030,7971
20031,82
20032,4941
20033,639
20034,1854
20035,495
20036,4508
20037,28
20038,166
20039,918
20040,7913
20041,56
20042,1090
20043,929
20044,235
20045,18655
20046,995
20047,326
20048,44
20049,1361
20050,167
20051,2817
20052,520
20053,2867
20054,226
20055,12480
20056,829
20057,58
20058,1509
20059,4773
20060,35
20061,1023
20062,618
20063,8979
20064,3362
20065,1006
20066,138
20067,8120
20068,68
20069,106574
20070,232
20071,7014
20072,2765
20073,3231
20074,5238
20075,1328
20076,2552
20077,1697
20078,429
20079,6455
20080,2971
20081,3310
20901,1552
20902,4589
20903,3138
20904,31
20905,30
20906,33
21001,148
21002,3239
21003,233
21004,472
21005,10950
21006,864
21007,2217
21008,1141
21009,225
21010,4391
21011,1195
21012,42
21013,5161
21014,2557
21015,234
21016,259
21017,677
21018,486
21019,153
21020,120
21021,6425
21022,36
21023,500
21024,100
21025,1147
21026,62
21027,6
21028,117
21029,516
21030,707
21031,416
21032,750
21033,147
21034,364
21035,2484
21036,74
21037,147
21038,318
21039,100
21040,1287
21041,61022
21042,5275
21043,908
21044,9892
21045,44
21046,2519
21047,811
21048,76
21049,1452
21050,9953
21051,80
21052,1011
21053,1503
21054,2665
21055,9221
21056,1363
21057,394
21058,901
21059,78
21060,2663
21061,3572
21062,533
21063,1224
21064,2627
21065,64
21066,189
21067,97
21068,446
21069,757
21070,1641
21071,73
21072,2945
21073,894
21074,946
21075,59
21076,1486
21077,618
21078,480
21079,228
22001,72
22002,32
22003,25
22004,25
22006,326
22007,329
22008,56
22009,248
22011,20
22012,22
22013,76
22014,43
22015,58
22016,198
22017,467
22018,120
22019,30
22020,26
22021,689
22022,133
22023,160
22024,103
22025,636
22027,78
22028,102
22029,32
22032,13
22035,84
22036,9
22037,25
22039,285
22040,32
22041,37
22042,13
22043,28
22044,55
22045,12
22046,279
22047,66
22048,6779
22049,25
22050,18
22051,14
22052,395
22053,380
22054,1135
22055,84
22057,134
22058,41
22059,370
22060,560
22061,4011
22062,85
22063,30
22064,28
22066,376
22067,25
22068,7
22069,166
22072,40
22074,136
22075,16
22076,84
22077,185
22078,286
22079,28
22080,153
22081,74
22082,174
22083,106
22084,159
22085,47
22086,48
22087,31
22088,37
22089,92
22090,27
22091,2
22094,33
22095,21
22096,128
22099,322
22102,40
22103,239
22105,79
22106,6
22107,17
22109,114
22110,211
22111,43
22112,6262
22113,190
22114,25
22115,248
22116,814
22117,1288
22119,383
22122,8
22124,59
22125,27228
22126,13
22127,152
22128,140
22129,67
22130,4210
22131,26
22133,53
22135,55
22136,259
22137,242
22139,21
22141,38
22142,34
22143,66
22144,45
22149,58
22150,132
22151,8
22155,12
22156,84
22157,97
22158,5951
22160,42
22162,45
22163,119
22164,4
22165,116
22167,219
22168,2
22170,448
22172,286
22173,63
22174,160
22175,41
22176,33
22177,13
22178,40
22181,15
22182,59
22184,96
22186,29
22187,112
22188,49
22189,79
22190,30
22193,46
22195,115
22197,131
22199,3213
22200,129
22201,55
22202,78
22203,22
22204,1386
22205,118
22206,40
22207,44
22208,47
22209,47
22212,14
22213,1441
22214,104
22215,19
22217,120
22218,8
22220,56
22221,47
22222,115
22223,19
22225,1042
22226,276
22227,33
22228,97
22229,44
22230,107
22231,2
22232,20
22233,25
22234,261
22235,23
22236,62
22239,24
22242,20
22243,13
22244,7
22245,128
22246,22
22247,9
22248,16
22249,48
22250,109
22251,119
22252,11
22253,2
22254,634
22901,224
22902,79
22903,255
22904,291
22905,76
22906,40
22907,805
22908,43
22909,137
23001,362
23002,8310
23003,4221
23004,109
23005,12965
23006,2313
23007,1580
23008,787
23009,4803
23010,4526
23011,622
23012,2101
23014,1159
23015,561
23016,156
23017,720
23018,1035
23019,789
23020,596
23021,175
23024,4293
23025,1582
23026,1505
23027,329
23028,2403
23029,413
23030,664
23031,381
23032,244
23033,684
23034,1241
23035,456
23037,210
23038,807
23039,1275
23040,779
23041,287
23042,71
23043,178
23044,2052
23045,1358
23046,1024
23047,726
23048,445
23049,917
23050,64605
23051,1248
23052,522
23053,5725
23054,228
23055,12364
23056,1620
23057,321
23058,4247
23059,2542
23060,8948
23061,2589
23062,886
23063,2194
23064,820
23065,634
23066,2092
23067,975
23069,2787
23070,1268
23071,816
23072,862
23073,2206
23074,918
23075,1245
23076,206
23077,295
23079,2036
23080,936
23081,522
23082,644
23084,501
23085,1145
23086,4258
23087,3756
23088,2231
23090,557
23091,294
23092,10091
23093,1715
23094,1510
23095,4427
23096,1165
23097,3807
23098,369
23099,2115
23101,133
23901,465
23902,1165
23903,1654
23904,1159
23905,947
24001,38
24002,85
24003,239
24004,113
24005,110
24006,118
24007,95
24008,3540
24009,71
24010,3266
24011,12
24012,28
24014,1816
24015,478
24016,253
24017,188
24018,29
24019,14
24020,110
24021,428
24022,26
24023,129
24024,201
24025,70
24026,292
24027,574
24028,172
24029,106
24030,877
24031,50
24032,27
24033,47
24034,1475
24036,34
24037,50
24038,649
24039,623
24040,118
24041,76
24042,17
24043,44
24044,23
24046,139
24047,304
24049,128
24050,19
24051,82
24052,36
24053,88
24054,146
24055,139
24056,793
24057,357
24058,57
24059,131
24060,103
24061,279
24062,31
24063,81
24064,783
24065,668
24066,91
24067,604
24068,47
24069,10
24070,700
24071,186
24073,199
24074,28
24076,150
24077,57
24078,118
24079,111
24080,71
24081,34
24082,810
24083,253
24084,32
24086,63
24087,170
24088,226
24089,63562
24090,51
24091,115
24092,194
24093,52
24094,857
24095,54
24096,16
24097,78
24098,261
24099,36
24100,139
24101,59
24102,50
24103,86
24104,34
24105,4721
24106,37
24107,66
24108,129
24109,82
24110,246
24112,17
24113,131
24114,1784
24115,21889
24116,77
24117,87
24118,7
24119,95
24120,62
24121,160
24122,556
24123,81
24124,74
24125,80
24127,50
24129,24
24130,153
24131,269
24132,102
24133,110
24134,878
24136,233
24137,177
24139,1032
24141,17
24142,6427
24143,60
24144,144
24145,147
24146,28
24148,577
24149,61
24150,69
24151,73
24152,68
24153,79
24154,191
24155,117
24156,51
24157,1072
24158,48
24159,468
24160,229
24161,65
24162,2055
24163,821
24164,56
24165,29
24166,413
24167,250
24168,208
24169,884
24170,313
24171,45
24172,42
24173,167
24174,145
24175,1388
24176,112
24177,57
24178,7
24179,46
24180,312
24181,440
24182,71
24183,159
24184,12
24185,98
24187,250
24188,1579
24189,1353
24190,36
24191,42
24193,87
24194,48
24196,301
24197,155
24198,171
24199,79
24201,229
24202,1731
24203,11
24205,1260
24206,688
24207,90
24209,765
24210,96
24211,71
24212,391
24213,26
24214,105
24215,60
24216,127
24217,40
24218,133
24219,88
24221,223
24222,3229
24223,908
24224,93
24225,323
24226,42
24227,601
24228,183
24229,103
24230,115
24901,168
24902,77
25001,50
25002,186
25003,2014
25004,256
25005,75
25006,122
25007,443
25008,451
25009,167
25010,44
25011,3095
25012,1087
25013,773
25014,149
25015,159
25016,1176
25017,60
25019,2228
25020,64
25021,970
25022,17
25023,1917
25024,107
25025,2048
25027,466
25029,591
25030,42
25031,4
25032,11
25033,413
25034,1364
25035,269
25036,51
25037,124
25038,743
25039,59
25040,4787
25041,266
25042,46
25043,533
25044,64
25045,17
25046,139
25047,394
25048,617
25049,34
25050,2000
25051,578
25052,654
25053,286
25055,41
25056,83
25057,23
25058,2070
25059,282
25060,47
25061,22
25062,219
25063,16
25064,70
25067,292
25068,180
25069,139
25070,287
25071,4
25072,2550
25073,154
25074,52
25075,49
25076,41
25077,135
25078,420
25079,105
25081,109
25082,100
25085,41
25086,261
25087,19
25088,39
25089,23
25092,28
25093,484
25094,65
25096,334
25097,15
25098,46
25099,1391
25100,46
25101,179
25102,215
25103,128
25104,22
25105,40
25109,53
25110,4599
25111,131
25112,65
25113,535
25114,32
25115,353
25118,144
25119,1350
25120,69240
25121,305
25122,690
25123,53
25124,53
25125,143
25126,103
25127,92
25128,19
25129,69
25130,85
25131,148
25132,44
25133,331
25134,193
25135,835
25136,34
25137,5293
25138,211
25139,132
25140,404
25141,23
25142,160
25143,21
25145,11
25146,103
25148,69
25149,781
25150,70
25151,382
25152,38
25153,66
25154,40
25155,259
25156,238
25157,49
25158,731
25161,68
25163,121
25164,210
25165,100
25166,65
25167,101
25168,187
25169,41
25170,104
25171,853
25172,943
25173,680
25174,508
25175,112
25176,66
25177,165
25179,89
25180,74
25181,111
25182,412
25183,338
25185,214
25186,74
25189,768
25190,69
25191,119
25192,344
25193,314
25194,193
25196,15
25197,40
25200,172
25201,32
25202,29
25203,3897
25204,641
25205,265
25206,86
25207,3525
25208,83
25209,847
25210,971
25211,271
25212,83
25215,84
25216,67
25217,6223
25218,20
25219,30
25220,600
25221,28
25222,11
25223,561
25224,47
25225,263
25226,54
25227,135
25228,2261
25230,675
25231,277
25232,864
25233,239
25234,2165
25238,117
25239,194
25240,813
25242,273
25243,2450
25244,104
25245,103
25247,26
25248,334
25249,64
25250,112
25251,232
25252,519
25253,32
25254,394
25255,150
25901,124
25902,146
25903,118
25904,52
25905,244
25906,67
25907,109
25908,41
25909,34
25910,32
25911,135
26001,129
26002,2925
26003,223
26004,7
26005,1770
26006,527
26007,185
26008,1263
26009,119
26010,280
26011,3519
26012,7
26013,84
26014,105
26015,71
26016,12
26017,206
26018,5367
26019,849
26020,302
26021,1619
26022,48
26023,226
26024,118
26025,23
26026,689
26027,28
26028,33
26029,2
26030,6
26031,49
26032,9
26033,75
26034,287
26036,7370
26037,55
26038,11
26039,47
26040,17
26041,41
26042,275
26043,150
26044,10
26045,4
26046,789
26047,689
26048,20
26049,47
26050,51
26051,67
26052,51
26053,44
26054,69
26055,4
26056,140
26057,15
26058,43
26059,400
26060,17
26061,753
26062,23
26063,57
26064,1036
26065,16
26066,78
26067,2
26068,58
26069,47
26070,65
26071,3388
26072,53
26073,23
26074,15
26075,97
26076,45
26078,16
26079,173
26080,178
26081,4
26082,22
26083,89
26084,2298
26086,9
26087,39
26088,20
26089,63909
26091,13
26092,51
26093,9
26094,12
26095,16
26096,57
26098,22
26099,320
26100,21
26101,8
26102,2464
26103,307
26104,13
26105,1038
26106,7
26107,17
26108,31
26109,9
26110,41
26111,92
26112,54
26113,2
26114,11
26115,4
26117,1410
26118,4
26119,31
26120,900
26121,2
26122,58
26123,40
26124,144
26125,1305
26126,2
26127,89
26128,42
26129,436
26130,98
26131,13
26132,37
26134,32
26135,29
26136,11
26138,2164
26139,14
26140,52
26141,12
26142,475
26143,44
26144,54
26145,61
26146,20
26147,7
26148,50
26149,4
26150,32
26151,108
26152,14
26153,2
26154,11
26155,37
26157,162
26158,119
26160,244
26161,4
26162,23
26163,22
26164,12
26165,81
26166,42
26167,28
26168,960
26169,11
26170,211
26171,51
26172,4
26173,2
26174,18
26175,8
26176,4
26177,57
26178,14
26179,9
26180,72
26183,30
27001,703
27002,500
27003,465
27004,364
27005,867
27006,948
27007,877
27008,366
27009,597
27010,1643
27011,854
27012,357
27013,3191
27014,996
27015,1294
27016,2989
27017,197
27018,1317
27019,2306
27020,904
27021,567
27022,1656
27023,636
27024,419
27025,975
27026,961
27027,1117
27028,47457
27029,641
27030,1306
27031,5130
27032,939
27033,258
27034,271
27035,41
27037,290
27038,217
27039,1810
27040,969
27041,528
27042,546
27043,373
27044,960
27045,304
27046,501
27047,370
27048,820
27049,475
27050,904
27051,2993
27052,147
27053,143
27054,360
27055,412
27056,925
27057,4722
27058,906
27059,364
27060,810
27061,492
27062,240
27063,424
27064,345
27065,4065
27066,4813
27901,733
27902,3250
28001,20
28002,4232
28003,51
28004,1520
28005,53569
28006,105353
28007,43837
28008,445
28009,8273
28010,2401
28011,58
28012,142
28013,11751
28014,20638
28015,5522
28016,18
28017,216
28018,940
28019,222
28020,52
28021,120
28022,24822
28023,1177
28024,47
28025,353
28026,2077
28027,473
28028,374
28029,132
28030,511
28031,492
28032,2396
28033,1350
28034,83
28035,237
28036,930
28037,276
28038,1723
28039,36
28040,5312
28041,1356
28042,265
28043,1463
28044,1372
28045,10981
28046,1158
28047,13154
28048,91
28049,29108
28050,955
28051,346
28052,1273
28053,3205
28054,2332
28055,654
28056,208
28057,232
28058,45524
28059,1864
28060,264
28061,5116
28062,92
28063,79
28064,58
28065,61808
28066,4547
28067,847
28068,3091
28069,13
28070,43
28071,44
28072,1560
28073,8506
28074,52321
28075,2915
28076,104
28078,20
28079,1736667
28080,27070
28082,1059
28083,3923
28084,6250
28085,943
28086,1220
28087,856
28088,154
28089,1885
28090,1838
28091,1190
28092,40857
28093,616
28094,166
28095,349
28096,6068
28097,17
28099,474
28100,1083
28101,76
28102,197
28104,4701
28106,14107
28107,98
28108,756
28109,430
28110,430
28111,142
28112,35
28113,16773
28114,29
28115,60261
28116,131
28117,22
28118,19
28119,413
28120,407
28121,42
28122,78
28123,18048
28124,29
28125,648
28126,7
28127,50194
28128,93
28129,3691
28130,17921
28131,4300
28132,4464
28133,1593
28134,44852
28135,248
28136,73
28137,213
28138,36
28140,977
28141,1592
28143,20
28144,1934
28145,465
28146,603
28147,151
28148,27763
28149,4335
28150,856
28151,693
28152,5471
28153,268
28154,2617
28155,73
28156,227
28157,113
28158,145
28159,126
28160,2294
28161,14107
28162,787
28163,69
28164,736
28165,496
28166,82
28167,10661
28168,205
28169,292
28170,674
28171,1613
28172,2141
28173,115
28174,485
28175,214
28176,5440
28177,2802
28178,473
28179,358
28180,1937
28181,9452
28182,39
28183,371
28901,281
28902,74
28903,30242
29001,2349
29002,444
29003,347
29004,116
29005,1860
29006,182
29007,7937
29008,4008
29009,594
29010,973
29011,554
29012,2458
29013,392
29014,60
29015,19978
29016,125
29017,2733
29018,748
29019,249
29020,860
29021,37
29022,55
29023,1659
29024,127
29025,14031
29026,473
29027,929
29028,434
29029,118
29030,290
29031,589
29032,2771
29033,332
29034,177
29035,635
29036,174
29037,58
29038,3971
29039,873
29040,588
29041,1126
29042,4297
29043,1115
29044,257
29045,774
29046,622
29047,557
29048,496
29049,1593
29050,131
29051,13361
29052,52
29053,630
29054,16639
29055,858
29056,369
29057,121
29058,239
29059,1326
29060,186
29061,129
29062,263
29063,59
29064,140
29065,55
29066,107
29067,229169
29068,3161
29069,50993
29070,15112
29071,309
29072,1580
29073,437
29074,184
29075,4873
29076,457
29077,32
29079,1026
29080,1803
29081,44
29082,6323
29083,702
29084,8925
29085,49
29086,341
29087,99
29088,1349
29089,1701
29090,357
29091,3361
29092,123
29093,816
29094,19437
29095,1803
29096,1078
29097,1873
29098,634
29099,489
29100,597
29901,15996
30001,1547
30002,4245
30003,10121
30004,254
30005,10893
30006,269
30007,1706
30008,8644
30009,4733
30010,2908
30011,1806
30012,2911
30013,2940
30014,1024
30015,7994
30016,60113
30017,3468
30018,2720
30019,9875
30020,2787
30021,6350
30022,7211
30023,1200
30024,34747
30025,3251
30026,9221
30027,19886
30028,1923
30029,4424
30030,187008
30031,105
30032,646
30033,4212
30034,251
30035,10245
30036,6255
30037,14309
30038,6587
30039,11705
30040,132
30041,3010
30042,354
30043,12120
30901,5214
30902,3974
31001,19
31002,154
31003,32
31004,15
31005,45
31006,443
31007,15
31008,21
31009,116
31010,2859
31011,187
31012,431
31013,122
31014,94
31015,836
31016,3150
31017,92
31018,110
31019,698
31020,126
31021,20
31022,97
31023,8028
31024,14
31025,255
31026,23
31027,357
31028,49
31029,341
31030,26
31031,86
31032,802
31033,9
31034,20
31035,2
31036,164
31037,15
31038,410
31039,6
31040,31
31041,380
31042,1490
31043,2
31044,123
31045,515
31046,11
31047,69
31048,28
31049,197
31050,1981
31051,49
31052,35
31053,100
31054,78
31055,176
31056,99
31057,979
31058,78
31059,51
31060,3835
31061,8
31062,272
31063,23
31064,484
31065,738
31066,411
31067,566
31068,918
31069,105
31070,1151
31071,2
31072,1959
31073,130
31074,59
31075,12
31076,1385
31077,2541
31078,785
31079,8
31080,113
31081,87
31082,217
31083,7
31084,572
31085,103
31086,6516
31087,56
31088,6167
31089,77
31090,41
31091,61
31092,213
31093,95
31094,20
31095,4
31096,27
31097,4493
31098,626
31099,28
31100,98
31101,1018
31102,24
31103,23
31104,589
31105,607
31106,378
31107,738
31108,725
31109,5903
31110,12
31111,28
31112,22
31113,23
31114,75
31115,56
31116,15
31117,118
31118,29
31120,66
31121,13
31122,3729
31123,317
31124,68
31125,45
31126,90
31127,31
31128,143
31129,91
31130,55
31131,496
31132,26
31133,6
31134,46
31135,34
31136,180
31137,44
31138,670
31139,28
31140,41
31141,46
31142,468
31143,33
31144,282
31145,44
31146,5
31147,35
31148,32
31149,1053
31150,41
31151,6
31152,346
31153,1748
31154,50
31155,155
31156,47
31157,1222
31158,52
31159,431
31160,19
31161,93
31162,18
31163,1044
31164,475
31165,1200
31166,66
31167,154
31168,64
31169,1714
31170,4
31171,167
31172,75
31173,210
31174,18
31175,13
31176,811
31177,270
31178,95
31179,137
31180,50
31181,8
31182,10
31183,130
31184,24
31185,115
31186,73
31187,29
31188,98
31189,655
31190,2
31191,993
31192,63
31193,4169
31194,68
31195,36
31196,2
31197,13
31198,14
31199,14
31200,132
31201,94331
31202,2640
31203,4
31204,8
31205,67
31206,838
31207,49
31208,1062
31209,25
31210,88
31211,17
31212,53
31213,23
31214,17
31215,2615
31216,1178
31217,97
31219,6
31220,196
31221,972
31222,11
31223,352
31224,302
31225,10
31226,133
31227,4302
31228,256
31229,10
31230,17
31231,19
31232,13506
31233,25
31234,22
31235,44
31236,703
31237,30
31238,11
31239,379
31240,274
31241,28
31242,52
31243,120
31244,31
31245,18
31246,23
31247,21
31248,207
31249,674
31250,2353
31251,2155
31252,16
31253,23
31254,1030
31255,23
31256,30
31257,1235
31258,2691
31259,119
31260,313
31261,50
31262,18
31263,46
31264,88
31265,19
31901,2642
31902,4695
31903,2073
31904,775
31905,3191
31906,5542
31907,1950
31908,708
32001,1384
32002,320
32003,230
32004,203
32005,160
32006,266
32007,228
32008,2260
32009,3914
32010,201
32011,63
32012,152
32013,276
32014,131
32015,135
32016,90
32017,1571
32018,235
32019,3668
32020,339
32021,126
32022,251
32023,311
32024,1377
32025,244
32026,1013
32027,209
32028,177
32029,106
32030,199
32031,157
32032,2616
32033,199
32034,349
32035,231
32036,279
32037,152
32038,302
32039,158
32040,286
32041,96
32042,283
32043,658
32044,189
32045,675
32046,211
32047,328
32048,207
32049,147
32050,341
32051,169
32052,441
32053,208
32054,46098
32055,180
32056,263
32057,48
32058,2577
32059,306
32060,115
32061,333
32062,87
32063,512
32064,168
32065,75
32066,73
32067,208
32068,244
32069,1452
32070,81
32071,351
32072,1340
32073,211
32074,160
32075,7519
32076,521
32077,257
32078,178
32079,320
32080,51
32081,509
32082,223
32083,223
32084,120
32085,3894
32086,589
32087,566
32088,709
32089,264
32090,223
32091,243
32092,95
33001,549
33002,1617
33003,232
33004,22069
33005,693
33006,221
33007,522
33008,525
33009,182
33010,454
33011,3861
33012,1943
33013,112
33014,4912
33015,276
33016,4814
33017,1102
33018,894
33019,823
33020,11380
33021,1438
33022,139
33023,922
33024,73928
33025,2071
33026,2042
33027,268
33028,817
33029,100
33030,160
33031,8925
33032,1303
33033,2115
33034,3267
33035,19043
33036,3955
33037,7604
33038,661
33039,270
33040,1320
33041,3256
33042,1693
33043,210
33044,122693
33045,1378
33046,158
33047,382
33048,46
33049,1901
33050,132
33051,2355
33052,190
33053,178
33054,311
33055,416
33056,1816
33057,528
33058,166
33059,1437
33060,2326
33061,124
33062,165
33063,121
33064,41
33065,437
33066,20718
33067,186
33068,289
33069,613
33070,1122
33071,194
33072,292
33073,3275
33074,1144
33075,83
33076,3743
33077,343
33078,23
34001,8
34003,54
34004,2876
34005,301
34006,18
34009,4
34010,140
34011,106
34012,59
34015,10
34017,288
34018,52
34019,39
34020,12
34022,393
34023,2918
34024,14
34025,39
34027,206
34028,37
34029,205
34031,10
34032,6
34033,4
34034,21
34035,26
34036,30
34037,109
34038,81
34039,11
34041,25
34042,78
34045,20
34046,9
34047,672
34048,17
34049,65
34050,47
34051,25
34052,63
34053,44
34055,56
34056,709
34057,152
34058,46
34059,116
34060,35
34061,27
34062,40
34063,37
34066,9
34067,14
34068,9
34069,1820
34070,46
34071,67
34072,37
34073,27
34074,197
34076,197
34077,295
34079,484
34080,1870
34081,9
34082,15
34083,537
34084,34
34086,17
34087,18
34088,40
34089,38
34091,29
34092,56
34093,27
34094,16
34096,6
34098,222
34099,12
34100,34
34101,6
34102,47
34103,14
34104,54
34106,34
34107,20
34108,203
34109,16
34112,9
34113,2
34114,96
34116,4
34120,32183
34121,55
34122,20
34123,392
34124,16
34125,20
34126,80
34127,43
34129,37
34130,53
34131,8
34132,26
34133,21
34134,4
34135,116
34136,29
34137,4
34139,30
34140,23
34141,60
34143,39
34146,13
34147,78
34149,8
34151,30
34152,32
34154,10
34155,22
34156,15
34157,1050
34158,81
34159,150
34160,22
34161,6
34163,11
34165,22
34167,24
34168,13
34169,95
34170,20
34171,195
34174,45
34175,19
34176,33
34177,36
34178,19
34179,4
34180,13
34181,66
34182,265
34184,9
34185,10
34186,9
34189,22
34190,22
34192,26
34196,9
34199,169
34201,32
34202,4
34204,2
34205,13
34206,372
34208,12
34210,15
34211,65
34213,12
34214,43
34215,34
34216,13
34217,381
34218,156
34220,53
34221,49
34222,23
34223,78
34224,14
34225,4935
34227,15
34228,20
34229,15
34230,6
34231,49
34232,185
34233,34
34234,14
34236,28
34237,152
34238,78
34240,23
34241,2
34242,73
34243,102
34245,67
34246,13
34901,764
34902,51
34903,41
34904,86
35001,791
35002,8473
35003,2709
35004,16266
35005,98
35006,5043
35007,116
35008,1026
35009,4564
35010,679
35011,4760
35012,10852
35013,1383
35014,5018
35015,8864
35016,159033
35017,10439
35018,5262
35019,31931
35020,1949
35021,3327
35022,12070
35023,2445
35024,5475
35025,320
35026,30448
35027,1814
35028,8013
35029,1291
35030,2925
35031,1596
35032,492
35033,1226
35034,5601
36001,506
36002,1024
36003,2182
36004,2465
36005,2904
36006,4407
36007,326
36008,5139
36009,1096
36010,463
36011,234
36012,605
36013,281
36014,299
36015,850
36016,379
36017,5209
36018,838
36019,136
36020,608
36021,3454
36022,3230
36023,2839
36024,6652
36025,628
36026,5046
36027,1614
36028,1443
36029,3957
36030,728
36031,287
36032,1201
36033,7821
36034,618
36035,3367
36036,558
36037,388
36038,37317
36039,12988
36040,453
36041,5002
36042,5132
36043,1034
36044,787
36045,7302
36046,1499
36047,905
36048,1197
36049,1938
36050,2000
36051,4690
36052,3478
36053,1142
36054,2610
36055,5241
36056,1400
36057,131913
36058,1829
36059,1464
36060,10028
36061,3143
36062,1231
37001,26
37002,46
37003,17
37004,8
37005,4
37006,17
37007,344
37008,1330
37009,32
37010,476
37011,22
37012,43
37013,19
37014,210
37015,58
37016,81
37017,55
37018,9
37019,33
37020,104
37021,15
37022,59
37023,614
37024,52
37025,78
37026,33
37027,41
37028,28
37029,36
37030,18
37031,93
37032,138
37033,9
37034,7
37035,136
37036,4
37037,13
37038,378
37039,71
37040,54
37041,12
37042,12
37044,81
37045,2
37046,3179
37047,82
37049,27
37050,16
37051,14
37052,73
37054,61
37055,44
37056,10
37057,46
37058,8
37059,27
37060,34
37061,21
37062,19
37063,26
37065,51
37067,663
37068,79
37069,258
37070,99
37071,7
37072,95
37073,125
37074,29
37077,80
37078,166
37079,27
37080,131
37081,170
37082,203
37083,44
37085,4298
37086,14
37087,179
37088,35
37089,9
37090,4
37091,43
37092,520
37096,35
37097,9
37098,35
37099,10
37100,4
37101,25
37102,49
37103,116
37104,6
37106,84
37107,3233
37108,25
37109,28
37110,58
37112,19
37113,88
37114,18
37115,24
37116,11
37117,525
37118,37
37119,21
37120,13
37121,130
37122,37
37123,31
37124,59
37125,57
37126,12
37127,57
37128,45
37129,38
37130,28
37131,69
37132,43
37133,13
37134,57
37135,384
37136,152
37137,37
37138,77
37139,278
37140,308
37141,29
37142,145
37143,74
37144,64
37145,72
37146,22
37147,38
37148,162
37149,24
37150,12
37151,46
37152,165
37154,23
37155,256
37156,3405
37157,13
37158,23
37159,7
37160,132
37161,25
37162,81
37163,60
37164,235
37165,9
37166,50
37167,399
37168,86
37169,52
37170,419
37171,232
37172,200
37173,348
37174,283
37175,157
37176,28
37177,55
37178,18
37179,43
37180,13
37181,28
37182,71
37183,87
37184,65
37185,124
37186,24
37187,133
37188,39
37189,6
37190,19
37191,19
37192,128
37193,108
37194,96
37195,4
37196,4
37197,16
37198,41
37199,29
37200,58
37201,54
37202,124
37203,21
37204,47
37205,14
37206,25
37207,35
37208,19
37209,209
37211,54
37212,16
37213,20
37214,16
37215,24
37216,102
37217,4
37218,10
37219,15
37221,69
37222,12
37223,22
37224,38
37225,27
37226,34
37228,103
37229,39
37230,36
37231,39
37232,148
37233,4
37234,40
37235,56
37236,36
37237,75
37238,53
37239,45
37240,228
37241,36
37242,9
37243,21
37244,55
37245,65
37246,1868
37247,48
37248,19
37249,12
37250,70
37251,12
37252,15
37253,38
37254,71
37255,15
37256,48
37257,12
37258,46
37259,8
37260,21
37261,29
37262,26
37263,102
37264,7
37265,48
37266,11
37267,42
37268,14
37269,87
37270,37
37271,84
37272,38
37273,12
37274,60899
37275,28
37276,26
37277,8
37278,104
37279,184
37280,16
37281,9
37282,56
37283,43
37284,60
37285,72
37286,31
37287,117
37288,71
37289,42
37290,43
37291,50
37292,17
37293,17
37294,3906
37296,69
37297,114
37298,35
37299,56
37300,254
37301,15
37302,72
37303,26
37304,40
37305,32
37306,45
37307,27
37309,4
37310,44
37311,36
37312,94
37313,129
37314,19
37315,12
37316,310
37317,72
37318,34
37319,9
37320,27
37321,22
37322,233
37323,484
37324,75
37325,16
37327,14
37328,59
37329,8
37330,134
37331,37
37332,8
37333,44
37334,8
37335,62
37336,19
37337,55
37338,21
37339,139
37340,37
37341,23
37342,123
37343,21
37344,75
37345,80
37346,62
37347,85
37348,67
37349,26
37350,66
37351,69
37352,255
37353,35
37354,1181
37355,25
37356,11
37357,38
37358,75
37359,33
37360,49
37361,14
37362,4448
37363,32
37364,107
37365,47
37366,19
37367,28
37368,6
37369,66
37370,62
37371,66
37372,48
37373,191
37374,325
37375,105
37376,895
37377,46
37378,13
37379,43
37380,25
37381,25
37382,57
38001,21454
38002,175
38003,282
38004,2185
38005,1266
38006,23540
38007,372
38008,2617
38009,1458
38010,990
38011,5707
38012,294
38013,973
38014,624
38015,875
38016,262
38017,9799
38018,772
38019,5285
38020,3474
38021,302
38022,4511
38023,47057
38024,5016
38025,1393
38026,11882
38027,1425
38028,12329
38029,331
38030,418
38031,5965
38032,5066
38033,947
38034,721
38035,5352
38036,2944
38037,5731
38038,102888
38039,2788
38040,2977
38041,1595
38042,895
38043,4122
38044,381
38045,677
38046,1814
38047,573
38048,1682
38049,1009
38050,359
38051,1172
38052,365
38053,898
38901,103
39001,415
39002,1015
39003,27
39004,308
39005,270
39006,572
39007,135
39008,5809
39009,1911
39010,97
39011,441
39012,2286
39013,156
39014,211
39015,254
39016,14556
39017,160
39018,1740
39019,286
39020,5872
39021,41
39022,286
39023,1502
39024,641
39025,3568
39026,647
39027,560
39028,1254
39029,121
39030,761
39031,404
39032,327
39033,85
39034,55
39035,4473
39036,220
39037,545
39038,373
39039,113
39040,1919
39041,257
39042,3253
39043,647
39044,854
39045,56
39046,257
39047,764
39048,437
39049,88
39050,82
39051,9
39052,4259
39053,45
39054,1602
39055,471
39056,698
39057,785
39058,138
39059,3584
39060,2964
39061,871
39062,459
39063,209
39064,307
39065,33
39066,151
39067,202
39068,185
39069,874
39070,23
39071,139
39072,65
39073,3673
39074,2537
39075,85456
39076,989
39077,98
39078,192
39079,2769
39080,1335
39081,82
39082,513
39083,358
39084,182
39085,1474
39086,89
39087,17157
39088,8
39089,23
39090,108
39091,606
39092,298
39093,27
39094,187
39095,839
39096,182
39097,197
39098,608
39099,442
39100,159
39101,53
39102,470
40001,158
40002,11
40003,21
40004,153
40005,13
40006,8
40007,15
40008,12
40009,14
40010,40
40012,88
40013,7
40014,8
40015,2
40016,32
40017,24
40018,6
40019,4
40020,55
40021,7
40022,46
40024,414
40025,55
40026,33
40028,26
40029,10
40030,181
40031,120
40032,228
40033,21
40034,27
40035,36
40036,190
40037,4
40039,186
40040,1007
40041,389
40043,945
40044,85
40045,39
40046,73
40047,14
40048,6
40049,8
40051,4
40052,25
40053,60
40054,42
40055,9
40056,4
40057,571
40058,81
40059,58
40060,40
40061,20
40062,6
40063,3244
40065,335
40068,4
40069,21
40070,42
40071,11
40072,48
40073,152
40074,83
40075,109
40076,2418
40077,234
40078,79
40079,52
40080,14
40081,14
40082,26
40083,31
40084,15
40086,529
40087,19
40088,101
40089,61
40091,23
40092,34
40093,27
40094,77
40095,300
40097,101
40099,15
40100,108
40101,94
40103,230
40104,44
40105,20
40106,51
40107,47
40108,19
40109,16
40110,64
40111,19
40112,1122
40113,95
40115,43
40118,7
40119,41
40120,38
40121,82
40122,136
40123,50
40124,71
40125,24
40126,11
40127,10
40128,21
40129,50
40130,32
40131,21
40132,16
40134,343
40135,61
40136,34
40138,965
40139,101
40140,31
40141,307
40142,18
40143,47
40144,4
40145,315
40146,91
40148,87
40149,187
40150,24
40151,24
40152,224
40154,9
40155,728
40156,156
40157,8
40158,4
40159,60
40160,31
40161,36
40162,186
40163,10
40164,80
40165,12
40166,78
40168,10
40170,602
40171,4
40172,4
40173,35
40174,132
40176,99
40177,78
40178,21
40179,501
40180,89
40181,2016
40182,202
40183,63
40184,105
40185,329
40186,9
40188,27
40189,156
40190,16
40191,170
40192,48
40193,87
40194,25748
40195,376
40196,18
40198,16
40199,47
40200,107
40201,11
40202,14
40203,255
40204,66
40205,80
40206,37
40207,149
40208,328
40210,44
40211,15
40212,4
40213,22
40214,91
40215,30
40216,1376
40218,21
40219,273
40220,12
40221,11
40222,84
40223,42
40224,4
40225,634
40228,107
40229,2
40230,18
40231,28
40233,70
40234,64
40901,246
40902,42
40903,18
40904,100
40905,28
40906,297
41001,795
41002,695
41003,543
41004,23950
41005,2618
41006,1370
41007,2463
41008,462
41009,341
41010,652
41011,5972
41012,1182
41013,1455
41014,1464
41015,1595
41016,5535
41017,4626
41018,5118
41019,1629
41020,4948
41021,5937
41022,2421
41023,3541
41024,7934
41025,717
41026,2324
41027,1045
41028,293
41029,3347
41030,240
41031,345
41032,1824
41033,2135
41034,5070
41035,426
41036,1565
41037,1939
41038,35874
41039,13047
41040,2358
41041,4269
41042,2644
41043,135
41044,1379
41045,1603
41046,1643
41047,2221
41048,858
41049,2622
41050,2471
41051,1175
41052,1424
41053,10049
41054,349
41055,7307
41056,1689
41057,68
41058,4499
41059,12664
41060,5578
41061,1275
41062,1217
41063,1042
41064,2660
41065,8366
41066,721
41067,1669
41068,5789
41069,9833
41070,1203
41071,2357
41072,2313
41073,538
41074,1502
41075,4311
41076,1174
41077,3791
41078,1280
41079,2181
41080,403
41081,12187
41082,2136
41083,350
41084,1369
41085,2442
41086,5737
41087,3165
41088,163
41089,1815
41090,1685
41091,323472
41092,3363
41093,6441
41094,1426
41095,12753
41096,2394
41097,1761
41098,715
41099,1136
41100,479
41101,2414
41102,4595
41103,35
41901,1273
41902,2218
42001,109
42003,22
42004,972
42006,53
42007,30
42008,17
42009,27
42010,7
42011,4
42012,4
42013,4
42014,22
42015,7
42016,4
42017,28
42018,34
42019,136
42020,2001
42021,21
42022,80
42023,22
42024,13
42025,470
42026,14
42027,22
42028,16
42029,60
42030,17
42031,10
42032,54
42033,9
42034,4
42035,254
42036,9
42037,7
42038,4
42039,35
42041,4
42042,30
42043,1683
42044,8
42045,143
42046,29
42048,27
42049,20
42050,7
42051,4
42052,6
42053,4
42054,2
42055,33
42056,10
42057,63
42058,37
42059,4
42060,4
42061,43
42062,4
42063,14
42064,11
42065,4
42068,34
42069,320
42070,2
42071,73
42073,11
42075,8
42076,65
42078,339
42079,7
42080,41
42081,35
42082,4
42083,16
42084,9
42085,26
42086,11
42087,9
42088,20
42089,8
42090,20
42092,11
42093,4
42094,409
42095,907
42096,82
42097,4
42098,4
42100,9
42103,210
42105,12
42106,4
42107,10
42108,6
42110,53
42111,37
42113,322
42115,16
42116,7
42117,46
42118,4
42119,41
42120,43
42121,13
42123,71
42124,10
42125,9
42127,12
42128,4
42129,225
42130,11
42131,11
42132,37
42134,2011
42135,23
42139,2
42140,8
42141,11
42142,10
42144,110
42145,15
42148,6
42149,344
42151,7
42152,20
42153,4
42154,10
42155,51
42156,11
42157,6
42158,25
42159,9
42160,58
42161,23
42162,1027
42163,4
42164,921
42165,178
42166,10
42167,103
42168,30
42171,89
42172,9
42173,20135
42174,39
42175,8
42176,4
42177,12
42178,10
42181,160
42182,12
42183,31
42184,20
42185,7
42187,19
42188,7
42189,38
42190,13
42191,73
42192,4
42193,2
42194,18
42195,11
42196,4
42197,15
42198,4
42200,21
42201,6
42202,4
42204,22
42205,14
42206,4
42207,9
42208,4
42209,23
42211,14
42212,26
42213,13
42215,238
42216,4
42217,14
42218,19
42219,11
43001,208
43002,345
43003,35
43004,3058
43005,1569
43006,162
43007,143
43008,74
43009,321
43010,194
43011,190
43012,907
43013,1599
43014,7642
43015,26
43016,2130
43017,7
43018,140
43019,756
43020,599
43021,105
43022,669
43023,67
43024,777
43025,214
43026,313
43027,72
43028,386
43029,61
43030,87
43031,377
43032,153
43033,174
43034,194
43035,74
43036,149
43037,3806
43038,6836
43039,37
43040,119
43041,68
43042,455
43043,642
43044,1853
43045,31
43046,16
43047,4117
43048,285
43049,232
43050,520
43051,1540
43052,211
43053,31
43054,937
43055,918
43056,267
43057,7
43058,34
43059,52
43060,803
43061,12
43062,76
43063,245
43064,1079
43065,95
43066,118
43067,195
43068,159
43069,144
43070,92
43071,324
43072,20
43073,30
43074,838
43075,26
43076,115
43077,130
43078,236
43079,199
43080,49
43081,104
43082,149
43083,21
43084,202
43085,61
43086,3469
43088,619
43089,90
43090,105
43091,35
43092,2188
43093,2116
43094,652
43095,1491
43096,41
43097,70
43098,97
43099,103
43100,646
43101,49
43102,78
43103,472
43104,751
43105,23
43106,252
43107,89
43108,919
43109,2105
43110,91
43111,341
43112,95
43113,117
43114,127
43115,50
43116,157
43117,23
43118,206
43119,651
43120,48
43121,157
43122,23
43123,36650
43124,495
43125,168
43126,462
43127,230
43128,558
43129,1832
43130,45
43131,1391
43132,128
43133,1674
43134,51
43135,238
43136,3746
43137,482
43138,1135
43139,1157
43140,1774
43141,54
43142,942
43143,7
43144,236
43145,3113
43146,8
43147,102
43148,75756
43149,184
43150,322
43151,19
43152,160
43153,4061
43154,33
43155,14981
43156,2398
43157,117
43158,28
43159,16
43160,547
43161,11171
43162,3123
43163,7775
43164,74
43165,214
43166,484
43167,147
43168,34
43169,105
43170,356
43171,7160
43172,64
43173,33
43174,45
43175,224
43176,182
43177,82
43178,638
43901,2713
43902,668
43903,1215
43904,1627
43905,5503
43906,622
44001,18
44002,6
44003,4
44004,153
44005,18
44006,50
44007,55
44008,509
44009,409
44010,191
44011,12
44012,170
44013,6215
44014,788
44016,122
44017,96
44018,4
44019,14
44020,7
44021,38
44022,116
44023,4
44024,6
44025,2420
44026,30
44027,56
44028,46
44029,412
44031,46
44032,2
44033,36
44034,33
44035,32
44036,6
44037,146
44038,22
44039,48
44040,38
44041,10
44042,41
44043,11
44044,29
44045,135
44046,12
44047,63
44048,8
44049,384
44050,1505
44051,1172
44052,7
44053,28
44054,70
44055,20
44056,181
44059,319
44060,16
44061,21
44062,9
44063,38
44064,12
44065,6
44066,25
44067,82
44068,191
44070,9
44071,170
44074,282
44075,78
44076,1039
44077,20
44080,134
44082,14
44084,16
44085,13
44086,173
44087,24
44088,10
44089,4
44090,24
44092,15
44093,33
44094,12
44096,39
44097,24
44099,201
44100,44
44101,21
44102,5
44103,71
44105,18
44106,43
44107,44
44108,143
44109,15
44110,4
44111,24
44112,165
44113,24
44114,119
44115,43
44116,27
44117,59
44118,70
44119,26
44120,52
44121,29
44122,443
44123,54
44124,12
44125,6
44126,111
44127,10
44128,14
44129,2
44130,10
44131,6
44132,11
44133,7
44135,26
44136,10
44137,113
44138,31
44141,42
44143,142
44144,73
44145,393
44146,140
44147,207
44148,22
44149,51
44150,5
44151,63
44152,11
44153,854
44154,146
44155,273
44156,19
44157,11
44158,625
44159,12
44160,200
44161,136
44163,34
44164,4
44165,47
44167,4
44168,53
44169,81
44171,35
44172,52
44173,8
44174,119
44175,36
44176,22
44177,37
44178,12
44179,191
44180,14
44181,12
44182,65
44183,22
44184,2
44185,30
44187,80
44189,11
44190,16
44191,505
44192,201
44193,47
44194,43
44195,21
44196,26
44197,14
44198,48
44199,5
44200,4
44201,262
44205,173
44206,27
44207,20
44208,2
44209,347
44210,331
44212,9
44213,10
44215,30
44216,19106
44217,10
44219,33
44220,36
44221,110
44222,21
44223,26
44224,6
44225,45
44226,36
44227,18
44228,39
44229,25
44230,39
44231,9
44232,97
44234,10
44235,40
44236,29
44237,187
44238,1217
44239,4
44240,63
44241,165
44243,6
44244,41
44245,98
44246,1050
44247,100
44249,6
44250,2
44251,70
44252,9
44256,11
44257,46
44258,2
44260,66
44261,159
44262,39
44263,52
44264,58
44265,84
44266,39
44267,15
44268,6
45001,477
45002,860
45003,145
45004,118
45005,53
45006,311
45007,141
45008,36
45009,83
45010,57
45011,46
45012,202
45013,489
45014,995
45015,104
45016,641
45017,62
45018,98
45019,1416
45020,385
45021,1863
45022,90
45023,339
45024,259
45025,347
45026,48
45027,99
45028,995
45029,45
45030,183
45031,587
45032,130
45033,84
45034,454
45035,41
45036,132
45037,418
45038,669
45039,56
45040,239
45041,3197
45042,42
45043,172
45045,720
45046,1242
45047,741
45048,104
45049,56
45050,63
45051,424
45052,463
45053,2480
45054,1523
45055,301
45056,341
45057,59
45058,77
45059,605
45060,57
45061,575
45062,430
45063,86
45064,1245
45065,38
45066,2452
45067,743
45068,32
45069,459
45070,480
45071,474
45072,107
45073,124
45074,78
45075,19
45076,91
45077,410
45078,315
45079,107
45080,2
45081,7007
45082,402
45083,177
45084,386
45085,766
45086,94
45087,2733
45088,316
45089,406
45090,180
45091,177
45092,53
45093,22
45094,231
45095,219
45096,204
45097,139
45098,765
45099,685
45100,44
45101,1162
45102,1075
45103,97
45104,83
45105,46
45106,2809
45107,691
45108,174
45109,1088
45110,263
45111,4
45112,661
45113,500
45114,102
45115,1643
45116,213
45117,200
45118,716
45119,797
45120,23
45121,2563
45122,2460
45123,833
45124,705
45125,557
45126,88
45127,143
45128,921
45129,16
45130,72
45131,82
45132,735
45133,906
45134,614
45135,1079
45136,1939
45137,544
45138,284
45139,24
45140,470
45141,300
45142,3303
45143,190
45144,196
45145,811
45146,15
45147,108
45148,36
45149,121
45150,141
45151,218
45152,167
45153,523
45154,218
45155,69
45156,1156
45157,607
45158,654
45159,22
45160,135
45161,4902
45162,118
45163,2431
45164,26
45165,24674
45166,817
45167,380
45168,63252
45169,39
45170,38
45171,413
45172,201
45173,4552
45174,370
45175,152
45176,944
45177,655
45179,133
45180,903
45181,432
45182,418
45183,481
45184,71
45185,3162
45186,893
45187,817
45188,752
45189,109
45190,163
45191,122
45192,936
45193,172
45194,6
45195,684
45196,755
45197,480
45198,424
45199,553
45200,1833
45201,1827
45202,1028
45203,831
45204,180
45205,2253
45901,261
46001,236
46002,280
46003,684
46004,1303
46005,6453
46006,1822
46007,4433
46008,753
46009,862
46010,137
46011,2972
46012,231
46013,5859
46014,3272
46015,2809
46016,452
46017,16067
46018,143
46019,5165
46020,1095
46021,10703
46022,5221
46023,80
46024,112
46025,680
46026,527
46027,629
46028,91
46029,7816
46030,257
46031,3803
46032,1245
46033,30
46034,439
46035,12020
46036,189
46037,717
46038,29
46039,875
46040,266
46041,74
46042,1518
46043,82
46044,1181
46045,532
46046,295
46047,307
46048,1183
46049,59
46050,102
46051,2342
46052,284
46053,539
46054,2427
46055,419
46056,76
46057,154
46058,434
46059,904
46060,3810
46061,397
46062,1624
46063,639
46064,120
46065,4286
46066,450
46067,705
46068,130
46069,19
46070,5546
46071,92
46072,1255
46073,258
46074,669
46075,63
46076,201
46077,2712
46078,10164
46079,44
46080,295
46081,2959
46082,1256
46083,5420
46084,971
46085,5627
46086,11
46087,27
46088,31
46089,577
46090,605
46091,16
46092,50
46093,639
46094,7186
46095,170
46096,60
46097,522
46098,910
46099,233
46100,63
46101,207
46102,15414
46103,872
46104,641
46105,5238
46106,330
46107,499
46108,93
46109,4548
46110,6092
46111,3865
46112,114
46113,958
46114,186
46115,70
46116,4404
46117,66
46118,1172
46119,231
46120,265
46121,55
46122,785
46123,554
46124,271
46125,203
46126,1789
46127,625
46128,735
46129,202
46130,182
46131,20978
46132,661
46133,109
46134,337
46135,4249
46136,709
46137,114
46138,207
46139,2006
46140,78
46141,106
46142,156
46143,1730
46144,137
46145,8283
46146,1331
46147,5324
46148,651
46149,133
46150,692
46151,150
46152,17
46153,217
46154,343
46155,186
46156,775
46157,996
46158,177
46159,12133
46160,601
46161,453
46162,626
46163,1441
46164,3605
46165,3162
46166,2643
46167,55
46168,801
46169,6444
46170,1320
46171,6222
46172,1347
46173,451
46174,442
46175,185
46176,472
46177,3700
46178,1964
46179,909
46180,232
46181,7759
46182,258
46183,2202
46184,10495
46185,85
46186,5298
46187,463
46188,290
46189,238
46190,36327
46191,697
46192,102
46193,3677
46194,7187
46195,827
46196,24
46197,614
46198,407
46199,1676
46200,1069
46201,6
46202,6179
46203,1301
46204,3318
46205,6933
46206,139
46207,2908
46208,659
46209,471
46210,83
46211,1361
46212,554
46213,5096
46214,12697
46215,301
46216,1341
46217,332
46218,234
46219,51
46220,16984
46221,103
46222,133
46223,2792
46224,22
46225,127
46226,6
46227,310
46228,459
46229,218
46230,10877
46231,969
46232,259
46233,3253
46234,31
46235,6848
46236,217
46237,10458
46238,4617
46239,45
46240,97
46241,170
46242,107
46243,19
46244,18313
46245,78
46246,213
46247,306
46248,1662
46249,3208
46250,347955
46251,626
46252,28
46253,16
46254,329
46255,1562
46256,1581
46257,2502
46258,878
46259,115
46260,698
46261,319
46262,42
46263,44
46264,9
46265,6
46266,62
46904,89
47001,12
47002,2
47003,73
47004,330
47005,142
47006,20
47007,1625
47008,4
47009,26
47010,3682
47011,179
47012,24
47013,19
47014,16
47015,75
47016,15
47017,43
47018,10
47019,19
47020,67
47021,9
47022,12
47023,5283
47024,82
47025,23
47026,21
47027,815
47028,11
47029,19
47030,300
47031,28
47032,33
47033,75
47034,15
47035,272
47036,61
47037,58
47038,48
47039,28
47040,4
47041,22
47042,21
47043,120
47044,56
47045,164
47046,33
47047,53
47048,62
47049,15
47050,851
47051,76
47052,3045
47053,15
47054,164
47055,107
47056,19
47057,86
47058,57
47059,58
47060,94
47061,58
47062,34
47063,43
47064,4
47065,181
47066,420
47067,49
47068,6
47069,18
47070,6
47071,162
47073,33
47074,46
47075,2406
47076,4108
47077,59
47078,28
47079,8
47080,11
47081,6
47082,259
47083,59
47084,481
47085,6930
47086,1813
47087,124
47088,28
47089,57
47090,902
47091,15
47092,27
47093,140
47094,43
47095,7
47096,38
47097,94
47098,140
47099,88
47100,25
47101,564
47102,73
47103,129
47104,1819
47105,33
47106,12
47109,40
47110,88
47111,243
47112,875
47113,67
47114,2090
47115,95
47116,259
47117,107
47118,32
47119,36
47121,140
47122,633
47123,100
47124,154
47125,11
47126,10
47127,56
47128,31
47129,450
47130,17
47131,29
47132,8
47133,503
47134,32
47135,10
47137,6
47138,43
47139,575
47140,43
47141,30
47142,26
47143,34
47144,26
47145,137
47146,80
47147,21
47148,137
47149,6
47150,83
47151,6
47152,21
47153,35
47154,35
47155,1452
47156,96
47157,176
47158,326
47159,390
47160,94
47161,1322
47162,17
47163,59
47164,122
47165,2817
47166,44
47167,40
47168,4
47169,10
47170,6
47171,114
47172,26
47173,214
47174,50
47175,1485
47176,53
47177,24
47178,66
47179,262
47180,28
47181,30
47182,359
47183,33
47184,126
47185,24
47186,137188
47187,16
47188,43
47189,24
47190,28
47191,24
47192,39
47193,288
47194,52
47195,95
47196,8
47197,268
47198,18
47199,16
47200,26
47203,19
47204,71
47205,118
47206,24
47207,85
47208,10
47209,7
47210,147
47211,9
47212,140
47213,27
47214,470
47215,4
47216,25
47217,1260
47218,167
47219,20
47220,72
47221,25
47222,15
47223,78
47224,19
47225,25
47226,21
47227,9
47228,135
47229,58
47230,48
47231,1873
47232,27
48001,4782
48002,4020
48003,10006
48004,205
48005,124
48006,63
48007,72
48008,116
48009,662
48010,79
48011,3684
48012,488
48013,26690
48014,317
48015,14746
48016,1522
48017,3973
48018,657
48019,2097
48020,171731
48021,333
48022,698
48023,513
48024,232
48025,206
48026,284
48027,7663
48028,178
48029,3989
48030,892
48031,26
48032,4462
48033,52
48034,3732
48035,59
48036,10916
48037,250
48038,236
48039,33
48040,407
48041,144
48042,379
48043,1112
48044,19493
48045,1468
48046,4502
48047,155
48048,87
48049,157
48050,451
48051,32
48052,782
48053,256
48054,14531
48055,1695
48056,133
48057,1223
48058,1249
48059,230
48060,1566
48061,167
48062,52
48063,102
48064,140
48065,1119
48066,54
48067,617
48068,504
48069,7507
48070,82
48071,2851
48072,261
48073,2290
48074,563
48075,902
48076,226
48077,650
48078,8553
48079,171
48080,8869
48081,784
48082,7337
48083,2982
48084,5105
48085,2305
48086,565
48087,112
48088,19
48089,1376
48090,1448
48091,814
48092,1250
48093,208
48094,2138
48095,1034
48096,1835
48097,1347
48901,10553
48902,18608
48903,5902
48904,3771
48905,11889
48906,212
48907,78
48908,116
48909,58
48910,1976
48911,339
48912,697
48913,721
49002,8
49003,279
49004,14
49005,30
49006,28
49007,54
49008,142
49009,55
49010,142
49011,59
49012,11
49013,60
49014,26
49015,25
49016,42
49017,23
49018,40
49019,39
49020,62
49021,5842
49022,70
49023,264
49024,171
49025,23
49026,31
49027,22
49028,15
49029,110
49030,17
49031,29
49032,62
49033,215
49034,108
49035,63
49036,106
49037,34
49038,18
49039,107
49040,26
49041,294
49042,56
49043,58
49044,11
49046,101
49047,22
49048,72
49050,117
49052,40
49053,892
49054,307
49055,21
49056,46
49057,43
49058,63
49059,30
49061,31
49062,10
49063,111
49064,118
49065,255
49066,166
49067,57
49068,97
49069,30
49071,120
49075,17
49076,124
49077,30
49078,27
49079,17
49080,224
49081,481
49082,62
49083,29
49084,75
49085,270
49086,29
49087,59
49088,19
49090,23
49091,43
49092,14
49093,163
49094,49
49095,50
49096,20
49097,9
49098,35
49099,12
49100,69
49101,30
49102,55
49103,89
49104,61
49105,22
49107,30
49108,95
49109,115
49110,36
49111,18
49112,11
49113,37
49114,11
49115,31
49116,61
49117,84
49118,28
49119,39
49120,8
49121,199
49122,228
49123,107
49124,67
49125,454
49126,63
49127,645
49128,91
49129,415
49130,20
49131,95
49132,76
49133,56
49134,34
49135,170
49136,152
49137,33
49138,40
49139,18
49141,66
49142,35
49143,30
49145,27
49146,87
49147,70
49148,53
49149,97
49150,10
49151,111
49152,115
49153,44
49154,15
49155,20
49156,41
49157,20
49158,40
49159,121
49160,7
49162,11
49163,84
49164,26
49165,17
49166,474
49167,25
49168,19
49169,7
49170,51
49171,148
49172,156
49173,64
49174,45
49175,69
49176,139
49177,128
49178,401
49179,55
49180,32
49181,41
49183,17
49184,34
49185,57
49186,63
49187,471
49188,67
49189,34
49190,10
49191,56
49192,17
49193,75
49194,64
49197,44
49199,18
49200,362
49201,78
49202,46
49203,50
49204,10
49205,93
49206,268
49207,60
49208,49
49209,165
49210,110
49214,223
49216,46
49219,3369
49220,31
49221,43
49222,95
49223,112
49224,25
49225,42
49226,90
49227,271
49228,38
49229,95
49230,14
49231,48
49232,20
49233,12
49234,91
49235,115
49236,13
49237,21
49238,180
49239,193
49240,18
49241,55
49242,138
49243,12
49244,4
49245,80
49246,41
49247,39
49248,64
49249,22
49250,471
49251,38
49252,81
49255,103
49256,79
49257,86
49258,28
49259,15
49260,180
49261,606
49262,86
49263,13
49264,123
49265,15
49266,25
49267,23
49268,132
49269,16
49270,53
49271,51
49272,10
49273,25
49275,26909
50001,20
50002,54
50003,28
50004,125
50005,27
50006,217
50007,6
50008,2581
50009,33
50010,20
50011,36
50012,26
50013,38
50014,22
50015,21
50016,7
50017,927
50018,540
50019,9
50020,260
50021,4
50022,114
50023,41
50024,245
50025,3245
50026,103
50027,29
50028,18
50029,163
50030,35
50031,33
50032,43
50033,4
50034,268
50035,21
50036,8
50037,21
50038,631
50039,137
50040,11
50041,4
50043,120
50044,64
50045,487
50046,28
50048,5
50050,8
50051,217
50052,134
50053,158
50054,11
50055,1878
50056,86
50057,538
50058,7
50059,403
50060,56
50061,49
50062,1321
50063,9
50064,144
50065,10
50066,1723
50067,6360
50068,867
50069,13
50070,13
50071,37
50072,28
50073,1788
50074,3415
50075,22
50076,19
50077,29
50078,48
50079,50
50081,165
50082,16
50083,21
50084,10
50085,26
50086,79
50087,4
50088,70
50089,5659
50090,51
50091,16
50092,154
50093,13
50094,950
50095,6366
50096,4
50098,38
50099,2476
50100,75
50101,267
50102,374
50104,56
50105,97
50106,10
50107,8719
50108,4
50109,9
50110,97
50111,37
50113,300
50114,50
50115,1497
50116,53
50117,38
50118,672
50119,257
50120,9
50121,42
50122,4
50123,67
50124,132
50125,56
50126,1036
50128,8
50129,65
50130,68
50131,58
50132,152
50133,16
50134,29
50135,26
50136,157
50137,948
50138,10
50139,69
50140,12
50141,9
50142,2
50143,222
50144,4
50146,39
50147,182
50148,75
50149,4
50150,179
50151,132
50152,654
50153,257
50154,26
50155,12
50156,53
50157,87
50159,195
50160,696
50161,10
50162,34
50163,1439
50164,71
50165,779
50166,48
50167,37
50168,2
50169,113
50170,106
50171,4
50172,75
50173,34
50174,11
50175,283
50176,95
50177,102
50178,59
50179,44
50180,10
50181,735
50182,3807
50183,62
50184,16
50185,43
50186,11
50187,4
50188,4
50189,275
50190,122
50191,99
50192,159
50193,167
50194,21
50195,4
50196,11
50197,9
50198,2
50199,150
50200,183
50201,128
50202,27
50203,207
50204,3175
50205,9
50206,93
50207,31
50208,1263
50209,1219
50210,7
50211,112
50212,7
50213,25
50214,7
50215,4
50216,99
50217,158
50218,54
50219,4226
50220,9
50221,2
50222,976
50223,304
50224,14
50225,1148
50227,43
50228,70
50229,17
50230,478
50231,49
50232,42
50233,6
50234,41
50235,951
50236,21
50237,13
50238,14
50239,11
50240,394
50241,141
50242,4
50243,71
50244,72
50245,17
50246,9
50247,481
50248,237
50249,70
50250,2
50251,2943
50252,2782
50253,87
50254,86
50255,33
50256,17
50257,11
50258,7
50259,35
50260,11
50261,30
50262,288
50263,41
50264,26
50265,9
50266,24
50267,180
50268,17
50269,89
50270,6
50271,80
50272,5503
50273,4
50274,7
50275,7
50276,28
50277,15
50278,37
50279,6
50280,106
50281,10
50282,8
50283,23
50284,32
50285,192
50286,8
50287,97
50288,4987
50289,2
50290,80
50291,21
50292,120
50293,100
50294,8
50295,2
50296,274
50297,262903
50298,3550
50901,29
50903,633
51001,20502
52001,20374
