Codigo Municipio,NÂº Centros Sanitarios
01001,1
01002,2
01003,1
01004,1
01008,1
01009,1
01010,3
01013,1
01014,1
01016,1
01017,1
01018,1
01020,1
01022,1
01023,1
01028,1
01031,2
01032,1
01033,1
01034,1
01036,1
01037,1
01039,1
01042,1
01043,1
01044,1
01046,1
01047,1
01049,1
01051,1
01054,1
01055,2
01057,1
01058,1
01059,19
01060,1
01062,1
01063,1
01901,1
01902,2
02001,1
02002,1
02003,21
02004,1
02005,1
02006,1
02007,5
02008,2
02009,2
02010,1
02011,2
02012,1
02013,4
02014,1
02015,1
02016,1
02017,2
02018,1
02019,1
02020,1
02021,1
02022,1
02023,1
02024,1
02025,1
02026,1
02027,2
02028,2
02029,4
02030,3
02031,1
02032,1
02033,1
02034,2
02035,1
02036,1
02037,12
02038,1
02039,1
02040,1
02041,3
02042,5
02043,3
02044,2
02045,1
02046,1
02047,2
02048,1
02049,10
02050,1
02051,1
02052,1
02053,1
02054,1
02055,6
02056,1
02057,1
02058,1
02059,3
02060,2
02061,2
02062,1
02063,5
02064,1
02065,1
02066,1
02067,1
02068,2
02069,1
02070,2
02071,2
02072,2
02073,1
02074,6
02075,1
02076,1
02077,1
02078,1
02079,1
02080,1
02081,2
02082,2
02083,1
02084,2
02085,1
02086,12
02901,1
03001,2
03002,1
03003,1
03004,1
03005,1
03006,2
03007,1
03008,1
03009,6
030092,1
03010,1
03011,2
03012,1
03013,1
03014,26
030149,2
03015,1
03016,1
03017,1
03018,4
03019,1
03020,1
03021,1
03022,1
03023,1
03024,1
03025,1
03026,2
03027,1
03028,1
03029,1
03030,1
03031,6
03032,1
03033,1
03034,2
03035,1
03036,1
03037,1
03038,1
03039,1
03040,1
03041,1
03042,1
03043,1
03044,1
03045,1
03046,1
03047,2
03048,1
03049,1
03050,4
03051,1
03052,1
03053,1
03054,1
03055,1
03056,1
03057,2
03058,1
03059,3
03060,1
03061,1
03062,1
03063,7
03064,1
03065,20
030651,1
03066,4
03067,1
03068,1
03069,2
03070,1
03071,1
03072,1
03073,1
03074,1
03075,1
03076,2
03077,2
03078,1
03079,2
03080,1
03081,1
03082,2
03083,1
03084,1
03085,1
03086,1
03088,1
03089,1
030895,1
03090,3
03091,1
03092,1
03093,1
03094,2
03095,1
03096,1
03097,1
03098,1
03099,20
030993,1
03100,1
03101,1
03102,1
03103,1
03104,2
03105,1
03106,4
03107,2
03109,1
03110,1
03111,2
03112,1
03113,3
031133,1
03114,2
03115,1
03116,1
03117,1
03118,2
03119,2
03120,1
03121,4
03122,4
03123,1
03124,1
03125,1
03127,1
03128,2
03129,1
03130,1
03131,1
03132,1
03133,7
03134,2
03135,1
03136,5
03137,4
03138,1
03139,4
03140,3
03901,1
03902,5
03903,1
03904,1
04001,1
04002,1
04003,4
04004,1
04005,1
04006,5
04008,2
04009,1
04010,1
04011,1
04012,1
04013,26
040139,1
04014,1
04015,1
04016,2
04017,1
04018,1
04019,1
04020,2
04022,1
04023,1
04024,2
04026,1
04027,2
04028,1
04029,5
04030,1
04031,3
04032,5
04033,1
04034,1
04035,6
04036,1
04037,2
04038,1
04041,1
04043,1
04044,1
04045,1
04046,3
04047,1
04048,1
04049,1
04050,3
04051,1
04052,3
04053,7
04054,1
04055,1
04056,1
04057,1
04058,1
04059,5
04060,2
04061,2
04062,1
04063,2
04064,2
04065,1
04066,20
04067,1
04068,1
04069,1
04070,1
04071,1
04072,1
04073,1
04074,2
04075,4
04076,2
04077,1
04078,2
04079,8
04080,1
04081,1
04082,1
04083,1
04084,1
04085,1
04086,6
04087,1
04088,1
04089,1
04090,2
04091,1
04092,2
04093,1
04094,1
04095,3
04096,1
04097,1
04098,2
04099,1
04100,1
04101,1
04102,7
04103,2
04901,3
04902,11
049026,1
04903,2
05001,1
05002,1
05005,1
05007,1
05008,1
05010,1
05012,1
05013,1
05014,4
05015,1
05016,1
05017,1
05018,2
05019,16
05021,2
05022,2
05023,1
05024,2
05025,1
05026,1
05027,1
05029,1
05030,1
05033,1
05034,1
05035,1
05036,1
05037,4
05038,3
05039,1
05040,2
05041,1
05042,1
05043,1
05044,1
05045,1
05046,1
05047,2
05048,1
05049,1
05051,1
05053,2
05054,1
05055,1
05056,1
05057,1
05058,1
05059,1
05060,1
05061,1
05062,1
05063,1
05064,2
05065,3
05066,1
05067,1
05069,1
05070,1
05072,1
05073,2
05074,1
05075,1
05076,1
05077,1
05078,1
05079,1
05080,2
05081,1
05082,1
05083,1
05084,1
05085,2
05086,1
05087,1
05088,2
05089,1
05090,1
05092,1
05093,2
05094,1
05095,1
05096,1
05097,1
05099,1
05100,1
05101,1
05102,1
05103,1
05104,1
05105,1
05106,1
05107,3
05108,1
05109,1
05110,1
05112,1
05113,1
05114,1
05115,1
05116,1
05117,1
05118,1
05119,1
05120,1
05121,1
05122,1
05123,1
05124,1
05125,1
05126,1
05127,1
05128,1
05129,2
05130,1
05131,1
05132,1
05133,1
05134,1
05135,2
05136,3
05138,2
05139,2
05140,1
05141,1
05142,1
05143,1
05144,1
05145,2
05147,1
05148,1
05149,1
05151,1
05152,5
05153,2
05154,1
05155,2
05156,1
05157,1
05158,1
05159,1
05160,1
05161,1
05162,2
05163,1
05164,1
05165,3
05166,1
05167,1
05168,1
05169,1
05170,1
05171,1
05172,1
05173,1
05174,1
05175,1
05176,2
05177,1
05178,2
05179,1
05180,1
05181,1
05182,1
05183,1
05184,1
05185,1
05186,3
05187,1
05188,1
05189,1
05190,1
05191,2
05192,1
05193,2
05194,1
05195,2
05196,1
05197,1
05198,1
05199,1
05200,2
05204,1
05205,1
05206,1
05207,1
05208,1
05209,1
05210,1
05211,1
05212,2
05213,1
05214,3
05215,1
05216,1
05217,1
05218,1
05219,1
05220,2
05221,1
05222,1
05224,1
05225,1
05226,3
05227,1
05228,2
05229,1
05230,1
05231,1
05232,1
05233,1
05234,1
05235,1
05236,6
05237,1
05238,4
05239,1
05240,2
05241,1
05242,1
05243,2
05244,2
05245,1
05246,1
05247,6
05249,1
05251,1
05252,2
05253,1
05254,1
05256,1
05257,1
05258,1
05259,1
05260,1
05261,1
05262,1
05263,2
05264,1
05265,1
05266,1
05267,2
05901,3
05902,2
05903,2
05904,5
05905,1
06001,2
06002,1
06003,1
06004,1
06005,1
06006,1
06007,1
06008,1
06009,1
06010,1
06011,4
06012,1
06013,1
06014,2
06015,21
06016,1
06017,1
06018,4
06019,1
06020,1
06021,1
06022,1
06023,2
06024,1
06025,1
06026,1
06027,1
06028,2
06029,1
06030,1
06031,1
06032,1
06033,1
06034,1
06035,1
06036,1
06037,1
06038,1
06039,1
06040,1
06041,1
06042,1
06043,1
06044,12
06045,2
06046,1
06047,1
06048,1
06049,1
06050,1
06051,1
06052,1
06053,1
06054,1
06055,1
06056,1
06057,1
06058,1
06059,1
06060,2
06061,1
06062,2
06063,2
06064,1
06065,1
06066,1
06067,1
06068,1
06069,1
06070,4
06071,1
06072,2
06073,1
06074,3
06075,1
06076,1
06077,1
06078,1
06079,1
06080,2
06081,1
06082,1
06083,7
06084,1
06085,1
06086,3
06087,1
06088,3
06089,1
06090,1
06091,3
06092,1
06093,1
06094,1
06095,6
06096,1
06097,1
06098,1
06099,1
06100,1
06101,1
06102,1
06104,1
06105,1
06106,1
06107,1
06108,1
06109,1
06110,1
06111,1
06112,1
06113,1
06114,1
06115,1
06116,1
06117,1
06118,1
06119,1
06120,1
06121,1
06122,1
06123,1
06124,1
06125,1
06126,3
06127,2
06128,1
06129,1
06130,1
06131,1
06132,1
06133,1
06134,1
06135,1
06136,1
06137,1
06138,1
06139,1
06140,1
06141,1
06142,1
06143,1
06144,1
06145,1
06146,1
06147,1
06148,1
06149,1
06150,1
06151,1
06152,1
06153,6
06154,1
06155,1
06156,3
06157,1
06158,4
06159,1
06160,1
06161,1
06162,1
06901,1
06902,1
07001,1
07002,2
07003,2
07004,3
07005,3
07006,2
07007,1
07008,1
07009,1
07010,3
07011,10
07012,1
07013,2
07014,3
07015,2
07016,1
07017,1
07018,1
07019,2
07020,1
07021,1
07022,4
07023,1
07024,2
07025,1
07026,6
07027,2
070276,1
07028,1
07029,1
07030,1
07031,2
07032,5
07033,4
070337,1
07034,1
07035,1
07036,5
07037,2
07038,1
07039,2
07040,43
07041,1
07042,2
07043,1
07044,1
07046,2
07047,2
07048,4
07049,3
07050,1
07051,3
07052,1
07053,1
07054,5
07055,3
07056,1
07057,5
07058,3
07059,2
07060,1
07061,2
07062,2
07063,1
07064,1
07065,1
07901,1
07902,1
08001,4
08002,1
08003,2
08004,1
08005,2
08006,1
08007,2
08008,1
08009,2
08010,1
08011,2
08012,1
08013,2
08014,1
08015,15
080155,1
08016,2
08017,1
08018,1
08019,118
080193,5
08020,1
08022,2
08023,1
08024,1
08025,1
08027,1
08028,1
08029,2
08030,2
08031,1
08032,1
08033,2
08034,1
08035,2
08038,2
08040,1
08041,1
08042,1
08043,1
08044,1
08046,1
08047,2
08048,1
08049,1
08051,1
08052,1
08053,1
08054,1
08055,1
08056,2
08058,3
08059,2
08060,1
08061,1
08063,1
08064,1
08065,1
08066,1
08067,1
08068,1
08069,1
08070,1
08071,1
08072,1
08073,7
08074,2
080749,1
08075,3
08076,1
08077,6
08079,1
08082,1
08083,1
08084,4
08085,1
08086,2
08088,1
08089,3
08091,1
08092,1
08094,1
08096,5
08097,1
08098,2
08099,1
08100,1
08101,17
081017,2
08102,4
081022,1
08103,1
08104,1
08105,1
08106,1
08107,1
081075,1
08108,1
08109,1
08110,1
08112,2
08113,10
08114,5
08115,1
08117,2
08118,2
08119,2
08120,1
08121,12
081213,1
08122,1
08123,2
08124,4
08125,2
081252,1
08126,1
08127,1
08128,1
08131,1
08132,1
08133,1
08134,1
08135,1
08136,2
08138,1
08139,1
08140,1
08141,1
08142,1
08143,3
08144,1
08145,3
08146,1
08147,1
08149,2
08150,1
08151,2
08152,1
08153,1
08154,1
08155,1
08157,1
08158,1
08159,1
08160,1
08161,5
08162,1
08163,3
08164,1
08165,1
08166,1
081672,1
08168,1
08169,2
081691,1
08170,1
08171,1
08172,3
08174,1
08175,3
08176,1
08178,1
08179,1
081803,3
08181,4
08182,1
08183,1
08184,3
08187,15
081878,1
08189,1
08190,2
081918,1
08192,1
08193,1
08194,2
08195,1
08196,3
08197,2
08198,1
08199,1
08200,10
08201,1
08202,4
08203,1
08204,1
08205,5
082055,4
08206,1
08207,1
08208,3
08209,1
08210,1
08211,2
08212,1
08213,2
08214,1
08215,1
08217,3
08218,2
08219,2
08220,1
08221,1
08222,1
08223,1
08224,1
08226,1
08227,1
08228,1
08230,1
08231,4
08232,1
08233,1
08234,1
08235,1
08236,1
08237,1
08238,1
08239,1
08240,1
08243,1
08245,8
08246,1
082460,1
08247,1
08248,1
08249,1
08250,2
08251,2
08252,2
08253,1
08254,2
08258,1
08259,1
08260,1
082606,1
08262,1
08263,2
08264,2
08265,2
08266,4
082671,1
08268,4
08269,1
08270,1
08271,1
08273,3
08274,1
08277,1
08278,1
08279,14
08280,1
08281,1
08282,1
08283,1
08284,1
08285,1
08286,1
08287,1
08288,1
08289,1
08290,1
08291,1
08292,1
08293,1
08294,1
08295,1
08296,1
08298,6
08299,1
083008,1
08301,4
08302,1
08303,1
08304,1
08305,3
08307,4
08901,1
08902,1
08903,1
08904,1
08905,1
09001,1
09003,1
09006,3
09007,1
09009,1
09010,1
09011,4
09012,3
09013,1
09014,10
09017,1
09018,6
09019,1
09020,2
09021,1
09022,1
09023,2
09024,1
09025,1
09026,4
09027,1
09029,2
09030,2
09032,4
09033,1
09034,1
09035,1
09036,1
09037,1
09038,1
09039,1
09041,1
09043,5
09044,2
09045,8
09046,2
09047,1
09048,3
09050,1
09051,1
09052,1
09054,2
09055,1
09056,1
09058,1
09059,23
090597,1
09060,1
09061,1
09062,1
09063,1
09064,1
09065,1
09066,1
09067,1
09068,1
09070,1
09071,3
09072,2
09073,1
09074,2
09075,1
09076,1
09077,1
09078,1
09079,1
09082,1
09083,1
09084,1
09085,1
09086,1
09088,2
09090,1
09091,6
09093,2
09094,1
09095,1
09098,1
09100,1
09101,1
09102,1
09103,1
09104,1
09105,2
09108,1
09109,4
09110,1
09112,1
09113,1
09114,1
09115,1
09117,1
09119,1
09122,1
09123,1
09124,3
09125,11
09127,1
09128,1
09129,2
09130,1
09131,1
09132,1
09133,1
09134,1
09135,2
09136,1
09137,1
09138,1
09139,1
09140,1
09141,1
09143,1
09144,1
09148,1
09149,1
09151,1
09152,2
09154,1
09155,1
09159,1
09160,1
09162,1
09163,2
09164,1
09166,4
09167,1
09168,1
09169,1
09170,1
09172,3
09173,1
09174,4
09175,7
09176,1
09177,8
09178,1
09179,1
09180,1
09181,4
09182,1
09183,1
09184,1
09189,2
09190,1
09191,1
09192,1
09194,4
09195,1
09196,1
09197,2
09198,1
09199,1
09200,2
09201,1
09202,1
09206,1
09208,1
09209,3
09211,5
09213,5
09214,2
09215,5
09216,3
09217,3
09218,1
09219,6
09220,1
09221,2
09223,1
09224,1
09225,1
09226,1
09227,1
09228,1
09229,1
09230,1
09231,1
09232,1
09235,1
09236,1
09238,9
09239,1
09241,2
09242,1
09243,1
09244,1
09246,1
09247,1
09248,1
09249,1
09250,1
09251,1
09253,1
09255,4
09256,5
09257,1
09258,1
09259,4
09261,2
09262,1
09265,1
09266,1
09267,1
09268,1
09269,1
09270,1
09272,2
09273,1
09274,1
09275,1
09276,1
09277,1
09279,1
09280,1
09281,1
09283,1
09287,1
09288,1
09289,1
09292,1
09294,1
09295,2
09297,3
09298,1
09301,2
09302,1
09303,1
09304,1
09306,4
09307,1
09308,1
09309,1
09310,1
09311,1
09312,2
09314,2
09315,1
09316,2
09317,1
09318,1
09321,1
09323,1
09325,2
09326,1
09327,1
09328,5
09329,1
09330,1
09332,1
09334,1
09335,1
09337,1
09338,2
09339,1
09340,2
09343,1
09345,1
09346,1
09347,1
09348,1
09350,1
09351,2
09352,1
09353,1
09354,1
09355,1
09356,1
09358,4
09360,1
09361,4
09362,1
09363,6
09365,1
09366,1
09368,1
09369,2
09372,1
09373,9
09374,1
09375,1
09377,1
09378,1
09380,1
09381,1
09382,1
09384,1
09386,1
09387,1
09388,1
09389,2
09390,1
09391,2
09392,1
09394,1
09395,3
09396,1
09398,1
09400,1
09403,1
09405,1
09406,1
09407,1
09408,1
09409,2
09410,9
09411,6
09412,7
09413,3
09414,6
09415,2
09416,2
09417,1
09418,1
09419,1
09421,3
09422,1
09423,1
09424,1
09425,1
09427,20
09428,1
09429,3
09430,1
09431,1
09432,1
09433,1
09434,1
09437,1
09438,1
09439,3
09440,1
09441,1
09442,1
09443,1
09444,1
09445,1
09446,1
09447,1
09448,2
09449,1
09450,1
09451,1
09454,1
09455,1
09456,1
09458,1
09460,1
09463,2
09464,1
09466,2
09467,1
09471,1
09472,1
09473,1
09476,3
09478,1
09480,1
09482,1
09483,1
09485,1
09901,4
09902,11
09903,2
09904,8
09905,9
09906,15
09907,4
09908,2
10001,1
10002,1
10003,1
10004,1
10005,1
10006,1
10007,1
10008,2
10009,1
10010,1
10011,1
10012,1
10013,1
10014,1
10015,2
10016,2
10017,3
10018,1
10019,1
10020,1
10021,1
10022,1
10023,1
10024,1
10025,1
10026,2
10027,1
10028,1
10029,1
10030,1
10031,1
10032,1
10033,4
10034,1
10035,1
10036,1
10037,14
10038,1
10039,1
10040,1
10041,6
10042,1
10043,2
10044,1
10045,1
10046,1
10047,1
10048,1
10049,1
10050,3
10051,3
10052,1
10053,1
10054,1
10055,1
10056,1
10057,1
10058,1
10059,1
10060,1
10061,1
10062,1
10063,1
10064,1
10065,2
10066,1
10067,4
10068,1
10069,1
10070,1
10071,1
10072,1
10073,1
10075,1
10076,2
10077,1
10078,1
10079,1
10080,1
10081,1
10082,1
10083,1
10084,2
10085,1
10086,1
10087,1
10088,1
10089,3
10090,1
10091,1
10092,1
10093,1
10094,1
10095,1
10096,1
10097,1
10098,1
10099,1
10100,1
10101,1
10102,1
10103,1
10104,1
10105,1
10106,1
10107,1
10108,3
10109,1
10110,1
10111,1
10112,1
10113,1
10114,1
10115,1
10116,1
10117,1
10118,1
10119,1
10120,1
10121,3
10122,1
10123,1
10124,1
10125,1
10126,1
10127,1
10128,2
10129,1
10130,1
10131,2
10132,1
10133,1
10134,1
10135,8
10136,1
10137,1
10138,1
10139,1
10140,1
10141,1
10142,1
10143,1
10144,1
10145,1
10146,9
10147,1
10148,8
10149,1
10150,1
10151,1
10152,1
10153,1
10154,1
10155,1
10156,1
10157,1
10158,1
10159,1
10160,1
10161,1
10162,1
10163,1
10164,1
10165,1
10166,1
10167,2
10168,1
10169,1
10170,1
10171,1
10172,1
10173,1
10174,1
10175,1
10176,1
10177,1
10178,1
10179,1
10180,5
10181,2
10182,1
10183,1
10184,1
10185,1
10186,1
10187,1
10188,1
10189,2
10190,1
10191,1
10192,1
10193,1
10194,1
10195,4
10196,1
10197,1
10198,1
10199,1
10200,1
10201,1
10202,1
10203,9
10204,1
10205,1
10206,1
10207,1
10208,1
10209,1
10210,1
10211,1
10212,1
10213,2
10214,1
10215,1
10216,1
10217,1
10218,1
10219,1
10901,1
11001,1
11002,1
11003,1
11004,11
11005,2
11006,4
11007,2
11008,3
11009,1
11010,2
11011,1
11012,11
11013,2
11014,2
11015,4
11016,1
11017,1
11018,1
11019,2
11020,28
11021,3
11022,4
11023,2
11024,1
11025,1
11026,1
11027,7
11028,4
11029,1
11030,1
11031,5
11032,6
11033,9
11034,1
11035,4
11036,1
11037,1
11038,1
11039,3
11040,1
11041,2
11042,1
11901,1
11902,1
12001,1
12002,1
12003,1
12004,2
12005,2
12006,2
12007,1
12008,1
12009,1
12010,1
12011,2
12012,2
12013,1
12014,1
12015,1
12016,1
12017,1
12018,1
12020,1
12021,1
12022,1
12024,1
12025,1
12026,1
12027,1
12028,1
12029,1
12031,1
12032,2
12033,2
12034,1
12036,1
12037,1
12038,1
12039,1
12040,23
12041,1
12042,1
12043,1
12044,1
12045,1
12046,2
12048,2
12049,1
12050,1
12051,1
12052,1
12053,2
12055,1
12056,1
12057,1
12058,1
12059,1
12060,1
12061,1
12063,1
12064,1
12065,1
12067,1
12068,1
12069,1
12070,1
12071,2
12072,1
12073,2
12074,1
12075,1
12076,1
12077,1
12078,1
12079,1
12080,4
12081,1
12082,2
12083,1
12084,1
12085,1
12087,1
12088,1
12089,1
12090,1
12091,1
12092,2
12093,4
12094,1
12095,1
12096,1
12097,1
12098,1
12099,1
12100,1
12101,1
12102,1
12103,1
12104,2
12105,3
12106,1
12107,1
12108,1
12109,1
12110,1
12111,1
12112,1
12113,1
12114,1
12115,1
12116,1
12117,1
12118,1
12119,1
12120,1
12121,1
12122,1
12123,1
12124,1
12125,1
12126,2
12127,1
12128,1
12129,1
12130,1
12131,1
12132,1
12133,1
12134,1
12135,5
12136,1
12137,1
12138,2
12139,1
12140,1
12141,1
12142,1
12901,1
12902,1
13001,2
13002,1
13003,1
13004,1
13005,5
13006,1
13007,1
13008,1
13009,1
13010,2
13011,1
13012,2
13013,1
13014,1
13015,10
13016,1
13017,5
13018,1
13019,1
13020,1
13021,1
13022,1
13023,1
13024,1
13025,1
13026,1
13027,2
13028,1
13029,1
13030,1
13031,1
13032,1
13033,1
13034,10
13035,1
13036,2
13037,1
13038,1
13039,2
13040,1
13041,1
13042,1
13043,1
13044,3
13045,1
13046,1
13047,1
13048,1
13049,1
13050,1
13051,1
13052,4
13053,3
13054,1
13055,3
13056,1
13057,1
13058,1
13059,1
13060,1
13061,2
13062,1
13063,2
13064,1
13065,3
13066,1
13067,1
13068,1
13069,1
13070,1
13071,6
13072,3
13073,1
13074,1
13075,1
13076,1
13077,1
13078,1
13079,1
13080,1
13081,1
13082,3
13083,1
13084,1
13085,1
13086,1
13087,4
13088,1
13089,1
13090,1
13091,1
13092,1
13093,1
13094,3
13095,1
13096,1
13097,1
13098,2
13901,5
13903,1
13904,1
14001,2
14002,1
14003,1
14004,1
14005,2
14006,1
14007,2
14008,1
14009,3
14010,1
14011,1
14012,1
14013,2
14014,1
14015,1
14016,3
14017,2
14018,2
14019,1
14020,1
14021,30
14022,1
14023,1
14024,1
14025,1
14026,1
14027,1
14028,1
14029,15
14030,5
14031,1
14032,1
14033,1
14034,1
14035,1
14036,1
14037,2
14038,4
14039,1
14040,1
14041,1
14042,2
14043,1
14044,1
14045,1
14046,1
14047,1
14048,1
14049,2
14050,1
14051,1
14052,2
14053,1
14054,2
14055,8
14056,3
14057,1
14058,3
14059,1
14060,3
14061,1
14062,1
14063,1
14064,1
14065,1
14066,1
14067,1
14068,1
14069,1
14070,1
14071,1
14072,1
14073,2
14074,1
14075,1
15001,1
15002,2
15003,2
15004,1
15005,2
15006,1
15007,1
15008,2
15009,1
15010,1
15011,2
15012,2
15013,1
15014,2
15015,1
15016,3
15017,2
15018,1
15019,1
15020,3
15021,1
15022,1
15023,2
15024,2
15025,1
15026,1
15027,3
15028,1
15029,2
15030,25
15031,2
15032,2
15033,1
15034,2
15035,2
15036,9
15037,1
15038,2
15039,1
15040,1
15041,2
15042,1
15043,2
15044,3
15045,1
15046,1
15047,2
15048,1
15049,1
15050,4
15051,2
15052,1
15053,2
15054,3
15055,1
15056,1
15057,1
15058,4
15059,1
15060,1
15061,3
15062,1
15063,1
15064,1
15065,1
15066,2
15067,1
15068,2
15069,1
15070,1
15071,3
15072,2
15073,5
15074,2
15075,1
15076,1
15077,1
15078,11
15079,2
15080,1
15081,1
15082,4
15083,1
15084,1
15085,1
15086,2
15087,1
15088,2
15089,1
15090,1
15091,1
15092,1
15093,2
15901,1
16001,1
16002,1
16003,1
16004,1
16005,1
16006,1
16007,1
16008,2
16009,1
16010,1
16011,1
16012,1
16013,1
16014,1
16015,1
16016,1
16017,1
16018,1
16019,2
16020,1
16022,1
16023,2
16024,1
16025,1
16026,1
16027,2
16029,1
16030,1
16031,1
16032,1
16033,1
16034,1
16035,2
16036,1
16038,1
16039,1
16040,1
16041,1
16042,1
16043,1
16044,1
16045,1
16046,1
16047,1
16048,1
16049,1
16050,1
16051,1
16052,1
16053,2
16055,1
16056,1
16057,1
16058,1
16060,1
16061,1
16062,1
16063,1
16064,1
16065,2
16066,1
16067,1
16068,1
16070,1
16071,1
16072,1
16073,1
16074,1
16078,12
16079,1
16081,1
16082,1
16083,1
16084,1
16085,1
16086,1
16087,1
16088,1
16089,1
16091,1
16092,1
16093,1
16094,1
16095,1
16096,1
16097,1
16098,1
16099,1
16100,1
16101,1
16102,1
16103,1
16104,1
16106,1
16107,1
16108,1
16109,1
16110,1
16111,1
16112,8
16113,1
16115,1
16116,1
16117,2
16118,1
16119,1
16121,1
16122,1
16123,1
16124,1
16125,1
16126,2
16128,1
16129,1
16130,1
16131,1
16132,1
16133,1
16134,1
16135,4
16137,1
16139,1
16140,1
16141,1
16142,1
16143,1
16145,1
16146,1
16147,1
16148,1
16149,1
16150,1
16151,1
16152,1
16153,1
16154,1
16155,1
16156,1
16157,1
16158,1
16159,1
16160,1
16161,1
16162,1
16163,1
16165,1
16166,1
16167,1
16169,1
16170,1
16171,1
16172,1
16173,3
16174,1
16175,1
16176,1
16177,1
16181,1
16185,1
16186,1
16187,1
16188,2
16189,1
16190,1
16191,1
16192,1
16193,1
16194,3
16195,1
16196,1
16197,1
16198,1
16199,1
16202,2
16203,1
16204,1
16205,1
16206,1
16209,1
16211,6
16212,1
16213,1
16215,1
16216,1
16217,1
16218,1
16219,1
16224,1
16225,1
16227,1
16228,1
16231,1
16234,1
16236,1
16237,1
16238,1
16239,2
16240,1
16242,1
16243,1
16244,2
16245,1
16246,1
16247,1
16248,1
16249,1
16250,1
16251,2
16253,1
16254,1
16255,1
16258,1
16259,1
16263,3
16264,1
16265,1
16266,1
16269,1
16270,1
16271,1
16272,6
16273,1
16274,1
16275,1
16276,1
16277,1
16278,1
16279,1
16280,1
16901,5
16902,2
16903,2
16904,5
16905,2
16906,2
16908,3
16909,8
16910,2
17001,1
17002,1
17003,1
17004,1
17005,1
17006,1
17007,1
17008,1
17009,1
17010,1
17011,1
17012,1
17013,2
17014,1
17015,2
17016,1
17018,1
17019,1
17020,4
17022,1
17023,4
17024,1
17025,1
17026,1
17027,1
17029,2
17030,1
17031,1
17032,1
17033,1
17034,2
17036,2
17037,1
17039,2
17040,1
17041,1
17042,1
17043,1
17044,1
17046,1
17047,2
17048,2
17049,1
17050,1
17051,1
17052,1
17054,1
17055,1
17056,1
17057,1
17058,1
17060,1
17062,1
17063,1
17064,1
17065,1
17066,6
17067,1
17068,1
17069,1
17071,1
17073,1
17074,1
17075,1
17076,1
17077,1
17078,1
17079,15
17080,1
17081,1
17082,1
17083,1
17084,1
17085,1
17086,1
17087,1
17088,1
17089,1
17091,1
17092,1
17093,1
17094,1
17095,4
17096,1
17097,1
17098,1
17099,1
17100,2
17101,1
17102,1
17103,1
17105,1
17106,1
17107,1
17109,2
17110,1
17111,1
17112,1
17114,3
17115,1
17116,1
17117,1
17118,3
17119,1
17120,1
17121,1
17123,1
17124,1
17125,1
17126,1
17128,1
17129,1
17130,1
17132,2
17133,1
17134,1
17135,1
17136,1
17137,1
17138,1
17139,1
17140,1
17141,3
17142,1
17143,1
17144,1
17145,1
17146,1
17147,1
17148,1
17149,1
17150,1
17151,1
17152,1
17153,1
17155,5
17157,1
17158,1
17159,1
17160,1
17161,1
17163,1
17164,1
17165,1
17166,1
17167,1
17168,1
17169,1
17170,1
17171,1
17172,1
17173,1
17174,1
17175,1
17176,1
17177,1
17178,1
17180,1
17181,1
17182,1
17183,1
17184,2
17185,3
17186,1
17187,2
17188,1
17189,1
17190,1
17191,1
17192,1
17193,1
17195,1
17196,1
17197,1
17198,1
17199,2
17200,1
17201,1
17202,1
17203,1
17205,1
17207,3
17209,1
17210,1
17211,1
17212,1
17213,1
17214,1
17215,1
17216,1
17217,1
17220,1
17221,2
17222,1
17223,1
17224,1
17225,1
17226,1
17227,1
17228,2
17230,1
17232,2
17233,1
17234,1
17901,3
17902,3
17903,1
18001,1
18002,1
18003,2
18004,1
18005,1
18006,4
18007,1
18010,1
18011,1
18012,3
18013,3
18014,1
18015,1
18016,2
18017,4
18018,1
18020,4
18021,1
18022,2
18023,5
18025,1
18027,1
18028,1
18029,1
18030,1
18032,1
18033,1
18034,2
18035,2
18036,2
18037,1
18038,1
18039,1
18040,1
18042,1
18043,1
18044,2
18045,4
18046,3
18047,1
18048,1
18049,1
18050,1
18051,2
18053,5
18054,4
18056,5
18057,1
18059,3
18061,2
18062,1
18063,1
18064,1
18066,1
18067,2
18068,1
18069,1
18070,1
18071,1
18072,1
18074,1
18076,1
18078,1
18079,1
18082,2
18083,1
18084,1
18085,3
18086,1
18087,28
18088,1
18089,9
18093,2
18094,1
18095,1
18096,1
18097,2
18098,1
18099,1
18100,1
18101,1
18102,6
18103,1
18105,3
18107,1
18108,1
18109,2
18111,1
18112,1
18114,1
18115,2
18116,1
18117,1
18119,6
18120,1
18121,3
18122,10
18123,1
18124,2
18126,1
18127,1
18128,1
18132,6
18133,1
18134,3
18135,2
18136,1
18137,2
18138,3
18140,9
18141,2
18143,1
18144,1
18145,1
18146,1
18147,3
18148,1
18149,1
18150,1
18151,1
18152,1
18153,1
18154,2
18157,1
18158,6
18159,2
18161,1
18162,2
18163,1
18164,2
18165,1
18167,2
18168,2
18170,1
18171,1
18173,2
18174,2
18175,3
18176,1
18177,2
18178,1
18179,1
18180,1
18181,1
18182,3
18183,3
18184,1
18185,2
18187,1
18188,1
18189,1
18192,2
18193,1
18194,1
18901,3
18902,3
18903,3
18904,2
18905,3
18906,3
18907,3
18908,2
18909,2
18910,3
18911,3
18912,1
18913,1
19001,1
19002,1
19003,1
19004,1
19005,1
19006,2
19007,1
19008,1
19009,1
19010,1
19011,5
19013,1
19015,1
19016,1
19017,1
19018,1
19019,1
19020,1
19021,1
19022,3
19023,1
19024,1
19027,2
19031,1
19032,5
19033,2
19034,1
19036,1
19037,1
19038,1
19039,1
19040,1
19041,1
19042,1
19043,1
19044,5
19045,2
19046,1
19047,1
19048,1
19049,1
19050,1
19051,1
19052,1
19053,15
19054,1
19055,1
19057,1
19058,1
19059,1
19060,5
19061,1
19064,1
19065,1
19066,1
19067,6
19070,1
19071,2
19073,1
19074,1
19075,1
19076,1
19078,1
19079,1
19080,2
19081,1
19082,1
19086,11
19087,1
19088,1
19089,1
19090,1
19091,1
19092,5
19095,1
19096,2
19097,1
19098,1
19099,10
19102,1
19103,1
19104,1
19105,1
19106,1
19107,1
19108,1
19109,1
19110,1
19111,1
19112,1
19113,2
19114,1
19115,2
19116,1
19117,1
19118,1
19119,1
19120,1
19121,1
19122,1
19123,1
19124,1
19125,1
19126,1
19127,1
19129,1
19130,14
19132,1
19133,1
19134,1
19135,1
19136,1
19138,2
19139,1
19142,1
19143,1
19145,1
19146,2
19147,1
19148,1
19150,1
19151,3
19152,1
19153,1
19154,1
19155,1
19156,2
19157,1
19159,2
19160,1
19161,1
19162,1
19163,1
19165,1
19166,1
19167,1
19168,2
19169,1
19170,5
19171,1
19172,1
19173,1
19174,1
19176,1
19177,1
19178,1
19179,1
19181,1
19182,1
19183,1
19184,1
19185,4
19186,1
19187,1
19188,1
19189,1
19190,4
19191,1
19192,1
19193,1
19194,1
19195,1
19196,1
19197,1
19198,1
19199,1
19200,1
19201,2
19202,2
19203,2
19204,1
19208,1
19209,1
19210,2
19211,4
19212,1
19213,1
19214,1
19215,1
19216,1
19217,1
19218,1
19219,1
19220,1
19221,1
19222,1
19223,1
19224,1
19225,1
19226,1
19227,4
19228,1
19229,1
19230,1
19231,1
19232,1
19233,1
19234,1
19235,3
19237,1
19238,2
19239,1
19240,1
19241,1
19242,1
19243,2
19244,2
19245,2
19246,1
19247,1
19248,1
19249,1
19250,1
19251,2
19252,2
19254,1
19255,1
19256,1
19257,25
19258,1
19259,1
19260,1
19261,1
19262,4
19263,1
19264,1
19265,5
19266,1
19267,1
19268,1
19269,1
19270,1
19271,1
19272,1
19274,2
19277,2
19278,1
19279,1
19280,2
19281,1
19282,7
19283,1
19284,1
19285,1
19286,1
19287,1
19288,1
19289,1
19290,2
19291,5
19293,3
19294,1
19296,1
19297,1
19298,1
19299,1
19300,1
19301,1
19302,1
19303,1
19304,1
19305,2
19306,1
19307,1
19308,1
19309,2
19310,1
19311,2
19314,1
19317,1
19318,1
19319,1
19321,1
19322,1
19323,1
19326,2
19327,1
19329,1
19330,1
19331,1
19332,1
19333,4
19334,1
19335,1
19901,1
20001,1
20004,1
20005,1
20008,2
20009,1
20010,1
20011,1
20013,1
20014,1
20015,3
20016,1
20017,1
20018,2
20019,1
20020,1
20021,1
20022,2
20023,1
20024,1
20025,1
20026,1
20027,1
20029,2
20030,2
20031,1
20032,1
20033,1
20034,1
20035,1
20036,2
20039,1
20040,1
20042,2
20043,1
20044,1
20045,2
20046,1
20047,1
20049,1
20050,2
20051,1
20052,1
20053,1
20054,1
20055,4
20056,1
20057,1
20058,1
20059,1
20060,1
20061,1
20062,1
20063,1
20064,3
20065,1
20066,1
20067,2
20068,1
20069,18
20070,1
20071,3
20072,1
20073,2
20074,2
20075,1
20076,1
20078,1
20079,1
20080,2
20081,1
20901,2
20902,1
20904,1
20907,1
21001,1
21002,3
21003,1
21004,5
21005,3
21006,2
21007,2
21008,2
21009,1
21010,3
21011,2
21012,1
21013,1
21014,1
21015,1
21016,1
21017,4
21018,2
21019,1
21020,1
21021,2
21022,1
21023,2
21024,1
21025,4
21026,1
21027,1
21028,1
21029,1
21030,1
21031,1
21032,1
21033,1
21034,1
21035,1
21037,1
21038,1
21039,1
21040,1
21041,15
21042,2
21043,3
21044,2
21045,1
21046,1
21047,1
21048,1
21049,5
21050,2
21051,1
21052,1
21053,1
21054,2
21055,1
21056,1
21057,1
21058,2
21059,1
21060,2
21061,1
21062,1
21064,1
21065,1
21066,1
21067,1
21068,1
21069,1
21070,1
21071,1
21072,1
21073,1
21074,1
21075,1
21076,1
21077,1
21078,7
21079,1
22001,2
22002,2
22003,1
22004,1
22006,2
22007,1
22008,1
22009,1
22011,1
22012,1
22013,2
22014,1
22015,3
22016,1
22017,1
22018,1
22019,1
22020,1
22021,4
22022,1
22023,2
22024,2
22025,1
22027,3
22028,1
22029,1
22032,1
22035,1
22036,1
22037,1
22039,2
22040,1
22041,1
22042,1
22043,2
22044,3
22045,1
22046,1
22047,1
22048,3
22049,1
22050,1
22051,2
22052,1
22053,3
22054,2
22055,1
22057,3
22058,2
22059,1
22060,2
22061,1
22063,1
22064,2
22066,1
22067,1
22068,1
22069,1
22072,2
22074,1
22075,1
22076,4
22077,1
22078,2
22079,1
22080,2
22081,5
22082,1
22083,1
22084,1
22085,1
22086,2
22087,1
22088,1
22089,1
22090,1
22094,1
22095,1
22096,1
22099,1
22102,1
22103,1
22105,1
22106,1
22109,1
22110,2
22112,3
22113,1
22114,1
22115,4
22116,5
22117,6
22119,3
22122,1
22124,3
22125,16
22126,1
22127,2
22128,5
22129,3
22130,10
22131,1
22133,1
22135,1
22136,3
22137,3
22139,1
22141,2
22142,1
22143,1
22144,1
22149,4
22150,3
22151,1
22155,2
22156,2
22157,3
22158,3
22160,1
22162,1
22163,3
22164,1
22165,1
22167,2
22168,1
22170,1
22172,1
22173,9
22174,3
22175,2
22176,1
22177,2
22178,1
22181,1
22182,3
22184,1
22186,1
22187,1
22188,1
22189,1
22193,1
22195,1
22197,1
22199,4
22200,2
22201,1
22202,1
22203,1
22204,4
22205,1
22206,1
22207,1
22208,2
22209,2
22212,1
22213,5
22214,1
22215,1
22217,1
22218,1
22220,1
22222,3
22223,2
22225,2
22226,1
22227,2
22228,1
22229,2
22230,1
22232,1
22233,1
22234,1
22235,1
22236,2
22239,1
22242,1
22245,1
22246,1
22248,1
22249,1
22250,1
22251,1
22253,1
22254,1
22901,4
22902,3
22903,3
22904,5
22905,3
22906,2
22907,3
22908,3
22909,1
23001,1
23002,13
23003,5
23004,1
23005,8
23006,1
23007,1
23008,2
23009,4
23010,1
23011,1
23012,4
23014,1
23015,1
23016,1
23017,1
23018,2
23019,1
23020,1
23021,1
23024,3
23025,1
23026,2
23027,1
23028,3
23029,3
23030,1
23031,1
23032,2
23033,1
23034,1
23035,1
23037,1
23038,1
23039,1
23040,2
23041,1
23042,2
23043,2
23044,2
23045,1
23046,1
23047,2
23048,1
23049,1
23050,14
23051,1
23052,1
23053,1
23054,1
23055,5
23056,1
23057,2
23058,2
23059,2
23060,5
23061,1
23062,3
23063,1
23064,2
23065,1
23066,3
23067,1
23069,1
23070,2
23071,4
23072,2
23073,4
23074,2
23075,1
23076,1
23077,1
23079,1
23080,1
23081,7
23082,1
23084,1
23085,2
23086,1
23087,1
23088,1
23090,1
23091,1
23092,7
23093,1
23094,3
23095,4
23096,2
23097,1
23098,1
23099,1
23101,2
23901,2
23902,2
23903,3
23904,8
24001,3
24002,1
24003,3
24004,6
24005,5
24006,6
24007,3
24008,6
24009,1
24010,2
24011,2
24012,5
24014,5
24015,5
24016,5
24017,3
24018,1
24019,1
24020,9
24021,1
24022,3
24023,9
24024,4
24025,5
24026,7
24027,2
24028,2
24029,2
24030,3
24031,2
24032,1
24033,2
24034,4
24036,1
24037,2
24038,6
24039,3
24040,5
24041,4
24042,1
24043,4
24044,1
24046,4
24047,6
24049,3
24050,1
24051,4
24052,3
24053,3
24054,2
24055,5
24056,2
24057,4
24058,1
24059,1
24060,1
24061,7
24062,2
24063,2
24064,3
24065,9
24066,3
24067,5
24068,3
24069,1
24070,5
24071,4
24073,1
24074,2
24076,4
24077,1
24078,1
24079,4
24080,1
24081,2
24082,1
24083,7
24084,3
24086,3
24087,4
24088,2
24089,17
24090,6
24091,6
24092,4
24093,6
24094,1
24095,3
24096,1
24097,1
24098,1
24099,3
24100,2
24101,4
24102,4
24103,2
24104,4
24105,5
24106,4
24107,5
24108,2
24109,7
24110,8
24112,1
24113,1
24114,15
24115,15
24116,3
24117,3
24118,1
24119,1
24120,2
24121,2
24122,5
24123,11
24124,2
24125,6
24127,2
24129,1
24130,3
24131,5
24132,4
24133,3
24134,10
24136,3
24137,2
24139,4
24141,1
24142,7
24143,1
24144,8
24145,1
24146,1
24148,4
24149,1
24150,2
24151,2
24152,2
24153,2
24154,3
24155,2
24156,5
24157,1
24158,1
24159,5
24160,6
24161,4
24162,5
24163,4
24164,7
24165,5
24166,6
24167,3
24168,1
24169,3
24170,9
24171,1
24172,4
24173,3
24174,3
24176,2
24177,3
24178,1
24179,1
24180,9
24181,1
24182,7
24183,3
24184,2
24185,3
24187,6
24188,1
24189,8
24190,2
24191,2
24193,1
24194,1
24196,4
24197,2
24198,1
24199,2
24201,10
24202,6
24203,2
24205,3
24206,2
24207,1
24209,2
24210,10
24211,2
24212,3
24213,1
24214,5
24215,3
24216,7
24217,2
24218,4
24219,4
24221,2
24222,8
24223,4
24224,3
24225,10
24226,6
24227,14
24228,6
24229,8
24230,3
24901,5
24902,2
25002,4
25003,4
25004,1
25005,1
25006,1
25007,1
25008,1
25009,1
25010,1
25011,1
25012,1
25013,1
25014,1
25015,1
25016,1
25017,4
25019,2
25020,1
25021,1
25022,1
25023,2
25024,1
25025,2
25027,1
25029,1
25031,1
25032,1
25033,1
25034,3
25035,1
25036,1
25037,4
25038,1
25039,3
25040,2
25041,1
25042,1
25043,5
25044,1
25045,1
25046,1
25047,1
25048,1
25049,1
25050,2
25051,1
25052,2
25053,1
25055,1
25056,1
25057,1
25058,1
25059,1
25060,1
25062,2
25063,1
25067,1
25068,1
25069,1
25070,1
25072,2
25073,1
25074,1
25076,1
25077,1
25078,1
25079,2
25081,1
25082,1
25085,1
25086,1
25088,1
25092,1
25093,1
25094,2
25096,1
25097,1
25098,1
25099,1
25100,1
25101,1
25102,1
25104,1
25105,1
25109,1
25110,1
25112,1
25113,2
25114,1
25115,5
25118,1
25119,1
25120,18
25121,1
25122,1
25123,2
25125,1
25126,1
25127,1
25128,1
25130,1
25131,1
25132,1
25133,1
25134,1
25135,1
25136,1
25137,1
25138,2
25139,1
25140,1
25141,4
25142,1
25143,2
25145,1
25146,1
25148,1
25149,2
25150,1
25152,1
25153,1
25154,1
25155,1
25156,3
25157,4
25158,1
25163,1
25164,1
25165,2
25167,1
25168,1
25169,1
25170,1
25171,1
25172,1
25173,3
25174,1
25175,1
25176,1
25177,3
25179,1
25180,1
25181,1
25182,1
25183,1
25185,5
25189,1
25190,1
25191,1
25192,1
25193,1
25194,1
25197,1
25200,1
25202,1
25203,3
25204,1
25205,1
25206,1
25207,2
25209,1
25210,1
25211,1
25212,1
25215,1
25216,3
25217,6
25218,1
25219,1
25220,1
25221,1
25223,1
25224,1
25225,3
25226,1
25227,2
25228,1
25230,1
25231,1
25232,1
25233,1
25234,7
25238,2
25239,1
25240,2
25242,1
25243,2
25244,1
25245,2
25247,1
25248,1
25249,1
25250,1
25251,1
25252,1
25253,1
25254,1
25255,1
25901,1
25902,3
25903,1
25905,2
25906,1
25907,4
25908,2
25909,1
25910,1
25911,5
25912,2
26001,1
26002,1
26003,2
26004,1
26005,2
26006,1
26007,1
26008,1
26009,1
26010,1
26011,1
26012,1
26013,1
26014,1
26015,1
26016,1
26017,2
26018,1
26019,1
26020,1
26021,1
26022,1
26023,1
26024,1
26025,1
26026,1
26027,1
26028,1
26031,1
26032,1
26033,1
26034,1
26035,1
26036,2
26037,1
26038,1
26039,1
26040,1
26041,1
26042,1
26043,1
26044,1
26045,1
26046,1
26047,4
26048,1
26049,1
26050,1
26051,1
26052,1
26053,1
26054,1
26055,2
26056,1
26057,1
26058,1
26059,1
26060,1
26061,1
26062,1
26063,2
26064,1
26065,1
26066,1
26067,1
26068,1
26069,1
26070,1
26071,1
26072,1
26073,1
26074,1
26075,1
26076,1
26078,1
26079,1
26080,1
26081,1
26082,1
26083,2
26084,2
26086,1
26087,1
26088,1
26089,15
26091,2
26092,1
26093,1
26094,2
26095,1
26096,1
26098,1
26099,1
26100,1
26101,1
26102,1
26103,2
26105,1
26106,1
26107,1
26108,6
26109,1
26110,1
26111,1
26112,1
26113,1
26114,1
26117,1
26118,1
26119,1
26120,1
26121,1
26122,1
26123,1
26124,1
26125,1
26126,1
26127,1
26128,1
26129,1
26130,1
26131,1
26132,1
26134,1
26135,2
26136,1
26138,1
26139,1
26140,1
26141,1
26142,1
26143,1
26144,1
26145,1
26146,1
26147,1
26148,1
26149,1
26150,1
26151,1
26152,1
26155,1
26157,1
26158,1
26160,1
26162,1
26163,1
26164,1
26165,1
26166,1
26167,1
26168,1
26169,1
26170,1
26171,1
26172,1
26174,3
26175,1
26176,1
26177,1
26178,1
26179,1
26180,1
26183,1
27001,1
27002,1
27003,1
27004,1
27005,1
27006,1
27007,2
27008,2
27009,2
27010,2
27011,1
27012,2
27013,2
27014,1
27015,2
27016,1
27017,2
27018,1
27019,1
27020,1
27021,1
27022,2
27023,2
27024,1
27025,1
27026,1
27027,1
27028,12
27029,1
27030,1
27031,2
27032,1
27033,1
27034,1
27035,1
27037,1
27038,1
27039,1
27040,1
27041,1
27042,1
27043,1
27044,2
27045,1
27046,1
27047,1
27048,1
27049,1
27050,1
27051,1
27052,1
27053,1
27054,1
27055,1
27056,1
27057,2
27058,2
27059,1
27060,1
27061,1
27062,1
27063,1
27064,1
27065,1
27066,1
27901,1
27902,2
28001,1
28002,1
28003,1
28004,1
28005,11
28006,3
28007,9
28008,1
28009,2
28010,1
28011,1
28012,1
28013,3
28014,4
28015,1
28016,1
28017,1
28018,1
28019,1
28020,1
28021,1
28022,2
28023,3
28024,1
28025,1
28026,2
28027,1
28028,1
28029,1
28030,1
28031,1
28032,1
28033,1
28034,1
28035,1
28036,1
28037,1
28038,2
28039,1
28040,3
28041,1
28042,1
28043,1
28044,1
28045,2
28046,1
28047,3
28048,1
28049,8
28050,1
28051,1
28052,1
28053,1
28054,2
28055,1
28056,1
28057,1
28058,9
28059,1
28060,1
28061,1
28062,2
28063,2
28064,1
28065,10
28066,1
28067,1
28068,3
28069,1
28070,1
28071,2
28072,1
28073,1
28074,11
28075,1
28076,1
28078,1
28079,187
28080,4
28082,1
28083,1
28084,1
28085,1
28086,1
28087,2
28088,1
28089,1
28090,1
28091,1
28092,10
28093,1
28094,1
28095,1
28096,1
28097,2
28099,1
28100,1
28101,1
28102,1
28104,2
28106,5
28107,1
28108,1
28109,1
28110,1
28111,1
28112,1
28113,2
28114,2
28115,5
28116,1
28117,1
28118,1
28119,1
28120,2
28121,1
28122,1
28123,3
28124,1
28125,1
28126,1
28127,3
28128,1
28129,1
28130,2
28131,2
28132,1
28133,1
28134,4
28135,4
28136,1
28137,1
28138,1
28140,1
28141,1
28143,1
28144,1
28145,1
28146,1
28147,1
28148,7
28149,1
28150,1
28151,1
28152,2
28153,1
28154,1
28155,1
28156,1
28157,1
28158,1
28159,1
28160,1
28161,3
28162,2
28163,1
28164,1
28165,1
28166,1
28167,1
28168,2
28169,1
28170,1
28171,2
28172,3
28173,1
28174,1
28175,1
28176,2
28177,1
28178,1
28179,1
28180,1
28181,1
28182,1
28183,2
28901,3
28902,4
28903,2
29001,1
29002,1
29003,1
29004,1
29005,2
29006,1
29007,1
29008,1
29009,1
29010,1
29011,1
29012,1
29013,1
29014,1
29015,9
29016,1
29017,3
29018,1
29019,2
29020,1
29021,1
29022,1
29023,1
29024,2
29025,6
29026,1
29027,1
29028,1
29029,1
29030,1
29031,1
29032,1
29033,3
29034,1
29035,1
29036,1
29037,1
29038,2
29039,1
29040,1
29041,1
29042,1
29043,1
29044,1
29045,1
29046,3
29047,1
29048,1
29049,1
29050,1
29051,5
29052,1
29053,1
29054,2
29055,1
29056,1
29057,1
29058,1
29059,2
29060,1
29061,1
29062,1
29063,1
29064,1
29065,1
29066,2
29067,44
29068,2
29069,9
29070,3
29071,2
29072,1
29073,1
29074,1
29075,2
29076,1
29077,1
29079,2
29080,1
29081,1
29082,4
29083,1
29084,6
29085,1
29086,2
29087,1
29088,2
29089,1
29090,1
29091,2
29092,1
29093,1
29094,11
29095,1
29096,1
29097,1
29098,1
29099,2
29100,1
29901,4
30001,5
30002,3
30003,5
30004,1
30005,4
30006,1
30007,3
30008,4
30009,2
30010,1
30011,2
30012,2
30013,1
30014,1
30015,16
30016,49
30017,7
30018,2
30019,3
30020,2
30021,9
30022,3
30023,1
30024,29
30025,1
30026,6
30027,11
30028,4
30029,5
30030,78
30031,1
30032,1
30033,3
30034,1
30035,5
30036,3
30037,8
30038,1
30039,2
30040,1
30041,3
30042,1
30043,4
30651,1
30901,2
30902,2
31002,1
31003,1
31004,1
31005,2
31006,1
31007,1
31008,1
31009,1
31010,2
31011,2
31012,1
31013,2
31014,1
31015,1
31016,1
31017,1
31018,1
31019,1
31022,1
31023,1
31024,1
31025,4
31026,1
31027,1
31029,1
31030,1
31031,1
31032,1
31034,2
31035,1
31036,1
31037,1
31038,1
31039,1
31041,1
31042,1
31043,1
31044,1
31045,1
31046,1
31047,1
31048,1
31049,1
31050,10
31051,1
31053,1
31055,1
31056,1
31057,1
31058,1
31059,1
31060,1
31061,1
31062,1
31063,1
31064,1
31065,1
31066,1
31067,2
31068,1
31069,1
31070,1
31071,1
31072,1
31073,1
31074,1
31077,1
31078,1
31079,1
31080,1
31082,1
31084,1
31085,1
31086,3
31087,1
31088,3
31089,1
31090,1
31091,3
31092,7
31093,1
31094,1
31095,1
31096,1
31097,2
31098,3
31099,1
31100,1
31101,1
31102,1
31103,1
31104,1
31105,1
31106,1
31107,1
31108,1
31109,5
31110,1
31111,3
31112,1
31113,1
31115,1
31116,1
31117,1
31118,5
31119,2
31120,2
31122,1
31125,3
31126,1
31127,1
31128,1
31129,1
31130,1
31131,1
31133,1
31134,1
31135,1
31136,1
31137,1
31138,1
31139,1
31141,2
31142,1
31143,1
31145,1
31146,1
31147,1
31149,1
31151,1
31152,1
31153,1
31154,1
31155,1
31157,1
31159,1
31160,1
31161,1
31162,1
31163,1
31164,1
31165,1
31166,2
31167,1
31168,1
31169,1
31171,1
31172,1
31173,1
31175,1
31176,1
31177,1
31178,2
31179,1
31180,1
31181,3
31183,1
31185,1
31189,1
31191,1
31193,2
31194,4
31195,1
31196,1
31198,1
31199,1
31200,1
31201,22
31202,1
31203,1
31205,1
31206,1
31207,1
31208,1
31209,1
31210,1
31211,1
31212,1
31213,1
31214,1
31215,1
31216,2
31217,1
31219,1
31220,1
31221,1
31222,2
31223,1
31224,1
31225,1
31226,1
31227,1
31228,2
31230,1
31231,1
31232,3
31233,1
31234,1
31235,1
31236,1
31238,1
31239,1
31240,1
31241,1
31242,1
31244,2
31245,1
31246,1
31247,1
31248,1
31249,1
31250,1
31251,1
31252,1
31254,1
31255,1
31256,1
31257,1
31258,1
31259,1
31260,1
31261,1
31263,1
31264,1
31265,1
31901,2
31903,1
31904,1
31905,1
31906,1
31907,2
31908,1
32001,1
32002,1
32003,1
32004,1
32005,1
32006,1
32007,1
32008,3
32009,2
32010,1
32011,1
32012,1
32013,1
32014,1
32015,1
32016,1
32017,2
32018,1
32019,1
32020,2
32021,1
32022,3
32023,1
32024,1
32025,2
32026,1
32027,1
32028,1
32029,1
32030,1
32031,1
32032,1
32033,1
32034,1
32035,1
32036,1
32037,1
32038,1
32039,1
32040,1
32041,1
32042,1
32043,1
32044,1
32045,2
32046,2
32047,1
32048,1
32049,1
32050,2
32051,1
32052,1
32053,1
32054,10
32055,1
32056,2
32057,1
32058,1
32059,2
32060,1
32061,1
32062,1
32063,1
32064,1
32065,1
32066,1
32067,1
32068,1
32069,1
32070,1
32071,1
32072,1
32073,1
32074,1
32075,2
32076,1
32077,1
32078,1
32079,1
32080,1
32081,2
32082,1
32083,1
32084,1
32085,2
32086,1
32087,2
32088,1
32089,1
32090,1
32091,1
32092,1
33001,2
33002,9
33003,1
33004,9
33005,1
33006,1
33007,1
33008,2
33009,1
33010,2
33011,7
33012,1
33013,1
33014,2
33015,2
33016,2
33017,4
33018,2
33019,2
33020,3
33021,3
33022,2
33023,1
33024,20
33025,3
33026,3
33027,1
33028,2
33029,1
33030,1
33031,10
33032,4
33033,4
33034,11
33035,5
33036,4
33037,14
33038,2
33039,1
33040,2
33041,2
33042,1
33043,1
33044,27
33045,2
33046,1
33047,1
33048,1
33049,2
33050,1
33051,2
33052,1
33053,1
33054,1
33055,1
33056,1
33057,1
33058,1
33059,4
33060,4
33061,1
33062,1
33063,1
33065,1
33066,9
33067,1
33068,2
33069,2
33070,1
33071,1
33072,1
33073,7
33074,1
33075,1
33076,2
33077,2
33078,2
34001,1
34003,1
34004,7
34005,3
34006,1
34009,1
34010,1
34011,2
34012,1
34015,1
34017,1
34018,1
34019,1
34020,1
34022,2
34023,1
34024,1
34025,1
34027,2
34028,1
34029,1
34031,1
34032,2
34033,1
34034,1
34035,1
34036,3
34037,4
34038,2
34039,1
34041,1
34042,1
34045,1
34046,1
34047,2
34048,1
34049,5
34050,1
34051,1
34052,1
34053,1
34055,3
34056,7
34057,1
34058,1
34059,1
34060,1
34061,2
34062,2
34063,1
34066,1
34067,3
34068,1
34069,1
34070,1
34071,1
34072,1
34073,1
34074,1
34076,1
34077,1
34079,1
34080,1
34081,1
34082,1
34083,4
34084,1
34086,1
34087,1
34088,1
34089,1
34091,3
34092,1
34093,1
34094,1
34096,1
34098,1
34099,1
34100,1
34101,1
34102,1
34103,1
34104,1
34106,1
34107,2
34108,2
34109,2
34110,1
34112,1
34113,1
34114,6
34116,1
34120,12
34121,1
34122,3
34123,1
34124,1
34125,1
34126,4
34127,2
34129,2
34130,1
34131,2
34132,1
34133,1
34134,1
34135,2
34136,1
34137,1
34139,1
34140,2
34141,1
34143,3
34146,1
34147,4
34149,1
34151,3
34152,1
34154,1
34155,1
34156,1
34157,7
34158,1
34159,1
34160,1
34161,1
34163,1
34165,1
34167,1
34168,2
34169,3
34170,2
34171,5
34174,1
34175,1
34176,2
34177,1
34178,1
34179,1
34180,1
34181,1
34182,1
34184,1
34185,2
34186,1
34189,1
34190,2
34192,4
34196,1
34199,4
34201,1
34202,1
34204,1
34205,1
34206,2
34208,1
34210,1
34211,1
34213,1
34214,1
34215,1
34216,1
34217,1
34218,4
34220,1
34221,1
34222,3
34223,1
34224,1
34225,1
34227,1
34228,2
34229,1
34230,1
34231,4
34232,1
34233,1
34234,2
34236,4
34237,2
34238,1
34240,1
34241,1
34242,1
34243,2
34245,4
34246,1
34901,4
34902,5
34903,5
34904,1
35001,2
35002,4
35003,1
35004,5
35006,4
35007,3
35008,2
35009,3
35010,2
35011,2
35012,5
35013,2
35014,3
35015,4
35016,33
35017,3
35018,2
35019,8
35020,2
35021,4
35022,3
35023,4
35024,4
35025,2
35026,10
35027,2
35028,3
35029,1
35030,5
35031,2
35032,1
35033,4
35034,2
36001,1
36002,1
36003,1
36004,1
36005,1
36006,1
36007,1
36008,3
36009,2
36010,1
36011,1
36012,2
36013,2
36014,2
36015,1
36016,1
36017,4
36018,2
36019,1
36020,1
36021,1
36022,1
36023,2
36024,1
36025,1
36026,3
36027,2
36028,3
36029,3
36030,1
36031,1
36032,1
36033,2
36034,1
36035,2
36036,1
36037,1
36038,10
36039,1
36040,1
36041,4
36042,1
36043,1
36044,1
36045,3
36046,1
36047,1
36048,2
36049,1
36050,2
36051,2
36052,2
36053,2
36054,2
36055,1
36056,1
36057,29
36058,2
36059,2
36060,3
36061,2
36901,1
37001,1
37002,3
37003,2
37004,1
37005,2
37006,1
37007,2
37008,2
37009,2
37010,1
37011,1
37012,1
37013,2
37014,1
37015,2
37016,1
37017,1
37018,1
37019,1
37020,1
37021,1
37022,1
37023,1
37024,1
37025,1
37026,1
37027,1
37028,1
37029,2
37030,1
37031,1
37032,1
37033,1
37034,1
37035,3
37036,1
37037,1
37038,1
37039,1
37040,1
37041,2
37042,2
37044,1
37045,1
37046,4
37047,1
37049,1
37050,1
37051,1
37052,1
37054,1
37055,1
37056,1
37057,1
37058,1
37059,1
37060,1
37061,1
37062,1
37063,1
37065,2
37067,1
37068,1
37069,2
37070,1
37071,1
37072,1
37073,1
37074,1
37077,1
37078,1
37079,1
37080,1
37081,1
37082,1
37083,1
37085,1
37086,1
37087,3
37088,1
37089,1
37090,1
37091,1
37092,1
37096,1
37097,1
37098,1
37099,1
37100,1
37101,1
37102,1
37103,1
37104,1
37106,3
37107,2
37108,1
37109,1
37110,1
37112,1
37114,1
37115,1
37116,1
37117,1
37118,2
37119,1
37120,1
37121,1
37122,1
37123,2
37124,2
37125,1
37126,1
37127,1
37128,1
37129,1
37130,1
37131,1
37132,1
37133,1
37134,1
37135,4
37136,1
37137,1
37138,1
37139,1
37140,1
37141,1
37142,1
37143,1
37144,3
37145,1
37146,1
37147,1
37148,2
37150,1
37151,1
37152,1
37154,1
37155,1
37156,4
37157,2
37158,2
37159,1
37160,1
37161,1
37162,2
37163,1
37165,1
37166,1
37167,1
37168,1
37169,1
37170,3
37171,1
37172,1
37173,1
37174,1
37175,1
37176,1
37177,1
37178,1
37179,1
37180,1
37181,1
37182,1
37183,1
37184,1
37185,3
37186,1
37187,1
37188,1
37189,1
37190,1
37191,1
37192,1
37193,1
37194,1
37195,1
37196,1
37197,1
37198,1
37199,1
37200,1
37201,1
37202,1
37203,1
37204,1
37205,1
37206,1
37207,1
37208,2
37209,1
37211,2
37212,1
37213,1
37214,1
37215,1
37216,1
37217,1
37218,1
37219,1
37221,1
37222,1
37223,1
37224,2
37225,1
37226,1
37228,1
37229,1
37230,1
37231,1
37232,1
37233,1
37234,1
37235,1
37236,1
37237,2
37238,1
37239,1
37240,1
37241,1
37242,1
37243,1
37244,1
37245,1
37246,1
37247,1
37248,1
37249,1
37250,1
37251,1
37252,1
37253,1
37254,1
37255,1
37256,1
37257,2
37258,2
37259,2
37260,1
37261,2
37262,4
37263,1
37264,1
37265,1
37266,1
37267,1
37268,1
37269,1
37270,1
37271,1
37272,1
37273,2
37274,14
37275,1
37276,1
37277,1
37278,1
37279,1
37280,2
37281,1
37282,1
37283,1
37284,1
37285,1
37286,1
37287,1
37288,1
37289,1
37290,1
37291,1
37292,1
37293,1
37294,1
37296,1
37297,1
37298,2
37299,1
37300,2
37301,1
37302,1
37303,1
37304,1
37305,1
37306,1
37307,1
37309,1
37310,1
37311,1
37312,1
37313,1
37314,1
37315,1
37316,1
37317,1
37318,1
37319,1
37320,1
37321,1
37322,2
37323,1
37324,1
37325,1
37327,1
37328,1
37329,1
37330,1
37331,1
37332,1
37333,1
37334,1
37335,1
37336,1
37337,1
37338,1
37339,1
37340,2
37341,1
37342,1
37343,1
37344,2
37345,1
37346,1
37348,1
37349,1
37350,1
37351,1
37352,1
37353,1
37354,1
37355,1
37356,3
37357,1
37358,1
37359,3
37360,1
37361,2
37362,2
37363,1
37364,2
37365,1
37366,2
37367,2
37368,1
37369,1
37370,3
37371,1
37372,2
37373,1
37374,1
37375,1
37376,2
37377,2
37378,2
37379,1
37380,1
37381,1
37382,1
38001,2
38002,4
38003,2
38004,1
38005,2
38006,10
38007,2
38008,2
38009,1
38010,2
38011,4
38012,2
38013,5
38014,1
38015,2
38016,2
38017,3
38018,2
38019,4
38020,2
38021,1
38022,1
38023,9
38024,9
38025,2
38026,7
38027,1
38028,3
38029,1
38030,1
38031,6
38032,1
38033,2
38034,2
38035,2
38036,3
38037,2
38038,24
38039,2
38040,3
38041,2
38042,1
38043,3
38044,2
38045,2
38046,1
38047,1
38048,3
38049,3
38050,4
38051,1
38052,1
38053,1
39001,3
39002,1
39004,1
39005,1
39006,2
39007,1
39008,1
39009,3
39010,1
39011,1
39012,2
39013,1
39014,1
39015,1
39016,3
39017,1
39018,1
39019,1
39020,9
39021,1
39022,1
39023,1
39024,1
39025,1
39026,2
39027,1
39028,1
39029,1
39030,1
39031,2
39032,1
39033,1
39034,1
39035,2
39036,1
39037,2
39038,1
39039,2
39040,1
39041,1
39042,1
39043,1
39044,2
39045,2
39046,1
39047,1
39048,1
39049,1
39050,1
39052,6
39053,1
39054,1
39055,1
39056,2
39057,1
39058,1
39059,1
39060,1
39061,3
39062,2
39063,1
39064,1
39065,1
39066,1
39067,1
39068,1
39069,1
39071,1
39072,1
39073,3
39074,3
39075,15
39076,2
39077,1
39078,2
39079,1
39080,1
39081,1
39082,1
39083,2
39084,2
39085,1
39087,5
39089,1
39090,1
39091,1
39092,1
39093,1
39094,2
39095,1
39096,1
39097,1
39098,2
39099,2
39100,1
39101,1
39102,1
40001,1
40002,1
40003,1
40004,1
40005,1
40006,1
40007,1
40008,1
40009,1
40010,1
40012,1
40013,1
40014,1
40015,1
40016,2
40017,1
40018,1
40019,2
40020,1
40021,1
40022,2
40024,7
40025,1
40026,1
40028,1
40029,1
40030,1
40031,1
40032,1
40033,1
40034,1
40035,2
40036,1
40037,1
40039,3
40040,3
40041,1
40043,1
40044,1
40045,1
40046,1
40047,1
40048,1
40049,1
40051,1
40052,1
40053,1
40054,1
40055,1
40056,1
40057,3
40058,2
40059,1
40060,3
40061,1
40062,1
40063,10
40065,1
40068,1
40069,1
40070,2
40071,1
40072,1
40073,1
40074,1
40075,3
40076,4
40077,3
40078,1
40079,3
40080,1
40081,1
40082,1
40083,1
40084,1
40086,1
40087,1
40088,1
40089,1
40091,2
40092,1
40093,1
40094,1
40095,1
40097,1
40099,1
40100,1
40101,1
40103,1
40104,1
40105,1
40106,1
40107,1
40108,2
40109,2
40110,1
40111,1
40112,1
40113,1
40115,1
40118,1
40119,1
40120,1
40121,1
40122,1
40123,1
40124,1
40125,1
40126,1
40127,1
40128,1
40129,1
40130,1
40131,1
40132,1
40134,1
40135,1
40136,1
40138,2
40139,1
40140,1
40141,1
40142,1
40143,1
40144,1
40145,1
40146,1
40148,1
40149,3
40150,1
40151,1
40152,1
40154,1
40155,5
40156,3
40157,1
40158,1
40159,1
40160,1
40161,2
40162,1
40163,1
40164,1
40165,1
40166,1
40168,1
40170,6
40171,1
40173,1
40174,1
40176,2
40177,1
40178,1
40179,1
40180,3
40181,2
40182,2
40183,1
40184,2
40185,13
40186,1
40188,1
40189,2
40190,1
40191,4
40192,1
40193,1
40194,12
40195,10
40196,1
40198,1
40199,1
40200,1
40201,1
40202,1
40203,1
40204,1
40205,3
40206,3
40207,1
40208,4
40210,1
40211,1
40212,1
40213,1
40215,3
40216,1
40218,1
40219,1
40220,1
40221,1
40222,1
40223,1
40224,1
40225,1
40228,1
40229,2
40230,1
40231,1
40233,1
40234,1
40901,1
40902,1
40903,1
40904,1
40905,1
41001,1
41002,1
41003,1
41004,3
41005,4
41006,1
41007,1
41008,1
41009,1
41010,1
41011,1
41012,1
41013,1
41014,2
41015,1
41016,1
41017,3
41018,1
41019,1
41020,2
41021,4
41022,1
41023,1
41024,2
41025,1
41026,1
41027,1
41028,1
41029,2
41030,1
41031,1
41032,2
41033,2
41034,1
41035,1
41036,1
41037,1
41038,10
41039,5
41040,1
41041,1
41042,1
41043,1
41044,1
41045,1
41046,1
41047,1
41048,1
41049,3
41050,1
41051,1
41052,1
41053,1
41054,1
41055,2
41056,2
41057,1
41058,1
41059,1
41060,1
41061,2
41062,1
41063,1
41064,1
41065,3
41066,1
41067,1
41068,3
41069,5
41070,1
41071,1
41072,1
41073,1
41075,1
41076,1
41077,1
41078,1
41079,1
41080,1
41081,2
41082,1
41083,1
41084,1
41085,1
41086,1
41087,1
41088,2
41089,1
41090,1
41091,55
41092,2
41093,1
41094,1
41095,8
41096,1
41097,1
41098,1
41099,3
41100,1
41102,1
41901,1
41902,2
41903,1
42001,1
42003,2
42004,1
42006,3
42007,3
42008,3
42009,2
42010,1
42011,1
42012,1
42013,1
42014,3
42015,2
42017,1
42018,4
42019,7
42020,1
42021,2
42022,3
42023,2
42024,4
42025,13
42026,1
42027,3
42028,2
42029,3
42030,2
42031,1
42032,2
42033,1
42034,1
42035,7
42036,1
42037,1
42038,1
42039,1
42042,1
42043,11
42044,1
42045,1
42046,2
42048,3
42049,3
42050,1
42051,1
42053,1
42054,1
42055,1
42056,1
42057,2
42058,1
42059,1
42060,1
42061,4
42062,1
42063,1
42064,1
42065,1
42068,1
42069,1
42070,1
42071,4
42073,1
42075,1
42076,3
42078,1
42079,1
42080,5
42081,1
42082,1
42084,1
42085,4
42086,2
42087,1
42088,1
42089,1
42090,3
42092,1
42093,1
42094,1
42095,6
42096,1
42097,1
42098,1
42100,1
42103,5
42105,1
42106,1
42107,3
42108,1
42110,1
42111,2
42113,9
42115,3
42116,1
42117,1
42118,1
42119,3
42120,4
42121,1
42123,1
42124,1
42125,1
42127,3
42128,1
42129,1
42130,1
42131,1
42132,1
42134,2
42135,4
42139,1
42141,3
42142,1
42144,8
42145,1
42148,1
42149,4
42151,1
42152,3
42153,1
42154,2
42155,7
42156,1
42157,1
42158,2
42159,1
42160,1
42161,1
42162,18
42163,1
42164,1
42165,3
42166,2
42167,1
42168,1
42171,1
42172,2
42173,8
42174,1
42175,1
42176,1
42177,1
42178,1
42181,2
42182,1
42183,1
42184,1
42185,1
42187,1
42188,1
42189,1
42190,1
42191,1
42192,1
42193,1
42194,5
42195,2
42197,2
42200,2
42201,1
42202,1
42205,2
42206,1
42207,1
42208,1
42209,3
42211,2
42212,2
42213,1
42215,1
42216,1
42217,1
42218,1
42219,1
43001,1
43002,2
43004,2
43005,1
43006,1
43007,1
43008,1
43009,1
43010,1
43011,1
43012,1
43013,1
43014,4
43015,1
43016,1
43017,1
43018,1
43019,1
43020,1
43021,1
43022,1
43023,1
43024,1
43025,1
43026,1
43027,1
43028,1
43029,1
43030,1
43031,1
43032,1
43033,1
43034,1
43035,1
43036,1
43037,2
43038,1
43039,1
43040,1
43041,1
43042,1
43043,1
43044,1
43045,1
43046,1
43047,1
43048,1
43049,1
43050,1
43051,1
43052,1
43053,1
43054,1
43055,1
43056,1
43057,1
43058,1
43059,1
43060,1
43061,1
43062,1
43063,1
43064,1
43065,1
43066,1
43067,1
43068,1
43069,1
43070,1
43071,1
43072,1
43074,1
43075,1
43076,1
43077,1
43078,1
43079,1
43080,1
43081,1
43082,1
43083,1
43084,1
43085,1
43086,1
43088,1
43089,1
43090,1
43091,1
43092,3
43093,2
43094,1
43095,1
43096,2
43097,1
43098,1
43099,1
43100,1
43101,2
43102,1
43103,2
43104,1
43106,1
43107,1
43108,1
43110,1
43111,1
43112,1
43113,1
43114,1
43115,1
43116,1
43117,1
43118,1
43119,1
43120,2
43121,1
43122,1
43123,11
43124,1
43125,1
43126,2
43127,1
43128,1
43129,1
43130,1
43131,2
43132,1
43133,2
43134,1
43135,1
43136,1
43137,1
43138,1
43139,1
43140,1
43142,1
43143,1
43144,4
43145,1
43147,1
43148,15
43149,1
43150,3
43151,1
43152,1
43153,2
43154,1
43155,9
43156,5
43157,1
43158,1
43159,1
43160,1
43161,4
43162,3
43163,4
43164,1
43165,1
43166,1
43167,2
43168,1
43169,2
43170,1
43171,3
43172,1
43173,1
43174,1
43175,1
43176,1
43177,1
43178,2
43901,1
43902,2
43903,2
43904,1
43905,2
43906,1
44001,1
44003,1
44004,1
44005,1
44006,1
44007,1
44008,1
44009,1
44010,3
44011,1
44012,1
44013,4
44014,1
44016,1
44017,3
44018,1
44019,1
44020,1
44021,1
44022,1
44023,1
44024,1
44025,1
44026,1
44027,1
44028,1
44029,1
44031,1
44033,1
44034,1
44035,1
44036,1
44037,1
44038,1
44039,1
44040,1
44041,1
44042,1
44043,1
44044,1
44045,1
44046,1
44047,1
44048,1
44049,1
44050,12
44051,1
44052,1
44053,1
44054,1
44055,1
44056,2
44059,1
44060,1
44061,1
44062,1
44063,1
44064,1
44065,1
44066,1
44067,1
44068,1
44070,1
44071,7
44074,1
44075,1
44076,1
44077,1
44080,1
44082,1
44084,1
44085,1
44086,1
44087,1
44089,1
44090,1
44092,1
44093,1
44094,1
44096,1
44097,1
44099,2
44100,1
44101,1
44103,2
44105,1
44106,1
44107,1
44108,1
44109,1
44110,1
44111,1
44112,1
44113,1
44114,1
44115,1
44116,1
44117,1
44118,1
44119,1
44120,1
44121,1
44122,1
44123,2
44124,1
44125,2
44126,1
44127,2
44128,1
44129,1
44130,1
44131,1
44132,1
44133,1
44135,1
44136,1
44137,2
44138,1
44141,1
44142,1
44143,3
44144,1
44145,1
44146,1
44147,1
44148,1
44149,1
44150,1
44151,1
44153,1
44154,1
44155,2
44156,1
44157,1
44158,1
44159,1
44160,1
44161,1
44163,1
44165,1
44167,1
44168,1
44169,3
44171,4
44172,1
44173,1
44174,1
44175,1
44176,1
44177,4
44178,2
44179,1
44180,1
44181,1
44182,2
44183,1
44184,1
44185,1
44187,1
44189,1
44190,1
44191,1
44192,1
44193,1
44194,1
44195,2
44196,1
44197,1
44198,1
44199,1
44200,1
44201,1
44203,1
44204,1
44205,1
44206,1
44207,1
44208,1
44209,1
44210,1
44211,1
44212,1
44213,1
44215,2
44216,15
44217,1
44218,1
44219,1
44220,1
44221,1
44222,2
44223,1
44224,1
44225,1
44226,1
44227,1
44228,1
44229,1
44230,1
44231,1
44232,1
44234,2
44235,1
44236,1
44237,1
44238,1
44239,1
44240,1
44241,1
44243,1
44244,1
44245,1
44246,1
44247,1
44249,1
44250,1
44251,1
44252,1
44256,1
44257,1
44258,1
44260,2
44261,1
44262,1
44263,1
44264,1
44265,1
44266,1
44267,1
44268,1
45001,1
45002,1
45003,1
45004,1
45005,1
45006,1
45007,3
45008,1
45009,1
45010,1
45011,1
45012,1
45013,1
45014,1
45015,1
45016,1
45017,1
45018,1
45019,1
45020,1
45021,1
45022,1
45024,1
45025,1
45026,1
45027,1
45028,2
45029,1
45030,1
45031,1
45032,1
45033,1
45034,1
45035,1
45036,1
45037,1
45038,1
45039,1
45040,1
45041,2
45042,1
45043,1
45045,1
45046,1
45047,1
45048,1
45049,1
45050,1
45051,1
45053,1
45054,1
45055,1
45056,1
45057,1
45058,1
45059,1
45060,1
45061,1
45062,1
45063,1
45064,1
45065,2
45066,1
45067,1
45068,1
45069,1
45070,1
45071,1
45072,2
45073,1
45074,1
45075,1
45076,1
45077,1
45078,1
45079,1
45081,1
45082,1
45083,1
45084,1
45085,1
45086,1
45087,1
45088,1
45089,2
45090,1
45091,1
45092,1
45093,1
45094,1
45095,1
45096,1
45097,1
45098,2
45099,1
45100,1
45101,1
45102,1
45103,1
45104,1
45105,1
45106,1
45107,1
45108,1
45109,1
45110,1
45111,1
45112,1
45113,4
45114,1
45115,1
45116,1
45117,1
45118,1
45119,1
45120,1
45121,1
45122,2
45123,1
45124,2
45125,2
45126,1
45127,1
45128,1
45129,1
45130,1
45131,1
45132,1
45133,1
45134,1
45135,1
45136,2
45137,2
45138,1
45139,1
45140,1
45141,1
45142,1
45143,1
45144,1
45145,1
45146,1
45147,1
45148,5
45149,1
45150,1
45151,1
45152,1
45153,1
45154,1
45155,1
45156,1
45157,2
45158,1
45159,1
45160,1
45161,4
45162,5
45163,1
45164,1
45165,12
45166,1
45167,1
45168,14
45169,1
45170,2
45171,1
45172,1
45173,1
45174,1
45175,1
45176,1
45177,1
45179,1
45180,1
45181,1
45182,1
45183,1
45184,1
45185,1
45186,1
45187,1
45188,1
45189,1
45190,1
45191,1
45192,1
45193,1
45194,1
45195,1
45196,1
45197,1
45198,1
45199,1
45200,1
45201,1
45202,1
45203,1
45204,1
45205,1
45901,1
46001,1
46002,1
46003,1
46004,1
46005,1
46006,1
46007,1
46008,1
46009,1
46010,1
46011,1
46012,1
46013,4
46014,1
46015,1
46016,1
46017,3
46018,1
46019,1
46020,1
46021,2
46022,2
46023,1
46024,1
46025,1
46026,1
46027,1
46028,1
46029,2
46030,1
46031,1
46032,1
46033,1
46034,1
46035,1
46036,2
46037,1
46038,2
46039,1
46040,1
46041,1
46042,1
46043,1
46044,1
46045,1
46046,1
46047,1
46048,1
46049,1
46050,1
46051,1
46052,1
46053,1
46054,1
46055,1
46056,1
46057,1
46058,1
46059,1
46060,1
46062,1
46063,1
46064,1
46065,1
46066,2
46067,1
46068,1
46069,1
46070,2
46071,1
46072,1
46073,1
46074,1
46075,1
46076,1
46077,1
46078,2
46079,1
46080,1
46081,2
46082,2
46083,3
46084,1
46085,1
46086,1
46087,1
46088,1
46089,1
46090,1
46091,1
46092,1
46093,1
46094,1
46095,1
46096,1
46097,2
46098,1
46099,7
46100,1
46101,1
46102,1
46103,1
46104,1
46105,7
46106,1
46107,1
46108,1
46109,1
46110,2
46111,2
46112,1
46113,2
46114,1
46115,1
46116,1
46118,3
46119,1
46120,1
46121,1
46122,1
46123,1
46124,1
46125,1
46126,1
46127,1
46128,1
46129,1
46130,1
46131,9
46132,1
46133,1
46134,1
46135,2
46136,1
46137,1
46138,1
46139,1
46140,1
46141,1
46142,1
46143,1
46144,1
46145,5
46146,1
46147,1
46148,1
46149,1
46150,1
46151,1
46153,1
46154,1
46155,1
46156,1
46157,1
46158,1
46159,4
46160,1
46161,1
46162,1
46163,1
46164,2
46165,1
46166,2
46167,1
46168,2
46169,3
46170,1
46171,2
46172,1
46173,1
46174,1
46175,1
46176,1
46177,1
46178,1
46179,1
46180,1
46181,3
46182,1
46183,1
46184,4
46185,1
46186,1
46187,1
46188,1
46189,1
46190,6
46191,1
46192,1
46193,1
46194,1
46195,1
46196,1
46197,2
46198,1
46199,2
46200,1
46201,1
46202,1
46203,1
46204,1
46205,1
46206,1
46207,1
46208,1
46209,2
46210,1
46211,1
46212,1
46213,15
46214,2
46215,1
46216,1
46217,1
46218,1
46219,1
46220,7
46221,1
46222,1
46223,1
46224,1
46225,1
46226,1
46227,1
46228,2
46229,1
46230,1
46231,1
46232,1
46233,2
46234,1
46235,3
46236,1
46237,1
46238,2
46239,1
46240,1
46241,1
46242,2
46243,1
46244,5
46245,1
46246,1
46247,1
46248,1
46249,4
46250,68
46251,1
46252,1
46253,1
46254,7
46255,1
46256,1
46257,1
46258,1
46259,2
46260,1
46261,1
46262,1
46263,1
46902,1
46903,2
47001,1
47002,1
47003,1
47004,1
47005,1
47006,1
47007,1
47008,1
47009,1
47010,1
47011,1
47012,1
47013,1
47014,1
47015,1
47016,1
47017,1
47018,1
47019,1
47020,1
47021,1
47022,1
47023,1
47024,1
47025,1
47026,2
47027,1
47028,1
47029,1
47030,1
47031,1
47032,1
47033,1
47034,1
47035,1
47036,1
47037,1
47038,1
47039,1
47040,1
47041,1
47042,1
47043,2
47044,1
47045,1
47046,1
47047,1
47048,1
47049,1
47050,1
47051,1
47052,1
47053,1
47054,1
47055,1
47056,1
47057,1
47058,1
47059,1
47060,1
47061,1
47062,1
47063,1
47064,1
47065,1
47066,1
47067,1
47068,1
47069,1
47070,1
47071,1
47073,1
47074,1
47075,1
47076,1
47077,1
47078,1
47079,1
47080,1
47081,1
47082,2
47083,1
47084,1
47085,5
47086,2
47087,1
47088,1
47089,1
47090,1
47091,1
47092,1
47093,1
47094,1
47095,1
47096,1
47097,1
47098,1
47099,1
47100,1
47101,1
47102,1
47103,1
47104,1
47105,1
47106,1
47109,1
47110,1
47111,1
47112,1
47113,1
47114,4
47115,1
47116,1
47117,1
47118,1
47119,1
47121,1
47122,2
47123,1
47124,1
47125,1
47126,1
47127,1
47128,1
47129,1
47130,1
47131,1
47132,1
47133,2
47134,1
47135,1
47137,1
47138,1
47139,2
47140,1
47141,2
47142,1
47143,1
47144,1
47145,2
47146,1
47147,1
47148,1
47149,1
47150,1
47151,1
47152,1
47153,2
47154,1
47155,1
47156,1
47157,1
47158,1
47159,1
47160,1
47161,2
47162,1
47163,1
47164,1
47165,3
47166,1
47167,1
47168,1
47169,1
47170,1
47171,1
47172,2
47173,1
47174,1
47175,2
47176,1
47177,1
47178,1
47179,2
47180,1
47181,1
47182,1
47183,1
47184,1
47185,1
47186,26
47187,1
47188,1
47189,1
47190,1
47191,1
47192,1
47193,1
47195,1
47196,1
47197,1
47198,1
47199,1
47200,1
47203,1
47204,1
47205,1
47206,1
47207,1
47208,1
47209,1
47210,1
47211,1
47212,1
47213,1
47214,1
47215,1
47216,1
47217,1
47218,1
47219,1
47220,1
47221,1
47222,1
47223,1
47224,1
47225,1
47226,1
47227,1
47228,1
47229,1
47230,1
47231,2
47232,1
48001,2
48002,2
48003,1
48004,1
48006,1
48007,1
48008,2
48009,1
48010,1
48011,1
48012,1
48013,9
48014,1
48015,3
48016,1
48017,2
48018,1
48019,1
48020,33
48021,1
48022,1
48023,1
48024,1
48025,1
48026,1
48027,2
48028,1
48029,1
48030,1
48031,1
48032,1
48033,1
48034,1
48035,1
48036,4
48037,2
48038,2
48039,1
48040,1
48041,1
48042,1
48043,2
48044,3
48045,4
48046,2
48047,1
48049,1
48050,1
48051,1
48052,1
48053,1
48054,2
48055,1
48056,3
48057,1
48058,1
48059,1
48060,1
48061,1
48062,1
48063,1
48064,1
48065,1
48066,1
48067,2
48068,1
48069,1
48070,1
48071,1
48072,1
48073,1
48074,1
48075,1
48077,1
48078,2
48079,1
48080,2
48081,1
48082,4
48083,1
48084,3
48085,1
48086,2
48087,1
48088,1
48089,1
48090,1
48091,1
48092,1
48093,1
48094,1
48095,2
48096,2
48097,2
48901,1
48902,4
48903,1
48904,1
48905,2
48906,1
48908,1
48909,1
48912,1
48913,1
48914,2
48915,1
49002,1
49003,3
49004,1
49005,2
49006,1
49007,1
49008,2
49009,1
49010,1
49011,1
49012,1
49013,1
49014,1
49015,1
49016,1
49017,2
49018,2
49019,1
49020,1
49021,3
49022,1
49023,7
49024,1
49025,1
49026,1
49027,1
49028,1
49029,2
49030,1
49031,1
49032,2
49033,4
49034,1
49035,1
49036,1
49037,1
49038,1
49039,1
49040,1
49041,1
49042,1
49043,1
49044,1
49046,1
49047,1
49048,2
49050,10
49052,1
49053,1
49054,3
49055,1
49056,1
49057,1
49058,1
49059,1
49061,1
49062,3
49063,1
49064,7
49065,1
49066,2
49067,2
49068,3
49069,5
49071,8
49075,1
49076,1
49077,2
49078,1
49079,1
49080,1
49081,1
49082,1
49083,1
49084,1
49085,4
49086,1
49087,6
49088,1
49090,1
49091,1
49092,1
49093,1
49094,2
49095,1
49096,1
49097,3
49098,3
49099,1
49100,4
49101,2
49102,1
49103,2
49104,4
49105,1
49107,1
49108,2
49109,1
49110,4
49111,1
49112,4
49113,1
49114,1
49115,1
49116,2
49117,3
49118,1
49119,1
49120,1
49121,3
49122,1
49123,1
49124,2
49125,1
49126,1
49127,2
49128,2
49129,1
49130,2
49131,1
49132,1
49133,2
49134,3
49135,4
49136,1
49137,1
49138,4
49139,1
49141,1
49142,1
49143,2
49145,3
49146,1
49147,1
49148,1
49149,3
49150,1
49151,3
49152,5
49153,1
49154,2
49155,1
49156,1
49157,1
49158,1
49159,1
49160,1
49162,1
49163,1
49164,1
49165,1
49166,4
49167,2
49168,1
49169,1
49170,1
49171,2
49172,6
49173,4
49174,1
49175,1
49176,4
49177,2
49178,1
49179,2
49180,1
49181,5
49183,1
49184,1
49185,1
49186,2
49187,2
49188,1
49189,3
49190,1
49191,1
49192,1
49193,1
49194,3
49197,1
49199,1
49200,1
49201,1
49202,2
49203,1
49204,1
49205,2
49206,7
49207,1
49208,4
49209,3
49210,1
49214,1
49216,1
49219,2
49220,1
49221,1
49222,1
49223,5
49224,1
49225,1
49226,1
49227,1
49228,1
49229,1
49230,2
49231,4
49232,1
49233,1
49234,1
49235,1
49236,1
49237,2
49238,2
49239,1
49240,1
49241,1
49242,1
49243,1
49244,1
49245,1
49246,1
49247,3
49248,1
49249,1
49250,1
49251,1
49252,1
49255,1
49256,4
49257,2
49258,1
49259,1
49260,1
49261,1
49262,2
49263,1
49264,6
49265,1
49266,1
49267,1
49268,1
49269,1
49270,1
49271,1
49272,1
49273,3
49275,11
50001,1
50002,1
50003,1
50004,1
50005,1
50006,1
50007,1
50008,1
50009,1
50010,1
50011,1
50012,1
50013,1
50014,1
50015,1
50016,1
50017,1
50018,1
50019,1
50020,1
50021,1
50022,1
50023,1
50024,1
50025,1
50026,1
50027,1
50028,1
50029,1
50030,1
50031,1
50032,1
50033,1
50034,1
50035,1
50036,1
50037,1
50038,1
50039,1
50040,1
50041,1
50042,1
50043,1
50044,1
50045,1
50046,1
50047,1
50048,1
50050,1
50051,2
50052,1
50053,1
50054,1
50055,1
50056,1
50057,1
50058,1
50059,1
50060,1
50061,1
50062,1
50063,1
50064,1
50065,1
50066,2
50067,7
50068,1
50069,1
50070,1
50071,1
50072,1
50073,1
50074,1
50075,1
50076,1
50077,1
50078,1
50079,1
50081,1
50082,1
50083,1
50084,1
50085,1
50086,1
50087,1
50088,1
50089,1
50090,1
50091,1
50092,1
50093,1
50094,1
50095,10
50096,1
50098,1
50099,1
50100,1
50101,1
50102,1
50104,1
50105,1
50106,1
50107,1
50109,1
50110,2
50111,1
50113,1
50114,1
50115,1
50116,1
50117,1
50118,1
50119,1
50120,1
50121,1
50122,1
50123,1
50124,1
50125,1
50126,1
50128,1
50129,1
50130,1
50131,1
50132,1
50133,1
50134,1
50135,1
50136,1
50137,1
50138,1
50139,1
50140,1
50141,1
50142,1
50143,1
50144,1
50146,1
50147,1
50148,1
50149,1
50150,1
50151,2
50152,1
50153,1
50154,1
50155,1
50156,1
50157,1
50159,1
50160,1
50161,1
50162,1
50163,1
50164,1
50165,1
50166,1
50167,1
50168,1
50169,1
50170,1
50171,1
50172,1
50173,1
50174,1
50175,1
50176,1
50177,2
50178,1
50179,1
50180,1
50181,1
50182,1
50183,1
50184,1
50185,1
50186,1
50187,1
50189,1
50190,1
50191,1
50192,1
50193,1
50194,1
50195,1
50196,1
50197,1
50198,1
50199,1
50200,1
50201,1
50202,1
50203,1
50204,1
50205,1
50206,1
50207,1
50208,1
50209,1
50210,2
50211,1
50212,1
50213,1
50215,1
50216,1
50217,1
50218,1
50219,1
50220,1
50222,1
50223,1
50224,1
50225,1
50227,1
50228,1
50229,1
50230,3
50231,1
50232,1
50233,1
50234,1
50235,1
50236,1
50237,1
50238,1
50239,1
50240,1
50241,1
50242,1
50243,2
50244,1
50245,2
50246,1
50247,1
50248,2
50249,1
50250,1
50251,2
50252,3
50254,1
50255,1
50256,1
50257,1
50258,1
50259,1
50260,1
50261,1
50262,1
50263,1
50264,1
50265,1
50266,1
50267,1
50268,1
50269,1
50270,1
50271,1
50272,2
50273,1
50274,1
50275,1
50276,1
50277,1
50278,1
50279,1
50280,1
50281,1
50282,1
50283,1
50284,1
50285,1
50286,1
50287,1
50288,1
50289,1
50290,1
50291,1
50292,1
50293,1
50294,1
50295,1
50296,1
50297,60
50298,2
50901,2
50902,1
50903,1
51001,4
52001,5
70407,2
80193,2
80771,1
