Codigo Municipio,NÂº Centros Educativos
01001,4
01002,9
01003,2
01004,3
01006,2
01008,2
01009,3
01010,3
01011,1
01013,2
01016,1
01017,3
01018,2
01019,1
01021,1
01022,2
01028,10
01031,3
01033,1
01036,12
01037,2
01042,2
01043,3
01046,4
01051,6
01054,3
01058,3
01059,132
01063,4
01901,4
02001,2
02003,128
02004,2
02005,2
02007,2
02008,4
02009,22
02010,4
02012,4
02015,2
02017,1
02018,2
02019,4
02020,1
02021,2
02023,1
02024,4
02025,11
02026,3
02029,10
02030,6
02031,2
02033,4
02034,2
02035,2
02037,26
02039,2
02042,1
02043,3
02044,1
02045,5
02046,2
02048,2
02049,1
02051,2
02053,4
02055,4
02056,2
02057,4
02060,2
02063,2
02067,3
02068,1
02069,14
02071,1
02072,4
02073,4
02074,7
02075,2
02078,3
02079,4
02080,1
02081,23
02086,4
03002,6
03004,1
03005,9
03006,3
03009,39
03010,1
03011,11
03012,3
03013,2
03014,195
03015,13
03018,13
03019,16
03021,8
03023,3
03024,4
03025,2
03026,3
03027,3
03028,1
03029,1
03031,36
03034,2
03035,2
03037,1
03040,3
03041,6
03042,7
03043,5
03044,7
03045,2
03046,2
03047,9
03048,7
03049,12
03050,13
03053,8
03054,2
03055,8
03056,8
03057,1
03058,6
03059,17
03061,3
03062,5
03063,43
03064,8
03065,118
03066,30
03069,5
03071,6
03074,2
03076,7
03077,4
03079,16
03080,3
03081,2
03082,17
03083,6
03084,2
03085,3
03088,6
03089,11
03090,14
03091,2
03092,6
03093,23
03094,7
03095,5
03096,6
03097,6
03098,1
03099,55
03101,7
03103,2
03104,21
03105,9
03106,1
03107,1
03111,5
03112,2
03113,7
03114,2
03116,1
03120,9
03121,16
03122,40
03123,10
03128,7
03129,1
03132,1
03133,28
03135,2
03136,2
03139,19
03140,22
03902,1
03903,5
03904,4
04001,3
04002,1
04003,22
04004,2
04005,2
04006,25
04007,4
04010,1
04011,5
04012,1
04013,207
04016,5
04017,3
04018,1
04019,1
04020,2
04022,1
04024,5
04029,11
04030,3
04031,4
04032,8
04035,13
04037,3
04038,4
04043,1
04044,3
04045,5
04046,2
04047,4
04048,3
04049,6
04050,2
04052,16
04053,1
04057,4
04059,3
04060,1
04061,2
04062,6
04063,4
04064,7
04065,2
04066,22
04067,2
04069,7
04070,10
04074,4
04076,5
04077,1
04078,3
04079,51
04081,1
04083,4
04084,1
04086,6
04088,4
04089,2
04090,2
04092,4
04098,3
04099,8
04100,12
04101,7
04102,25
04103,2
04902,71
04903,9
04904,4
05002,3
05013,1
05014,7
05016,11
05019,43
05021,3
05022,20
05035,1
05041,1
05047,4
05049,1
05054,1
05055,1
05057,4
05059,1
05061,1
05065,1
05074,2
05097,1
05101,1
05102,2
05104,1
05110,2
05114,1
05117,1
05127,1
05128,1
05132,1
05135,1
05138,1
05152,1
05158,1
05161,1
05163,3
05168,3
05186,2
05187,3
05189,2
05207,1
05220,1
05225,2
05238,1
05240,3
05241,6
06001,3
06002,7
06003,1
06004,1
06005,2
06006,5
06007,2
06008,1
06009,1
06010,1
06011,19
06012,2
06014,8
06015,154
06016,2
06018,3
06019,2
06020,1
06021,1
06022,7
06023,9
06024,1
06025,3
06026,1
06027,1
06028,4
06029,1
06031,1
06033,1
06035,1
06036,5
06037,1
06038,1
06039,1
06040,1
06042,1
06043,1
06044,23
06046,1
06047,1
06048,1
06049,1
06050,6
06051,2
06052,4
06053,1
06054,5
06055,2
06056,1
06057,1
06058,2
06059,1
06060,4
06061,2
06062,2
06063,1
06064,2
06065,1
06066,1
06067,1
06068,1
06069,3
06070,11
06072,3
06073,1
06074,6
06075,1
06076,2
06077,1
06078,1
06079,1
06080,2
06081,1
06082,1
06084,1
06085,2
06086,1
06087,2
06088,15
06089,3
06090,2
06091,5
06092,1
06093,3
06094,1
06095,7
06096,1
06097,4
06098,1
06099,1
06100,1
06101,1
06102,2
06103,4
06104,1
06105,1
06106,1
06107,1
06108,1
06109,4
06112,2
06113,3
06115,2
06119,1
06121,2
06122,7
06123,4
06124,2
06125,3
06126,3
06127,4
06128,3
06129,1
06131,1
06132,2
06133,1
06135,1
06136,1
06137,1
06138,1
06139,1
06140,1
06141,1
06143,4
06144,1
06145,1
06146,1
06148,1
06149,13
06150,1
06151,2
06152,2
06153,20
06154,2
06155,1
06156,1
06157,1
06158,14
06159,2
06160,3
06162,2
06901,2
06902,2
06903,1
07001,3
07002,7
07003,15
07004,3
07005,10
07006,9
07007,4
07008,9
07010,4
07011,29
07012,2
07013,9
07014,7
07015,28
07016,2
07017,1
07018,2
07019,1
07021,2
07022,14
07024,10
07025,1
07026,26
07027,23
07028,2
07029,1
07030,2
07031,27
07032,28
07033,28
07034,2
07035,1
07036,19
07037,5
07038,3
07039,8
07040,231
07041,4
07042,12
07043,5
07044,13
07045,2
07046,18
07047,2
07048,20
07049,4
07050,6
07051,8
07052,4
07053,2
07054,16
07055,4
07056,6
07057,9
07058,7
07059,4
07060,3
07061,12
07062,5
07063,3
07065,3
07901,1
07902,3
08001,7
08003,10
08005,7
08006,9
08007,6
08009,8
08010,5
08011,2
08012,7
08013,6
08014,2
08015,130
08016,3
08017,3
08018,3
08019,1013
08020,4
08022,15
08023,4
08024,1
08029,5
08030,5
08031,4
08032,2
08033,13
08034,4
08035,11
08036,4
08037,3
08038,3
08039,1
08040,9
08041,9
08042,2
08043,3
08044,9
08046,18
08047,6
08048,4
08049,2
08051,23
08052,1
08053,5
08054,10
08055,6
08056,35
08058,4
08059,3
08061,2
08062,9
08063,5
08066,1
08067,8
08068,5
08069,4
08070,1
08071,1
08072,11
08073,43
08074,8
08075,3
08076,15
08077,34
08079,1
08080,2
08082,2
08083,9
08084,2
08085,2
08086,17
08088,12
08089,32
08091,6
08092,8
08094,4
08096,54
08097,2
08098,2
08099,4
08100,4
08101,129
08102,31
08104,2
08105,9
08106,8
08107,11
08108,4
08109,4
08110,8
08112,16
08113,48
08114,18
08115,3
08116,5
08117,4
08118,17
08119,7
08120,8
08121,92
08122,6
08123,19
08124,33
08125,24
08126,10
08127,4
08131,2
08132,2
08134,2
08135,7
08136,12
08138,4
08140,4
08141,6
08143,3
08144,2
08145,1
08146,2
08147,17
08148,3
08149,2
08151,1
08153,2
08154,2
08155,5
08156,10
08157,10
08158,3
08159,15
08160,9
08161,14
08163,18
08164,2
08167,8
08169,38
08171,6
08172,21
08175,5
08179,3
08180,23
08181,11
08182,3
08184,39
08187,122
08191,7
08193,2
08194,23
08196,17
08197,8
08198,2
08200,45
08202,15
08203,3
08204,2
08205,74
08207,4
08208,8
08209,4
08210,4
08211,26
08213,6
08214,6
08215,5
08217,21
08218,10
08219,16
08220,1
08221,14
08222,2
08223,1
08224,2
08226,2
08227,3
08229,1
08230,10
08231,19
08232,3
08233,3
08234,4
08235,4
08236,4
08237,3
08238,16
08239,2
08240,11
08243,1
08244,6
08245,57
08246,2
08247,3
08248,5
08250,8
08251,6
08252,24
08254,3
08256,3
08258,3
08259,12
08260,17
08261,5
08262,8
08263,20
08264,5
08265,3
08266,41
08267,6
08269,4
08270,14
08273,13
08274,6
08278,7
08279,134
08281,4
08282,6
08283,8
08284,11
08285,12
08286,1
08287,2
08288,2
08289,4
08290,2
08291,7
08292,4
08293,1
08294,2
08295,10
08296,3
08298,34
08299,1
08300,6
08301,36
08302,6
08304,2
08305,32
08306,2
08307,43
08902,5
08904,9
08905,3
09011,1
09018,23
09019,2
09023,2
09048,2
09056,6
09057,1
09059,83
09064,1
09077,1
09086,3
09091,1
09098,1
09109,1
09113,1
09124,2
09134,1
09141,1
09166,1
09174,1
09189,1
09194,5
09209,4
09211,2
09218,1
09219,20
09238,1
09246,1
09250,1
09262,2
09274,1
09289,2
09304,1
09321,4
09330,3
09361,1
09363,1
09369,4
09372,2
09390,1
09394,1
09410,2
09412,1
09425,1
09427,4
09439,1
0958893860,2
09903,3
09907,1
10003,1
10004,1
10005,2
10006,1
10008,3
10010,3
10011,1
10012,2
10014,1
10017,3
10018,1
10019,1
10020,1
10021,5
10023,1
10024,1
10028,1
10030,1
10032,2
10035,2
10036,1
10037,71
10040,1
10041,5
10043,1
10044,1
10045,3
10047,1
10049,4
10050,3
10053,3
10056,1
10058,1
10060,2
10061,2
10063,1
10064,1
10065,1
10067,13
10068,1
10069,1
10070,1
10072,1
10073,1
10075,1
10076,2
10077,1
10079,1
10082,3
10084,4
10087,3
10089,1
10091,1
10096,4
10100,4
10102,1
10104,9
10107,1
10109,4
10110,6
10111,1
10113,4
10114,1
10115,6
10116,4
10117,1
10118,1
10121,6
10123,1
10124,1
10126,3
10127,3
10128,7
10130,4
10131,14
10132,1
10133,1
10135,2
10136,1
10137,1
10140,1
10142,1
10145,1
10147,2
10148,33
10150,1
10151,1
10152,1
10154,2
10155,1
10157,1
10162,2
10164,1
10169,1
10173,1
10175,2
10177,1
10178,2
10179,1
10180,9
10181,1
10183,1
10185,1
10186,1
10189,3
10190,1
10193,1
10195,8
10198,1
10201,1
10202,1
10203,5
10204,2
10205,2
10206,1
10210,1
10212,2
10213,2
10216,2
10219,1
10901,2
10902,1
11001,6
11002,5
11003,3
11004,69
11005,9
11006,23
11007,23
11008,14
11009,2
11010,27
11011,3
11012,70
11013,4
11014,15
11015,58
11016,13
11017,4
11018,3
11019,4
11020,150
11021,8
11022,33
11023,9
11024,7
11025,4
11026,7
11027,58
11028,22
11029,5
11030,2
11031,58
11032,47
11033,23
11034,4
11035,8
11036,3
11037,7
11038,11
11040,2
11041,10
11042,3
11901,4
11902,6
11903,3
12001,2
12003,4
12004,6
12005,18
12007,1
12009,13
12010,3
12011,5
12012,3
12015,1
12016,3
12021,8
12022,1
12026,3
12027,40
12028,9
12029,1
12031,3
12033,3
12034,2
12040,115
12042,2
12043,1
12044,1
12045,2
12048,2
12050,1
12053,4
12055,1
12057,1
12060,2
12067,1
12070,1
12071,1
12072,1
12074,1
12077,4
12079,2
12080,6
12082,11
12084,18
12085,6
12089,5
12094,2
12095,2
12096,1
12098,1
12099,2
12100,5
12101,1
12102,1
12104,10
12105,1
12106,3
12107,1
12108,1
12109,2
12117,5
12124,4
12126,24
12128,3
12129,4
12132,1
12135,34
12136,3
12138,16
12140,3
12142,1
12901,3
12902,2
13001,1
13002,2
13003,1
13004,2
13005,30
13006,1
13007,2
13008,1
13009,3
13010,2
13011,6
13012,1
13013,18
13015,10
13016,1
13018,1
13019,7
13020,5
13021,1
13022,1
13024,1
13027,6
13028,13
13030,1
13031,3
13032,1
13033,1
13034,60
13035,1
13036,1
13037,1
13038,2
13039,12
13040,2
13042,2
13044,2
13045,1
13047,8
13048,1
13051,1
13052,7
13053,18
13054,5
13056,14
13057,2
13058,5
13061,8
13063,4
13065,4
13068,1
13069,1
13071,37
13074,1
13077,5
13078,10
13079,14
13081,1
13082,28
13083,3
13084,2
13085,2
13086,1
13087,22
13088,1
13089,2
13090,1
13091,1
13092,3
13093,6
13096,6
13097,2
13098,3
13901,2
13902,1
13904,1
14001,9
14002,10
14003,3
14004,3
14005,11
14006,4
14007,14
14008,4
14009,4
14010,6
14012,8
14013,20
14014,4
14015,3
14016,2
14017,12
14018,6
14019,13
14020,1
14021,310
14022,5
14023,4
14024,3
14025,4
14026,3
14027,11
14028,1
14029,6
14030,16
14031,2
14033,3
14034,1
14035,7
14036,5
14037,6
14038,38
14039,4
14040,4
14041,5
14042,20
14043,12
14044,4
14045,4
14047,2
14048,3
14049,23
14050,6
14051,3
14052,12
14053,7
14054,15
14055,20
14056,21
14057,6
14058,9
14059,2
14060,8
14061,2
14062,3
14063,1
14064,1
14065,3
14066,6
14067,8
14069,6
14070,2
14071,3
14072,2
14073,4
14074,4
14075,2
15001,4
15002,12
15003,2
15004,1
15005,33
15006,7
15007,2
15008,3
15009,6
15010,1
15011,11
15012,3
15013,6
15014,8
15015,1
15016,5
15017,10
15018,1
15019,15
15020,4
15021,3
15022,3
15023,7
15024,2
15025,1
15027,2
15028,1
15029,5
15030,80
15031,16
15032,4
15033,2
15034,1
15035,7
15036,41
15037,4
15038,4
15040,1
15041,4
15042,1
15043,3
15044,1
15045,3
15046,6
15047,1
15048,3
15049,1
15050,1
15051,5
15052,4
15053,7
15054,14
15055,3
15056,4
15057,8
15058,11
15059,6
15060,6
15061,3
15062,2
15064,2
15065,9
15066,2
15067,9
15068,1
15069,6
15070,8
15071,12
15072,6
15073,19
15074,3
15075,7
15076,1
15077,4
15078,80
15079,1
15080,1
15081,1
15082,7
15083,1
15084,1
15085,1
15087,2
15088,3
15089,3
15090,1
15091,1
15092,7
15093,1
15901,2
15902,2
16007,2
16023,1
16027,2
16033,2
16035,1
16042,2
16048,1
16050,1
16052,2
16055,2
16060,2
16061,1
16064,1
16066,5
16078,44
16086,2
16096,1
16100,1
16102,1
16106,4
16112,5
16113,6
16117,2
16118,1
16124,4
16125,4
16126,1
16133,8
16134,6
16148,1
16153,1
16154,5
16170,2
16171,5
16175,7
16186,1
16190,8
16191,1
16198,3
16203,11
16236,1
16245,1
16248,2
16249,4
16251,3
16263,2
16269,2
16901,1
16903,2
16905,1
17001,3
17002,2
17003,1
17004,1
17005,5
17006,2
17007,3
17008,5
17009,4
17010,3
17011,2
17012,2
17013,3
17015,17
17016,4
17018,2
17019,5
17020,4
17022,6
17023,28
17024,3
17025,3
17026,5
17027,3
17029,2
17030,2
17032,4
17033,4
17034,8
17035,6
17036,2
17037,4
17039,3
17042,1
17044,7
17046,2
17047,8
17048,7
17049,6
17050,3
17051,1
17056,2
17057,2
17058,2
17060,1
17062,6
17064,1
17066,35
17067,2
17068,1
17070,8
17071,2
17073,4
17075,2
17077,2
17079,87
17088,2
17089,5
17091,2
17092,3
17093,2
17094,1
17095,23
17102,2
17103,5
17105,1
17109,1
17110,4
17111,2
17112,1
17114,32
17115,2
17116,1
17117,17
17118,16
17120,2
17121,2
17128,1
17129,2
17130,2
17132,3
17133,3
17134,1
17135,1
17138,2
17139,3
17140,1
17141,6
17142,3
17146,3
17147,13
17148,2
17149,1
17150,3
17152,10
17155,24
17158,1
17159,1
17160,14
17161,2
17163,5
17164,6
17167,3
17169,3
17170,2
17174,1
17175,2
17177,2
17178,2
17181,3
17184,3
17185,2
17186,4
17187,2
17189,2
17190,2
17193,4
17198,1
17199,2
17204,1
17205,2
17207,2
17208,1
17210,2
17211,2
17212,1
17213,7
17214,2
17215,3
17217,1
17220,2
17221,5
17228,1
17233,2
17901,4
17902,2
18003,14
18004,1
18005,5
18006,6
18007,5
18011,7
18012,3
18013,6
18014,6
18015,2
18017,25
18020,3
18021,17
18022,23
18023,21
18024,2
18025,1
18027,3
18028,1
18029,4
18030,2
18035,6
18036,1
18038,2
18039,4
18040,1
18045,3
18046,4
18047,4
18048,3
18051,4
18053,2
18054,2
18056,5
18057,8
18061,1
18062,12
18063,1
18065,1
18066,3
18067,2
18068,4
18069,2
18070,1
18071,16
18072,6
18074,1
18076,1
18078,2
18079,4
18083,2
18084,4
18087,217
18088,3
18089,26
18093,5
18094,3
18095,1
18098,8
18099,3
18100,8
18101,13
18102,8
18103,35
18105,6
18106,3
18109,1
18111,1
18115,6
18116,4
18119,3
18122,23
18127,12
18132,3
18133,1
18134,9
18135,3
18136,2
18138,3
18140,28
18141,2
18143,4
18144,1
18145,13
18146,1
18147,5
18148,3
18149,4
18150,6
18151,1
18152,2
18153,7
18158,11
18159,1
18162,2
18163,1
18164,3
18165,10
18171,4
18173,1
18175,9
18177,1
18179,2
18180,2
18182,6
18183,1
18184,4
18185,1
18188,3
18192,4
18193,1
18194,4
18901,3
18902,3
18904,2
18905,12
18907,1
18910,1
18911,5
18912,2
19006,3
19011,1
19013,1
19016,1
19021,2
19022,1
19023,1
19024,10
19044,1
19046,23
19053,4
19058,9
19067,1
19070,1
19071,13
19075,1
19086,3
19090,1
19092,1
19105,5
19117,2
19124,1
19125,2
19126,6
19130,54
19143,3
19151,4
19156,2
19161,1
19171,5
19190,4
19192,4
19212,5
19215,1
19220,3
19223,1
19225,2
19230,7
19245,3
19257,7
19274,2
19286,1
19291,3
19293,3
19326,3
19331,4
20001,2
20002,8
20003,5
20004,2
20005,3
20006,2
20007,4
20009,10
20010,4
20011,2
20012,1
20013,7
20014,6
20015,2
20016,6
20017,8
20018,10
20019,7
20020,1
20022,5
20024,1
20025,3
20026,5
20027,3
20029,5
20030,21
20032,7
20033,2
20034,6
20035,2
20036,9
20038,2
20039,3
20040,13
20042,17
20043,3
20044,2
20045,38
20046,2
20047,2
20049,3
20051,6
20052,2
20053,32
20054,2
20055,17
20056,6
20058,2
20059,7
20062,3
20063,6
20064,12
20065,4
20066,2
20069,138
20072,8
20073,7
20074,13
20076,8
20077,9
20078,2
20079,12
20081,8
20901,3
20903,4
20904,1
21001,1
21002,23
21003,1
21004,5
21005,22
21006,6
21007,23
21008,7
21009,2
21010,17
21011,6
21012,2
21013,13
21014,3
21016,3
21017,4
21018,5
21019,1
21020,1
21021,15
21022,1
21023,3
21025,3
21029,3
21030,3
21031,3
21032,2
21034,3
21035,9
21037,2
21038,3
21040,4
21041,103
21042,20
21043,1
21044,22
21046,3
21047,3
21048,1
21049,4
21050,11
21052,6
21053,5
21054,10
21055,9
21056,4
21057,3
21058,4
21061,5
21062,3
21063,4
21064,8
21065,1
21066,2
21068,2
21069,13
21070,1
21072,10
21073,4
21074,5
21075,1
21077,3
21078,4
21079,2
22001,2
22004,1
22006,1
22009,2
22013,1
22016,1
22017,3
22018,1
22019,2
22021,3
22022,1
22023,1
22024,1
22025,3
22035,1
22039,2
22046,2
22048,13
22051,1
22052,3
22053,2
22054,6
22057,1
22059,3
22060,2
22061,7
22062,2
22066,3
22069,2
22072,1
22074,2
22076,1
22078,2
22080,1
22094,1
22099,1
22103,1
22110,2
22112,13
22113,1
22114,1
22116,3
22117,5
22119,2
22124,1
22125,38
22127,1
22130,13
22136,2
22137,2
22150,1
22156,2
22157,1
22158,13
22165,1
22167,1
22170,1
22172,2
22174,1
22197,2
22199,11
22200,1
22204,2
22208,1
22213,4
22217,2
22222,1
22225,4
22226,3
22234,2
22250,2
22251,2
22254,1
22902,1
22904,1
22905,1
22907,6
23001,2
23002,18
23003,8
23004,1
23005,35
23006,4
23007,5
23008,3
23009,14
23010,16
23011,4
23012,5
23014,3
23015,2
23016,1
23017,4
23018,3
23019,4
23020,4
23021,2
23024,11
23025,4
23026,5
23027,4
23028,10
23029,1
23030,2
23031,2
23033,1
23034,3
23035,3
23038,1
23039,4
23040,3
23041,2
23043,6
23044,4
23045,3
23046,4
23047,3
23048,1
23049,3
23050,101
23051,4
23052,2
23053,11
23055,56
23056,3
23057,1
23058,10
23059,6
23060,14
23061,7
23062,2
23063,4
23064,3
23065,5
23066,5
23067,4
23069,4
23071,4
23072,5
23073,6
23074,4
23075,4
23076,1
23077,1
23079,5
23080,3
23081,3
23082,5
23084,3
23085,1
23086,10
23087,12
23088,5
23090,3
23091,2
23092,32
23093,4
23094,5
23095,11
23096,4
23097,7
23098,1
23099,6
23101,1
23901,2
23902,4
23903,6
23904,4
24003,2
24007,4
24008,13
24010,7
24014,9
24015,3
24016,1
24017,1
24021,2
24024,1
24026,2
24029,1
24030,4
24034,1
24038,2
24039,5
24041,1
24047,1
24049,2
24055,2
24056,2
24059,1
24061,1
24064,1
24065,2
24066,1
24067,2
24070,3
24079,1
24082,2
24083,1
24088,2
24089,87
24094,2
24098,1
24109,1
24110,1
24114,3
24115,39
24116,1
24121,2
24122,2
24125,1
24130,2
24132,1
24134,5
24137,1
24139,4
24142,1
24148,1
24149,1
24157,4
24163,1
24166,1
24167,1
24169,3
24170,2
24173,1
24175,2
24180,1
24181,2
24183,1
24187,1
24188,5
24189,4
24193,1
24196,1
24198,1
24202,9
24206,1
24209,4
24221,1
24222,5
24223,3
24901,1
25002,2
25003,8
25004,2
25005,2
25006,1
25007,2
25008,2
25009,2
25010,1
25011,6
25012,8
25013,3
25014,1
25015,1
25016,3
25017,1
25019,3
25021,5
25022,1
25023,6
25025,5
25027,2
25029,2
25031,1
25033,3
25034,4
25035,2
25037,1
25038,2
25040,15
25041,2
25043,2
25044,6
25046,3
25047,3
25048,2
25049,1
25050,5
25051,4
25052,3
25053,3
25055,2
25056,1
25058,6
25059,2
25061,2
25062,2
25067,2
25068,2
25069,1
25070,2
25072,12
25073,1
25074,2
25075,1
25076,1
25077,1
25078,3
25081,2
25085,3
25086,3
25089,3
25093,2
25096,2
25099,2
25100,1
25101,3
25102,2
25110,6
25112,1
25113,3
25115,2
25118,1
25119,3
25120,118
25121,3
25122,3
25124,1
25125,1
25126,2
25127,1
25129,1
25131,1
25133,3
25134,2
25135,2
25137,18
25138,2
25139,1
25140,3
25142,1
25143,2
25146,4
25151,10
25156,3
25158,1
25161,1
25163,1
25164,1
25168,1
25169,1
25171,4
25172,4
25173,7
25174,2
25176,2
25177,2
25179,1
25180,2
25182,3
25185,2
25189,3
25192,2
25193,4
25200,2
25203,14
25204,3
25205,2
25206,3
25210,2
25211,1
25212,1
25215,1
25217,19
25220,2
25223,2
25226,1
25227,2
25228,3
25230,2
25231,2
25232,2
25233,1
25234,8
25240,3
25243,4
25244,2
25248,2
25250,1
25251,3
25252,2
25254,2
25255,2
25901,1
25902,2
25907,1
25912,3
26002,1
26005,2
26006,2
26007,2
26008,3
26011,7
26012,1
26017,1
26018,15
26020,2
26021,3
26023,1
26026,3
26036,16
26042,1
26043,1
26046,2
26047,3
26053,1
26061,3
26064,3
26071,8
26080,1
26084,4
26089,95
26099,3
26102,8
26103,1
26105,2
26117,4
26120,1
26125,4
26129,2
26142,2
26160,1
26168,3
27001,1
27002,3
27003,2
27004,1
27005,2
27006,6
27007,6
27008,1
27009,1
27010,3
27011,1
27013,3
27014,1
27015,2
27016,22
27017,1
27018,3
27019,7
27020,2
27021,1
27022,4
27023,2
27024,1
27025,3
27026,1
27027,1
27028,54
27029,3
27030,4
27032,4
27033,1
27038,1
27039,3
27040,2
27041,1
27042,2
27043,1
27044,3
27045,1
27046,1
27047,2
27048,2
27049,1
27050,3
27051,8
27052,2
27054,1
27055,1
27056,1
27057,10
27058,2
27059,3
27060,2
27061,1
27062,1
27063,1
27064,2
27065,8
27066,9
27901,1
27902,5
28002,3
28004,10
28005,98
28006,87
28007,99
28008,3
28009,16
28010,20
28011,1
28012,3
28013,29
28014,34
28015,22
28016,4
28017,1
28018,3
28019,3
28020,1
28021,1
28022,42
28023,6
28025,1
28026,10
28027,8
28028,2
28029,3
28030,5
28031,3
28032,9
28033,5
28034,1
28035,3
28036,3
28037,2
28038,5
28039,1
28040,14
28041,4
28042,2
28043,5
28044,7
28045,43
28046,5
28047,39
28048,1
28049,45
28050,6
28051,4
28052,5
28053,7
28054,6
28055,3
28056,3
28057,5
28058,103
28059,5
28060,3
28061,37
28062,1
28065,98
28066,8
28067,6
28068,10
28072,3
28073,16
28074,101
28075,10
28076,2
28079,1706
28080,42
28082,6
28083,9
28084,12
28085,5
28086,7
28087,4
28089,4
28090,11
28091,5
28092,102
28093,2
28094,4
28095,8
28096,21
28099,2
28100,5
28101,1
28102,3
28104,16
28106,60
28108,7
28109,2
28110,3
28111,1
28113,26
28115,66
28116,7
28119,4
28120,2
28123,55
28125,4
28127,62
28128,3
28130,22
28131,15
28132,14
28133,8
28134,56
28135,1
28137,3
28140,4
28141,13
28144,10
28145,5
28146,3
28147,2
28148,73
28149,6
28150,4
28151,5
28155,3
28157,1
28159,1
28161,47
28162,5
28163,1
28164,2
28165,3
28167,7
28168,2
28170,2
28171,4
28172,12
28173,1
28174,2
28176,20
28177,13
28179,2
28180,10
28181,23
28183,2
28901,2
28903,49
29001,4
29002,3
29003,2
29005,6
29006,5
29007,34
29008,14
29009,9
29010,2
29011,7
29012,13
29013,4
29015,47
29016,4
29017,11
29018,3
29020,4
29021,1
29022,1
29023,2
29025,33
29026,1
29027,5
29028,2
29029,1
29031,1
29032,6
29033,2
29034,1
29035,3
29036,1
29038,87
29039,4
29040,3
29041,10
29042,20
29043,5
29044,1
29045,4
29046,6
29047,3
29048,2
29049,3
29051,49
29053,2
29054,42
29055,3
29056,2
29057,3
29058,3
29059,4
29060,2
29061,1
29062,1
29066,1
29067,402
29068,7
29069,95
29070,31
29071,12
29072,4
29073,4
29074,2
29075,16
29076,3
29077,1
29079,5
29080,6
29082,16
29083,2
29084,27
29086,3
29088,4
29089,4
29090,2
29091,9
29093,3
29094,53
29095,5
29096,5
29097,6
29099,2
29100,4
29904,1
30001,5
30002,8
30003,20
30004,1
30005,25
30006,1
30007,5
30008,17
30009,12
30010,4
30011,4
30012,8
30013,8
30014,2
30015,20
30016,130
30017,10
30018,11
30019,23
30020,6
30021,9
30022,17
30023,3
30024,58
30025,5
30026,17
30027,50
30028,7
30029,15
30030,330
30031,1
30032,2
30033,1
30034,2
30035,18
30036,13
30037,31
30038,16
30039,19
30040,1
30041,13
30042,1
30043,25
30901,10
31002,1
31006,3
31009,1
31010,11
31012,2
31013,1
31014,1
31015,2
31016,11
31018,1
31019,4
31022,2
31023,8
31024,1
31027,3
31029,2
31030,1
31031,1
31032,2
31036,1
31037,2
31038,3
31041,2
31042,4
31044,2
31045,3
31049,2
31050,18
31051,1
31053,1
31054,2
31055,2
31057,3
31058,1
31060,16
31062,2
31064,2
31065,2
31066,1
31067,4
31068,2
31069,1
31070,4
31072,4
31073,2
31076,6
31077,4
31078,3
31082,1
31084,3
31086,23
31088,6
31092,4
31093,2
31097,11
31098,4
31104,2
31105,2
31106,7
31107,3
31108,2
31109,1
31129,1
31131,1
31138,2
31142,2
31149,3
31152,3
31153,4
31157,7
31159,5
31163,4
31164,1
31165,4
31167,2
31169,3
31171,1
31172,1
31173,1
31178,1
31179,1
31183,1
31185,2
31191,2
31193,2
31200,2
31201,110
31202,4
31205,1
31206,4
31208,4
31210,4
31213,1
31215,4
31216,6
31220,1
31221,4
31223,2
31224,1
31226,1
31227,8
31232,21
31235,1
31236,3
31243,1
31248,1
31249,2
31250,6
31251,4
31254,3
31257,1
31258,7
31264,1
31902,2
31904,2
31906,4
31907,6
31908,3
32001,5
32002,1
32003,1
32004,1
32005,1
32006,3
32007,1
32008,34
32009,7
32012,1
32013,2
32015,1
32017,3
32018,1
32019,6
32020,1
32021,1
32022,1
32023,1
32024,7
32025,1
32026,3
32027,1
32028,1
32030,1
32032,8
32034,2
32036,1
32039,1
32040,1
32042,1
32043,4
32044,1
32045,1
32046,1
32047,1
32048,1
32050,2
32051,1
32052,1
32053,1
32054,42
32056,1
32058,5
32059,1
32063,3
32065,1
32067,1
32068,1
32069,5
32071,1
32072,4
32073,1
32074,1
32075,4
32076,1
32077,1
32083,1
32085,9
32086,3
32087,1
32088,1
32089,1
32091,1
33001,2
33002,11
33004,46
33005,1
33006,3
33007,2
33008,1
33010,2
33011,12
33012,7
33013,1
33014,6
33015,1
33016,8
33017,4
33018,7
33019,4
33020,5
33021,5
33022,2
33023,3
33024,132
33025,5
33026,8
33027,1
33028,2
33029,1
33031,30
33032,7
33033,6
33034,9
33035,7
33036,10
33037,23
33038,3
33039,1
33040,5
33041,1
33042,5
33044,103
33045,2
33047,1
33048,1
33049,5
33051,5
33052,2
33053,1
33054,1
33055,1
33056,4
33057,2
33058,1
33059,5
33060,11
33062,1
33065,2
33066,19
33067,1
33068,1
33069,5
33070,3
33071,2
33072,2
33073,7
33074,4
33076,6
33077,1
34004,6
34005,1
34009,1
34010,1
34011,2
34017,1
34022,2
34023,5
34027,1
34029,1
34037,1
34039,1
34047,4
34056,2
34057,1
34069,2
34074,1
34076,1
34080,9
34083,2
34086,1
34108,1
34120,50
34123,2
34151,1
34157,2
34169,1
34182,1
34199,2
34206,2
34225,6
34232,2
34901,1
35001,6
35002,17
35003,5
35004,28
35005,1
35006,30
35007,4
35008,5
35009,26
35010,5
35011,21
35012,13
35013,4
35014,13
35015,7
35016,228
35017,25
35018,11
35019,27
35020,9
35021,8
35022,28
35023,15
35024,14
35025,1
35026,52
35027,6
35028,10
35029,5
35030,8
35031,6
35032,2
35033,8
35034,9
36001,1
36002,6
36003,8
36004,7
36005,7
36006,13
36007,2
36008,17
36009,3
36010,3
36013,1
36014,1
36015,2
36016,1
36017,16
36018,3
36019,1
36020,2
36021,9
36022,8
36023,10
36024,12
36025,2
36026,14
36027,5
36028,3
36029,12
36030,1
36031,4
36032,5
36033,12
36034,7
36035,12
36036,2
36037,3
36038,56
36039,12
36041,9
36042,16
36043,3
36044,1
36045,19
36046,1
36047,1
36048,3
36049,5
36050,5
36051,10
36052,6
36054,7
36055,13
36056,6
36057,171
36058,4
36059,5
36060,28
36061,7
36901,4
36902,5
37008,7
37010,2
37014,1
37023,2
37027,1
37032,5
37035,1
37038,2
37040,1
37044,1
37046,13
37051,1
37067,5
37069,1
37073,1
37078,1
37081,1
37082,2
37083,1
37085,15
37087,1
37092,1
37096,2
37102,1
37103,1
37107,15
37113,1
37117,1
37120,1
37135,2
37136,1
37138,4
37140,1
37148,1
37152,1
37156,6
37160,1
37170,3
37171,1
37172,1
37173,2
37174,1
37180,1
37185,1
37187,1
37193,1
37221,1
37238,1
37246,8
37269,1
37274,80
37287,1
37294,11
37297,1
37305,1
37313,1
37316,1
37322,3
37330,1
37342,6
37354,1
37357,1
37362,1
37364,1
37373,1
37374,1
37375,1
37376,4
38001,16
38002,2
38003,2
38004,2
38005,6
38006,23
38007,3
38008,12
38010,4
38011,12
38012,2
38013,2
38014,4
38015,6
38016,2
38017,23
38018,3
38019,18
38020,15
38021,3
38022,22
38023,100
38024,21
38025,5
38026,27
38027,4
38028,19
38029,3
38030,5
38031,17
38032,8
38033,6
38034,4
38035,14
38036,7
38037,19
38038,112
38039,7
38040,7
38041,8
38042,11
38043,17
38045,2
38046,9
38047,2
38048,9
38049,4
38050,2
38051,5
38052,3
38053,8
38901,2
39001,5
39002,2
39004,1
39005,1
39006,2
39008,9
39009,3
39011,1
39012,9
39014,1
39015,1
39016,20
39018,3
39019,3
39020,16
39021,2
39023,3
39024,1
39025,7
39026,3
39027,12
39028,2
39029,1
39030,1
39031,1
39033,2
39035,9
39036,1
39037,3
39038,2
39039,1
39040,3
39042,5
39043,2
39044,6
39047,1
39048,1
39052,15
39053,1
39054,1
39055,3
39056,1
39057,3
39060,4
39061,2
39062,1
39063,1
39064,1
39068,1
39069,1
39071,1
39073,10
39074,3
39075,119
39076,2
39078,1
39079,8
39080,5
39082,2
39083,2
39085,4
39087,32
39092,2
39094,1
39095,1
39097,1
39098,3
39099,3
39102,2
40001,1
40004,1
40024,3
40032,2
40040,4
40041,2
40043,4
40057,5
40063,8
40065,1
40076,8
40086,1
40088,1
40112,2
40113,1
40138,4
40141,1
40145,2
40149,1
40152,1
40155,4
40162,1
40170,3
40179,1
40180,1
40181,8
40185,3
40194,39
40195,4
40203,3
40208,1
40216,2
40223,1
40225,2
40228,1
40906,1
41001,4
41002,3
41003,2
41004,67
41005,11
41006,23
41007,15
41008,3
41009,1
41010,7
41011,9
41012,5
41013,7
41014,6
41015,6
41016,15
41017,24
41018,10
41019,7
41020,12
41021,24
41022,6
41023,10
41024,23
41025,4
41026,3
41027,6
41028,3
41029,17
41030,3
41031,3
41032,7
41033,6
41034,20
41035,4
41036,4
41037,8
41038,113
41039,34
41040,17
41041,8
41042,6
41043,1
41044,7
41045,5
41047,15
41048,5
41049,10
41051,2
41052,4
41053,22
41054,2
41056,6
41058,20
41059,44
41060,14
41061,4
41062,3
41063,3
41064,8
41065,24
41066,3
41067,8
41068,18
41069,27
41070,12
41071,4
41072,5
41073,4
41074,4
41075,15
41076,4
41077,9
41078,4
41079,8
41080,3
41081,29
41082,4
41083,3
41084,4
41085,3
41086,16
41087,11
41088,2
41089,5
41090,4
41091,548
41092,6
41093,22
41094,10
41095,33
41096,6
41097,5
41098,7
41099,4
41100,2
41101,8
41902,6
41903,7
42004,4
42014,2
42019,2
42020,9
42025,3
42035,2
42043,5
42055,1
42069,3
42078,3
42095,3
42096,1
42103,2
42129,1
42134,4
42144,1
42162,5
42164,4
42167,1
42173,31
42215,3
43001,3
43002,6
43004,6
43005,4
43006,1
43007,2
43008,1
43009,2
43010,1
43011,2
43012,6
43013,5
43014,24
43016,5
43017,1
43018,1
43019,3
43020,2
43021,2
43022,3
43023,1
43024,2
43025,2
43026,4
43027,1
43028,3
43029,1
43030,2
43031,3
43032,1
43033,3
43034,6
43035,1
43036,4
43037,12
43038,20
43039,2
43040,1
43041,1
43042,2
43043,5
43044,5
43047,6
43048,2
43049,4
43050,4
43051,7
43052,2
43054,5
43055,3
43056,3
43058,2
43060,4
43062,1
43063,2
43064,4
43065,1
43067,2
43068,2
43069,1
43070,1
43071,2
43074,2
43076,1
43077,1
43078,2
43080,2
43081,2
43086,7
43088,4
43092,7
43093,8
43094,3
43095,4
43097,2
43098,2
43099,1
43100,6
43102,2
43103,2
43104,5
43106,2
43107,2
43108,3
43109,4
43110,1
43111,2
43112,1
43113,2
43114,1
43117,1
43118,2
43121,1
43122,1
43123,77
43124,2
43125,2
43126,2
43127,2
43128,2
43129,5
43130,1
43131,4
43133,3
43135,2
43136,8
43137,2
43138,4
43139,5
43140,2
43142,2
43144,1
43145,7
43146,1
43147,2
43148,88
43149,2
43150,3
43152,5
43153,11
43155,34
43156,3
43157,1
43160,3
43161,21
43162,6
43163,24
43166,2
43167,2
43169,1
43170,2
43171,17
43172,1
43174,1
43175,2
43176,2
43178,2
43901,7
43902,3
43903,4
43904,4
43905,15
43906,3
43907,3
44008,2
44009,3
44012,1
44013,15
44014,6
44017,1
44022,1
44025,8
44029,1
44037,1
44039,1
44045,1
44049,3
44050,6
44051,5
44053,1
44056,1
44059,3
44068,2
44071,2
44074,2
44076,4
44080,2
44086,2
44087,2
44093,1
44099,2
44107,1
44108,2
44112,1
44113,3
44114,1
44117,1
44122,3
44126,2
44143,1
44144,1
44145,2
44147,1
44153,5
44154,1
44155,3
44158,2
44160,2
44161,1
44169,1
44171,1
44174,1
44179,2
44182,1
44187,1
44191,2
44192,1
44209,2
44210,2
44216,34
44232,1
44235,1
44237,1
44238,4
44241,1
44245,1
44246,6
44247,1
44261,1
44263,1
45001,2
45002,2
45003,1
45004,1
45006,1
45007,1
45012,1
45013,1
45014,4
45015,1
45016,4
45018,1
45019,5
45020,3
45021,2
45023,4
45024,2
45025,2
45026,1
45027,1
45028,4
45031,4
45032,1
45033,1
45034,2
45035,1
45036,1
45037,1
45038,6
45039,1
45040,1
45041,5
45045,2
45046,3
45047,2
45048,1
45050,1
45051,2
45052,3
45053,5
45054,4
45055,1
45056,3
45058,1
45059,2
45061,2
45062,1
45064,5
45066,9
45067,3
45069,1
45070,2
45071,2
45072,2
45076,1
45077,1
45078,2
45081,18
45082,2
45083,1
45084,2
45085,2
45087,10
45088,3
45089,1
45090,1
45091,1
45092,1
45094,1
45095,1
45096,1
45097,1
45098,4
45099,5
45101,3
45102,3
45106,8
45107,3
45108,1
45109,4
45110,1
45112,3
45113,1
45114,1
45115,5
45116,1
45117,1
45118,3
45119,4
45121,11
45122,6
45123,3
45124,2
45125,63
45127,1
45128,2
45130,1
45132,1
45133,3
45134,1
45135,5
45136,5
45137,2
45138,2
45140,2
45141,2
45142,9
45143,1
45144,1
45145,3
45147,1
45149,1
45151,1
45152,1
45154,1
45156,3
45157,3
45158,2
45161,17
45163,8
45165,3
45166,3
45167,2
45168,71
45171,1
45173,11
45174,1
45175,1
45176,4
45177,2
45180,4
45181,1
45182,1
45183,3
45185,8
45186,2
45187,4
45188,3
45189,1
45190,1
45191,1
45192,2
45193,1
45195,2
45196,2
45197,2
45198,1
45199,3
45200,4
45201,3
45202,5
45203,1
45204,1
45205,8
46001,4
46003,4
46004,4
46005,20
46006,8
46007,49
46008,4
46009,4
46010,1
46011,8
46012,4
46013,17
46014,4
46015,8
46016,4
46017,34
46018,2
46019,10
46020,5
46021,20
46022,33
46023,3
46024,1
46025,7
46026,2
46027,3
46028,1
46029,27
46030,3
46031,11
46032,8
46033,2
46034,4
46035,9
46036,3
46037,4
46038,1
46039,4
46040,3
46041,1
46042,5
46043,1
46044,5
46045,3
46046,1
46047,2
46048,5
46049,4
46050,2
46051,8
46055,4
46056,3
46057,3
46058,3
46059,3
46060,12
46062,5
46063,3
46064,1
46065,4
46066,4
46067,2
46070,20
46071,1
46072,5
46073,1
46074,5
46075,3
46076,3
46077,9
46078,28
46080,2
46081,12
46082,5
46083,15
46084,4
46085,14
46088,1
46089,2
46090,4
46093,4
46095,2
46096,1
46097,2
46098,2
46099,2
46102,22
46103,4
46104,4
46105,18
46106,3
46107,4
46109,11
46110,43
46111,11
46112,1
46113,3
46114,2
46115,1
46116,20
46118,5
46119,6
46120,3
46122,3
46123,2
46124,3
46125,3
46126,8
46127,4
46128,4
46129,1
46130,3
46131,44
46132,2
46133,1
46134,4
46135,18
46136,4
46139,6
46140,3
46142,1
46143,5
46144,3
46145,28
46146,3
46147,15
46148,3
46151,1
46154,4
46155,2
46156,4
46157,3
46158,1
46159,20
46160,3
46161,3
46162,1
46163,3
46164,10
46166,11
46169,25
46170,5
46171,22
46172,5
46173,5
46174,2
46176,5
46177,7
46178,3
46179,4
46180,1
46181,18
46182,4
46183,8
46184,26
46186,14
46187,4
46188,1
46190,65
46191,3
46192,1
46193,12
46194,19
46195,3
46197,4
46198,3
46199,5
46200,5
46202,15
46203,6
46204,10
46205,18
46206,1
46207,8
46208,2
46209,2
46210,1
46211,6
46212,3
46213,17
46214,17
46215,1
46216,5
46220,49
46225,2
46228,4
46229,3
46230,14
46231,3
46232,2
46233,3
46235,19
46237,9
46238,14
46244,62
46246,2
46247,4
46248,5
46249,11
46250,489
46251,4
46254,1
46255,7
46256,7
46257,7
46258,5
46260,5
46261,5
46903,10
46904,2
47004,1
47006,2
47007,2
47010,11
47011,1
47015,1
47020,1
47023,3
47027,2
47030,1
47035,2
47043,1
47045,1
47050,4
47052,4
47053,2
47054,1
47061,1
47065,1
47066,2
47069,1
47075,5
47076,13
47082,2
47084,1
47085,17
47086,5
47090,3
47093,6
47097,1
47101,1
47104,5
47111,1
47112,3
47114,6
47123,1
47124,1
47129,1
47133,3
47139,2
47145,2
47155,1
47158,1
47161,6
47165,7
47175,2
47182,2
47184,1
47186,175
47193,1
47194,1
47197,1
47214,4
47217,2
47218,2
47226,1
47231,4
48001,6
48002,8
48003,11
48004,1
48005,2
48006,3
48007,1
48008,2
48010,1
48011,30
48012,2
48013,56
48015,23
48016,3
48017,13
48018,4
48019,4
48020,183
48021,2
48022,3
48023,4
48024,5
48025,2
48026,2
48027,20
48028,3
48029,6
48030,2
48032,7
48034,10
48036,16
48040,3
48041,4
48042,1
48043,8
48044,37
48045,5
48046,12
48049,2
48052,3
48053,2
48054,32
48055,2
48057,4
48058,3
48059,1
48060,8
48064,1
48065,2
48067,2
48068,2
48069,9
48070,2
48071,7
48072,2
48073,7
48074,6
48075,3
48078,25
48080,10
48081,2
48082,27
48083,5
48084,15
48085,7
48086,7
48087,1
48089,2
48090,7
48091,2
48092,1
48093,2
48095,2
48096,6
48901,12
48902,18
48903,5
48904,9
48907,1
48910,5
48912,2
48914,3
49003,3
49005,1
49007,1
49008,1
49010,1
49018,2
49021,14
49023,3
49024,1
49026,1
49033,2
49036,1
49053,1
49054,2
49058,1
49065,1
49066,1
49071,1
49075,1
49080,1
49081,2
49085,1
49093,1
49100,1
49104,1
49121,1
49125,1
49127,1
49129,1
49135,1
49136,2
49143,1
49166,4
49176,1
49187,1
49193,1
49200,1
49209,1
49214,1
49219,10
49242,2
49250,3
49260,1
49261,2
49275,49
50004,1
50006,2
50008,6
50010,2
50016,1
50017,2
50018,2
50020,2
50022,1
50024,2
50025,7
50026,2
50029,1
50034,2
50038,3
50039,1
50045,4
50051,1
50053,1
50055,4
50057,2
50059,3
50062,3
50064,1
50066,2
50067,17
50068,2
50073,4
50074,7
50080,1
50088,1
50089,7
50092,1
50094,5
50095,16
50099,3
50100,1
50101,2
50102,1
50105,2
50107,2
50110,1
50115,5
50118,2
50119,2
50121,1
50124,2
50125,1
50126,3
50129,1
50132,2
50137,2
50143,4
50150,2
50152,3
50153,2
50159,2
50160,3
50163,4
50165,4
50175,2
50177,1
50181,2
50182,3
50190,2
50191,2
50193,1
50200,2
50203,2
50204,4
50206,1
50208,4
50209,3
50217,2
50219,8
50222,2
50223,1
50225,2
50230,3
50235,2
50240,3
50247,2
50248,3
50251,9
50252,5
50262,2
50264,1
50267,2
50272,15
50283,2
50285,2
50287,1
50288,5
50290,1
50297,333
50298,9
50903,3
51001,44
52001,40
