Codigo Municipio,NÂº viviendas
00000,25208623.0
44001,105.0
40001,543.0
10001,216.0
27001,1655.0
48001,2978.0
31001,72.0
09001,82.0
26001,216.0
20001,148.0
19001,138.0
30001,4338.0
50001,160.0
48002,4438.0
30002,6618.0
34001,33.0
31002,279.0
31003,76.0
31004,19.0
15001,3085.0
42001,349.0
44002,158.0
25001,90.0
02001,462.0
13001,1163.0
31005,222.0
10002,382.0
49002,70.0
16001,152.0
34003,159.0
22001,231.0
22002,71.0
04001,1143.0
19002,234.0
31006,1473.0
08001,5222.0
04002,711.0
37001,252.0
28001,147.0
24001,241.0
10003,917.0
16002,193.0
06001,515.0
10004,599.0
10005,394.0
50002,203.0
06002,2508.0
22003,121.0
47001,32.0
14001,2000.0
05001,268.0
38001,23713.0
46001,1405.0
31007,95.0
19003,82.0
46002,830.0
04003,11835.0
09003,193.0
40002,89.0
05002,4009.0
42003,103.0
40003,285.0
03001,562.0
20002,228.0
35001,3123.0
37002,187.0
25002,713.0
36020,1724.0
50003,119.0
26002,835.0
03002,2801.0
25003,2829.0
42004,2075.0
03003,656.0
18001,210.0
41001,1116.0
50004,603.0
09006,161.0
47002,14.0
44003,25.0
44004,679.0
13002,1601.0
22004,241.0
40004,677.0
09007,85.0
34004,4248.0
47003,221.0
31008,123.0
14002,6725.0
08002,163.0
44005,159.0
26003,667.0
30003,21384.0
50005,272.0
35002,13975.0
17001,514.0
46004,1366.0
38002,591.0
10006,1023.0
37003,179.0
37004,46.0
06003,782.0
20016,888.0
31009,468.0
46042,2162.0
46043,125.0
08014,1338.0
43001,854.0
17002,269.0
03004,898.0
12002,255.0
22907,1190.0
50006,783.0
22006,1384.0
25038,1069.0
20003,327.0
28002,1564.0
26004,51.0
48911,197.0
45001,1133.0
44006,375.0
50007,132.0
47004,1120.0
50008,3390.0
10903,423.0
07002,5408.0
21001,675.0
38003,1645.0
29001,2371.0
37005,181.0
45002,2076.0
28003,393.0
18002,540.0
37006,174.0
13003,551.0
19004,100.0
28004,4087.0
25004,419.0
06004,960.0
41002,1148.0
46005,14642.0
34005,1056.0
37007,563.0
50009,204.0
16003,199.0
19005,145.0
07001,3035.0
25005,299.0
02002,528.0
44007,212.0
34006,89.0
37008,3298.0
37009,175.0
02003,83229.0
25006,240.0
46006,3279.0
41003,1264.0
46007,7309.0
10007,869.0
13004,1051.0
16004,301.0
46008,2092.0
46009,1885.0
46010,1865.0
22007,599.0
16005,394.0
19006,1521.0
44008,1512.0
22008,143.0
04004,767.0
23001,1022.0
17003,99.0
19007,465.0
44009,802.0
45003,364.0
02004,570.0
25007,907.0
03005,6504.0
22009,560.0
26005,2443.0
16006,260.0
19008,79.0
44010,373.0
16007,1013.0
37010,1003.0
37011,200.0
46011,5853.0
26006,1563.0
50010,82.0
22011,65.0
22012,54.0
22013,164.0
25008,1082.0
50011,112.0
25009,490.0
09009,138.0
43002,1770.0
43003,253.0
20004,164.0
12003,1093.0
04005,414.0
18003,8780.0
18004,613.0
17004,464.0
46012,1029.0
46013,12974.0
02005,635.0
50012,107.0
05005,174.0
04006,6510.0
30004,749.0
06005,1242.0
46014,2019.0
18005,357.0
18006,3576.0
18007,748.0
06006,3191.0
45004,613.0
02006,364.0
44011,221.0
50013,177.0
41004,32554.0
22014,226.0
28005,78917.0
44012,1795.0
16008,371.0
11001,3488.0
50014,190.0
12004,10735.0
02007,1211.0
22015,222.0
41005,5049.0
11002,2363.0
23002,12062.0
03006,1156.0
22016,581.0
26007,683.0
43004,7363.0
25010,136.0
10008,1244.0
30005,18812.0
46016,734.0
16009,219.0
49003,832.0
44013,8881.0
45005,326.0
14003,898.0
02008,1125.0
25011,4329.0
46015,5188.0
29002,1519.0
23003,6013.0
45006,1542.0
13005,15085.0
16010,200.0
47005,480.0
30902,21463.0
13006,540.0
28006,41180.0
19009,451.0
03007,197.0
09010,61.0
16011,144.0
04007,730.0
13007,1013.0
22017,653.0
19010,60.0
45007,610.0
19011,556.0
41006,1553.0
03008,238.0
25012,1553.0
10009,329.0
42006,141.0
37012,125.0
40005,82.0
06007,1151.0
50015,212.0
16012,176.0
06008,404.0
04008,373.0
12005,6291.0
28007,70857.0
44014,2163.0
19013,265.0
43005,2479.0
03009,34866.0
22018,303.0
42007,282.0
42008,207.0
49004,166.0
13008,445.0
46018,952.0
07003,11637.0
46020,2638.0
04009,238.0
12006,273.0
46019,5476.0
10010,1814.0
46021,14692.0
47006,132.0
35020,3701.0
10012,584.0
28008,1989.0
37015,303.0
10013,498.0
13009,1558.0
45008,257.0
40012,326.0
43904,1893.0
10011,674.0
37013,145.0
37014,1000.0
42009,86.0
40006,83.0
37016,463.0
40007,185.0
40008,109.0
42010,34.0
42011,29.0
42012,73.0
47007,2908.0
45009,914.0
26008,1376.0
37017,277.0
19015,197.0
40009,176.0
37018,111.0
10014,2260.0
45010,556.0
05007,153.0
10015,744.0
40010,168.0
23004,507.0
37019,128.0
37020,456.0
05008,153.0
37021,93.0
37022,216.0
40013,94.0
37023,982.0
37024,122.0
40014,145.0
10016,223.0
37025,191.0
50016,90.0
42013,38.0
37026,241.0
40015,123.0
05010,249.0
42014,114.0
18010,743.0
40016,66.0
43006,529.0
30006,735.0
20005,832.0
01001,1249.0
43007,637.0
08003,3872.0
42015,63.0
22019,103.0
26009,627.0
26010,92.0
18011,3037.0
46022,9727.0
03010,355.0
50017,1243.0
44016,540.0
50018,694.0
22020,120.0
43008,234.0
46024,397.0
46025,2058.0
49005,165.0
29003,752.0
29004,295.0
26011,5491.0
46026,1063.0
25013,1439.0
46027,663.0
03011,12406.0
46023,246.0
25014,196.0
12007,539.0
43009,1151.0
50019,124.0
27002,1135.0
09011,459.0
39001,1962.0
09907,981.0
09012,151.0
41007,6485.0
24002,279.0
07004,2827.0
41008,766.0
11003,732.0
19016,87.0
46028,504.0
18012,1855.0
16013,77.0
29005,5367.0
29006,624.0
11004,54078.0
46029,14088.0
25015,285.0
28009,7951.0
46030,801.0
12008,513.0
46031,7591.0
11005,3360.0
49006,130.0
19017,102.0
03012,2528.0
25016,1464.0
30007,4297.0
03013,970.0
04010,417.0
04011,2008.0
50020,843.0
18013,3299.0
30008,13915.0
13010,900.0
29007,14437.0
29008,10824.0
18014,4638.0
19018,304.0
10017,1469.0
44017,649.0
16014,659.0
03014,186516.0
04012,164.0
18015,349.0
24003,761.0
25017,301.0
43010,233.0
19019,54.0
10018,1588.0
42016,40.0
21002,8728.0
06009,173.0
20006,160.0
33001,1589.0
32001,6068.0
44021,219.0
33002,8536.0
31011,496.0
31012,715.0
44022,740.0
44023,61.0
25019,3100.0
29009,1040.0
13011,4270.0
41009,1151.0
13012,451.0
19020,68.0
13013,4680.0
42017,145.0
42018,309.0
02009,11752.0
24004,601.0
10019,701.0
49007,374.0
16015,450.0
29010,1052.0
42019,678.0
26012,47.0
46032,3488.0
25020,328.0
42020,3938.0
12009,15194.0
42021,193.0
12010,337.0
13014,423.0
14004,1251.0
18016,336.0
49008,475.0
25021,1895.0
42022,366.0
12011,5284.0
47008,29.0
37027,262.0
37028,200.0
06010,812.0
45011,488.0
06011,16418.0
21003,619.0
16016,278.0
41010,2418.0
04013,99674.0
46033,175.0
50021,35.0
04014,163.0
13015,4041.0
16017,436.0
14005,3754.0
29011,1899.0
19021,959.0
44018,67.0
10020,1155.0
46034,1227.0
50022,377.0
50023,177.0
50024,542.0
45012,747.0
19022,802.0
16018,347.0
21004,1533.0
21005,14195.0
03015,9739.0
45013,2423.0
43011,667.0
03016,156.0
22021,1477.0
50025,3352.0
22022,455.0
22023,282.0
18017,25822.0
13016,623.0
46035,4428.0
44019,107.0
19023,174.0
48912,1443.0
29012,6144.0
25022,161.0
21006,2341.0
19024,4500.0
29013,1435.0
17006,3608.0
29014,287.0
42023,121.0
50026,382.0
28010,7249.0
08004,250.0
44020,36.0
02010,1696.0
25023,2600.0
46036,1066.0
18904,1006.0
03017,238.0
46037,851.0
12901,2166.0
22024,236.0
18018,528.0
04015,124.0
25024,718.0
09013,43.0
43012,4585.0
16019,417.0
03018,16430.0
22025,701.0
09014,471.0
31010,3563.0
12012,2869.0
20906,67.0
20007,173.0
19027,414.0
46017,22047.0
05012,198.0
34009,38.0
50027,292.0
28011,736.0
17007,1327.0
15002,16138.0
31013,466.0
43013,7974.0
08005,3386.0
09016,81.0
20008,433.0
33003,601.0
32002,1809.0
48003,8143.0
48004,178.0
43906,3631.0
43014,10879.0
34010,577.0
39002,3151.0
01002,4435.0
34011,387.0
47009,107.0
44024,60.0
40017,104.0
37029,195.0
28012,603.0
13017,435.0
31014,279.0
49009,320.0
46038,687.0
20009,6583.0
44025,4013.0
31015,1442.0
07005,9324.0
23005,18340.0
50028,137.0
17008,2524.0
25027,768.0
19031,91.0
26013,881.0
22027,337.0
26014,623.0
19032,435.0
09017,176.0
39003,169.0
50029,620.0
46039,1597.0
20010,793.0
19033,154.0
19034,70.0
22028,524.0
31016,4539.0
04016,1638.0
27003,1514.0
46040,889.0
29015,17883.0
35003,7474.0
24005,329.0
34012,420.0
22029,59.0
20011,1033.0
31017,287.0
01049,209.0
40018,102.0
50030,229.0
14006,887.0
31018,331.0
45014,2464.0
37030,60.0
31019,1486.0
37031,311.0
21007,4809.0
38004,2707.0
22032,173.0
41011,8206.0
40019,109.0
31020,299.0
48005,72.0
31025,533.0
20012,85.0
01003,681.0
31021,32.0
42024,85.0
09018,18813.0
50031,371.0
50032,466.0
09019,215.0
16020,73.0
15003,1110.0
31023,2920.0
28013,24792.0
31024,165.0
31022,343.0
48006,180.0
19036,371.0
12013,282.0
37032,528.0
31026,135.0
46041,737.0
09020,448.0
09021,120.0
09022,152.0
19037,222.0
25029,1339.0
19038,152.0
31027,513.0
36001,2225.0
43016,2461.0
04017,2438.0
43015,119.0
17009,3239.0
16905,1293.0
31028,116.0
37033,85.0
49010,269.0
30009,8804.0
29016,444.0
29017,4206.0
45015,843.0
37034,63.0
34015,83.0
40020,513.0
09023,867.0
42025,2451.0
11006,15185.0
49011,159.0
16022,205.0
44026,426.0
31029,843.0
29018,1409.0
50033,100.0
24006,601.0
48093,695.0
31030,106.0
22035,335.0
05013,1193.0
13903,454.0
29019,911.0
39004,973.0
13018,685.0
05014,6043.0
18020,1154.0
42026,88.0
09024,165.0
44027,175.0
08006,8475.0
08007,4332.0
26015,267.0
26016,49.0
15004,5178.0
12014,312.0
31031,233.0
20013,3130.0
05015,134.0
40021,44.0
05016,4806.0
42027,139.0
13019,4024.0
13020,3359.0
28014,20458.0
24007,624.0
49012,114.0
22036,54.0
19039,131.0
17010,253.0
12015,199.0
08008,162.0
44028,152.0
43017,132.0
08009,5411.0
45016,2818.0
39005,1275.0
31032,1223.0
22037,174.0
16024,181.0
49013,227.0
31033,25.0
07901,511.0
31034,42.0
38005,5915.0
09025,398.0
44029,701.0
50034,1014.0
23006,2977.0
23007,2026.0
09026,518.0
19040,133.0
31035,95.0
17011,754.0
37035,315.0
18021,10493.0
01006,153.0
40022,326.0
04018,257.0
19041,230.0
26017,529.0
26018,7051.0
43018,470.0
32003,758.0
39006,2776.0
21008,1866.0
38006,44532.0
49014,100.0
23008,1165.0
49015,268.0
01037,609.0
16025,59.0
48009,470.0
20055,9981.0
48914,202.0
09027,63.0
01008,483.0
35004,23216.0
39007,681.0
25031,55.0
29020,2110.0
48010,308.0
48011,5257.0
13021,478.0
31036,703.0
47010,9057.0
10021,3761.0
19042,115.0
06012,1728.0
23905,1206.0
10023,961.0
28015,10043.0
10022,452.0
21009,744.0
31037,70.0
26019,338.0
25032,128.0
07006,4419.0
31038,1021.0
12016,1293.0
31039,90.0
48023,403.0
15005,17657.0
35005,616.0
08010,2635.0
25033,630.0
25034,2603.0
50035,63.0
48008,357.0
01004,1119.0
35006,16285.0
15006,3614.0
43019,944.0
50036,112.0
25036,181.0
49016,252.0
01009,981.0
03019,10233.0
20014,644.0
20903,2206.0
39008,8558.0
24008,7269.0
34017,921.0
49017,468.0
29021,218.0
06013,211.0
16026,133.0
37037,108.0
19043,267.0
09029,202.0
47011,442.0
18022,9131.0
20015,773.0
28016,70.0
50037,244.0
50038,1262.0
31040,223.0
19044,681.0
48091,606.0
46003,767.0
12001,1102.0
48070,355.0
19045,387.0
31058,187.0
26020,473.0
42028,75.0
09030,144.0
34018,197.0
34019,114.0
26021,2358.0
05017,114.0
05018,96.0
25037,391.0
09032,117.0
08011,1176.0
05019,34465.0
33004,41338.0
08012,1128.0
17012,547.0
08013,938.0
32004,2140.0
01010,1311.0
21010,15877.0
31041,1515.0
22039,930.0
40024,1539.0
02011,988.0
12017,368.0
49018,438.0
46044,3250.0
34020,67.0
31042,1655.0
44031,179.0
22040,200.0
22041,103.0
20017,5166.0
22042,103.0
41012,1689.0
41013,2728.0
26022,280.0
20018,6661.0
06014,4789.0
50039,716.0
12018,407.0
31043,63.0
19046,13051.0
45017,231.0
37038,641.0
04019,238.0
06015,72047.0
08015,92873.0
26023,563.0
44032,43.0
08904,5679.0
41014,1511.0
50040,116.0
22043,113.0
14007,9589.0
23009,8612.0
08016,1762.0
44033,425.0
50041,35.0
47012,133.0
09033,143.0
19047,227.0
23010,7911.0
22044,225.0
36003,8565.0
25039,369.0
31044,199.0
48012,3073.0
25040,8261.0
02012,1240.0
09034,259.0
24009,339.0
50042,39.0
22045,155.0
27004,1005.0
08017,1692.0
20904,57.0
02014,428.0
13022,358.0
22046,565.0
48090,3727.0
03020,118.0
02013,401.0
08018,1749.0
34022,1205.0
32005,879.0
22047,116.0
32006,1672.0
07007,517.0
03021,4103.0
43020,1600.0
17015,9596.0
15007,1984.0
26024,296.0
24010,7194.0
37039,307.0
44034,168.0
01011,240.0
23011,1771.0
32007,2025.0
10024,695.0
26026,1024.0
26025,151.0
19048,64.0
09035,423.0
19049,75.0
09036,45.0
34024,24.0
16027,1346.0
48013,45315.0
27901,1569.0
31901,8185.0
42029,288.0
31045,348.0
32008,5419.0
37040,380.0
09037,174.0
09038,233.0
09039,171.0
37041,75.0
31046,29.0
22048,9067.0
11007,12874.0
25041,380.0
43021,468.0
08252,13233.0
50043,266.0
40025,214.0
22049,62.0
22050,110.0
42030,171.0
22051,64.0
06016,2107.0
08019,811106.0
34025,86.0
39009,3166.0
39010,470.0
37042,58.0
16029,227.0
47013,116.0
49019,172.0
45018,313.0
05021,2496.0
32009,9002.0
42031,110.0
50044,227.0
39011,1601.0
45019,5408.0
31047,227.0
31048,163.0
24011,129.0
38007,1245.0
25042,174.0
12020,186.0
44035,196.0
05022,2432.0
10025,415.0
02015,1017.0
27005,4736.0
48014,715.0
09041,34.0
19050,53.0
09043,251.0
09044,71.0
24012,364.0
11008,9883.0
36002,1580.0
05023,148.0
37044,407.0
34027,1886.0
47014,41.0
01013,512.0
46046,1153.0
46045,860.0
31049,488.0
40026,157.0
48015,19035.0
17016,509.0
09045,397.0
34028,140.0
09046,79.0
16030,46.0
25044,107.0
37045,32.0
43022,1160.0
06017,198.0
28017,993.0
25045,63.0
04020,231.0
04021,189.0
42032,205.0
42033,65.0
18023,10695.0
31050,4337.0
44036,48.0
32010,360.0
16031,140.0
32011,905.0
21011,2479.0
18024,486.0
18025,169.0
23012,3583.0
20019,6114.0
05024,612.0
05025,164.0
44037,708.0
27006,2464.0
34029,640.0
28018,4128.0
47015,260.0
04022,834.0
48092,544.0
23902,1939.0
23014,1651.0
27007,2174.0
08020,2906.0
17013,5225.0
31137,120.0
31051,261.0
04023,152.0
20020,102.0
37046,9418.0
12022,893.0
14008,2165.0
31052,89.0
20021,116.0
09047,66.0
50045,1408.0
37047,106.0
46047,397.0
25046,451.0
16032,351.0
25170,246.0
17018,479.0
25047,684.0
25048,944.0
43023,352.0
25049,142.0
44039,363.0
08021,78.0
25050,2323.0
46048,4089.0
46049,240.0
43024,1266.0
25051,2600.0
25052,1045.0
14009,1964.0
23015,1106.0
16033,1617.0
34031,16.0
50046,201.0
33005,1925.0
44038,151.0
28019,967.0
16034,247.0
09048,1903.0
22052,704.0
49020,361.0
45020,1531.0
10026,664.0
24014,5592.0
22053,1001.0
41015,2994.0
29022,245.0
47016,82.0
12024,249.0
12025,253.0
46050,247.0
46051,6363.0
04024,2017.0
29023,3906.0
29024,326.0
29025,42378.0
18027,1772.0
18028,748.0
11901,3445.0
29026,865.0
18029,1533.0
14010,2785.0
29027,1330.0
11009,676.0
29028,964.0
29029,457.0
12026,1319.0
03022,162.0
22054,3349.0
23016,386.0
25053,617.0
49021,11449.0
24015,2182.0
46052,342.0
49022,187.0
03023,1156.0
46053,326.0
03024,2646.0
46054,7076.0
03025,960.0
03026,1354.0
03027,215.0
46055,818.0
03028,767.0
46056,177.0
12027,17141.0
12028,20939.0
46057,324.0
46904,488.0
03030,814.0
03031,58011.0
30010,4176.0
46060,6258.0
46059,912.0
46058,1192.0
43025,492.0
03032,149.0
03033,130.0
46061,210.0
46062,2843.0
03029,470.0
03034,2090.0
03035,563.0
03036,59.0
03037,405.0
03038,350.0
03039,99.0
03040,297.0
46063,1301.0
46064,347.0
46065,935.0
46066,630.0
46067,1206.0
03041,11029.0
43026,576.0
46068,251.0
46069,122.0
03042,4139.0
04026,125.0
04027,307.0
12029,833.0
10027,117.0
06018,959.0
04028,226.0
24016,410.0
31250,1716.0
48016,2761.0
01014,298.0
22246,106.0
20022,483.0
42034,79.0
22055,323.0
09050,114.0
31053,427.0
26027,196.0
47017,171.0
47018,18.0
18030,780.0
40028,141.0
05026,150.0
24017,454.0
24018,203.0
40029,92.0
50047,93.0
08022,9120.0
20074,6899.0
26028,189.0
26029,61.0
44040,245.0
15008,4015.0
31905,1596.0
04029,7677.0
05027,242.0
06019,1672.0
42035,1125.0
24019,225.0
09051,161.0
37049,179.0
48017,8432.0
49023,1052.0
40030,535.0
01016,568.0
19051,202.0
40031,872.0
05029,90.0
48018,544.0
31902,2748.0
31903,3887.0
48019,2072.0
20023,274.0
21012,261.0
37050,81.0
37051,96.0
10028,323.0
05030,86.0
47019,90.0
50048,53.0
28021,831.0
31054,321.0
10029,508.0
09052,50.0
28020,171.0
34032,130.0
17019,1217.0
17020,2211.0
35007,566.0
15009,7875.0
31055,177.0
46070,11307.0
16035,486.0
12021,3149.0
17021,82.0
26030,29.0
44041,111.0
03043,2520.0
46071,495.0
31253,94.0
20024,281.0
50901,254.0
22057,696.0
02016,776.0
06020,1102.0
22058,234.0
22059,3040.0
03044,3165.0
08023,4391.0
50050,305.0
48020,162561.0
33006,1328.0
22060,726.0
22061,4548.0
07008,3926.0
25055,149.0
50051,711.0
22062,122.0
43027,179.0
43028,2845.0
17022,5105.0
22063,157.0
50052,102.0
17234,144.0
31056,144.0
42036,68.0
30011,3561.0
43029,334.0
44042,266.0
32012,713.0
17023,25257.0
05033,198.0
05034,22.0
05035,238.0
14011,483.0
22064,151.0
44043,290.0
42037,47.0
37052,230.0
34033,11.0
17029,170.0
34035,171.0
34034,103.0
28022,16380.0
33007,1564.0
28023,4283.0
26031,109.0
47020,193.0
32013,1934.0
24020,698.0
46072,2613.0
40032,599.0
47021,85.0
47022,73.0
19052,138.0
37054,345.0
06021,734.0
47023,2031.0
37055,176.0
02017,1082.0
05036,142.0
10030,670.0
05037,788.0
15010,1241.0
15011,10258.0
32014,1241.0
13023,5096.0
47024,219.0
46073,962.0
41016,4030.0
21013,6411.0
32015,1509.0
22066,981.0
03045,290.0
17024,772.0
22067,88.0
21014,2292.0
43030,552.0
02018,609.0
16036,286.0
05038,322.0
02019,1855.0
46074,1901.0
24021,2210.0
15012,1753.0
50053,485.0
22068,89.0
50054,160.0
25057,280.0
17025,740.0
44044,160.0
29030,583.0
25058,3606.0
43031,1017.0
50055,4165.0
42038,42.0
41017,7998.0
11010,3592.0
42039,234.0
45021,2313.0
17026,313.0
08024,456.0
24022,399.0
12032,19797.0
12031,3404.0
11011,1228.0
25059,775.0
43032,470.0
43033,498.0
10031,261.0
50056,321.0
37056,58.0
27008,1241.0
49024,693.0
37057,188.0
25056,241.0
09054,123.0
05039,75.0
43034,402.0
47025,107.0
34036,529.0
28024,238.0
09055,103.0
13024,854.0
24023,333.0
50057,940.0
28025,474.0
17027,1774.0
41018,5194.0
38008,3218.0
38009,2977.0
49025,203.0
49026,215.0
40033,127.0
26032,120.0
19053,3240.0
49027,159.0
49028,116.0
37058,92.0
26033,206.0
15013,3659.0
26034,914.0
09056,5244.0
44045,797.0
22069,756.0
10032,1582.0
08025,1068.0
08026,140.0
28026,4086.0
17028,185.0
42041,49.0
50058,120.0
18032,462.0
16038,112.0
19054,366.0
16039,762.0
16040,174.0
37059,112.0
45022,538.0
37060,249.0
34037,383.0
38010,2037.0
16041,608.0
44046,74.0
36004,6720.0
46075,97.0
46076,681.0
09057,122.0
07009,706.0
42042,47.0
28027,1233.0
14012,3987.0
19055,137.0
50059,464.0
05040,97.0
50060,262.0
30012,6348.0
09058,333.0
07010,3237.0
46077,5328.0
31057,1252.0
44047,306.0
27902,5632.0
50061,185.0
49029,448.0
50062,1368.0
42043,4433.0
24024,820.0
29031,1269.0
05041,1795.0
09059,92076.0
31059,222.0
41019,2801.0
45023,1611.0
06022,2085.0
46078,18287.0
31060,7365.0
24025,296.0
45024,656.0
03046,1876.0
18033,315.0
19057,125.0
28028,2409.0
50063,117.0
47026,44.0
34038,214.0
49030,140.0
24026,1056.0
34039,69.0
09060,204.0
31061,52.0
48021,1354.0
43035,236.0
37061,250.0
40034,167.0
15014,2381.0
25060,77.0
15015,2395.0
17031,153.0
12033,2820.0
17030,455.0
31062,749.0
28029,628.0
19058,4156.0
08027,341.0
50064,283.0
45025,899.0
40035,158.0
49031,160.0
45026,337.0
10033,525.0
24027,762.0
09061,156.0
37063,123.0
06023,3428.0
37065,327.0
06024,1088.0
10034,477.0
37062,99.0
45027,495.0
13025,235.0
13026,516.0
05042,95.0
41020,7767.0
05043,92.0
05044,506.0
21015,526.0
26035,46.0
39012,4176.0
09062,70.0
39013,531.0
47027,1940.0
47028,21.0
40036,603.0
10035,1526.0
05045,81.0
25061,103.0
50065,149.0
14013,10120.0
44048,141.0
43036,973.0
23017,1271.0
33008,1514.0
33009,1202.0
31063,95.0
42044,61.0
42045,366.0
08028,1116.0
08029,2264.0
28030,1722.0
37067,1746.0
10036,371.0
47029,72.0
24028,332.0
24029,626.0
37068,367.0
08030,3087.0
39014,674.0
24030,3106.0
10037,50293.0
10038,85.0
18034,522.0
10039,395.0
28031,2862.0
17032,3475.0
18035,1290.0
11012,59186.0
31064,942.0
50066,2229.0
18036,2333.0
21016,758.0
40037,83.0
44049,903.0
08031,1793.0
43037,26981.0
26036,12399.0
34041,102.0
18114,583.0
44050,3591.0
06025,2703.0
44051,2317.0
21017,2808.0
30013,5496.0
42046,89.0
50067,11613.0
50068,1623.0
50069,82.0
36005,4054.0
22072,207.0
08034,596.0
17033,3543.0
08033,7437.0
08032,1940.0
08035,10615.0
06026,715.0
45028,2742.0
09064,431.0
45029,362.0
18037,404.0
12034,1507.0
08037,943.0
46079,716.0
03049,8448.0
03048,4061.0
08038,894.0
50070,110.0
44052,131.0
17034,12711.0
08036,159.0
03047,24954.0
42048,233.0
37069,1184.0
37070,498.0
07011,36330.0
32016,1169.0
37071,115.0
13027,3031.0
37072,178.0
34042,195.0
45030,839.0
37073,512.0
24031,227.0
10040,550.0
06027,416.0
49032,350.0
39015,849.0
44053,90.0
25062,735.0
45031,2924.0
44054,426.0
45032,354.0
39016,13620.0
44055,188.0
15016,4205.0
43903,1712.0
28032,2903.0
49033,656.0
41021,12726.0
36006,6793.0
23018,1748.0
15017,12830.0
43038,30750.0
10041,851.0
44056,540.0
17035,285.0
41022,2463.0
06028,3480.0
07012,1517.0
47030,838.0
24032,115.0
17036,1762.0
17037,162.0
03050,26605.0
01017,895.0
16042,1315.0
50071,246.0
09065,195.0
23019,1017.0
37074,181.0
10042,169.0
19059,154.0
45033,510.0
06029,942.0
19060,366.0
21018,1295.0
47031,229.0
29032,4054.0
16043,235.0
16044,166.0
08039,277.0
19061,157.0
17038,267.0
22074,696.0
13028,7019.0
03051,314.0
37077,181.0
40039,362.0
24033,201.0
36007,936.0
10043,795.0
28033,2844.0
21019,465.0
09066,129.0
24034,2181.0
39027,2159.0
39017,486.0
47032,154.0
22075,237.0
46080,1183.0
07013,6769.0
16901,1311.0
30014,1143.0
18038,788.0
17039,2799.0
26037,183.0
45034,1186.0
22076,406.0
47033,244.0
16045,380.0
05046,28.0
26038,195.0
46081,6769.0
33010,1052.0
22077,293.0
38011,14069.0
37078,1069.0
05047,5102.0
42049,139.0
24036,402.0
25063,82.0
23020,1014.0
28034,692.0
17040,331.0
08040,7720.0
46082,9243.0
12036,734.0
22078,1343.0
36008,14445.0
33012,3755.0
33011,7096.0
09067,468.0
18039,2457.0
37079,67.0
29033,936.0
29034,803.0
47034,114.0
26039,92.0
04030,870.0
43907,2318.0
08041,6343.0
08042,1403.0
19064,151.0
09068,130.0
37080,231.0
37081,790.0
40040,2702.0
17041,199.0
19065,222.0
37082,740.0
37083,216.0
44059,628.0
41023,4964.0
40041,941.0
05048,100.0
04031,2498.0
08043,2394.0
03052,733.0
44060,81.0
13029,97.0
44061,97.0
16046,338.0
16047,248.0
41901,1456.0
44062,53.0
42050,99.0
16048,499.0
10044,1959.0
18040,315.0
26040,84.0
16049,180.0
10045,1048.0
21020,378.0
16050,398.0
16051,233.0
16052,860.0
14014,1668.0
29035,1125.0
36009,3730.0
49034,485.0
19066,105.0
44063,161.0
16053,480.0
49035,242.0
43039,162.0
31065,1348.0
43040,286.0
07014,7505.0
22079,110.0
15018,644.0
22080,263.0
08044,2584.0
18042,623.0
06030,207.0
34045,64.0
17042,384.0
08045,46.0
42051,61.0
28035,1649.0
42052,35.0
13030,127.0
18043,159.0
30015,13047.0
33013,492.0
09070,82.0
49036,532.0
10046,197.0
37085,2999.0
32018,1293.0
32017,1449.0
27009,1567.0
32019,10378.0
15019,16579.0
49037,161.0
04032,6267.0
16055,787.0
40043,1463.0
23021,333.0
10047,637.0
14015,1483.0
46083,11953.0
31066,522.0
31067,1230.0
09071,55.0
09072,292.0
02020,477.0
46084,1035.0
23901,854.0
08046,7613.0
26041,154.0
16056,829.0
14016,1342.0
09073,704.0
09074,593.0
05049,416.0
34046,35.0
09075,87.0
45035,625.0
08047,2611.0
19067,367.0
50072,506.0
50073,1718.0
15901,3372.0
46085,7093.0
14017,7087.0
08048,486.0
45036,740.0
24037,515.0
41024,14784.0
06031,319.0
15020,3391.0
23024,7552.0
47035,637.0
37086,71.0
45037,1597.0
14018,2231.0
24038,1773.0
15021,3615.0
45038,2503.0
37087,689.0
37088,174.0
40044,179.0
10048,396.0
06032,61.0
16057,175.0
42053,65.0
16058,121.0
42054,46.0
29036,487.0
33014,6217.0
05051,267.0
09076,31.0
45039,276.0
46086,82.0
13031,1558.0
41025,1274.0
34047,1619.0
24039,1772.0
13032,1023.0
24040,506.0
30016,115749.0
29037,196.0
29038,11176.0
21021,11967.0
32020,2421.0
39018,2785.0
24041,515.0
19070,176.0
29039,1717.0
37089,104.0
26042,1798.0
10049,2826.0
45040,3156.0
10050,1019.0
19071,6296.0
29040,1578.0
42055,188.0
29041,3694.0
10051,490.0
41026,2740.0
45041,4854.0
28036,1240.0
46087,304.0
46088,631.0
16060,863.0
10052,208.0
10053,322.0
06033,1533.0
16061,740.0
16062,145.0
16063,112.0
16064,655.0
02021,852.0
02022,539.0
16065,289.0
10056,607.0
10057,226.0
06034,227.0
19073,78.0
02023,745.0
10054,994.0
37090,155.0
10055,457.0
05052,168.0
45042,196.0
49038,132.0
49039,267.0
02024,2608.0
16066,1987.0
05053,137.0
47036,274.0
10058,945.0
05054,2210.0
22081,338.0
09077,93.0
09078,51.0
31068,2253.0
44064,196.0
31069,660.0
43041,209.0
05055,1124.0
10059,467.0
37091,295.0
46089,1163.0
40045,341.0
33015,1533.0
50074,5189.0
19074,209.0
17044,4642.0
08049,1044.0
03053,6895.0
10060,996.0
26043,1062.0
39019,1587.0
21022,234.0
18044,294.0
16067,320.0
31070,2071.0
50075,86.0
19075,106.0
50076,141.0
22083,385.0
22084,801.0
44065,116.0
50077,254.0
22082,189.0
44066,177.0
22085,62.0
12037,14.0
03054,468.0
03075,241.0
08057,54.0
25904,149.0
07064,4382.0
09079,32.0
37092,1101.0
37185,625.0
05056,71.0
23025,1898.0
11013,1320.0
19076,46.0
25064,58.0
08052,255.0
13033,1546.0
08050,86.0
08051,9956.0
44070,108.0
08053,2101.0
08054,5247.0
08055,289.0
25067,527.0
08056,32214.0
08058,1310.0
17046,567.0
08060,153.0
08059,287.0
12038,263.0
08061,1073.0
08062,525.0
25068,343.0
12039,782.0
25069,428.0
46090,1220.0
17047,16412.0
08063,287.0
12040,90976.0
46091,81.0
44071,1083.0
17048,15239.0
25070,539.0
08064,1615.0
43042,1319.0
08065,709.0
08066,776.0
44067,139.0
44068,645.0
46092,357.0
22086,598.0
22087,55.0
09083,90.0
34048,54.0
06035,1399.0
41027,3349.0
09082,47.0
24042,57.0
19078,67.0
42056,57.0
50078,416.0
22088,151.0
41028,1071.0
41029,6971.0
41030,279.0
18045,1016.0
16068,166.0
37096,247.0
40046,270.0
42058,257.0
16070,118.0
45043,837.0
16072,282.0
41031,1310.0
23026,2660.0
12041,334.0
16071,37.0
22089,309.0
31071,34.0
19079,14.0
42057,260.0
37097,49.0
34049,457.0
47037,187.0
32022,1488.0
32021,1175.0
18046,1533.0
24043,258.0
34050,249.0
47038,134.0
49040,150.0
09084,430.0
24044,234.0
09085,530.0
34051,136.0
09088,71.0
34052,228.0
09086,421.0
09090,46.0
33016,12699.0
47039,168.0
32023,1729.0
04033,161.0
40047,101.0
27010,2412.0
14019,3682.0
47040,109.0
24046,927.0
24047,1475.0
47041,186.0
49041,303.0
09091,750.0
40048,104.0
47042,49.0
34053,162.0
47043,271.0
49042,206.0
47044,300.0
47045,756.0
24049,1229.0
33017,1894.0
47046,129.0
40049,107.0
40051,86.0
24050,115.0
39020,25595.0
27011,1608.0
49043,311.0
47047,172.0
26044,69.0
06036,3925.0
46093,1416.0
46094,13191.0
12042,662.0
43043,2433.0
36010,1491.0
03055,4377.0
02025,5322.0
46095,620.0
12043,1069.0
25071,128.0
09063,185.0
09093,156.0
45045,1455.0
23027,548.0
41032,3141.0
23028,4858.0
49044,63.0
24051,547.0
24052,218.0
45046,1946.0
09094,60.0
05057,3150.0
24053,504.0
10061,1552.0
15022,5334.0
10062,436.0
40052,179.0
45047,2403.0
44074,456.0
15023,5192.0
30017,7978.0
47048,203.0
09095,79.0
44075,211.0
32024,4707.0
44076,1764.0
17189,954.0
26045,40.0
17049,2036.0
31193,845.0
19080,163.0
19081,92.0
18047,4135.0
26046,1666.0
28037,1986.0
02026,680.0
32025,1302.0
08067,3249.0
19082,169.0
42059,55.0
37098,469.0
05058,172.0
42060,76.0
15024,2877.0
28038,5038.0
08268,1192.0
46096,198.0
08266,25300.0
36011,1189.0
15025,812.0
37099,108.0
49046,239.0
49047,107.0
37100,122.0
10063,189.0
40053,260.0
40054,646.0
09098,772.0
49048,206.0
44077,96.0
37101,186.0
45048,356.0
09100,47.0
21023,1579.0
37102,453.0
27012,1051.0
34055,279.0
08068,3984.0
25072,4590.0
28039,215.0
50079,258.0
45049,374.0
34056,1933.0
16073,307.0
12044,742.0
26047,2399.0
50080,94.0
25073,672.0
17050,366.0
47049,88.0
27013,2880.0
37103,605.0
15026,1402.0
50081,643.0
51001,26652.0
30018,5140.0
34057,327.0
34058,254.0
37114,101.0
22094,125.0
05067,108.0
32029,588.0
27016,5965.0
40065,413.0
28051,1397.0
18059,2625.0
19103,404.0
06042,720.0
46107,2010.0
46106,2177.0
19104,62.0
46108,724.0
04036,329.0
12052,852.0
46109,5045.0
22095,89.0
11015,43247.0
23029,786.0
12053,3739.0
16023,736.0
19106,135.0
13038,1447.0
23030,770.0
19105,1757.0
18061,1046.0
22096,168.0
02029,2696.0
28052,3045.0
11016,16439.0
50092,378.0
04037,1574.0
46111,12070.0
50093,111.0
12055,240.0
12056,356.0
24065,1848.0
45056,1907.0
21030,989.0
45057,164.0
46112,836.0
16081,56.0
18062,6841.0
09101,76.0
26048,23.0
42061,429.0
28040,9767.0
16074,117.0
39021,307.0
30019,14649.0
19086,2296.0
47050,2666.0
42062,77.0
47051,217.0
42063,140.0
26049,516.0
18048,1770.0
05059,128.0
09102,146.0
10064,1382.0
37104,30.0
09103,227.0
09104,79.0
40055,64.0
39022,858.0
24054,347.0
24055,637.0
50082,176.0
50083,122.0
19087,71.0
12045,532.0
31072,3693.0
37106,330.0
12046,677.0
31074,315.0
42064,97.0
31075,92.0
19088,154.0
45050,383.0
09105,157.0
19089,101.0
26050,135.0
42065,41.0
05060,86.0
34059,357.0
17051,125.0
47052,3905.0
24056,2559.0
13034,38005.0
37107,9062.0
07015,16160.0
25074,194.0
31076,1260.0
50084,138.0
25075,70.0
26051,198.0
33018,1688.0
04034,257.0
45051,1181.0
28041,2764.0
19090,167.0
45052,2065.0
34060,211.0
40056,98.0
49050,1231.0
40057,1259.0
37108,84.0
03056,6172.0
50085,290.0
44080,287.0
40058,345.0
50086,345.0
06037,1291.0
46097,594.0
47053,133.0
47054,526.0
19091,79.0
09108,354.0
18049,583.0
18050,1193.0
19092,873.0
25076,137.0
29042,10464.0
15027,1000.0
17054,1056.0
32026,2515.0
05061,310.0
39023,4359.0
25077,598.0
10065,226.0
05062,157.0
05063,62.0
40059,168.0
28046,4255.0
28047,27741.0
34061,85.0
08069,2195.0
43045,116.0
08070,180.0
29043,1654.0
37109,210.0
28043,4925.0
28042,1104.0
28045,18927.0
28044,3749.0
18051,910.0
17055,124.0
33019,3162.0
22090,138.0
25163,727.0
29044,866.0
39024,2331.0
29045,3419.0
25161,456.0
40060,166.0
09109,1721.0
19095,65.0
19096,213.0
43046,180.0
03057,396.0
24057,721.0
34062,248.0
19097,122.0
11014,14533.0
14020,432.0
10066,233.0
07016,1922.0
43047,2673.0
41033,3799.0
05064,72.0
45053,5502.0
50087,50.0
09110,116.0
49052,217.0
19098,66.0
08071,169.0
44082,111.0
46098,2184.0
08072,6722.0
43048,579.0
24058,228.0
25078,603.0
17057,695.0
47055,151.0
15028,1529.0
14021,152718.0
06038,684.0
37110,79.0
34063,111.0
26052,157.0
19099,789.0
31077,4151.0
26053,254.0
49053,670.0
27014,2102.0
10067,7453.0
41034,13259.0
41035,867.0
15029,3175.0
26054,461.0
08073,36662.0
17056,932.0
43049,839.0
06039,1410.0
41036,2363.0
28048,407.0
26055,61.0
45054,3546.0
40061,121.0
13035,700.0
39025,5577.0
47056,88.0
49054,873.0
41037,1850.0
02027,281.0
06040,541.0
21024,500.0
32027,1128.0
21025,2855.0
21026,272.0
31078,1481.0
44084,140.0
12048,623.0
18053,1211.0
29046,2324.0
46099,939.0
18054,808.0
13036,785.0
24059,787.0
09112,187.0
15030,135411.0
33020,8329.0
39026,1441.0
44085,84.0
42068,106.0
28049,31567.0
27015,3075.0
07017,629.0
12049,495.0
50088,367.0
49055,93.0
46100,188.0
02028,223.0
36012,2561.0
42069,1181.0
09113,603.0
36013,1834.0
12050,1623.0
03058,3013.0
13037,862.0
40902,165.0
36014,1496.0
43050,4024.0
24060,702.0
17058,125.0
05065,395.0
44086,474.0
03059,14691.0
06041,278.0
37112,245.0
44087,163.0
17901,632.0
10068,755.0
24061,1463.0
32028,2351.0
50089,5451.0
44088,92.0
28050,2220.0
50090,192.0
08074,10600.0
25079,300.0
42070,54.0
34066,110.0
24062,185.0
24063,394.0
47057,423.0
40062,83.0
19102,199.0
09114,139.0
49056,211.0
24064,861.0
44089,118.0
49057,181.0
09115,138.0
37113,306.0
42071,190.0
49058,353.0
44090,147.0
33021,4355.0
49059,79.0
40063,5821.0
16078,30933.0
47058,182.0
50091,137.0
45055,932.0
41903,3355.0
44092,152.0
42073,96.0
09117,75.0
16079,53.0
29047,716.0
44093,76.0
40905,180.0
09119,75.0
29049,2201.0
04035,9225.0
29048,983.0
18912,1325.0
05066,715.0
44094,110.0
12051,648.0
18056,2769.0
18057,3056.0
46105,28986.0
15031,15547.0
10069,1006.0
21027,61.0
21028,418.0
21029,1260.0
43051,13013.0
36015,2550.0
47059,113.0
15032,2871.0
29050,531.0
26056,639.0
28053,3691.0
13039,9690.0
46113,5935.0
04038,2035.0
17060,408.0
50094,1835.0
26057,63.0
18063,883.0
17061,397.0
03061,920.0
03062,528.0
20029,2913.0
33022,748.0
34067,209.0
34068,41.0
18064,269.0
18066,1284.0
10070,933.0
43901,6259.0
03063,43342.0
48901,2564.0
10071,275.0
31079,115.0
24066,525.0
42075,102.0
07018,728.0
42076,393.0
31080,390.0
05903,351.0
18067,626.0
18068,990.0
48026,777.0
37115,101.0
15033,1026.0
18069,472.0
03064,3706.0
46114,324.0
40068,64.0
45058,568.0
06043,396.0
06044,18991.0
31081,168.0
31221,1037.0
40069,77.0
05069,53.0
20069,88327.0
05070,33.0
14022,2254.0
37116,73.0
37117,971.0
46115,481.0
41038,50651.0
14023,1651.0
45059,1330.0
08075,2255.0
36016,570.0
19107,414.0
18070,220.0
34069,1593.0
43053,188.0
15034,1068.0
48027,12342.0
18071,3610.0
19108,234.0
40070,593.0
42078,762.0
48028,844.0
31083,34.0
41039,19218.0
31086,7515.0
20030,13108.0
07026,22889.0
50095,9150.0
37118,156.0
04902,39403.0
44096,187.0
48031,465.0
01021,250.0
02030,2981.0
03065,113336.0
01022,697.0
03066,27916.0
20031,127.0
20033,542.0
20032,5242.0
31087,86.0
46116,8620.0
10072,927.0
48032,3099.0
01023,269.0
19109,70.0
50096,120.0
46117,300.0
37120,118.0
37119,205.0
50098,243.0
40071,45.0
37121,498.0
37122,211.0
47060,243.0
14024,1289.0
21031,1366.0
37123,146.0
24067,819.0
40072,207.0
09120,63.0
26058,307.0
37124,221.0
31089,196.0
46118,2609.0
16082,756.0
04041,392.0
46119,591.0
49061,152.0
39028,2408.0
26059,867.0
32030,1232.0
06045,350.0
50099,2615.0
48902,10561.0
31090,85.0
24068,613.0
48033,119.0
31091,278.0
50100,277.0
48034,7338.0
20067,17534.0
20066,311.0
01046,877.0
48079,272.0
31092,609.0
45060,260.0
21032,936.0
17062,14994.0
39029,526.0
45061,4551.0
40073,416.0
45062,983.0
19110,182.0
23031,387.0
40074,239.0
19111,297.0
50101,1361.0
24069,37.0
40075,215.0
42079,29.0
19112,212.0
07019,174.0
28054,9836.0
44097,180.0
44099,581.0
10073,597.0
37125,313.0
18072,586.0
32031,1084.0
47061,257.0
20034,1931.0
31094,104.0
12057,1070.0
37126,46.0
49062,320.0
12058,178.0
06046,719.0
06047,623.0
06048,818.0
08076,10489.0
41040,5512.0
31095,74.0
37127,259.0
42080,383.0
14025,2004.0
42081,204.0
23032,406.0
11017,1906.0
14026,1689.0
40076,9038.0
17063,119.0
37128,208.0
34070,250.0
09122,88.0
19113,796.0
05072,73.0
09124,2194.0
34071,174.0
09123,30.0
45063,728.0
40077,1022.0
19114,108.0
25081,381.0
43054,2327.0
08077,19453.0
22099,369.0
17064,277.0
17065,168.0
07020,2263.0
25082,474.0
31096,118.0
08078,116.0
45064,2523.0
19115,173.0
22102,122.0
22103,504.0
25088,66.0
08079,319.0
25085,111.0
31097,7420.0
07021,329.0
41041,5985.0
42082,26.0
09125,489.0
29051,50082.0
44100,328.0
31098,1347.0
25086,1118.0
25087,61.0
46120,1088.0
26060,123.0
22105,191.0
36017,11263.0
45065,632.0
28055,957.0
19116,83.0
46121,87.0
31099,44.0
31082,438.0
31084,1269.0
31085,334.0
48029,4410.0
48030,412.0
31100,166.0
31101,789.0
26061,4138.0
31093,190.0
20035,267.0
31102,81.0
31103,42.0
50102,752.0
24070,2359.0
03067,106.0
22106,79.0
31104,1406.0
43055,1796.0
03068,82.0
22107,136.0
12059,310.0
17005,218.0
29052,229.0
49063,342.0
49064,607.0
50104,201.0
25089,88.0
38012,1925.0
43056,631.0
46122,2009.0
46123,1369.0
50105,338.0
50106,207.0
43057,53.0
07022,10839.0
04043,490.0
15035,7380.0
02031,727.0
06049,1056.0
49065,1402.0
13040,931.0
14027,4879.0
18074,274.0
49066,548.0
49067,381.0
07023,2219.0
49068,435.0
44101,84.0
15036,42063.0
08134,535.0
08080,28.0
25908,282.0
43058,190.0
17066,20941.0
43059,216.0
12060,477.0
49069,618.0
50107,582.0
04044,1285.0
03069,5637.0
04045,1548.0
35008,3370.0
22109,390.0
15037,3766.0
31105,1228.0
17067,509.0
43060,2348.0
05073,310.0
25092,158.0
37129,242.0
08082,809.0
08081,244.0
46126,3556.0
17068,229.0
24071,555.0
27017,947.0
08083,934.0
47062,210.0
50108,42.0
47063,86.0
26062,90.0
25093,315.0
03077,1971.0
04046,1237.0
18076,504.0
44102,47.0
49071,801.0
08084,781.0
27018,2846.0
46128,1720.0
46127,2371.0
17069,1127.0
19117,1158.0
13041,265.0
46124,570.0
17070,123.0
17071,509.0
31106,408.0
47064,41.0
09127,93.0
05074,548.0
08085,674.0
22110,716.0
26063,248.0
25094,156.0
22111,166.0
17902,995.0
12061,546.0
36018,2599.0
43061,85.0
37130,121.0
07024,7274.0
03070,3495.0
44103,245.0
07025,555.0
17073,912.0
36019,992.0
44105,165.0
46125,525.0
44106,294.0
17074,342.0
30020,4821.0
48906,496.0
27019,10146.0
44107,247.0
15038,1161.0
37131,211.0
22112,6272.0
50109,102.0
23033,1031.0
33023,1791.0
09128,145.0
08086,7676.0
50110,534.0
34072,202.0
42083,42.0
06050,3229.0
37132,440.0
43062,233.0
18078,795.0
50111,144.0
16083,116.0
40078,132.0
16084,132.0
09129,135.0
44108,576.0
05075,182.0
28056,851.0
37133,142.0
10075,369.0
09130,113.0
09131,362.0
37134,182.0
40079,924.0
42084,89.0
40080,157.0
49075,125.0
49076,223.0
24073,432.0
09132,194.0
09133,31.0
49077,189.0
28057,1129.0
34073,153.0
47065,612.0
05076,382.0
09134,554.0
44109,253.0
49078,154.0
29053,2002.0
27020,2294.0
34074,553.0
38013,2496.0
16085,257.0
48035,270.0
40081,222.0
19118,51.0
13042,869.0
38014,1053.0
19119,114.0
50113,444.0
50114,129.0
44110,94.0
29054,47537.0
28058,70835.0
06051,1520.0
13043,286.0
26064,1783.0
47066,858.0
45066,6132.0
02032,538.0
23034,1635.0
30021,9363.0
06052,2425.0
16086,974.0
29055,1638.0
37135,1061.0
40082,116.0
06053,605.0
06054,3294.0
13044,1387.0
40083,187.0
40084,76.0
05077,118.0
28059,2858.0
47067,106.0
49079,98.0
14028,269.0
12063,195.0
14029,3423.0
14030,5202.0
18079,2199.0
02033,1459.0
02034,1127.0
42085,470.0
09135,103.0
42086,60.0
42087,67.0
09136,377.0
37136,762.0
21033,621.0
19120,180.0
49080,700.0
09137,217.0
19121,357.0
16087,246.0
16088,251.0
37137,80.0
09138,127.0
42088,147.0
19122,219.0
42089,85.0
19123,104.0
09139,133.0
16904,594.0
09140,247.0
19124,634.0
47068,43.0
40086,623.0
42090,96.0
40087,108.0
40088,433.0
37138,206.0
46129,524.0
16089,355.0
44111,100.0
44112,426.0
41042,3484.0
05078,114.0
12064,158.0
37139,323.0
24074,120.0
50115,2439.0
50116,290.0
06055,1647.0
42092,122.0
34076,517.0
37140,586.0
49082,411.0
44113,169.0
34077,335.0
49081,1066.0
40089,282.0
49083,64.0
40091,146.0
44114,290.0
09141,426.0
49084,206.0
42093,76.0
14031,485.0
40092,214.0
28060,1419.0
23035,800.0
16091,201.0
22113,467.0
25096,644.0
25097,109.0
31107,1336.0
31108,1187.0
16092,154.0
18905,10276.0
20038,248.0
04047,1732.0
08090,130.0
03072,420.0
12065,622.0
20037,70.0
19125,104.0
37141,187.0
28061,15187.0
19126,1345.0
31109,1095.0
21034,1037.0
09143,27.0
26065,78.0
48036,12861.0
48037,530.0
35009,11142.0
49085,1803.0
18082,1214.0
43063,452.0
26066,277.0
37142,775.0
37143,466.0
37144,278.0
10076,790.0
04048,1724.0
09144,66.0
40093,213.0
05079,178.0
37145,314.0
47069,89.0
05080,166.0
37146,279.0
49086,99.0
49087,549.0
08087,117.0
26067,28.0
31110,163.0
50117,136.0
31111,92.0
50118,1812.0
44115,98.0
19127,193.0
45067,1867.0
48038,511.0
49088,117.0
43064,1476.0
46131,54592.0
16093,226.0
38015,2176.0
38016,1299.0
48039,123.0
31112,72.0
06056,459.0
43065,428.0
10077,842.0
37147,194.0
37148,354.0
40094,374.0
45068,156.0
37149,60.0
31113,130.0
44116,158.0
28062,658.0
05081,68.0
10079,785.0
10078,592.0
10080,327.0
28063,936.0
10081,214.0
43066,115.0
31114,266.0
06057,568.0
24076,1061.0
31115,118.0
42094,502.0
08088,6988.0
17075,255.0
17076,114.0
17077,465.0
41043,484.0
06058,1252.0
10082,1913.0
04049,6063.0
10083,187.0
28064,171.0
16094,347.0
19129,123.0
11018,1019.0
10084,1193.0
03071,3839.0
48040,707.0
47070,84.0
46902,837.0
29056,1239.0
48041,569.0
08089,21428.0
46130,539.0
25098,260.0
05082,855.0
20907,70.0
44117,437.0
37150,21.0
12067,549.0
08091,3905.0
50119,702.0
41044,4029.0
49090,206.0
05083,178.0
29057,459.0
23037,513.0
31116,90.0
46132,1514.0
17078,581.0
41045,3239.0
04050,1072.0
47071,248.0
45069,1488.0
48046,7748.0
46133,965.0
28065,68984.0
20039,1305.0
48044,33062.0
21035,4882.0
33024,147149.0
05085,82.0
05084,170.0
41046,1906.0
46134,2528.0
25912,493.0
05086,97.0
26068,119.0
44118,335.0
41047,4912.0
43067,493.0
02035,1403.0
17079,47446.0
08092,2845.0
08093,37.0
22114,76.0
48047,90.0
18083,220.0
43068,542.0
46135,5964.0
46136,3160.0
50120,74.0
31117,438.0
18084,2390.0
42095,1499.0
25099,778.0
02036,97.0
37151,116.0
42096,380.0
17080,192.0
37152,344.0
32033,649.0
40095,365.0
36021,6283.0
31118,121.0
18085,838.0
18086,460.0
24077,269.0
48042,957.0
10085,359.0
24078,441.0
03073,220.0
48043,4552.0
42097,46.0
25100,384.0
05087,119.0
50121,257.0
33025,8069.0
24079,1160.0
33026,6822.0
22115,588.0
16095,124.0
16096,191.0
24080,206.0
40097,343.0
18087,139969.0
21036,147.0
08094,965.0
25101,524.0
38017,20799.0
21037,358.0
13045,735.0
33027,643.0
05088,49.0
08095,91.0
46137,193.0
49091,233.0
03074,1068.0
06059,1590.0
25102,554.0
10086,262.0
14032,265.0
08096,26125.0
49092,184.0
25103,94.0
25105,148.0
25104,113.0
22116,970.0
26069,399.0
43069,235.0
22117,2633.0
26070,200.0
11019,1439.0
44119,196.0
09148,99.0
34079,1996.0
28066,3879.0
09149,72.0
50122,99.0
50123,368.0
36022,7787.0
18088,1185.0
19130,40199.0
44120,202.0
41048,1722.0
14033,792.0
28067,3533.0
13046,725.0
10087,1855.0
45070,1017.0
28068,9539.0
46138,249.0
46139,3235.0
18089,9798.0
37154,127.0
18906,944.0
08097,790.0
18093,3666.0
17081,219.0
38018,2195.0
36023,6306.0
46140,1079.0
03076,22264.0
23038,1944.0
45071,1634.0
08099,818.0
34080,4071.0
06060,3490.0
29058,1135.0
49093,248.0
23039,1290.0
34081,83.0
44121,130.0
32034,1102.0
18094,1777.0
48045,3143.0
31119,55.0
31120,472.0
18095,1176.0
38019,14449.0
43070,142.0
37155,110.0
10088,333.0
10089,840.0
10090,564.0
10091,472.0
14034,316.0
37156,3129.0
41049,5543.0
17082,778.0
38020,10432.0
25109,422.0
25903,454.0
31121,67.0
05089,683.0
25110,2517.0
27022,3564.0
25111,144.0
09151,702.0
09152,405.0
27023,1610.0
08100,792.0
39030,1064.0
22119,944.0
24081,163.0
05090,99.0
06061,968.0
09154,227.0
01056,213.0
35010,3809.0
26071,8426.0
09155,37.0
39031,916.0
06062,783.0
02037,14384.0
16097,416.0
19132,135.0
19133,134.0
12068,154.0
26072,242.0
13047,4283.0
45072,868.0
10092,511.0
37157,117.0
37158,311.0
37159,121.0
39032,1245.0
34082,124.0
38021,1028.0
49094,496.0
20040,8550.0
10093,364.0
05092,138.0
20041,131.0
05093,1495.0
26073,162.0
41050,3355.0
10094,310.0
50124,526.0
34083,1781.0
42098,47.0
34084,159.0
06063,2375.0
02038,291.0
19134,72.0
39033,418.0
05094,185.0
10095,342.0
45073,430.0
47073,140.0
16098,527.0
10096,3044.0
26074,242.0
19135,258.0
10097,129.0
23041,427.0
06064,1034.0
21038,1074.0
05095,536.0
06065,322.0
06066,1243.0
06067,1520.0
12069,118.0
02039,899.0
46141,515.0
05096,149.0
44122,1367.0
19136,100.0
49095,246.0
10098,644.0
21039,296.0
23042,258.0
21040,1990.0
37160,654.0
44123,126.0
45074,608.0
42100,58.0
14035,4770.0
06068,317.0
16099,243.0
13048,653.0
16100,774.0
31256,65.0
28069,141.0
19138,505.0
16101,197.0
10099,528.0
19139,97.0
20036,8258.0
03078,902.0
16102,1105.0
40099,111.0
40100,401.0
45075,188.0
40101,779.0
09159,49.0
16103,301.0
09160,150.0
16104,178.0
19142,803.0
34086,89.0
09162,178.0
09164,277.0
09163,724.0
05097,733.0
28070,385.0
05099,388.0
13049,741.0
37161,264.0
16106,2429.0
37162,270.0
28071,165.0
19143,1782.0
09166,206.0
45076,1539.0
26075,313.0
26076,131.0
06069,2379.0
14036,2608.0
05100,417.0
26077,20.0
34087,108.0
47074,234.0
09167,53.0
23043,504.0
26078,108.0
09168,288.0
43071,1197.0
19145,112.0
09169,146.0
24082,862.0
08101,112065.0
08162,1492.0
17083,2175.0
37163,72.0
02040,294.0
09170,267.0
28072,5003.0
05102,2498.0
05101,520.0
05103,126.0
10100,819.0
05106,76.0
05104,52.0
05105,401.0
22122,119.0
44124,263.0
22908,156.0
31122,2947.0
45077,539.0
04051,310.0
10101,136.0
18096,309.0
16107,218.0
23044,3722.0
21041,67741.0
16108,172.0
18097,719.0
04052,7095.0
04053,9295.0
26079,619.0
19146,142.0
16109,134.0
09172,116.0
19147,111.0
37164,223.0
09173,153.0
16110,159.0
09174,1023.0
45078,1298.0
16111,269.0
19148,138.0
22124,181.0
40103,145.0
23045,1270.0
44125,212.0
22125,28284.0
18098,4972.0
16112,2123.0
18099,1047.0
18100,4841.0
18101,5280.0
19150,197.0
41051,1019.0
09175,230.0
19151,1312.0
28073,7075.0
29059,1640.0
09176,47.0
05107,128.0
34088,255.0
10102,685.0
31124,149.0
20042,1818.0
48048,676.0
50125,587.0
09177,973.0
03079,11802.0
33028,1582.0
22126,79.0
09178,53.0
23046,1686.0
38022,9980.0
20043,1065.0
31259,287.0
26080,619.0
09179,75.0
09180,106.0
44126,382.0
45079,652.0
48094,1931.0
22127,268.0
08102,20036.0
29060,625.0
24083,874.0
31125,200.0
20044,194.0
22128,127.0
36901,2632.0
45080,7.0
19152,1698.0
33029,341.0
04054,325.0
33030,612.0
45081,11941.0
18102,5200.0
50126,1616.0
31126,232.0
07027,14313.0
27024,1189.0
35011,12738.0
16113,2430.0
19153,33.0
04055,360.0
19154,120.0
31127,91.0
32035,1817.0
15039,901.0
23047,1394.0
37165,43.0
19155,163.0
20045,26822.0
01901,1616.0
20046,722.0
01027,251.0
31904,961.0
31128,435.0
22129,258.0
09181,370.0
47075,3290.0
21042,18078.0
41902,2629.0
25115,986.0
17084,427.0
48049,369.0
29061,1158.0
50128,67.0
34089,158.0
09182,94.0
18103,597.0
20047,292.0
37166,231.0
40104,1107.0
31129,440.0
31130,232.0
48910,1744.0
25112,164.0
25113,802.0
25114,73.0
31131,665.0
31132,108.0
24084,293.0
31133,33.0
14037,2994.0
18105,3796.0
29062,459.0
23048,916.0
48050,117.0
44127,160.0
23049,1081.0
21043,1335.0
22130,16075.0
03080,1251.0
19156,1402.0
23050,54628.0
17085,177.0
46142,915.0
26081,37.0
49096,141.0
23051,1825.0
12070,678.0
50129,340.0
46144,959.0
10103,623.0
10104,4057.0
09183,124.0
09184,28.0
10105,2231.0
10106,210.0
50130,468.0
44128,80.0
22131,213.0
44129,63.0
50131,182.0
31134,139.0
03082,25274.0
31135,43.0
18107,692.0
11020,92015.0
06070,5088.0
18108,1156.0
12071,1925.0
10107,1015.0
18109,436.0
03083,4438.0
23052,901.0
11021,4857.0
29063,531.0
19157,90.0
24086,330.0
23053,5848.0
17086,1314.0
08103,430.0
44130,90.0
02041,484.0
44131,129.0
25910,239.0
50132,465.0
40105,92.0
40106,312.0
29064,595.0
17087,144.0
30022,12118.0
18111,1475.0
05108,182.0
25118,321.0
25119,1731.0
09189,205.0
09190,152.0
09191,123.0
09192,123.0
31136,235.0
49097,273.0
18112,194.0
37167,121.0
29065,182.0
48022,1690.0
48907,200.0
01019,116.0
01020,336.0
40107,190.0
01028,1567.0
13050,414.0
22133,173.0
18115,1936.0
10108,392.0
45082,1062.0
34091,102.0
50133,158.0
01030,235.0
01031,1276.0
44132,86.0
24087,418.0
26082,172.0
40108,218.0
47076,9835.0
24088,974.0
16115,97.0
16116,114.0
37168,602.0
26083,300.0
23040,869.0
31138,673.0
36024,11729.0
22135,181.0
22136,560.0
36025,1527.0
39034,236.0
31139,165.0
22137,916.0
27026,1534.0
01032,600.0
16117,1225.0
48051,194.0
05109,276.0
42103,904.0
50134,208.0
47077,202.0
33031,24963.0
40109,137.0
18116,2517.0
34092,304.0
01902,699.0
18117,555.0
41052,1728.0
31140,85.0
05110,1001.0
44133,38.0
06071,192.0
22139,78.0
31141,176.0
01033,548.0
15041,6104.0
26084,5847.0
39035,16321.0
32038,473.0
04056,193.0
48052,1004.0
31142,1133.0
31143,70.0
20048,201.0
31144,461.0
37169,207.0
23054,381.0
20902,7172.0
22141,150.0
22142,103.0
22143,341.0
22144,294.0
40110,492.0
40111,86.0
40112,1891.0
01036,8550.0
04057,1315.0
48053,431.0
33032,8523.0
15040,2802.0
50135,135.0
45083,516.0
32039,1846.0
31145,144.0
20049,2306.0
20050,161.0
31146,58.0
41053,11931.0
50136,660.0
50138,44.0
50137,701.0
18119,1434.0
19159,248.0
16118,1255.0
37170,1344.0
26086,49.0
34094,87.0
37171,370.0
28074,75514.0
16119,358.0
31147,78.0
31148,94.0
20051,3940.0
20052,696.0
01058,965.0
20068,121.0
48054,12306.0
32040,1502.0
31149,1386.0
26087,386.0
48057,5374.0
31908,825.0
48055,1836.0
48056,832.0
33033,7927.0
18120,240.0
24089,78725.0
31150,200.0
21044,19266.0
31151,87.0
31152,1157.0
09194,2164.0
25121,554.0
31153,1278.0
02042,1057.0
50139,396.0
01034,254.0
26088,50.0
48081,1045.0
31154,154.0
20053,2550.0
02043,1255.0
30023,2840.0
44135,206.0
42105,64.0
44136,77.0
31155,228.0
39036,1031.0
39037,1231.0
02044,1236.0
04058,335.0
45084,1906.0
39038,1840.0
23055,29276.0
21045,271.0
44137,337.0
37172,832.0
11022,28722.0
25122,1359.0
50140,237.0
50141,163.0
20054,306.0
31156,197.0
08104,726.0
17088,389.0
25123,192.0
25124,137.0
08105,5697.0
17089,4452.0
24092,780.0
17090,392.0
17091,848.0
17092,8924.0
33035,6839.0
46154,512.0
33036,12890.0
09195,62.0
47079,52.0
38024,10106.0
05113,245.0
13904,308.0
25125,346.0
46155,781.0
25126,318.0
44141,130.0
25120,66415.0
06073,619.0
06074,3125.0
17093,466.0
25127,358.0
03085,803.0
08107,6596.0
08108,2699.0
25128,133.0
08106,4352.0
46147,12069.0
17094,2598.0
43072,114.0
25129,83.0
46152,81.0
46153,372.0
46151,476.0
46156,1413.0
43073,101.0
43074,1110.0
17095,23530.0
07028,696.0
46157,1519.0
12074,572.0
07029,2819.0
17096,176.0
07030,1472.0
08109,239.0
07031,19969.0
46150,1314.0
22149,294.0
32041,836.0
50142,49.0
32042,1686.0
06072,1468.0
18121,195.0
31157,2525.0
28075,3563.0
26089,77650.0
10109,1920.0
48903,1099.0
18122,10877.0
34903,296.0
34096,58.0
45085,1296.0
47078,117.0
50143,506.0
50144,51.0
31158,181.0
23056,2037.0
22150,431.0
41054,595.0
41055,9008.0
19160,889.0
30024,36985.0
03084,523.0
46148,922.0
30025,3318.0
46149,616.0
40113,418.0
49098,218.0
49099,142.0
10110,2158.0
05112,284.0
22151,83.0
44138,227.0
42106,19.0
27027,1471.0
15042,1479.0
28076,787.0
28901,1930.0
49100,712.0
04059,1647.0
04060,516.0
04061,589.0
14038,19898.0
50146,199.0
12072,1392.0
21046,1067.0
50147,654.0
13051,345.0
24090,519.0
45086,727.0
12073,385.0
49101,190.0
39039,582.0
50148,319.0
50149,53.0
27028,59623.0
18123,335.0
41056,2093.0
18124,654.0
31159,868.0
37173,1672.0
26091,164.0
50150,648.0
50151,739.0
19161,299.0
22905,249.0
23057,521.0
14039,2029.0
31160,105.0
24091,501.0
19162,193.0
31248,218.0
19163,163.0
04062,2995.0
17102,615.0
17103,3864.0
46158,1253.0
32043,2929.0
37175,305.0
29066,249.0
37174,1110.0
28078,78.0
49102,226.0
40115,196.0
17097,145.0
28079,1530957.0
49103,366.0
45087,5383.0
10111,1940.0
05114,1025.0
09196,131.0
10112,1611.0
09197,151.0
02045,2434.0
37176,142.0
10113,2089.0
41057,308.0
50152,1265.0
05115,2144.0
06075,599.0
50153,729.0
45088,2243.0
42107,222.0
24093,540.0
34098,724.0
06076,683.0
09198,150.0
49104,538.0
02046,934.0
17098,254.0
25133,622.0
44142,78.0
37177,315.0
50154,136.0
49105,127.0
41058,9774.0
41059,18722.0
28080,24645.0
10114,593.0
16121,298.0
19165,99.0
42108,40.0
29067,254658.0
19166,242.0
13052,5091.0
19167,202.0
18126,775.0
50155,158.0
06077,393.0
25130,246.0
50156,222.0
08110,10184.0
08111,98.0
48058,537.0
50160,1814.0
50157,362.0
37178,167.0
10115,2677.0
05116,156.0
06078,463.0
10116,2541.0
15043,4807.0
45089,1369.0
50159,577.0
49107,181.0
05117,163.0
09199,127.0
09200,170.0
09201,105.0
07033,23766.0
37179,219.0
05118,150.0
23058,5595.0
06079,401.0
50161,162.0
09202,34.0
07034,636.0
19168,434.0
49108,668.0
49109,479.0
29068,13058.0
46159,14530.0
05119,116.0
26092,98.0
08112,8770.0
34099,46.0
08113,39605.0
26093,79.0
24094,1428.0
24095,311.0
19169,103.0
34100,106.0
46160,1555.0
49110,562.0
49112,263.0
49111,165.0
13053,9714.0
26094,109.0
28082,5533.0
32044,808.0
45090,401.0
44143,1203.0
21047,1142.0
47080,55.0
37180,93.0
48059,249.0
31161,242.0
15044,1142.0
07032,13613.0
45091,429.0
50162,202.0
18127,9390.0
19170,779.0
24096,142.0
31162,74.0
40903,172.0
40118,113.0
29069,86700.0
43076,507.0
10117,213.0
18128,225.0
19171,3415.0
41060,8815.0
31163,1540.0
34101,74.0
43075,135.0
08242,198.0
04063,966.0
50163,2340.0
07035,1250.0
16122,248.0
36026,12125.0
39040,2805.0
41061,1226.0
46161,1167.0
21048,352.0
45092,273.0
48060,2304.0
05120,55.0
23059,3407.0
50902,74.0
07036,12623.0
45093,217.0
37181,350.0
05121,285.0
41062,1039.0
37183,345.0
44144,359.0
40119,216.0
40120,192.0
40121,435.0
37182,95.0
05122,265.0
08114,10715.0
08115,2182.0
23060,12466.0
40122,1519.0
48061,393.0
47081,41.0
43077,439.0
44145,983.0
17100,138.0
45094,448.0
43078,525.0
16123,160.0
02047,284.0
19172,150.0
32045,2253.0
08116,314.0
08117,1330.0
43079,442.0
08118,10366.0
43080,160.0
43081,446.0
08119,4424.0
43082,383.0
46162,900.0
25131,289.0
46163,1226.0
46164,8049.0
46165,4420.0
17101,446.0
25132,133.0
37184,414.0
10118,314.0
40124,172.0
37186,103.0
44146,180.0
12075,208.0
45095,742.0
40123,428.0
24097,209.0
08120,3333.0
42110,123.0
24098,1217.0
42111,351.0
24099,323.0
38025,3843.0
47082,692.0
08121,54310.0
19173,193.0
12076,259.0
49113,140.0
47083,77.0
37187,392.0
49114,43.0
40125,106.0
19174,203.0
26095,200.0
37188,200.0
49115,278.0
47084,1098.0
44147,446.0
45096,783.0
19175,133.0
15045,1763.0
34102,146.0
30026,29137.0
39041,1068.0
19176,424.0
34103,101.0
09206,88.0
36027,2243.0
09208,276.0
28083,5222.0
06080,1170.0
50164,320.0
05123,128.0
06081,924.0
09209,8428.0
47086,2761.0
47085,10784.0
42113,932.0
11023,5682.0
05124,374.0
39042,3333.0
08122,1935.0
19177,232.0
26096,288.0
47087,307.0
19178,105.0
27029,1055.0
36028,2142.0
45097,873.0
28084,8502.0
47088,165.0
47089,220.0
09211,1298.0
49116,350.0
34104,228.0
46166,5398.0
31164,513.0
15046,5950.0
52001,26233.0
32046,1276.0
40126,140.0
40127,85.0
37189,114.0
13054,3173.0
19179,282.0
10119,755.0
25134,528.0
45098,1871.0
20901,924.0
48062,207.0
31165,2298.0
31166,254.0
48063,263.0
31167,676.0
34106,147.0
06082,252.0
05125,90.0
23061,4702.0
45099,3789.0
48064,283.0
50165,1257.0
17099,88.0
32047,2012.0
07037,5481.0
06083,28985.0
09213,968.0
09214,1334.0
09906,1221.0
09215,879.0
09216,1067.0
09217,731.0
39043,1513.0
10120,271.0
16124,1442.0
05126,148.0
45100,268.0
15047,1466.0
50166,290.0
13055,742.0
31168,159.0
50167,171.0
44148,107.0
32048,929.0
10121,5247.0
50168,46.0
49117,440.0
34107,75.0
50169,352.0
19181,161.0
39044,4125.0
39045,224.0
33037,23650.0
17105,220.0
19182,77.0
37190,284.0
07902,913.0
45101,2656.0
40128,190.0
13056,7573.0
05127,1162.0
29070,50806.0
43083,99.0
31169,1620.0
09218,349.0
37191,130.0
19184,155.0
10122,203.0
46167,551.0
03086,124.0
49118,158.0
19183,214.0
21049,2277.0
02048,1147.0
16125,1400.0
05128,424.0
15048,5667.0
42115,158.0
42116,102.0
19185,189.0
16126,917.0
10123,716.0
19186,142.0
28085,4816.0
31170,59.0
25135,576.0
19187,124.0
46168,4710.0
44149,168.0
31171,607.0
37192,273.0
09219,20879.0
37193,566.0
06084,927.0
09220,164.0
43084,492.0
44150,83.0
05129,181.0
05130,174.0
05131,231.0
46169,21169.0
36029,9672.0
45102,2158.0
19188,171.0
18132,2733.0
29071,519.0
09221,410.0
15049,890.0
35012,14013.0
37194,301.0
46170,2821.0
21050,8068.0
10124,640.0
45103,544.0
19189,173.0
08138,3452.0
04064,8536.0
47090,1857.0
04903,2635.0
49119,171.0
28086,3491.0
43085,238.0
41063,1363.0
49120,158.0
19190,2831.0
30027,31408.0
24100,642.0
02049,1256.0
37195,77.0
44151,355.0
42117,245.0
28087,2871.0
08123,11428.0
39046,1054.0
25137,6577.0
17106,137.0
08124,22442.0
29072,2555.0
17107,453.0
25136,46.0
18133,1392.0
05132,1116.0
42118,43.0
49121,433.0
18134,7416.0
19191,39.0
09223,72.0
09224,176.0
47091,89.0
46171,10992.0
09225,121.0
12077,11899.0
29073,1283.0
36030,2678.0
36031,673.0
19192,1637.0
27030,2727.0
50170,233.0
22155,49.0
06085,2421.0
50171,148.0
49122,568.0
15050,1108.0
22156,179.0
37196,117.0
27031,13261.0
44152,128.0
03088,4914.0
08128,517.0
08127,1621.0
37197,92.0
37198,257.0
03089,6767.0
50172,227.0
44153,1623.0
16128,67.0
31172,280.0
10125,789.0
44154,270.0
37199,225.0
05133,110.0
17109,461.0
44155,1072.0
14040,2067.0
16129,199.0
16130,660.0
02050,112.0
49123,473.0
12078,548.0
10126,1694.0
12079,1251.0
22157,233.0
19193,62.0
46173,920.0
43086,4003.0
43088,1378.0
08125,15910.0
08130,69.0
31173,534.0
16131,154.0
42119,371.0
44156,108.0
47092,113.0
02051,1235.0
45104,507.0
32049,947.0
18135,2602.0
10127,3300.0
29074,960.0
18136,1732.0
37200,176.0
40129,174.0
28088,411.0
40130,186.0
42120,604.0
25139,651.0
41064,3724.0
14041,1897.0
47093,803.0
37201,304.0
06086,1082.0
42121,112.0
50173,229.0
44157,161.0
32050,2404.0
27032,2979.0
40131,133.0
37202,556.0
09226,71.0
06087,1932.0
37203,161.0
46174,717.0
45105,470.0
03903,3287.0
08131,586.0
25140,966.0
43089,302.0
25138,397.0
08126,4731.0
13057,1178.0
06088,8190.0
14042,11137.0
18137,881.0
46175,331.0
23062,1082.0
08132,250.0
08133,103.0
43090,1540.0
08135,3592.0
25142,307.0
25141,173.0
50174,149.0
09227,166.0
25143,62.0
08136,6645.0
14043,4926.0
43091,173.0
17110,724.0
43092,14057.0
46176,1584.0
08137,261.0
46172,6972.0
07038,1620.0
14044,977.0
22158,8612.0
34108,510.0
45106,5420.0
44158,1934.0
43093,3211.0
43094,1517.0
09228,201.0
13058,3436.0
40132,160.0
47094,134.0
49124,173.0
18138,1315.0
10128,4560.0
28089,1779.0
47095,27.0
05134,64.0
49126,225.0
49125,1050.0
47096,121.0
49128,424.0
49129,700.0
49130,185.0
49127,1609.0
49131,201.0
28090,6045.0
36032,1677.0
37204,312.0
50175,1120.0
50176,290.0
28091,3394.0
30028,5841.0
19194,215.0
34109,59.0
10129,300.0
33038,1714.0
01039,183.0
18909,565.0
43095,1465.0
12080,2257.0
19195,81.0
31174,82.0
43096,162.0
06089,407.0
49132,235.0
49133,316.0
50177,386.0
48066,283.0
14045,1976.0
37205,246.0
37206,104.0
37207,317.0
42123,250.0
41065,14389.0
37208,87.0
50178,395.0
36033,5260.0
44159,95.0
44160,638.0
28092,79592.0
16132,58.0
16133,3229.0
47097,303.0
16134,3345.0
02052,329.0
18140,35761.0
16135,441.0
35013,4498.0
50179,308.0
37209,406.0
40134,755.0
50180,184.0
47098,436.0
34110,109.0
47099,135.0
19196,119.0
50181,705.0
50182,3305.0
49134,307.0
49135,769.0
31175,118.0
49136,324.0
15051,3272.0
32051,1474.0
30029,7523.0
48068,1609.0
50183,348.0
02053,2483.0
48069,7492.0
44161,626.0
26098,271.0
48007,304.0
08129,314.0
05135,578.0
05136,208.0
05138,333.0
05139,68.0
05140,64.0
40135,320.0
05141,80.0
05142,113.0
05143,203.0
40136,208.0
08139,238.0
27033,530.0
31176,1760.0
30030,207571.0
50184,155.0
24101,737.0
47100,154.0
42124,71.0
42125,72.0
31177,258.0
50185,244.0
26099,1461.0
31178,397.0
31179,390.0
03091,518.0
07039,4234.0
26100,145.0
03092,4937.0
26101,71.0
15053,5662.0
33039,1479.0
18141,570.0
48908,166.0
31180,211.0
46177,3175.0
48071,3486.0
20057,137.0
20056,2697.0
03090,11529.0
15052,2951.0
48067,610.0
48909,139.0
04065,463.0
42127,98.0
26102,4780.0
26103,913.0
25145,119.0
45107,2498.0
46178,6703.0
16137,175.0
15054,20060.0
05144,178.0
05145,96.0
42128,72.0
37211,210.0
05149,110.0
05147,172.0
05148,189.0
25025,3734.0
33040,3322.0
05152,486.0
37213,131.0
37214,184.0
40138,1813.0
45108,649.0
09229,234.0
06090,641.0
37215,185.0
05153,258.0
47101,1495.0
21051,243.0
37212,266.0
05151,228.0
28093,2297.0
10130,1288.0
05154,94.0
05155,120.0
40139,541.0
45109,3189.0
05156,779.0
12081,1374.0
26104,47.0
22160,196.0
05157,663.0
28094,1184.0
28095,1403.0
45110,2064.0
28096,12065.0
42129,855.0
37216,267.0
40140,225.0
40141,669.0
05158,859.0
37217,89.0
10131,8593.0
45111,112.0
45112,2041.0
05159,360.0
05160,527.0
05161,1646.0
05162,225.0
13059,303.0
45113,2544.0
05163,4316.0
10132,404.0
06091,2952.0
37218,145.0
45114,921.0
05164,96.0
08140,3047.0
50186,47.0
40142,123.0
40143,218.0
40144,84.0
01041,173.0
05165,601.0
37219,248.0
28097,323.0
05166,664.0
46179,1944.0
26105,1645.0
05167,579.0
08141,3299.0
09230,41.0
13060,354.0
19197,42.0
02054,306.0
41066,1025.0
40145,990.0
40904,359.0
40146,531.0
23063,2827.0
10133,999.0
05168,5094.0
28099,1736.0
31181,223.0
37221,589.0
17111,753.0
05169,480.0
05170,185.0
25146,214.0
10134,504.0
33041,4589.0
27034,1092.0
49137,118.0
31182,45.0
09231,102.0
15055,2658.0
19198,63.0
15056,3880.0
37222,89.0
27035,192.0
09232,237.0
05171,137.0
42130,56.0
29075,16394.0
02055,1360.0
21052,2929.0
26106,70.0
18903,1284.0
36034,2553.0
21053,1908.0
40148,266.0
26107,193.0
36035,11007.0
18143,801.0
50187,98.0
05172,167.0
04066,13304.0
18144,587.0
31088,3388.0
23064,1166.0
45115,1794.0
24102,441.0
45116,749.0
27037,652.0
34112,53.0
06092,542.0
32052,2598.0
44163,162.0
44164,87.0
44165,331.0
15057,8303.0
39047,11890.0
42131,70.0
45117,1062.0
50188,68.0
50189,832.0
33042,2772.0
08142,106.0
43097,257.0
22162,86.0
50190,706.0
03093,13211.0
46180,484.0
45118,1851.0
42132,171.0
50191,391.0
03094,8771.0
22163,313.0
14046,2688.0
47102,232.0
50192,255.0
28100,3941.0
50193,541.0
12082,8858.0
43098,322.0
45119,2562.0
45120,255.0
10135,1288.0
31183,641.0
14047,1035.0
44167,252.0
45121,7154.0
19199,91.0
31185,365.0
26109,135.0
31184,35.0
26108,344.0
25148,121.0
08143,1630.0
31186,207.0
44168,229.0
24103,367.0
17112,290.0
18145,6616.0
04067,709.0
36036,1654.0
20063,3874.0
32053,1444.0
31187,68.0
26110,247.0
29076,1661.0
30031,260.0
44169,559.0
05173,158.0
01042,528.0
20058,440.0
31188,147.0
31189,862.0
44171,499.0
34113,33.0
15058,18651.0
31190,30.0
08145,1701.0
08146,917.0
08147,10312.0
25149,1162.0
45122,3510.0
44172,697.0
25150,126.0
31191,2174.0
25151,487.0
46181,19035.0
06093,3492.0
06094,938.0
10136,381.0
35014,11253.0
19200,194.0
41067,4054.0
47103,244.0
16139,534.0
08148,1967.0
06095,5736.0
26111,380.0
46183,4014.0
31194,257.0
19201,87.0
19202,44.0
16140,97.0
28101,284.0
16141,254.0
16142,182.0
16143,54.0
09235,247.0
47104,2165.0
37223,144.0
49138,272.0
09236,40.0
47105,148.0
34114,279.0
47106,72.0
44173,153.0
46182,2382.0
12083,105.0
40149,657.0
31192,141.0
08149,605.0
17114,16757.0
25152,139.0
04068,214.0
04069,3487.0
08144,505.0
42134,2237.0
22164,56.0
11024,4162.0
50194,209.0
24104,354.0
25153,150.0
25154,181.0
42135,148.0
12084,13237.0
03095,3417.0
48073,4036.0
03096,4241.0
33043,630.0
45123,2341.0
46184,18036.0
22165,377.0
02056,1365.0
24105,1030.0
09238,1255.0
20059,5208.0
09239,60.0
03097,1649.0
37224,170.0
31195,147.0
09241,127.0
31196,29.0
05174,85.0
50195,69.0
18146,862.0
23065,1360.0
15059,7043.0
19203,143.0
17115,162.0
20076,4318.0
19204,370.0
40150,202.0
06096,411.0
06097,2115.0
20905,94.0
50196,145.0
50197,124.0
20060,57.0
25155,749.0
45124,1592.0
18147,3311.0
04070,1359.0
03099,69486.0
44174,475.0
20061,2535.0
08150,173.0
31197,64.0
08151,241.0
31906,1494.0
20062,598.0
31198,33.0
45125,2029.0
12085,20776.0
15060,3606.0
38026,17001.0
31199,141.0
48075,1501.0
08152,106.0
31211,19.0
44175,128.0
08153,358.0
26112,291.0
40151,63.0
40901,374.0
15061,5353.0
48083,3836.0
28102,994.0
03098,656.0
25156,675.0
16145,669.0
50198,63.0
24106,332.0
50199,372.0
05175,147.0
17116,333.0
34116,75.0
34901,1003.0
02057,1820.0
22167,297.0
25157,210.0
41068,8120.0
31200,517.0
45126,441.0
49139,221.0
40152,845.0
18148,721.0
46185,269.0
18149,3509.0
48072,806.0
32054,67073.0
27038,678.0
27039,2585.0
15062,3824.0
33044,123686.0
01043,1608.0
15063,2043.0
08154,362.0
15064,1166.0
32055,1441.0
05176,323.0
09242,101.0
09243,96.0
32056,1565.0
15065,4608.0
09244,96.0
18150,4958.0
04071,353.0
46186,11399.0
35015,10135.0
40154,31.0
05177,172.0
37225,89.0
49141,293.0
24107,331.0
16146,93.0
16147,106.0
05178,272.0
09246,641.0
24108,502.0
09247,42.0
49143,424.0
37226,142.0
49142,213.0
24109,910.0
41069,13973.0
37228,277.0
08155,4238.0
17117,17055.0
17118,11994.0
12087,69.0
27040,2580.0
25158,897.0
17119,71.0
17121,226.0
17120,794.0
08156,5797.0
47109,204.0
40155,2389.0
09248,104.0
09249,86.0
34120,44573.0
37229,136.0
14048,824.0
34121,261.0
43100,1786.0
08157,4794.0
07040,182186.0
08905,1287.0
46187,1332.0
43099,307.0
21054,4690.0
14049,9444.0
19208,278.0
35016,182890.0
46188,511.0
22168,51.0
17123,183.0
44176,196.0
46189,360.0
16148,657.0
41070,3049.0
06098,322.0
45127,890.0
16149,231.0
10137,349.0
21055,4103.0
17124,4058.0
18151,320.0
09250,406.0
31201,90177.0
09251,384.0
44177,195.0
50200,461.0
22170,1894.0
45128,1599.0
27041,1675.0
05179,234.0
08158,1828.0
16150,269.0
28104,7244.0
50201,366.0
50202,289.0
37230,197.0
37231,301.0
32057,800.0
41071,3308.0
27042,1093.0
37232,347.0
34122,65.0
24110,1057.0
27043,728.0
29077,241.0
03100,785.0
09253,84.0
17125,203.0
19209,63.0
16151,69.0
45129,234.0
34123,1414.0
19210,104.0
19211,1498.0
08159,7549.0
28106,47093.0
17126,240.0
16152,90.0
06099,729.0
05180,76.0
44178,208.0
33045,3888.0
47110,343.0
45130,585.0
04072,559.0
09255,98.0
20064,7519.0
10138,594.0
05181,192.0
38027,3635.0
43101,253.0
37233,67.0
27044,1612.0
19212,1180.0
50203,552.0
46190,34116.0
11025,2624.0
21056,1687.0
02058,698.0
04073,805.0
28107,472.0
17128,280.0
43102,258.0
12088,181.0
21057,707.0
34124,80.0
37234,386.0
36037,1406.0
26113,55.0
23066,2938.0
04074,1927.0
16153,782.0
27045,664.0
47111,779.0
47112,1699.0
46191,2418.0
49145,436.0
40156,479.0
37235,197.0
34125,112.0
19213,114.0
03101,6407.0
41072,2232.0
17129,73.0
28108,3039.0
14050,1527.0
05182,1667.0
18152,722.0
13061,4232.0
14051,1112.0
50204,1712.0
16154,3351.0
05183,147.0
09256,501.0
34126,216.0
09259,180.0
09257,64.0
09258,188.0
47113,153.0
50205,91.0
37236,159.0
37237,357.0
37238,120.0
26114,122.0
10139,137.0
37239,210.0
41073,1378.0
23067,1868.0
03102,6127.0
49146,258.0
05184,779.0
37240,808.0
45131,646.0
37241,117.0
37242,97.0
28109,2975.0
40157,93.0
49147,245.0
49148,129.0
18153,4519.0
39048,900.0
03103,349.0
25164,228.0
12089,16802.0
37243,92.0
37244,226.0
01044,315.0
47114,3061.0
41074,1798.0
47115,224.0
22172,290.0
05185,209.0
19214,119.0
06100,1185.0
19215,381.0
33046,538.0
33047,1348.0
37245,447.0
37246,4109.0
09261,535.0
37247,145.0
44179,415.0
14052,6263.0
39049,224.0
22173,423.0
02060,911.0
02059,283.0
49149,408.0
45132,1501.0
49150,219.0
17130,255.0
44180,120.0
08160,240.0
43103,502.0
09262,138.0
16155,412.0
17132,722.0
10140,1081.0
10141,519.0
06101,450.0
16156,310.0
44181,83.0
37248,160.0
37249,61.0
19216,276.0
34127,124.0
28110,1579.0
44182,241.0
10142,826.0
22174,461.0
22175,375.0
31202,2711.0
22176,106.0
19217,120.0
25165,339.0
24112,538.0
22177,129.0
49151,615.0
50206,344.0
32058,4166.0
43104,1729.0
37250,391.0
49152,508.0
29079,2168.0
49153,221.0
34904,430.0
37251,167.0
40158,40.0
32059,1818.0
22178,104.0
39050,355.0
10143,178.0
10144,691.0
33048,145.0
39051,72.0
47116,367.0
16157,353.0
31203,41.0
32060,905.0
07041,1553.0
03104,16439.0
46192,651.0
02061,593.0
18154,1060.0
28111,752.0
49154,241.0
46193,5050.0
46194,10594.0
16158,720.0
13062,462.0
13063,2676.0
05186,1952.0
49155,112.0
05187,2802.0
31204,67.0
10145,284.0
50207,103.0
39052,11817.0
08161,10124.0
09265,61.0
03902,22660.0
41075,5984.0
46195,3280.0
43105,182.0
33049,4779.0
50208,1266.0
12090,263.0
38901,1195.0
18910,753.0
16159,260.0
40159,155.0
40160,173.0
16160,195.0
09266,126.0
08163,16355.0
09267,121.0
37252,215.0
43106,592.0
25166,154.0
46196,126.0
19218,85.0
09268,158.0
09269,78.0
19219,61.0
49156,249.0
42139,29.0
28112,287.0
09270,162.0
26115,27.0
37253,139.0
49157,184.0
34129,233.0
15066,2794.0
10146,1123.0
25167,133.0
18157,842.0
18158,6183.0
03105,4338.0
50209,2121.0
50210,72.0
28113,19695.0
34130,241.0
47117,231.0
18159,735.0
47118,136.0
47119,152.0
49158,179.0
32061,910.0
28114,236.0
10147,1829.0
19220,2369.0
19221,156.0
16161,119.0
43107,314.0
22181,43.0
44183,150.0
37254,167.0
31205,384.0
29080,3702.0
37255,51.0
43108,1356.0
08164,753.0
22182,229.0
03106,575.0
17133,931.0
17134,609.0
25911,330.0
10148,22418.0
50211,270.0
10149,516.0
50212,61.0
50213,222.0
48077,2767.0
30032,2294.0
44184,95.0
25168,263.0
12093,583.0
25169,284.0
08165,1104.0
46199,7963.0
08166,1100.0
43109,1283.0
43110,260.0
43111,1636.0
25171,2187.0
46202,11042.0
46200,1399.0
46203,2276.0
12094,771.0
07044,6017.0
34131,53.0
34132,160.0
34133,78.0
24113,317.0
49160,60.0
49159,272.0
13064,1263.0
03901,2874.0
19222,220.0
44185,179.0
43112,413.0
32063,2418.0
27047,1237.0
15067,5499.0
36041,9380.0
27046,1046.0
24114,3322.0
39053,310.0
45133,1949.0
39054,2926.0
34134,62.0
22184,146.0
18161,165.0
08167,3212.0
46197,1374.0
07042,12301.0
47121,499.0
03107,2785.0
18162,1345.0
34135,584.0
50214,89.0
24115,37692.0
33050,628.0
43113,430.0
25030,214.0
17135,239.0
25173,1723.0
08182,1899.0
36043,2595.0
36042,12356.0
15068,3446.0
36044,1623.0
15069,5080.0
32064,379.0
27048,1795.0
15070,6088.0
36038,39558.0
43141,186.0
08168,542.0
17136,147.0
25172,1840.0
23069,3765.0
32062,1029.0
17137,1655.0
43114,318.0
07043,2566.0
36039,8370.0
17140,2092.0
10150,519.0
16162,179.0
36040,1265.0
17138,1119.0
12091,249.0
25174,306.0
44187,255.0
10151,270.0
16163,119.0
47122,1470.0
42140,21.0
45134,1166.0
49162,268.0
15071,6416.0
27049,746.0
48078,21499.0
18163,290.0
13065,2771.0
24116,348.0
14053,3644.0
39055,923.0
46198,733.0
05188,103.0
19223,208.0
37256,186.0
42141,204.0
02062,491.0
05189,719.0
16165,139.0
09272,785.0
34136,118.0
47123,293.0
47124,367.0
42142,97.0
22186,143.0
05190,88.0
23070,2874.0
02901,1308.0
19224,123.0
19225,722.0
34137,38.0
16166,227.0
49163,211.0
14054,9356.0
02063,1084.0
02064,369.0
44189,112.0
16908,371.0
16167,433.0
37257,53.0
50215,111.0
44190,167.0
02065,443.0
28115,29840.0
50216,180.0
13066,1782.0
47125,58.0
49164,169.0
10152,527.0
24117,372.0
28116,579.0
16169,113.0
13067,396.0
40161,159.0
09273,76.0
34139,213.0
26117,1617.0
43115,155.0
40162,733.0
19226,101.0
28117,202.0
43116,809.0
50217,344.0
26118,144.0
49165,62.0
24118,225.0
11026,2899.0
09274,907.0
19227,274.0
05191,246.0
43117,182.0
08169,27081.0
43118,695.0
08171,1372.0
08170,346.0
25175,503.0
33051,5532.0
25176,244.0
25177,289.0
26119,262.0
08230,4162.0
08172,13088.0
09275,244.0
17139,681.0
24119,519.0
16170,952.0
14055,12542.0
24120,475.0
33052,673.0
16171,1661.0
25179,273.0
41076,1650.0
46205,9099.0
50218,109.0
06102,1096.0
50219,2645.0
16172,497.0
45135,2887.0
12092,501.0
09276,454.0
37258,285.0
19228,107.0
22187,324.0
41077,5500.0
18164,1986.0
13068,914.0
21058,1610.0
44191,839.0
06103,2761.0
06104,529.0
28118,171.0
24121,954.0
41078,1836.0
45136,4085.0
06107,1128.0
40163,99.0
37259,54.0
46201,176.0
49166,1327.0
06108,1582.0
34140,156.0
19229,115.0
44192,619.0
37260,141.0
06105,802.0
13069,486.0
06106,306.0
41079,5026.0
16174,228.0
45137,1600.0
49167,239.0
06902,974.0
50220,78.0
24122,1034.0
23071,1356.0
22188,121.0
45138,963.0
37261,540.0
14056,14702.0
22902,353.0
31206,1584.0
39056,1179.0
09277,161.0
28902,900.0
23072,1808.0
37262,61.0
05192,269.0
37263,496.0
38028,22337.0
45139,421.0
10153,355.0
11027,47518.0
35017,18135.0
13070,490.0
30033,7722.0
21059,147.0
11028,17761.0
37264,147.0
11029,3051.0
22189,136.0
13071,25862.0
44193,239.0
31207,226.0
22190,65.0
22193,199.0
46204,6736.0
17141,5958.0
08174,239.0
25180,147.0
43119,569.0
07045,905.0
08175,2421.0
25181,136.0
25182,755.0
08176,128.0
29081,228.0
45140,991.0
18165,2280.0
04075,6326.0
21060,16450.0
38029,878.0
38030,1327.0
32065,682.0
47126,36.0
04076,1093.0
50221,49.0
18167,1299.0
08177,27.0
17142,1299.0
46101,575.0
46102,12222.0
46103,793.0
46104,1100.0
03060,138.0
26120,1322.0
09279,183.0
18168,707.0
19230,256.0
17043,356.0
45141,1034.0
43120,762.0
46206,656.0
23073,3455.0
22195,127.0
28119,1603.0
06109,3268.0
24123,930.0
24124,290.0
09281,148.0
34141,175.0
42144,574.0
24125,502.0
09280,71.0
09283,141.0
09287,181.0
09288,94.0
45142,6042.0
09289,1428.0
16175,3456.0
42145,151.0
09292,143.0
47127,205.0
09294,108.0
47129,674.0
34143,191.0
47130,98.0
49170,78.0
09901,494.0
09295,69.0
47128,52.0
49168,95.0
49169,32.0
09298,99.0
09301,478.0
09297,227.0
32066,623.0
50222,1037.0
42148,37.0
27050,3032.0
33053,1812.0
49171,598.0
45143,1135.0
27056,1030.0
49172,477.0
26121,51.0
09302,159.0
47131,249.0
49173,480.0
09303,130.0
42149,449.0
09304,153.0
17143,176.0
16176,94.0
03109,1893.0
44194,196.0
46207,4302.0
46208,890.0
46209,1244.0
03110,595.0
46210,292.0
37265,233.0
04077,220.0
32067,1149.0
08178,259.0
39057,2899.0
14057,3649.0
32068,1662.0
47132,28.0
40164,162.0
28120,1758.0
26122,268.0
39058,671.0
43121,583.0
05193,255.0
46212,1414.0
46211,1060.0
41080,903.0
45144,1161.0
40181,4127.0
38031,16735.0
10154,155.0
42151,36.0
09306,256.0
40165,131.0
19231,54.0
45145,2397.0
02066,257.0
19232,256.0
42152,179.0
26123,178.0
09307,112.0
09308,84.0
37266,106.0
36045,14044.0
03111,3395.0
28121,252.0
17144,166.0
24127,276.0
33054,1105.0
09309,325.0
16177,144.0
06110,224.0
39059,5722.0
09310,28.0
34146,57.0
03112,1221.0
08179,564.0
42153,107.0
50223,629.0
40166,179.0
06111,297.0
43122,75.0
47133,1414.0
34147,164.0
19233,208.0
42154,133.0
39060,3918.0
49174,279.0
46213,13295.0
34149,40.0
34151,285.0
06112,493.0
45146,198.0
50224,93.0
19234,121.0
37267,210.0
42155,492.0
09311,77.0
13072,838.0
43123,49867.0
49175,223.0
34152,175.0
34154,74.0
09314,223.0
09316,133.0
09312,224.0
09315,390.0
24129,132.0
09317,31.0
42156,54.0
40168,60.0
25183,558.0
15072,5532.0
24130,581.0
40170,2735.0
42157,41.0
19235,272.0
43124,463.0
32069,3945.0
33055,1238.0
27051,6494.0
33056,5615.0
36046,2137.0
31208,1538.0
26124,798.0
39061,4763.0
39062,1106.0
46214,10592.0
43125,863.0
34155,129.0
27052,942.0
28122,626.0
15073,16249.0
27053,465.0
01047,644.0
33057,1089.0
06113,1858.0
25905,279.0
25185,657.0
34156,56.0
17145,1608.0
12095,797.0
40171,132.0
50225,1378.0
30034,1026.0
24131,566.0
24132,967.0
17146,2306.0
45147,521.0
43126,909.0
44195,117.0
19237,133.0
29082,25447.0
26125,1905.0
37268,138.0
41081,15129.0
25186,143.0
05194,139.0
09318,102.0
44196,226.0
05195,363.0
49176,678.0
40172,134.0
19238,162.0
29083,1606.0
04078,705.0
46215,1054.0
10155,938.0
39063,651.0
49177,310.0
02067,1151.0
32071,1437.0
33058,1240.0
42158,148.0
24133,569.0
27054,980.0
39064,836.0
17147,5923.0
08180,15049.0
06114,143.0
25913,154.0
17148,1211.0
17149,277.0
43127,675.0
43128,668.0
17150,807.0
43129,2889.0
17151,164.0
28123,25374.0
05196,68.0
09321,1524.0
49178,488.0
47134,208.0
24134,3006.0
47135,51.0
37269,459.0
49179,772.0
10156,198.0
28124,191.0
10157,334.0
19239,243.0
10158,462.0
02068,472.0
28125,3423.0
19240,132.0
45148,640.0
13901,923.0
10159,329.0
37270,163.0
28126,159.0
22197,339.0
26126,57.0
06115,913.0
08181,4200.0
46216,2987.0
43130,247.0
21061,3138.0
41082,2063.0
43131,8491.0
40173,156.0
08183,2569.0
02069,8171.0
36047,1541.0
44197,127.0
26127,288.0
43132,396.0
49180,160.0
15074,1858.0
03113,14262.0
09323,103.0
42159,62.0
37271,286.0
03114,1817.0
10160,176.0
19241,93.0
19242,161.0
50227,114.0
31209,146.0
45149,853.0
31210,214.0
29084,19425.0
41083,714.0
24136,391.0
04079,57286.0
43133,3612.0
21062,1024.0
36048,3502.0
10901,693.0
38032,7771.0
17152,25712.0
49181,634.0
12096,865.0
25189,1464.0
11030,26030.0
46217,701.0
46218,696.0
47137,58.0
43134,212.0
42160,461.0
44198,181.0
09325,418.0
16181,135.0
28127,35388.0
28128,694.0
39065,463.0
32072,3353.0
10161,150.0
09326,118.0
08184,33039.0
47138,158.0
32073,1543.0
44199,79.0
44200,75.0
44201,983.0
08185,104.0
41084,1669.0
18170,399.0
09327,91.0
09328,256.0
47139,844.0
50228,260.0
19243,187.0
39066,584.0
50229,71.0
39067,931.0
46219,127.0
13902,739.0
39068,1095.0
17153,177.0
08901,248.0
23074,1811.0
14058,5662.0
08187,93203.0
24137,1106.0
50241,517.0
22199,7069.0
23075,2496.0
12097,137.0
19244,278.0
16185,146.0
19245,1895.0
13073,503.0
40174,451.0
15075,9803.0
31212,117.0
50230,1019.0
16186,555.0
19246,121.0
47140,132.0
37272,160.0
08188,84.0
03115,300.0
37273,99.0
46220,40814.0
24139,2341.0
37303,186.0
22200,463.0
26128,192.0
37274,92449.0
18171,1253.0
29085,211.0
33059,4675.0
22201,176.0
22202,118.0
09329,200.0
09330,1384.0
25190,433.0
49183,63.0
36049,4490.0
44203,34.0
34157,2475.0
09332,107.0
37275,118.0
08190,349.0
31213,67.0
44204,94.0
42161,157.0
46221,262.0
17154,67.0
22203,86.0
50231,257.0
03116,1094.0
31214,75.0
34158,289.0
16187,171.0
07059,2933.0
09334,59.0
08191,3841.0
22204,3674.0
19247,308.0
16188,170.0
37276,263.0
05197,75.0
02070,537.0
18173,10472.0
43135,308.0
10162,700.0
43905,31266.0
17155,11237.0
41085,2264.0
16189,387.0
05198,103.0
47141,101.0
06116,1308.0
36050,5736.0
50232,261.0
06117,1127.0
10163,446.0
37277,73.0
01051,2514.0
12098,665.0
01052,252.0
40176,398.0
49184,199.0
27055,1011.0
44205,752.0
50233,107.0
31215,2810.0
09335,129.0
24141,180.0
44206,436.0
28129,4657.0
49185,111.0
32074,918.0
19248,236.0
24142,17546.0
19249,97.0
38033,2352.0
46903,3674.0
26129,1038.0
35018,8291.0
05199,109.0
05200,79.0
21063,1703.0
45150,587.0
05201,726.0
35019,28125.0
13074,698.0
34159,290.0
49186,343.0
47142,142.0
34160,172.0
32075,3413.0
16190,3744.0
34161,32.0
40177,148.0
49187,819.0
37278,735.0
38023,71221.0
24144,757.0
40178,141.0
40906,1376.0
32076,1954.0
24145,674.0
42162,2918.0
37284,342.0
22205,430.0
05206,67.0
24146,356.0
05208,55.0
49188,100.0
05207,986.0
42163,163.0
39069,993.0
37285,498.0
11031,41515.0
28130,15304.0
03118,8661.0
05209,118.0
03904,1008.0
30035,39554.0
11902,2580.0
41086,10504.0
05901,594.0
05210,134.0
05211,738.0
38034,2063.0
22207,146.0
05212,520.0
09337,208.0
05213,214.0
21064,3705.0
49189,657.0
24148,1123.0
42164,1496.0
47143,142.0
13075,287.0
28131,10030.0
16191,991.0
05214,177.0
09338,193.0
34163,75.0
16192,148.0
28132,7553.0
05215,291.0
50234,185.0
45151,888.0
33061,263.0
45152,650.0
09339,235.0
10164,731.0
31217,404.0
28133,5865.0
49190,67.0
47144,76.0
37286,377.0
05216,310.0
33060,11393.0
44207,316.0
40182,228.0
50235,1704.0
38035,12152.0
39070,93.0
40183,134.0
05217,133.0
49191,245.0
03120,5966.0
05218,260.0
37287,284.0
47145,573.0
22903,490.0
47146,173.0
37036,111.0
49192,233.0
26130,236.0
09340,122.0
24149,118.0
26131,45.0
01053,420.0
37288,224.0
37289,297.0
41088,379.0
47147,88.0
45153,1568.0
05219,53.0
02071,793.0
24150,235.0
49193,480.0
40184,399.0
49194,340.0
47148,459.0
06119,440.0
37291,321.0
05220,441.0
30036,19708.0
39071,421.0
37290,119.0
42165,708.0
16193,192.0
47149,29.0
37292,76.0
12101,364.0
26132,170.0
47150,363.0
34165,88.0
45154,1955.0
11033,17007.0
39072,271.0
15076,1925.0
47151,29.0
38036,5089.0
14059,512.0
28134,32465.0
21066,376.0
33063,507.0
26139,131.0
06123,3270.0
05231,123.0
39080,3849.0
49208,410.0
26142,1300.0
47156,124.0
03122,26518.0
09360,74.0
49209,479.0
32070,892.0
25191,307.0
24143,382.0
05204,674.0
37280,67.0
37281,44.0
40179,653.0
05205,107.0
37282,270.0
06118,261.0
37279,717.0
32077,935.0
37283,143.0
03117,576.0
40180,383.0
22206,156.0
31216,2510.0
11032,31843.0
21065,327.0
41087,5865.0
31219,89.0
08194,14692.0
08195,74.0
08196,10301.0
08197,5796.0
17157,169.0
17183,215.0
07046,10908.0
08198,2772.0
08199,420.0
08200,34508.0
08201,324.0
43136,10155.0
08203,2028.0
08202,7594.0
08204,1632.0
17158,228.0
08205,33336.0
08206,405.0
25196,184.0
08207,1392.0
08208,3386.0
17159,564.0
08210,3185.0
17160,15370.0
08211,18458.0
17161,862.0
08212,381.0
17162,102.0
08209,3302.0
08213,3960.0
17163,1342.0
25192,762.0
25197,116.0
17164,3091.0
08215,1607.0
08193,619.0
08216,41.0
17165,432.0
43137,1529.0
43902,1900.0
07049,1106.0
03119,11261.0
07050,3705.0
17167,2401.0
17168,214.0
12902,1802.0
08218,4804.0
08217,13518.0
17185,1453.0
46222,230.0
17166,337.0
12099,1488.0
07048,16548.0
08903,258.0
17169,1341.0
08220,1406.0
17903,581.0
08221,7502.0
17171,264.0
25193,1181.0
07051,4981.0
08222,1248.0
08223,1344.0
07052,4462.0
08225,83.0
08224,557.0
17172,337.0
25902,482.0
08226,632.0
08227,1280.0
08228,207.0
17173,117.0
12100,1482.0
08229,344.0
17174,106.0
17175,373.0
17176,157.0
17177,578.0
08231,13700.0
08232,1153.0
08233,1141.0
08234,2227.0
17178,1636.0
08189,101.0
08235,3697.0
08236,1307.0
08237,1214.0
08238,7479.0
08239,398.0
25194,269.0
08240,5581.0
08241,46.0
08098,1546.0
08262,4696.0
08264,3549.0
08265,962.0
08263,12037.0
06120,2547.0
10165,288.0
45155,542.0
21067,361.0
43138,2096.0
21068,747.0
35021,7733.0
09343,96.0
08243,79.0
34167,62.0
22208,140.0
49197,168.0
26134,161.0
08244,3032.0
17180,5816.0
08245,48515.0
43139,1720.0
24151,594.0
49199,176.0
24152,1105.0
15077,5481.0
17181,3639.0
49200,592.0
24153,276.0
49201,266.0
39073,5652.0
34168,54.0
50236,237.0
38037,7390.0
09345,180.0
22209,115.0
10166,435.0
45156,2778.0
13076,392.0
04080,197.0
50237,140.0
16194,785.0
13077,2703.0
44208,57.0
10167,348.0
05222,305.0
38038,96290.0
42166,76.0
18174,448.0
45157,3762.0
05221,537.0
09346,145.0
23076,561.0
24154,875.0
26135,217.0
14061,753.0
47152,109.0
49202,189.0
07053,908.0
08246,881.0
44209,886.0
26136,96.0
50238,151.0
33062,354.0
08247,555.0
08248,3162.0
07054,20225.0
18175,7235.0
04081,307.0
08249,159.0
09347,193.0
09348,193.0
17182,145.0
35022,28817.0
12102,665.0
07055,8040.0
08250,4448.0
08251,3136.0
08253,103.0
39074,4580.0
08254,1168.0
22906,107.0
35023,6602.0
42167,406.0
28135,2488.0
24155,372.0
49203,239.0
42168,214.0
05226,200.0
16196,555.0
08256,380.0
08255,126.0
08257,76.0
24158,383.0
08259,4176.0
37293,144.0
49204,86.0
05224,83.0
05225,469.0
07056,3090.0
09350,462.0
16195,628.0
05902,368.0
09351,92.0
09352,132.0
24156,359.0
24157,2025.0
05227,1196.0
16197,110.0
08258,540.0
40185,1195.0
09353,167.0
24159,1319.0
06121,2205.0
10168,267.0
37294,7043.0
40186,107.0
45158,2386.0
09354,59.0
21069,1294.0
43140,1669.0
17184,822.0
08260,9845.0
03121,43866.0
08261,1978.0
38039,6394.0
31220,550.0
14060,2889.0
22212,101.0
39075,92423.0
07057,9701.0
24160,939.0
50239,84.0
47153,176.0
34169,362.0
10169,741.0
23077,772.0
15078,56176.0
37296,421.0
10170,305.0
05228,240.0
38040,9085.0
05904,654.0
24161,450.0
23904,2418.0
37297,576.0
34170,39.0
09355,141.0
34171,1136.0
37298,193.0
49205,431.0
47154,203.0
49206,956.0
09356,70.0
10171,371.0
10172,640.0
39076,1716.0
41089,3356.0
15079,978.0
23079,2761.0
39077,196.0
39078,890.0
19250,75.0
40188,190.0
40189,489.0
37299,201.0
33064,332.0
26138,4870.0
05229,102.0
40190,58.0
09358,310.0
45901,643.0
23080,1563.0
05230,86.0
40191,831.0
30901,6407.0
39079,7283.0
28136,576.0
28137,1185.0
06122,3691.0
37300,714.0
49207,339.0
24162,1052.0
47155,2159.0
34174,157.0
08192,3161.0
26140,376.0
26141,200.0
48082,20924.0
36051,16895.0
49210,442.0
47157,498.0
37301,106.0
09361,277.0
33065,706.0
24163,2320.0
22213,2495.0
39081,265.0
09362,142.0
43142,1004.0
12103,175.0
32078,1159.0
27057,8655.0
17186,2099.0
31222,38.0
44210,1105.0
25201,284.0
25200,232.0
31223,740.0
45159,101.0
09363,899.0
50240,859.0
19251,128.0
10173,378.0
41090,1838.0
37302,335.0
40192,193.0
17187,445.0
38041,3417.0
43143,95.0
27058,2699.0
03123,5879.0
29086,1119.0
19252,176.0
40193,258.0
47158,657.0
22214,96.0
43144,891.0
46223,4671.0
29087,596.0
50242,89.0
46224,156.0
12104,5945.0
40194,28875.0
20070,671.0
23081,1292.0
06124,1379.0
44211,98.0
10174,203.0
45160,865.0
22215,160.0
19254,125.0
39082,1049.0
03124,583.0
46225,250.0
07058,2282.0
17188,267.0
43145,2627.0
19901,54.0
46226,44.0
22217,374.0
24164,381.0
43146,67.0
07047,2186.0
04082,399.0
22218,53.0
43044,3471.0
03125,449.0
44212,89.0
25202,214.0
25035,243.0
08267,3671.0
46227,604.0
37304,211.0
40195,1500.0
40196,82.0
09365,49.0
37305,354.0
17190,492.0
28138,113.0
34175,76.0
04083,1559.0
42171,296.0
25204,976.0
46228,2654.0
17191,122.0
47159,578.0
05232,155.0
10175,1482.0
37306,391.0
37307,199.0
05233,585.0
28140,1566.0
10176,365.0
22220,166.0
45161,11859.0
31224,778.0
48084,13183.0
50243,375.0
22221,237.0
17192,422.0
11034,1763.0
19255,204.0
25203,7054.0
08269,1784.0
41091,337225.0
28141,4022.0
45162,995.0
25205,310.0
19256,89.0
33066,25242.0
37309,40.0
10177,1280.0
50244,206.0
29088,1650.0
12105,995.0
04084,397.0
22222,405.0
46229,2063.0
47160,368.0
37310,146.0
05234,36.0
19257,5117.0
50245,149.0
23082,1707.0
46230,9209.0
36052,5201.0
38042,2100.0
17193,2631.0
47161,2577.0
46231,1895.0
46232,841.0
07060,2166.0
44213,99.0
05235,115.0
06125,1948.0
50246,150.0
16198,1250.0
08270,19155.0
17052,73.0
39083,885.0
27059,2201.0
50247,409.0
37311,393.0
15080,1367.0
24165,342.0
08271,54.0
33067,537.0
02072,1269.0
13078,6905.0
26143,770.0
05236,542.0
06126,1201.0
05237,258.0
13080,406.0
13079,7440.0
19258,137.0
09366,94.0
16199,74.0
25206,232.0
42172,31.0
43147,484.0
46233,2663.0
07061,7298.0
39084,551.0
05238,960.0
25207,4927.0
33068,1488.0
19259,63.0
04085,386.0
28143,98.0
15081,762.0
07062,6308.0
48904,1967.0
12106,1157.0
45163,5099.0
22223,149.0
48085,5910.0
18176,222.0
48086,1343.0
08272,181.0
20065,1998.0
04086,1886.0
09368,26.0
42173,23587.0
25208,242.0
37312,262.0
23084,729.0
31225,51.0
25209,1902.0
18177,793.0
26144,249.0
50248,690.0
25210,663.0
46234,670.0
12107,449.0
05239,384.0
26145,210.0
40198,48.0
05240,4586.0
09369,524.0
45164,277.0
42174,294.0
19260,102.0
34177,100.0
24166,1181.0
33069,3347.0
28144,5214.0
26146,241.0
24167,778.0
34176,173.0
19261,91.0
22904,785.0
16909,860.0
40199,176.0
37313,428.0
09372,184.0
09373,501.0
36053,3600.0
39085,6996.0
08273,1691.0
25211,447.0
46235,25152.0
42175,84.0
12108,630.0
04087,190.0
48076,469.0
46236,769.0
31226,491.0
25212,162.0
08274,3178.0
09374,74.0
17194,78.0
34178,105.0
34179,79.0
40200,85.0
49214,753.0
37314,53.0
04088,2453.0
04089,601.0
27060,2147.0
32079,1339.0
50249,391.0
38043,10746.0
31227,5257.0
08276,152.0
18901,644.0
04090,539.0
42176,38.0
42177,96.0
37315,142.0
08277,240.0
28145,1949.0
50250,93.0
25215,233.0
06127,2727.0
10178,798.0
25216,168.0
45165,42370.0
06128,2459.0
10179,406.0
10180,3373.0
16202,1113.0
12109,624.0
06129,394.0
17195,280.0
42178,197.0
19262,426.0
37316,781.0
34180,104.0
22225,1851.0
47162,69.0
09375,66.0
06130,261.0
38044,1183.0
33070,3049.0
49216,106.0
08278,2791.0
19263,59.0
33071,493.0
16203,7957.0
19264,88.0
50251,6783.0
37317,211.0
02073,3576.0
03127,626.0
37318,145.0
09377,426.0
42181,354.0
22226,614.0
34181,320.0
11035,12097.0
42182,98.0
43148,65711.0
25217,8627.0
25218,89.0
25219,122.0
19265,432.0
50252,3593.0
46237,4481.0
46238,15189.0
08275,181.0
08280,138.0
38045,2374.0
29089,1988.0
16204,232.0
38046,4593.0
35024,11101.0
08281,2478.0
32080,651.0
09378,109.0
16205,231.0
42183,259.0
37319,279.0
35025,999.0
10181,610.0
37320,110.0
35026,46458.0
22227,198.0
45166,1528.0
19266,466.0
37321,119.0
15082,8480.0
12110,633.0
46239,801.0
25220,709.0
35027,6542.0
04091,326.0
17196,147.0
37322,2012.0
09380,85.0
08279,101701.0
46240,201.0
50253,500.0
44215,211.0
13081,702.0
26147,68.0
44216,18999.0
19267,81.0
03128,12698.0
33072,1582.0
08282,3096.0
35028,15516.0
03129,1362.0
31228,290.0
47163,350.0
28146,1466.0
05241,5176.0
50254,147.0
22228,277.0
19268,78.0
38047,1623.0
04092,2221.0
16206,419.0
35029,2418.0
33073,5865.0
09381,93.0
05242,348.0
31229,44.0
26148,241.0
12111,493.0
25221,158.0
46241,621.0
28147,679.0
25222,46.0
43149,601.0
43150,1109.0
19269,245.0
09382,41.0
02074,5365.0
50255,333.0
26149,62.0
45167,1318.0
41092,4459.0
12112,177.0
32081,2008.0
12113,181.0
39086,286.0
05243,183.0
45168,37880.0
03130,61.0
40201,36.0
20071,8590.0
29090,1764.0
22229,197.0
41093,9110.0
13082,18439.0
36054,5476.0
08283,3599.0
37323,421.0
15083,657.0
25223,768.0
24168,376.0
24206,1325.0
12114,644.0
47164,346.0
19271,107.0
19270,44.0
08284,8459.0
47165,5449.0
19272,196.0
37324,278.0
15084,1465.0
09384,241.0
08285,6603.0
24169,2300.0
19274,903.0
10182,184.0
44217,106.0
22230,345.0
42184,159.0
26150,226.0
05244,159.0
44218,82.0
03131,262.0
25224,120.0
25225,495.0
37325,92.0
05245,331.0
10183,1129.0
10184,762.0
44219,253.0
49219,5696.0
12115,508.0
34182,805.0
16209,211.0
22232,64.0
13083,1991.0
50256,229.0
44220,156.0
45169,265.0
50257,216.0
12116,121.0
31230,132.0
50258,137.0
11036,484.0
44223,106.0
25227,705.0
08286,1791.0
10187,518.0
47169,66.0
45171,1312.0
43151,111.0
13084,1180.0
44224,85.0
43152,381.0
06131,642.0
47170,73.0
10188,584.0
24170,1243.0
19279,109.0
23086,7267.0
44225,232.0
49220,133.0
12119,173.0
12120,231.0
26153,27.0
22233,69.0
44227,124.0
40206,343.0
05247,539.0
40202,161.0
46242,418.0
25226,242.0
42185,44.0
12117,5796.0
23085,1510.0
40203,921.0
14062,1013.0
18178,633.0
12118,170.0
44221,327.0
47166,203.0
45170,425.0
47167,327.0
47168,17.0
10185,397.0
09386,114.0
40204,325.0
44222,190.0
26151,656.0
26152,83.0
10186,889.0
19277,112.0
19278,56.0
43153,14397.0
23087,7163.0
25228,1924.0
25907,472.0
09387,154.0
49221,299.0
25230,1088.0
50259,106.0
40205,385.0
28148,49209.0
28149,2786.0
28150,1769.0
19280,3291.0
10190,492.0
10189,2188.0
16211,1180.0
44226,256.0
28151,2619.0
25231,339.0
50260,82.0
09388,54.0
39087,26535.0
08287,717.0
46243,97.0
50261,325.0
08288,1804.0
08289,2533.0
47171,326.0
28152,8253.0
03132,774.0
06132,533.0
06133,1049.0
10191,428.0
10192,833.0
19281,40.0
28153,510.0
44228,120.0
19282,471.0
19283,135.0
19284,57.0
29901,44242.0
26154,15.0
34184,57.0
17197,136.0
46244,40276.0
22234,466.0
13085,1894.0
10193,962.0
30037,20386.0
09389,104.0
23088,3959.0
10194,566.0
23090,1206.0
23091,687.0
44229,175.0
22235,89.0
22236,156.0
50262,831.0
30038,8945.0
28154,2940.0
25232,977.0
49222,282.0
31231,129.0
46245,660.0
09390,424.0
47172,136.0
25233,150.0
37327,154.0
44230,225.0
03133,122327.0
45172,656.0
44231,182.0
50263,474.0
44232,403.0
45173,5981.0
17198,460.0
17199,11047.0
43154,195.0
29091,16824.0
19285,76.0
42187,85.0
16212,364.0
16213,48.0
17200,426.0
19286,525.0
05246,209.0
09391,458.0
43155,16998.0
19287,257.0
19288,71.0
18179,552.0
09392,80.0
17201,208.0
50264,279.0
17202,5926.0
29092,378.0
30039,14222.0
45174,298.0
15085,1865.0
46246,751.0
27061,711.0
24171,305.0
37328,205.0
49223,652.0
16215,394.0
19289,146.0
12121,1006.0
44234,203.0
44235,154.0
22239,56.0
06134,420.0
32082,1513.0
50265,97.0
50266,249.0
47173,1291.0
15086,1271.0
11037,3214.0
49224,490.0
37329,44.0
25234,4653.0
28903,14458.0
04901,592.0
40207,521.0
16216,421.0
09394,1488.0
39088,55.0
42188,67.0
18180,526.0
26155,287.0
27062,428.0
16217,178.0
26157,445.0
21070,3344.0
47174,371.0
19290,1423.0
19291,1363.0
34185,172.0
44236,143.0
24172,1008.0
48087,318.0
06135,629.0
10195,5371.0
09395,224.0
09396,204.0
39089,241.0
31232,16144.0
47175,5039.0
26158,403.0
46247,1250.0
36055,7344.0
35030,6379.0
31233,106.0
24173,885.0
40208,1056.0
46248,3843.0
45175,580.0
18181,262.0
04093,3231.0
04094,180.0
23092,17886.0
48088,132.0
11038,8575.0
31234,122.0
19293,2598.0
42189,135.0
16218,289.0
39090,622.0
48065,1897.0
45176,2395.0
18182,1807.0
31123,467.0
19294,61.0
31235,296.0
30040,504.0
04095,702.0
17204,459.0
08290,829.0
17205,162.0
43156,3976.0
43157,479.0
17203,108.0
31236,765.0
41094,3432.0
05249,275.0
50267,719.0
31237,133.0
50268,64.0
47176,235.0
30041,8532.0
31238,96.0
16219,123.0
49225,189.0
09398,95.0
45177,1887.0
31239,179.0
31240,353.0
24174,444.0
48089,1636.0
48074,2244.0
01054,780.0
20072,2619.0
47177,85.0
04096,257.0
31241,118.0
31242,175.0
44237,407.0
50269,326.0
20077,2987.0
50270,81.0
31244,73.0
31243,232.0
47178,201.0
40210,195.0
26160,720.0
17206,312.0
31245,74.0
06136,1072.0
50271,365.0
12122,855.0
20073,2857.0
19296,86.0
50272,7918.0
31246,123.0
46249,7154.0
41095,22604.0
44238,1733.0
31247,120.0
08291,3941.0
42190,92.0
49226,288.0
05251,358.0
09400,400.0
17014,76.0
24185,469.0
50274,118.0
39095,2468.0
15088,2068.0
44239,62.0
27063,1575.0
44240,327.0
47179,285.0
34186,47.0
49227,335.0
39091,1484.0
28155,470.0
19297,44.0
10196,321.0
44241,517.0
09403,203.0
47180,93.0
19298,123.0
19299,193.0
42191,243.0
28156,922.0
19300,721.0
06137,1104.0
10197,150.0
37330,287.0
05252,88.0
16906,198.0
19301,157.0
44243,98.0
49228,89.0
24175,1503.0
10198,995.0
37331,181.0
24176,210.0
02075,1185.0
42192,39.0
01055,1050.0
19302,77.0
37332,135.0
50273,53.0
10199,196.0
06901,1156.0
37333,271.0
10200,519.0
37334,69.0
42193,36.0
28157,728.0
21071,275.0
19303,80.0
44244,263.0
37335,314.0
44245,279.0
24177,502.0
26161,61.0
42194,330.0
28158,1148.0
13086,324.0
28159,988.0
16224,239.0
37336,61.0
24178,76.0
10201,203.0
28160,7054.0
16225,149.0
28161,27598.0
16227,381.0
42195,124.0
47181,129.0
19304,382.0
10202,530.0
39092,909.0
16228,454.0
34189,73.0
28162,1870.0
13087,15952.0
23093,2456.0
19305,462.0
24179,570.0
28163,469.0
24180,1129.0
42196,92.0
39093,527.0
40211,92.0
24181,1425.0
34190,75.0
19306,108.0
39094,1997.0
24182,483.0
44246,1731.0
42197,99.0
37337,101.0
24183,1196.0
33034,7229.0
24184,538.0
49229,164.0
19307,69.0
47182,935.0
06138,726.0
28164,2239.0
16902,176.0
34192,128.0
40212,78.0
40213,102.0
45179,1039.0
24187,883.0
09405,183.0
28165,1626.0
09406,282.0
15087,5283.0
37338,136.0
47183,198.0
46250,419929.0
10203,3857.0
24188,4069.0
06139,636.0
06140,520.0
06141,1425.0
41096,3571.0
14063,929.0
13088,483.0
16903,929.0
37339,205.0
22242,61.0
19308,198.0
36056,2422.0
26162,253.0
19309,85.0
16231,95.0
44247,325.0
12124,1713.0
03134,190.0
12125,464.0
17208,686.0
25043,2019.0
25901,550.0
03136,768.0
03137,492.0
03135,247.0
17207,1458.0
12126,16140.0
46251,2275.0
47186,158168.0
46252,322.0
09408,65.0
12123,80.0
08292,682.0
25238,293.0
08293,205.0
43158,159.0
07063,1460.0
29093,1426.0
16173,578.0
22243,15.0
34196,112.0
22901,909.0
06146,1400.0
09904,564.0
22244,73.0
09908,1203.0
09409,346.0
06147,356.0
09410,3526.0
09411,207.0
06148,780.0
09902,568.0
09905,898.0
40218,179.0
09412,1293.0
48080,5578.0
09413,1066.0
09414,304.0
09415,274.0
39101,313.0
31260,973.0
09416,210.0
34902,176.0
18907,1390.0
38049,4254.0
18902,708.0
24191,137.0
44249,97.0
38050,1621.0
09417,57.0
37343,90.0
40219,457.0
40220,119.0
40221,131.0
46253,103.0
09418,61.0
49230,228.0
35032,1893.0
25240,909.0
17170,205.0
43159,195.0
08294,1320.0
12127,264.0
08295,6872.0
17209,597.0
43160,936.0
08296,1133.0
43161,12042.0
25906,306.0
25239,595.0
09419,89.0
50275,78.0
09407,93.0
45180,2221.0
18183,772.0
47184,497.0
50276,157.0
37340,112.0
16234,142.0
40214,206.0
14064,322.0
35031,4308.0
19310,51.0
42198,40.0
40215,234.0
31249,1205.0
50277,132.0
38048,2498.0
28166,260.0
06142,270.0
47185,82.0
16236,1006.0
10204,575.0
24189,4285.0
06143,1825.0
06144,560.0
19311,149.0
06145,629.0
37341,79.0
21072,6754.0
10205,1737.0
40216,729.0
24190,150.0
16237,150.0
37342,205.0
43162,4971.0
25909,145.0
16238,571.0
08297,99.0
24193,608.0
37344,214.0
15089,2061.0
24196,1499.0
24197,579.0
39096,636.0
39097,701.0
47187,138.0
35033,3712.0
05253,108.0
49231,409.0
37345,150.0
24198,713.0
47188,90.0
49232,116.0
16239,195.0
24194,336.0
33074,2445.0
49233,88.0
40222,304.0
24199,691.0
40223,581.0
24201,1366.0
18911,4761.0
10902,640.0
44250,62.0
37346,242.0
32083,1707.0
11039,6694.0
45181,1621.0
42200,165.0
47189,77.0
05254,224.0
04097,374.0
18184,1807.0
04098,1920.0
29094,47231.0
04099,4379.0
47190,66.0
22245,259.0
50278,317.0
50279,125.0
42201,48.0
42202,65.0
28167,4372.0
34199,1206.0
37347,414.0
16240,258.0
47191,135.0
28168,1480.0
22909,203.0
43163,31026.0
49234,453.0
34023,3638.0
46254,1601.0
17210,600.0
45182,1303.0
18185,476.0
45183,2066.0
45184,207.0
26163,160.0
47192,81.0
37348,124.0
40224,100.0
26164,158.0
28169,1332.0
04100,10546.0
50280,442.0
25242,645.0
32084,766.0
03138,3020.0
17211,640.0
32085,9954.0
34201,168.0
43164,373.0
49235,502.0
22247,28.0
31251,2356.0
47193,1446.0
42204,87.0
19314,126.0
32086,2948.0
10206,356.0
02076,388.0
04101,2552.0
08298,19154.0
04102,11292.0
27064,1251.0
22248,71.0
38051,3577.0
14065,1209.0
09422,49.0
34093,74.0
09421,284.0
31252,78.0
49236,64.0
49237,206.0
37349,98.0
17212,132.0
17213,3809.0
25243,4446.0
50281,82.0
36057,143579.0
26165,436.0
36059,3493.0
43165,428.0
17214,405.0
17215,857.0
36058,2972.0
08299,293.0
17217,257.0
17216,88.0
08301,27616.0
08300,2881.0
17218,624.0
17220,746.0
12128,1510.0
17221,1952.0
38052,941.0
07065,1441.0
08305,19067.0
36060,19748.0
25244,344.0
17223,555.0
27065,8566.0
43175,338.0
08306,346.0
25245,580.0
17224,744.0
43166,1121.0
17225,151.0
17226,412.0
17227,119.0
32087,1396.0
32088,1486.0
46256,5313.0
25247,145.0
17228,202.0
12132,651.0
36061,4855.0
25248,582.0
25254,515.0
25249,113.0
25250,518.0
43168,153.0
08303,214.0
25251,545.0
08302,5578.0
08902,2090.0
43167,233.0
08307,32750.0
43169,332.0
32089,1035.0
12134,166.0
32090,524.0
32091,2306.0
12135,25412.0
32092,475.0
15091,787.0
43170,840.0
17230,283.0
25252,324.0
15090,1013.0
43171,17625.0
08214,4044.0
08219,9895.0
17222,91.0
12136,1747.0
43172,332.0
23094,2623.0
43173,122.0
43174,237.0
09423,58.0
45186,2325.0
38053,2611.0
02077,128.0
10207,516.0
28171,4596.0
10208,167.0
14066,3178.0
47195,507.0
47196,46.0
34202,29.0
21073,1396.0
24202,5063.0
20075,2627.0
47197,641.0
24203,134.0
49238,288.0
01057,263.0
49239,576.0
45185,5004.0
47198,91.0
39098,745.0
23095,6430.0
40225,1111.0
47199,117.0
34204,72.0
42205,99.0
47200,71.0
34205,92.0
28170,1712.0
16242,395.0
34206,786.0
24205,736.0
24207,300.0
49240,190.0
09427,1614.0
50283,90.0
34208,96.0
39099,1658.0
49241,306.0
16243,437.0
09428,114.0
09429,70.0
09430,117.0
49242,407.0
50284,299.0
49243,124.0
05256,146.0
37351,248.0
47203,114.0
31254,1521.0
14067,2155.0
47204,245.0
50285,452.0
05257,330.0
06149,5950.0
45187,3015.0
24209,2336.0
44251,294.0
12129,1865.0
09431,188.0
47205,317.0
09432,230.0
47206,127.0
39100,553.0
09433,101.0
47207,199.0
06150,786.0
16244,557.0
24210,562.0
49244,40.0
47208,81.0
06151,754.0
37352,181.0
09434,803.0
34210,145.0
14068,446.0
13089,2016.0
44252,120.0
12130,660.0
34211,170.0
09437,296.0
03139,24086.0
34213,91.0
47209,44.0
47210,214.0
49245,172.0
09438,341.0
34214,177.0
49246,192.0
47211,51.0
16245,506.0
47212,326.0
06152,820.0
37353,109.0
50286,70.0
26166,112.0
21074,1662.0
16246,619.0
47213,86.0
28172,5680.0
09439,788.0
09440,146.0
49247,406.0
34215,160.0
34216,92.0
09441,68.0
50287,311.0
02078,831.0
16247,92.0
09442,439.0
26167,116.0
34217,751.0
49248,183.0
47214,1128.0
46255,2616.0
49249,116.0
49250,973.0
16248,700.0
49251,175.0
45188,1809.0
34218,441.0
11040,356.0
02079,2115.0
12131,190.0
24211,306.0
24901,1078.0
13090,1026.0
41097,2177.0
28173,647.0
28174,1232.0
28175,737.0
24212,1056.0
11041,6280.0
34220,112.0
24213,179.0
37354,3424.0
13091,516.0
49252,361.0
50903,1167.0
09443,180.0
31255,61.0
16249,2065.0
09444,135.0
09445,92.0
34221,205.0
26168,4612.0
09446,21.0
24214,726.0
18908,636.0
34222,100.0
10209,376.0
10210,637.0
09447,43.0
45189,699.0
45190,363.0
24215,202.0
24216,700.0
49255,364.0
24217,180.0
34223,174.0
45191,412.0
34224,48.0
47215,75.0
34225,2999.0
47216,80.0
49256,221.0
09448,219.0
22249,223.0
22250,1901.0
47217,1508.0
45192,2185.0
19317,293.0
29095,2157.0
09449,91.0
19318,26.0
05905,512.0
49257,190.0
45193,555.0
26169,120.0
49258,157.0
09450,32.0
46257,3666.0
14069,5229.0
47218,1013.0
50288,2178.0
05258,168.0
42206,58.0
16250,222.0
09451,238.0
50290,420.0
50289,131.0
28176,8385.0
29902,1336.0
47219,36.0
13092,1783.0
16251,1490.0
23096,1695.0
06153,13149.0
10211,488.0
19319,2275.0
10212,1967.0
21075,283.0
24218,470.0
49259,178.0
18187,441.0
47220,193.0
21076,1592.0
13093,3305.0
47221,76.0
33075,219.0
28178,714.0
13094,293.0
41100,902.0
47222,42.0
22251,249.0
29098,853.0
09454,63.0
12133,200.0
05259,86.0
41098,2879.0
23097,4537.0
05260,298.0
49260,685.0
37355,280.0
14070,1467.0
06154,1745.0
28177,5894.0
34227,44.0
44256,93.0
14071,777.0
30042,2298.0
41099,3008.0
29096,1914.0
29097,2554.0
18188,1038.0
34228,114.0
24219,456.0
24902,329.0
02080,422.0
34229,74.0
24221,759.0
24222,10586.0
09455,47.0
09456,124.0
37356,78.0
26170,453.0
16253,863.0
37357,356.0
05261,90.0
16254,203.0
49263,57.0
37358,139.0
16255,189.0
37359,269.0
50291,269.0
16263,915.0
37360,239.0
10214,311.0
06156,699.0
37361,89.0
26171,199.0
42207,90.0
46258,2645.0
49264,513.0
42208,39.0
44257,160.0
16258,520.0
16259,114.0
28179,1209.0
10213,854.0
13095,65.0
06155,1312.0
42209,322.0
44258,104.0
16910,181.0
49261,1071.0
14072,1060.0
09903,5725.0
49262,442.0
47223,163.0
49265,129.0
49266,75.0
23098,823.0
49267,99.0
26172,49.0
16264,546.0
16265,51.0
45194,96.0
24223,2439.0
28180,3740.0
05262,488.0
16266,282.0
19321,99.0
37362,3070.0
24224,638.0
42211,103.0
37363,125.0
16269,667.0
23099,3086.0
46259,776.0
09458,300.0
37364,1084.0
44260,288.0
37365,121.0
34230,29.0
47224,108.0
37366,54.0
44261,553.0
34231,238.0
34232,677.0
21077,1065.0
50292,182.0
49268,375.0
02081,12004.0
23101,344.0
26173,40.0
50293,617.0
44262,204.0
50294,87.0
13096,5153.0
45195,1738.0
16270,200.0
16271,578.0
06157,662.0
13097,1505.0
26174,169.0
16272,622.0
24225,1079.0
09460,222.0
34233,204.0
42212,117.0
37367,208.0
10215,382.0
37368,18.0
42213,41.0
19322,90.0
45196,989.0
19323,56.0
37369,164.0
37370,189.0
49269,219.0
24226,214.0
45197,1401.0
47225,50.0
34234,108.0
37371,239.0
44263,392.0
09463,337.0
45198,2002.0
05263,304.0
23903,2329.0
02082,245.0
09464,83.0
31257,525.0
34236,172.0
24227,1209.0
34237,390.0
31258,4010.0
02083,224.0
47226,175.0
26175,109.0
47227,75.0
49270,151.0
02084,367.0
37372,103.0
40228,361.0
47228,298.0
40229,149.0
26176,89.0
09466,191.0
41101,2994.0
16273,319.0
09467,122.0
49272,77.0
49271,148.0
47229,252.0
33076,11069.0
14073,2242.0
28181,11751.0
37373,889.0
28182,431.0
34238,296.0
09471,105.0
33077,740.0
24228,621.0
24229,617.0
09472,55.0
09473,240.0
40230,104.0
44264,419.0
19324,252.0
03140,18323.0
34240,51.0
34241,36.0
34242,62.0
34243,353.0
16274,307.0
12137,95.0
37374,783.0
09476,149.0
37375,439.0
26177,315.0
34245,384.0
34246,94.0
08304,455.0
17233,1315.0
17232,171.0
47194,278.0
09424,54.0
25253,238.0
50282,91.0
37350,417.0
09425,516.0
43176,738.0
15092,3956.0
44265,189.0
25255,406.0
46260,1763.0
12138,19819.0
16275,50.0
43177,320.0
26178,135.0
26179,85.0
42215,910.0
43178,1574.0
49273,149.0
05264,71.0
29099,1370.0
19325,112.0
44266,154.0
45199,4255.0
41102,7394.0
13098,1888.0
14074,1943.0
50295,157.0
12139,828.0
05265,69.0
37376,1689.0
01059,111247.0
27066,10949.0
44267,222.0
12140,1873.0
08308,124.0
02085,384.0
09478,66.0
42216,73.0
18189,483.0
39102,2363.0
42217,85.0
47230,210.0
03081,1940.0
46145,14430.0
46143,6197.0
46146,1163.0
27021,1500.0
43052,714.0
32032,7589.0
46110,14294.0
27025,1478.0
32036,1874.0
32037,802.0
35034,12225.0
42218,174.0
40231,194.0
46261,1758.0
45200,3066.0
19326,2374.0
19327,513.0
22252,66.0
30043,15516.0
37377,243.0
01060,220.0
19329,146.0
19330,177.0
45201,3195.0
42219,105.0
16276,79.0
45202,2809.0
33078,131.0
31261,308.0
46262,369.0
22253,82.0
02086,2195.0
45203,2095.0
45204,521.0
45205,5089.0
29100,2139.0
19331,2087.0
19332,184.0
31262,155.0
09480,124.0
18192,1217.0
06158,8155.0
16277,264.0
16278,183.0
18913,538.0
11042,823.0
06159,1725.0
50296,327.0
22254,875.0
06160,2914.0
21078,2069.0
48095,1394.0
20078,759.0
01061,111.0
48096,3688.0
37378,72.0
37379,113.0
01062,377.0
49275,39062.0
48905,1442.0
19333,306.0
05266,194.0
05267,216.0
50297,326932.0
37380,111.0
48097,684.0
47231,2587.0
20079,11480.0
46263,370.0
26180,402.0
10216,1243.0
10217,755.0
37381,153.0
16279,415.0
10218,1190.0
06162,1982.0
47232,96.0
06161,559.0
28183,1622.0
26181,16.0
09482,57.0
16280,326.0
19334,182.0
40233,634.0
40234,385.0
15093,2498.0
09483,285.0
48024,762.0
48025,591.0
20025,752.0
20026,280.0
20027,1576.0
48913,629.0
01018,871.0
31073,218.0
48915,233.0
31907,5281.0
20028,1243.0
44268,34.0
10219,1531.0
37382,175.0
19335,95.0
12141,225.0
26183,298.0
24230,410.0
18193,8852.0
31263,131.0
12142,408.0
50298,3617.0
21079,720.0
31264,103.0
14075,465.0
01063,1150.0
18194,1663.0
20081,4446.0
20080,4565.0
09485,51.0
31265,96.0
04103,1917.0
