Codigo Municipio,NÂº de Jubilados
44001,30
40001,185
10001,85
27001,1125
48001,1250
31001,30
09001,10
26001,80
20001,60
19001,35
30001,1855
50001,60
48002,1700
30002,2695
34001,10
31002,155
31003,40
31004,10
15001,1620
42001,95
44002,25
25001,60
02001,250
13001,470
31005,110
10002,155
49002,30
16001,45
34003,60
22001,80
22002,35
04001,400
19002,55
31006,635
08001,1605
04002,410
37001,90
28001,25
24001,105
10003,255
16002,60
06001,255
10004,245
10005,205
50002,85
06002,1005
22003,55
47001,15
14001,910
05001,75
38001,5355
46001,300
31007,55
19003,*
46002,365
04003,3835
09003,95
40002,15
05002,650
42003,35
40003,85
03001,330
20002,60
35001,1355
37002,60
25002,125
36020,1080
50003,60
26002,245
03002,995
25003,1125
42004,725
03003,170
18001,115
41001,490
50004,205
09006,35
47002,*
44003,10
44004,185
13002,690
22004,45
40004,205
09007,25
34004,1680
47003,85
31008,45
14002,2755
08002,*
44005,25
26003,195
30003,5725
50005,105
35002,3780
17001,210
46004,525
38002,355
10006,520
37003,70
37004,5
06003,300
20016,375
31009,240
46042,840
46043,40
08014,480
43001,215
17002,130
03004,230
12002,45
22907,370
50006,310
22006,70
25038,400
20003,115
28002,485
26004,20
48911,110
45001,425
44006,160
50007,40
47004,400
50008,1195
10903,240
07002,1610
21001,155
38003,340
29001,940
37005,55
45002,615
28003,65
18002,195
37006,80
13003,195
19004,30
28004,1045
25004,180
06004,430
41002,370
46005,5325
34005,385
37007,180
50009,55
16003,40
19005,25
07001,905
25005,100
02002,210
44007,90
34006,30
37008,1010
37009,100
02003,26480
25006,125
46006,1275
41003,365
46007,1840
10007,315
13004,445
16004,155
46008,765
46009,705
46010,250
22007,280
16005,125
19006,250
44008,675
22008,85
04004,400
23001,400
17003,30
19007,145
44009,230
45003,175
02004,235
25007,295
03005,1790
22009,265
26005,530
16006,65
19008,10
44010,75
16007,430
37010,245
37011,50
46011,1960
26006,480
50010,35
22011,25
22012,30
22013,105
25008,360
50011,45
25009,240
09009,35
43002,595
43003,55
20004,65
12003,430
04005,240
18003,2455
18004,220
17004,100
46012,195
46013,3200
02005,215
50012,40
05005,65
04006,2390
30004,300
06005,375
46014,825
18005,125
18006,1085
18007,295
06006,1295
45004,225
02006,210
44011,25
50013,80
41004,10800
22014,130
28005,29665
44012,115
16008,65
11001,1060
50014,55
12004,1860
02007,445
22015,100
41005,1895
11002,1180
23002,5345
03006,695
22016,300
26007,230
43004,2080
25010,75
10008,430
30005,5525
46016,295
16009,40
49003,295
44013,2935
45005,100
14003,340
02008,415
25011,1145
46015,1700
29002,1100
23003,2965
45006,460
13005,5355
16010,75
47005,150
30902,2545
13006,190
28006,14715
19009,130
03007,70
09010,15
16011,30
04007,260
13007,465
22017,305
19010,*
45007,240
19011,145
41006,670
03008,65
25012,445
10009,100
42006,30
37012,55
40005,15
06007,450
50015,45
16012,55
06008,205
04008,210
12005,1820
28007,31375
44014,720
19013,25
43005,830
03009,13265
22018,125
42007,70
42008,40
49004,95
13008,170
46018,260
07003,2375
46020,1085
04009,45
12006,65
46019,2240
10010,705
46021,4720
47006,75
35020,1845
10012,220
28008,410
37015,140
10013,120
13009,530
45008,70
40012,100
43904,955
10011,225
37013,55
37014,470
42009,40
40006,10
37016,115
40007,35
40008,25
42010,*
42011,10
42012,20
47007,480
45009,265
26008,600
37017,105
19015,45
40009,15
37018,45
10014,590
45010,255
05007,60
10015,225
40010,60
23004,155
37019,60
37020,150
05008,80
37021,35
37022,100
40013,50
37023,165
37024,30
40014,40
10016,80
37025,75
50016,15
42013,20
37026,100
40015,20
05010,80
42014,45
18010,200
40016,20
43006,270
30006,280
20005,415
01001,255
43007,155
08003,1475
42015,15
22019,45
26009,145
26010,35
18011,835
46022,3585
03010,110
50017,355
44016,160
50018,285
22020,55
43008,125
46024,155
46025,725
49005,80
29003,360
29004,160
26011,2005
46026,325
25013,705
46027,260
03011,5515
46023,115
25014,90
12007,210
43009,350
50019,30
27002,800
09011,25
39001,690
09907,200
09012,35
41007,2255
24002,115
07004,1080
41008,330
11003,300
19016,30
46028,165
18012,990
16013,10
29005,1255
29006,270
11004,18045
46029,5355
25015,175
28009,2100
46030,265
12008,105
46031,2455
11005,1395
49006,70
19017,45
03012,1595
25016,630
30007,1455
03013,385
04010,165
04011,600
50020,260
18013,1180
30008,3415
13010,260
29007,4680
29008,4075
18014,990
19018,95
10017,390
44017,120
16014,230
03014,59710
04012,55
18015,125
24003,315
25017,85
43010,80
19019,15
10018,495
42016,*
21002,1870
06009,60
20006,55
33001,770
32001,1580
44021,35
33002,4170
31011,200
31012,295
44022,230
44023,*
25019,1180
29009,460
13011,1635
41009,330
13012,135
19020,15
13013,1695
42017,45
42018,85
02009,4695
24004,230
10019,295
49007,135
16015,155
29010,480
42019,170
26012,10
46032,1260
25020,150
42020,1205
12009,3465
42021,35
12010,110
13014,200
14004,660
18016,130
49008,235
25021,895
42022,95
12011,1240
47008,10
37027,60
37028,95
06010,335
45011,155
06011,4970
21003,190
16016,110
41010,695
04013,29655
46033,75
50021,20
04014,65
13015,1800
16017,145
14005,1490
29011,980
19021,310
44018,*
10020,485
46034,435
50022,190
50023,95
50024,245
45012,270
19022,175
16018,165
21004,510
21005,3275
03015,3140
45013,605
43011,180
03016,60
22021,585
50025,1320
22022,190
22023,140
18017,5805
13016,180
46035,1270
44019,35
19023,20
48912,705
29012,3070
25022,55
21006,995
19024,785
29013,570
17006,230
29014,90
42023,35
50026,185
28010,1485
08004,60
44020,10
02010,625
25023,770
46036,260
18904,410
03017,95
46037,335
12901,960
22024,75
18018,215
04015,45
25024,85
09013,25
43012,730
16019,115
03018,4595
22025,395
09014,75
31010,1465
12012,805
20906,30
20007,55
19027,70
46017,8685
05012,90
34009,10
50027,105
28011,130
17007,590
15002,3530
31013,235
43013,1670
08005,995
09016,15
20008,205
33003,370
32002,845
48003,3800
48004,95
43906,720
43014,3670
34010,160
39002,990
01002,1955
34011,135
47009,50
44024,*
40017,40
37029,90
28012,155
13017,115
31014,85
49009,175
46038,100
20009,3090
44025,1825
31015,555
07005,2000
23005,7245
50028,40
17008,1180
25027,320
19031,15
26013,90
22027,80
26014,200
19032,95
09017,45
39003,130
50029,300
46039,655
20010,300
19033,50
19034,15
22028,150
31016,1545
04016,760
27003,935
46040,365
29015,6915
35003,1460
24005,230
34012,110
22029,45
20011,405
31017,90
01049,50
40018,65
50030,70
14006,355
31018,95
45014,800
37030,35
31019,435
37031,180
21007,1410
38004,1015
22032,40
41011,3210
40019,25
31020,140
48005,20
31025,230
20012,45
01003,325
31021,20
42024,35
09018,6220
50031,70
50032,190
09019,50
16020,10
15003,890
31023,655
28013,8070
31024,20
31022,170
48006,80
19036,135
12013,75
37032,145
31026,85
46041,135
09020,135
09021,25
09022,40
19037,45
25029,595
19038,25
31027,235
36001,1180
43016,810
04017,2150
43015,45
17009,1105
16905,80
31028,70
37033,35
49010,75
30009,3085
29016,175
29017,1655
45015,160
37034,35
34015,15
40020,90
09023,135
42025,450
11006,4595
49011,80
16022,50
44026,25
31029,380
29018,595
50033,30
24006,245
48093,255
31030,60
22035,115
05013,400
13903,200
29019,355
39004,555
13018,265
05014,1530
18020,495
42026,10
09024,60
44027,70
08006,2915
08007,1415
26015,95
26016,20
15004,1380
12014,65
31031,80
20013,1540
05015,45
40021,15
05016,1395
42027,35
13019,1385
13020,1270
28014,5495
24007,300
49012,40
22036,55
19039,40
17010,105
12015,45
08008,40
44028,85
43017,40
08009,1925
45016,375
39005,370
31032,580
22037,35
16024,30
49013,155
31033,30
07901,255
31034,15
38005,1730
09025,55
44029,280
50034,345
23006,1195
23007,770
09026,105
19040,40
31035,35
17011,185
37035,90
18021,2700
01006,35
40022,70
04018,90
19041,40
26017,140
26018,2660
43018,180
32003,315
39006,585
21008,825
38006,10180
49014,55
23008,420
49015,145
01037,160
16025,15
48009,200
20055,5095
48914,95
01008,175
09027,15
35004,5860
39007,190
25031,*
29020,715
48010,110
48011,2095
13021,190
31036,310
47010,770
10021,1525
19042,10
06012,695
23905,455
10023,265
28015,1065
10022,175
21009,265
31037,30
26019,125
25032,15
07006,1640
31038,360
12016,495
31039,15
48023,190
15005,4675
35005,250
08010,1095
25033,325
25034,770
50035,25
48008,195
01004,285
35006,5835
15006,1955
43019,355
50036,50
25036,80
49016,95
01009,360
03019,3455
20014,270
20903,580
39008,2905
24008,2785
34017,285
49017,140
29021,45
06013,85
16026,45
37037,70
19043,40
09029,50
47011,185
18022,2255
20015,400
28016,25
50037,75
50038,540
31040,50
19044,105
48091,290
46003,300
12001,455
48070,200
19045,95
31058,65
26020,190
42028,10
09030,50
34018,80
34019,50
26021,790
05017,35
05018,25
25037,155
09032,45
08011,495
05019,10160
33004,18990
08012,495
17012,180
08013,320
32004,1070
01010,445
21010,3520
31041,280
22039,310
40024,375
02011,390
12017,80
49018,195
46044,1215
34020,30
31042,830
44031,50
22040,55
22041,65
20017,2400
22042,45
41012,630
41013,1135
26022,100
20018,2700
06014,1770
50039,205
12018,130
31043,30
19046,3265
45017,70
37038,215
04019,70
06015,23005
08015,40160
26023,215
44032,10
08904,2675
41014,530
50040,50
22043,45
14007,3555
23009,2685
08016,575
44033,170
50041,10
47012,85
09033,60
19047,10
23010,2720
22044,90
36003,2375
25039,90
31044,95
48012,475
25040,2910
02012,475
09034,115
24009,200
50042,*
22045,50
27004,620
08017,625
20904,25
02014,125
13022,150
22046,285
48090,1720
03020,45
02013,60
08018,840
34022,350
32005,455
22047,35
32006,890
07007,115
03021,1510
43020,450
17015,3120
15007,1535
26024,110
24010,2480
37039,120
44034,85
01011,90
23011,580
32007,825
10024,220
26026,360
26025,35
19048,*
09035,140
19049,5
09036,5
34024,20
16027,295
48013,22220
27901,1055
31901,3110
42029,75
31045,110
32008,1745
37040,120
09037,50
09038,50
09039,55
37041,45
31046,20
22048,3505
11007,4475
25041,165
43021,135
08252,4710
50043,80
40025,65
22049,30
22050,45
42030,50
22051,45
06016,855
08019,352630
34025,25
39009,770
39010,205
37042,15
16029,40
47013,40
49019,100
45018,50
05021,605
32009,3290
42031,*
50044,90
39011,475
45019,1270
31047,145
31048,60
24011,135
38007,525
25042,60
12020,50
44035,55
05022,515
10025,150
02015,320
27005,1130
48014,180
09041,*
19050,*
09043,95
09044,10
24012,105
11008,3340
36002,865
05023,70
37044,195
34027,580
47014,15
01013,155
46046,330
46045,420
31049,185
40026,25
48015,10670
17016,220
09045,100
34028,55
09046,20
16030,15
25044,*
37045,15
43022,585
06017,110
28017,150
25045,35
04020,95
04021,90
42032,85
42033,25
18023,3680
31050,1695
44036,10
32010,180
16031,25
32011,525
21011,890
18024,240
18025,105
23012,1125
20019,2775
05024,140
05025,45
44037,160
27006,1015
34029,290
28018,710
47015,105
04022,450
48092,175
23902,725
23014,690
27007,1325
08020,700
17013,890
31137,75
31051,95
04023,55
20020,40
37046,3625
12022,135
14008,960
31052,20
20021,50
09047,15
50045,405
37047,60
46047,170
25046,170
16032,85
25170,105
17018,135
25047,340
25048,490
43023,90
25049,45
44039,120
08021,55
25050,780
46048,815
46049,110
43024,355
25051,425
25052,545
14009,980
23015,610
16033,570
34031,10
50046,95
33005,755
44038,65
28019,260
16034,90
09048,515
22052,365
49020,140
45020,585
10026,195
24014,2815
22053,260
41015,1035
29022,85
47016,45
12024,45
12025,75
46050,50
46051,2010
04024,510
29023,980
29024,115
29025,10815
18027,590
18028,400
11901,945
29026,445
18029,680
14010,955
29027,595
11009,150
29028,290
29029,135
12026,375
03022,75
22054,195
23016,185
25053,230
49021,3305
24015,885
46052,160
49022,120
03023,460
46053,150
03024,1035
46054,2735
03025,360
03026,425
03027,70
46055,350
03028,395
46056,50
12027,4640
12028,2510
46057,130
46904,215
03030,415
03031,12700
30010,1460
46060,2430
46059,410
46058,430
43025,280
03032,30
03033,65
46061,55
46062,1110
03029,215
03034,1250
03035,300
03036,25
03037,125
03038,145
03039,35
03040,140
46063,435
46064,140
46065,305
46066,285
46067,415
03041,3260
43026,320
46068,80
46069,55
03042,2150
04026,50
04027,100
12029,310
10027,35
06018,305
04028,70
24016,225
31250,665
48016,1080
01014,120
22246,35
20022,195
42034,15
22055,125
09050,30
31053,205
26027,75
47017,65
47018,10
18030,225
40028,45
05026,110
24017,255
24018,80
40029,25
50047,20
08022,3865
20074,3835
26028,50
26029,25
44040,75
15008,1885
31905,550
04029,2200
05027,85
06019,560
42035,335
24019,175
09051,85
37049,95
48017,4255
49023,415
40030,170
01016,150
19051,40
40031,90
05029,50
48018,250
31902,415
31903,1120
48019,885
20023,110
21012,130
37050,55
37051,35
10028,70
05030,15
47019,40
50048,15
28021,125
31054,135
10029,170
09052,15
28020,40
34032,20
17019,565
17020,775
35007,140
15009,3060
31055,70
46070,2580
16035,105
12021,1110
17021,25
26030,*
44041,15
03043,770
46071,170
31253,25
20024,70
50901,85
22057,110
02016,220
06020,520
22058,80
22059,290
03044,1210
08023,1205
50050,40
48020,80330
33006,700
22060,355
22061,1980
07008,1250
25055,70
50051,320
22062,55
43027,80
43028,725
17022,1765
22063,65
50052,50
17234,55
31056,55
42036,25
30011,1315
43029,115
44042,60
32012,440
17023,7480
05033,60
05034,10
05035,45
14011,180
22064,65
44043,55
42037,20
37052,100
34033,5
17029,55
34035,45
34034,45
28022,3965
33007,770
28023,740
26031,40
47020,95
32013,1255
24020,200
46072,960
40032,95
47021,30
47022,30
19052,20
37054,120
06021,275
47023,365
37055,45
02017,450
05036,55
10030,275
05037,160
15010,845
15011,3915
32014,595
13023,2205
47024,100
46073,330
41016,1090
21013,2900
32015,610
22066,205
03045,145
17024,85
22067,15
21014,1005
43030,105
02018,255
16036,65
05038,65
02019,685
46074,555
24021,575
15012,1260
50053,240
22068,25
50054,25
25057,45
17025,300
44044,60
29030,265
25058,1325
43031,360
50055,890
42038,20
41017,2115
11010,1460
42039,140
45021,530
17026,130
08024,160
24022,180
12032,6370
12031,725
11011,370
25059,155
43032,255
43033,150
10031,70
50056,130
37056,30
27008,660
49024,230
37057,85
25056,115
09054,35
05039,20
43034,140
47025,55
34036,110
28024,35
09055,25
13024,310
24023,90
50057,530
28025,135
17027,855
41018,1985
38008,1260
38009,815
49025,110
49026,110
40033,10
26032,15
19053,665
49027,100
49028,70
37058,30
26033,50
15013,1670
26034,185
09056,1185
44045,125
22069,100
10032,580
08025,270
08026,35
28026,905
17028,105
42041,25
50058,25
18032,65
16038,35
19054,80
16039,210
16040,35
37059,45
45022,160
37060,50
34037,140
38010,1140
16041,125
44046,30
36004,2705
46075,55
46076,250
09057,10
07009,285
42042,15
28027,290
14012,1545
19055,20
50059,280
05040,45
50060,75
30012,2150
09058,45
07010,1295
46077,2175
31057,570
44047,80
27902,1655
50061,90
49029,230
50062,315
42043,1000
24024,315
29031,435
05041,375
09059,35275
31059,80
41019,685
45023,275
06022,710
46078,6845
31060,3105
24025,145
45024,320
03046,985
18033,70
19057,30
28028,300
50063,35
47026,15
34038,115
49030,30
24026,595
34039,30
09060,90
31061,35
48021,430
43035,80
37061,110
40034,25
15014,1730
25060,30
15015,905
17031,60
12033,755
17030,175
31062,330
28029,125
19058,810
08027,150
50064,180
45025,245
40035,45
49031,70
45026,90
10033,220
24027,310
09061,75
37063,35
06023,1285
37065,170
06024,435
10034,170
37062,40
45027,170
13025,120
13026,215
05042,65
41020,2675
05043,35
05044,130
21015,245
26035,10
39012,1485
09062,25
39013,220
47027,375
47028,10
40036,170
10035,605
05045,25
25061,30
50065,20
14013,4085
44048,20
43036,230
23017,500
33008,845
33009,430
31063,60
42044,20
42045,145
08028,220
08029,670
28030,405
37067,415
10036,155
47029,30
24028,175
24029,360
37068,165
08030,840
39014,320
24030,1400
10037,14875
10038,45
18034,225
10039,195
28031,525
17032,475
18035,450
11012,25855
31064,440
50066,435
18036,595
21016,330
40037,15
44049,325
08031,730
43037,4135
26036,4585
34041,55
18114,220
44050,1040
06025,1100
44051,890
21017,1095
30013,2500
42046,15
50067,4145
50068,700
50069,35
36005,2160
22072,70
08034,200
17033,1290
08033,2965
08032,520
08035,3575
06026,265
45028,940
09064,170
45029,110
18037,125
12034,460
08037,390
46079,145
03049,3285
03048,1195
08038,340
50070,30
44052,50
17034,2290
08036,55
03047,7090
42048,35
37069,235
37070,125
07011,6940
32016,605
37071,30
13027,1210
37072,60
34042,90
45030,145
37073,145
24031,105
10040,200
06027,235
49032,210
39015,340
44053,60
25062,250
45031,590
44054,35
45032,105
39016,5510
44055,45
15016,1745
43903,760
28032,730
49033,275
41021,4565
36006,3265
23018,755
15017,3785
43038,5030
10041,335
44056,245
17035,170
41022,1090
06028,1405
07012,585
47030,385
24032,70
17036,1040
17037,30
03050,5685
01017,290
16042,465
50071,45
09065,75
23019,465
37074,75
10042,35
19059,40
45033,165
06029,310
19060,35
21018,470
47031,105
29032,1670
16043,40
16044,25
08039,75
19061,25
17038,65
22074,85
13028,2730
03051,105
37077,95
40039,90
24033,120
36007,760
10043,250
28033,580
21019,170
09066,30
24034,940
39027,950
39017,220
47032,55
22075,75
46080,340
07013,2220
16901,360
30014,505
18038,355
17039,565
26037,65
45034,510
22076,140
47033,80
16045,125
05046,25
26038,30
46081,2895
33010,810
22077,150
38011,3655
37078,320
05047,1390
42049,55
24036,140
25063,*
23020,515
28034,145
17040,125
08040,2700
46082,820
12036,320
22078,85
36008,5880
33012,1790
33011,4740
09067,180
18039,1185
37079,30
29033,705
29034,370
47034,35
26039,15
04030,450
43907,1115
08041,2360
08042,525
19064,55
09068,15
37080,80
37081,370
40040,780
17041,85
19065,50
37082,320
37083,70
44059,180
41023,1755
40041,370
05048,65
04031,1220
08043,640
03052,270
44060,20
13029,55
44061,30
16046,120
16047,110
41901,660
44062,25
42050,15
16048,130
10044,525
18040,90
26040,40
16049,70
10045,430
21020,120
16050,125
16051,70
16052,215
14014,795
29035,420
36009,1660
49034,200
19066,30
44063,20
16053,155
49035,105
43039,35
31065,580
43040,120
07014,1755
22079,65
15018,430
22080,120
08044,1210
18042,100
06030,60
34045,40
17042,155
08045,*
42051,20
28035,310
42052,*
13030,40
18043,45
30015,4470
33013,160
09070,20
49036,245
10046,90
37085,360
32018,595
32017,670
27009,1045
32019,3850
15019,7455
49037,100
04032,1140
16055,240
40043,550
23021,170
10047,245
14015,645
46083,4190
31066,285
31067,590
09071,30
09072,60
02020,225
46084,495
23901,375
08046,2545
26041,65
16056,200
14016,425
09073,115
09074,150
05049,145
34046,10
09075,20
45035,100
08047,1465
19067,20
50072,80
50073,665
15901,1440
46085,2560
14017,2250
08048,200
45036,230
24037,215
41024,5075
06031,165
15020,1700
23024,2875
47035,275
37086,30
45037,585
14018,955
24038,1135
15021,1295
45038,435
37087,70
37088,80
40044,65
10048,160
06032,40
16057,40
42053,15
16058,35
42054,*
29036,250
33014,2925
05051,75
09076,10
45039,80
46086,35
13031,655
41025,470
34047,455
24039,695
13032,385
24040,220
30016,37170
29037,80
29038,3080
21021,2430
32020,1310
39018,535
24041,270
19070,35
29039,840
37089,15
26042,275
10049,930
45040,435
10050,540
19071,945
29040,740
42055,75
29041,1130
10051,220
41026,895
45041,675
28036,225
46087,50
46088,80
16060,325
10052,100
10053,125
06033,465
16061,375
16062,15
16063,40
16064,265
02021,345
02022,170
16065,235
10056,230
10057,85
06034,70
19073,10
02023,250
10054,215
37090,30
10055,230
05052,45
45042,70
49038,55
49039,115
02024,935
16066,605
05053,65
47036,100
10058,300
05054,360
22081,100
09077,15
09078,15
31068,870
44064,40
31069,315
43041,90
05055,260
10059,175
37091,80
46089,605
40045,40
33015,740
50074,2005
19074,25
17044,1610
08049,475
03053,2685
10060,345
26043,145
39019,435
21022,45
18044,100
16067,40
31070,795
50075,50
19075,35
50076,40
22083,210
22084,65
44065,25
50077,105
22082,95
44066,55
22085,45
12037,*
03054,175
03075,55
08057,*
25904,90
07064,1375
09079,15
37092,130
37185,115
05056,45
23025,655
11013,480
19076,40
25064,30
08052,20
13033,565
08050,20
08051,3575
44070,25
08053,720
08054,1650
08055,85
25067,260
08056,8095
08058,440
17046,270
08060,55
08059,100
12038,85
08061,390
08062,185
25068,190
12039,320
25069,165
46090,420
17047,2050
08063,115
12040,30420
46091,30
44071,270
17048,2105
25070,350
08064,480
43042,265
08065,370
08066,235
44067,60
44068,220
46092,120
22086,50
22087,10
09083,10
34048,20
06035,435
41027,1020
09082,15
24042,35
19078,25
42056,5
50078,140
22088,75
41028,235
41029,2425
41030,150
18045,560
16068,65
37096,85
40046,30
42058,65
16070,15
45043,345
16072,70
41031,415
23026,1535
12041,55
16071,10
22089,110
31071,10
19079,*
42057,115
37097,20
34049,175
47037,65
32022,785
32021,505
18046,765
24043,60
34050,85
47038,40
49040,35
09084,100
24044,95
09085,170
34051,50
09088,25
34052,75
09086,130
09090,30
33016,4975
47039,75
32023,525
04033,45
40047,25
27010,1790
14019,1705
47040,30
24046,425
24047,435
47041,65
49041,150
09091,235
40048,20
47042,25
34053,75
47043,120
49042,125
47044,70
47045,295
24049,605
33017,1195
47046,55
40049,30
40051,20
24050,40
39020,4735
27011,1030
49043,145
47047,100
26044,15
06036,1350
46093,540
46094,4575
12042,260
43043,580
36010,800
03055,1790
02025,1930
46095,230
12043,210
25071,25
09063,35
09093,25
45045,375
23027,185
41032,1150
23028,1690
49044,30
24051,225
24052,70
45046,585
09094,25
05057,940
24053,255
10061,635
15022,2285
10062,145
40052,35
45047,350
44074,105
15023,2165
30017,3255
47048,85
09095,40
44075,120
32024,2105
44076,875
17189,415
26045,*
17049,635
31193,255
19080,45
19081,20
18047,780
26046,455
28037,530
02026,245
32025,555
08067,1440
19082,40
42059,10
37098,130
05058,40
42060,15
15024,1810
28038,1235
08268,380
46096,70
08266,9405
36011,750
15025,425
37099,60
49046,115
49047,55
37100,65
10063,80
40053,45
40054,30
09098,190
49048,95
44077,30
37101,120
45048,145
09100,30
21023,655
37102,195
27012,725
34055,110
08068,1250
25072,1645
28039,60
50079,115
45049,135
34056,725
16073,80
12044,255
26047,820
50080,10
25073,220
17050,180
47049,35
27013,1270
37103,215
15026,520
50081,250
51001,10610
30018,1485
34057,130
34058,100
37114,45
22094,40
05067,35
32029,280
27016,2930
40065,200
28051,420
18059,805
19103,120
06042,275
46107,665
46106,470
19104,10
46108,225
04036,105
12052,295
46109,1610
22095,35
11015,11170
23029,300
12053,660
16023,110
19106,25
13038,635
23030,375
19105,420
18061,410
22096,55
02029,695
28052,905
11016,2330
50092,130
04037,640
46111,2085
50093,55
12055,65
12056,110
24065,650
45056,465
21030,395
45057,65
46112,210
16081,20
18062,1440
09101,25
26048,*
42061,95
28040,2380
16074,30
30019,6160
39021,180
19086,460
47050,510
42062,*
47051,75
42063,40
26049,50
18048,420
05059,40
09102,30
10064,605
37104,20
09103,105
09104,25
40055,15
39022,300
24054,205
24055,330
50082,45
50083,20
19087,10
12045,145
31072,1300
37106,120
12046,100
31074,130
42064,35
31075,15
19088,35
45050,90
09105,40
19089,15
26050,40
42065,5
05060,55
34059,165
17051,65
47052,690
24056,1055
13034,11905
37107,3100
07015,4395
25074,50
31076,300
50084,45
25075,20
26051,55
33018,1010
04034,40
45051,335
28041,465
19090,70
45052,340
34060,55
40056,30
49050,260
40057,450
37108,40
03056,2480
50085,80
44080,110
40058,125
50086,95
06037,720
46097,290
47053,50
47054,250
19091,15
09108,65
18049,200
18050,455
19092,175
25076,65
29042,3980
15027,570
17054,165
32026,990
05061,70
39023,1535
25077,145
05062,80
10065,35
05063,30
40059,60
28046,880
28047,7290
34061,45
08069,520
43045,35
08070,70
29043,835
37109,90
28043,1275
28042,220
28045,5620
28044,865
18051,315
17055,55
33019,1340
22090,60
25163,40
29044,675
39024,560
29045,1305
25161,115
40060,30
09109,160
19095,*
19096,65
43046,45
03057,110
24057,565
34062,70
19097,15
11014,3240
14020,140
10066,60
07016,550
43047,995
41033,1185
05064,30
45053,2165
50087,10
09110,55
49052,100
19098,5
08071,70
44082,30
46098,715
08072,1795
43048,285
24058,120
25078,280
47055,60
15028,445
17057,280
14021,57320
06038,260
37110,35
34063,40
26052,80
19099,140
31077,1425
26053,65
49053,370
27014,1520
10067,2330
41034,4275
41035,450
15029,2165
26054,185
08073,17355
17056,435
43049,230
06039,510
41036,1085
28048,105
26055,15
45054,1395
40061,35
13035,340
39025,2325
47056,25
49054,345
41037,755
02027,135
06040,250
21024,160
32027,460
21025,1050
21026,80
31078,795
44084,20
12048,95
18053,805
29046,755
46099,340
18054,285
13036,345
24059,480
09112,50
15030,56560
33020,3495
39026,490
44085,30
42068,40
28049,12010
27015,1925
07017,230
12049,125
50088,125
49055,50
46100,100
02028,40
36012,1320
42069,520
09113,190
36013,1155
12050,600
03058,1090
13037,310
40902,70
36014,800
43050,670
24060,295
17058,60
05065,145
44086,185
03059,5055
06041,100
37112,65
44087,35
17901,225
10068,265
24061,525
32028,820
50089,575
44088,10
28050,360
50090,60
08074,2385
25079,120
42070,15
34066,30
24062,60
24063,205
47057,60
40062,35
19102,55
09114,25
49056,135
24064,415
44089,25
49057,65
09115,35
37113,145
42071,90
49058,135
44090,45
33021,1970
49059,50
40063,1950
16078,9505
47058,80
50091,25
45055,350
41903,1195
44092,45
42073,50
09117,60
16079,25
29047,350
44093,30
40905,70
09119,20
29049,920
04035,2645
29048,420
18912,525
05066,160
44094,60
12051,270
18056,1175
18057,860
46105,5250
15031,4880
10069,300
21027,20
21028,155
21029,480
43051,2700
36015,1635
47059,40
15032,1295
29050,235
26056,130
28053,670
13039,3365
46113,650
04038,735
17060,155
50094,560
26057,20
18063,260
17061,40
03061,550
03062,315
20029,1085
33022,420
34067,65
34068,10
18064,155
18066,545
10070,270
43901,2600
03063,8150
48901,1135
10071,80
31079,40
24066,330
42075,60
07018,125
42076,120
31080,190
05903,85
18067,200
18068,365
48026,275
37115,65
15033,925
18069,200
03064,1465
46114,160
40068,10
45058,185
06043,140
06044,5380
31081,70
31221,270
40069,35
05069,35
20069,42485
05070,15
14022,1190
37116,40
37117,125
46115,140
41038,15880
14023,530
45059,490
08075,655
36016,520
19107,180
18070,60
34069,640
43053,65
15034,1135
48027,5335
18071,1410
19108,35
40070,45
42078,360
48028,235
31083,10
41039,6510
31086,855
20030,7150
07026,5710
50095,3180
37118,55
04902,8425
44096,90
48031,160
01021,60
02030,900
03065,36885
01022,255
03066,10935
20031,50
20033,215
20032,2625
31087,45
46116,2110
10072,380
48032,1625
01023,105
19109,35
50096,25
46117,70
37120,35
37119,40
50098,105
40071,20
37121,135
37122,55
47060,100
14024,525
21031,455
37123,110
24067,300
40072,25
09120,25
26058,40
37124,85
31089,70
46118,1180
16082,150
04041,115
46119,285
49061,45
39028,665
26059,340
32030,635
06045,165
50099,885
48902,4825
31090,50
24068,210
48033,80
31091,155
50100,145
48034,3625
20067,9250
20066,145
01046,160
48079,145
31092,225
45060,75
21032,455
17062,2155
39029,235
45061,730
40073,145
45062,385
19110,45
23031,180
40074,90
19111,75
50101,320
24069,40
40075,70
42079,15
19112,35
07019,35
28054,2140
44097,95
44099,250
10073,235
37125,95
18072,205
32031,460
47061,110
20034,870
31094,45
12057,205
37126,10
49062,55
12058,20
06046,365
06047,280
06048,340
08076,3655
41040,1300
31095,40
37127,105
42080,85
14025,1000
42081,70
23032,150
11017,825
14026,440
40076,1430
17063,65
37128,95
34070,100
09122,45
19113,170
05072,30
09124,495
34071,75
09123,15
45063,245
40077,60
19114,25
25081,135
43054,780
08077,9240
22099,190
17064,115
17065,95
07020,840
25082,55
31096,45
08078,75
45064,900
19115,20
22102,65
22103,255
25088,40
08079,100
25085,45
31097,2830
07021,100
41041,2145
42082,*
09125,280
29051,10075
44100,70
31098,415
25086,160
25087,15
46120,315
26060,45
22105,60
36017,5955
45065,190
28055,245
19116,*
46121,45
31099,25
31082,170
31084,500
31085,90
48029,1560
48030,175
31100,95
31101,270
26061,410
31093,105
20035,135
31102,50
31103,20
50102,375
24070,1675
03067,40
22106,10
31104,735
43055,675
03068,25
22107,25
12059,85
17005,100
29052,105
49063,205
49064,280
50104,140
25089,15
38012,660
43056,330
46122,715
46123,475
50105,135
50106,90
43057,20
07022,3285
04043,190
15035,3425
02031,215
06049,390
49065,505
13040,375
14027,2060
18074,105
49066,210
49067,195
07023,690
49068,235
44101,35
15036,18525
08134,160
08080,15
25908,95
43058,45
17066,6975
43059,70
12060,120
49069,260
50107,195
04044,310
03069,980
04045,660
35008,1305
22109,70
15037,1280
31105,525
17067,225
43060,910
05073,125
25092,55
37129,70
08082,290
08081,75
46126,1240
17068,85
24071,440
27017,460
08083,345
47062,90
50108,*
47063,35
26062,30
25093,145
03077,1075
04046,240
18076,270
44102,15
49071,375
08084,270
27018,1735
46128,515
46127,985
17069,105
19117,225
13041,130
46124,205
17070,50
17071,140
31106,110
47064,15
09127,20
05074,215
08085,355
22110,335
26063,55
25094,60
22111,70
17902,320
12061,130
36018,1630
43061,10
37130,60
07024,1745
03070,900
44103,40
07025,155
17073,320
36019,675
44105,35
46125,220
44106,60
17074,160
30020,1960
48906,230
27019,2535
44107,90
15038,820
37131,85
22112,2470
50109,35
23033,580
33023,1330
09128,20
08086,2365
50110,180
34072,70
42083,15
06050,1145
37132,185
43062,135
18078,345
50111,65
16083,25
40078,55
16084,25
09129,60
44108,150
05075,40
28056,175
37133,45
10075,140
09130,45
09131,95
37134,80
40079,105
42084,10
40080,20
49075,90
49076,105
24073,250
09132,70
09133,20
49077,85
28057,210
34073,70
47065,330
05076,125
09134,65
44109,50
49078,95
29053,990
27020,1645
34074,205
38013,820
16085,65
48035,115
40081,70
19118,10
13042,295
38014,500
19119,35
50113,225
50114,60
44110,20
29054,15385
28058,18045
06051,650
13043,115
26064,535
47066,235
45066,1540
02032,125
23034,790
30021,2610
06052,980
16086,315
29055,615
37135,415
40082,60
06053,220
06054,1410
13044,745
40083,100
40084,40
05077,75
28059,675
47067,75
49079,55
14028,95
12063,25
14029,1290
14030,1985
18079,930
02033,645
02034,480
42085,110
09135,10
42086,15
42087,10
09136,95
37136,300
21033,105
19120,55
49080,270
09137,80
19121,105
16087,120
16088,50
37137,60
09138,55
42088,35
19122,40
42089,20
19123,10
09139,40
16904,120
09140,55
19124,100
47068,25
40086,220
42090,60
40087,55
40088,120
37138,65
46129,195
16089,130
44111,45
44112,215
41042,1535
05078,45
12064,35
37139,65
24074,35
50115,795
50116,115
06055,585
42092,35
34076,200
37140,305
49082,175
44113,25
34077,60
49081,415
40089,95
49083,30
40091,60
44114,100
09141,95
49084,100
42093,20
14031,225
40092,45
28060,350
23035,355
16091,45
22113,165
25096,320
25097,40
31107,500
31108,570
16092,55
18905,1525
20038,105
04047,625
08090,30
03072,145
12065,85
20037,30
19125,30
37141,75
28061,3835
19126,185
31109,300
21034,330
09143,*
26065,15
48036,5570
48037,200
35009,4530
49085,450
18082,400
43063,195
26066,75
37142,120
37143,160
37144,165
10076,205
04048,1190
09144,35
40093,40
05079,25
37145,130
47069,45
05080,35
37146,65
49086,30
49087,285
08087,35
26067,*
31110,50
50117,50
31111,25
50118,810
44115,60
19127,40
45067,685
48038,270
49088,50
43064,645
46131,14705
16093,35
38015,1130
38016,480
48039,50
31112,45
06056,165
43065,175
10077,280
37147,90
37148,135
40094,85
45068,60
37149,30
31113,65
44116,30
28062,95
05081,30
10079,305
10078,200
10080,145
28063,90
10081,55
43066,25
31114,95
06057,265
24076,360
31115,45
42094,90
08088,2535
17075,90
17076,45
17077,170
41043,150
06058,465
10082,630
04049,1135
10083,35
28064,45
16094,65
19129,40
11018,525
10084,510
03071,1350
48040,270
47070,10
46902,175
29056,475
48041,185
08089,7910
46130,260
25098,125
05082,210
20907,40
44117,145
37150,20
12067,200
08091,1135
50119,335
41044,955
49090,90
05083,60
29057,165
23037,215
31116,25
46132,460
17078,115
41045,1065
04050,300
47071,90
45069,445
48046,3505
46133,310
28065,29575
20039,530
48044,16840
21035,1835
33024,69005
05085,15
05084,55
41046,735
46134,460
25912,275
05086,40
26068,20
44118,65
41047,1540
43067,250
02035,395
17079,14890
08092,1300
08093,*
22114,50
48047,50
18083,115
43068,210
46135,2045
46136,600
50120,20
31117,170
18084,730
42095,195
25099,295
02036,60
37151,45
42096,110
17080,50
37152,135
32033,495
40095,175
36021,2375
31118,90
18085,320
18086,150
24077,130
48042,365
10085,110
24078,190
03073,75
48043,940
42097,*
25100,55
05087,35
50121,125
33025,2770
24079,465
33026,3225
22115,150
16095,35
16096,90
24080,115
40097,25
18087,48125
21036,65
08094,375
25101,220
38017,4750
21037,150
13045,270
33027,355
05088,10
08095,*
46137,85
49091,125
03074,415
06059,615
25102,270
10086,105
14032,135
08096,10320
49092,85
25103,40
25105,50
25104,45
22116,495
26069,135
43069,65
22117,815
26070,85
11019,580
44119,55
09148,35
34079,230
28066,930
09149,20
50122,20
50123,130
36022,2525
18088,430
19130,14090
44120,75
41048,685
14033,225
28067,805
13046,315
10087,555
45070,385
28068,2090
46138,105
46139,1175
18089,3490
37154,65
18906,370
08097,210
18093,815
17081,80
38018,1210
36023,2275
46140,60
03076,4190
23038,525
45071,595
08099,265
34080,1815
06060,1530
29058,435
49093,115
23039,485
34081,15
44121,15
32034,535
18094,555
48045,1355
31119,25
31120,130
18095,350
38019,3075
43070,80
37155,25
10088,110
10089,385
10090,225
10091,125
14034,145
37156,840
41049,1605
17082,85
38020,3225
25109,140
25903,65
31121,20
05089,205
25110,685
27022,1920
25111,30
09151,155
09152,105
27023,1055
08100,370
39030,525
22119,465
24081,70
05090,25
06061,315
09154,55
01056,110
35010,1020
26071,2065
09155,10
39031,340
06062,225
02037,5475
16097,85
19132,40
19133,40
12068,30
26072,115
13047,1580
45072,255
10092,140
37157,45
37158,100
37159,60
39032,550
34082,45
38021,385
49094,145
20040,4015
10093,130
05092,55
20041,55
05093,130
26073,45
41050,1180
10094,95
50124,165
34083,665
42098,5
34084,50
06063,835
02038,90
19134,20
39033,220
05094,70
10095,135
45073,145
47073,55
16098,230
10096,960
26074,50
19135,55
10097,45
23041,145
06064,275
21038,240
05095,125
06065,110
06066,585
06067,570
12069,35
02039,355
46141,155
05096,50
44122,480
19136,10
49095,110
10098,160
21039,115
23042,145
21040,790
37160,225
44123,60
45074,185
42100,15
14035,1645
06068,145
16099,95
13048,235
16100,320
31256,40
28069,15
19138,115
16101,75
10099,225
19139,15
20036,3295
03078,560
16102,435
40099,10
40100,115
45075,75
40101,45
09159,20
16103,160
09160,50
16104,40
19142,85
34086,25
09162,35
09164,90
09163,305
05097,235
28070,35
05099,185
13049,255
37161,70
16106,865
37162,95
28071,20
19143,365
09166,40
45076,170
26075,120
26076,55
06069,865
14036,860
05100,130
26077,5
34087,55
47074,60
09167,30
23043,200
26078,20
09168,150
43071,370
19145,40
09169,35
24082,325
08101,52815
08162,335
17083,785
37163,10
02040,190
09170,75
28072,1170
05102,555
05101,125
05103,45
10100,225
05106,15
05104,15
05105,110
22122,25
44124,15
22908,75
31122,785
45077,125
04051,125
10101,55
18096,115
16107,70
23044,1420
21041,24820
16108,20
18097,370
04052,1035
04053,3620
26079,245
19146,20
16109,40
09172,60
19147,25
37164,70
09173,50
16110,35
09174,325
45078,455
16111,70
19148,15
22124,105
40103,45
23045,495
44125,50
22125,9725
18098,1975
16112,455
18099,325
18100,1780
18101,1560
19150,35
41051,490
09175,55
19151,310
28073,1485
29059,585
09176,15
05107,35
34088,75
10102,155
31124,60
20042,905
48048,185
50125,195
09177,240
03079,4390
33028,850
22126,40
09178,30
23046,605
38022,4525
20043,445
31259,160
26080,200
09179,5
09180,55
44126,145
45079,160
48094,795
22127,60
08102,7780
29060,220
24083,545
31125,90
20044,85
22128,80
36901,1105
45080,*
19152,270
33029,215
04054,110
33030,310
45081,1970
18102,2565
50126,685
31126,90
07027,4660
27024,790
35011,3970
16113,825
19153,*
04055,170
19154,40
31127,40
32035,895
15039,560
23047,415
37165,10
19155,20
20045,12170
01901,395
20046,155
01027,95
31904,400
31128,155
22129,75
09181,90
47075,1220
21042,3065
41902,930
25115,365
17084,70
48049,170
29061,350
50128,20
34089,50
09182,50
18103,275
20047,130
37166,105
40104,40
31129,95
31130,100
48910,890
25112,105
25113,450
25114,40
31131,185
31132,35
24084,120
31133,20
14037,1315
18105,1265
29062,210
23048,245
48050,50
44127,40
23049,465
21043,480
22130,2305
03080,435
19156,350
23050,20280
17085,110
46142,350
26081,5
49096,75
23051,765
12070,240
50129,95
46144,310
10103,160
10104,1365
09183,40
09184,*
10105,715
10106,70
50130,160
44128,40
22131,30
44129,20
50131,90
31134,80
03082,8200
31135,20
18107,275
11020,32015
06070,1890
18108,230
12071,500
10107,350
18109,190
03083,1670
23052,365
11021,1800
29063,145
19157,35
24086,185
23053,1975
17086,525
08103,145
44130,20
02041,165
44131,10
25910,40
50132,130
40105,30
40106,95
29064,195
17087,60
30022,3925
18111,330
05108,40
25118,145
25119,770
09189,45
09190,30
09191,20
09192,20
31136,105
49097,65
18112,40
37167,45
29065,70
48022,785
48907,100
01019,50
01020,85
40107,45
01028,315
13050,190
22133,30
18115,555
10108,100
45082,405
34091,65
50133,60
01030,75
01031,330
44132,45
24087,275
26082,65
40108,50
47076,2460
24088,470
16115,30
16116,*
37168,180
26083,135
23040,440
31138,225
36024,5195
22135,80
22136,360
36025,935
39034,125
31139,55
22137,445
27026,960
01032,175
16117,415
48051,75
05109,105
42103,220
50134,70
47077,105
33031,11725
40109,35
18116,880
34092,155
01902,210
18117,145
41052,640
31140,45
05110,205
44133,10
06071,105
22139,35
31141,35
01033,195
15041,3055
26084,1055
39035,2970
32038,230
04056,40
48052,360
31142,395
31143,45
20048,35
31144,260
37169,70
23054,100
20902,4320
22141,40
22142,50
22143,80
22144,95
40110,170
40111,55
40112,240
01036,4515
04057,350
48053,205
33032,3985
15040,935
50135,50
45083,115
32039,710
31145,60
20049,1010
20050,90
31146,20
41053,4065
50136,265
50138,15
50137,415
18119,600
19159,25
16118,555
37170,415
26086,10
34094,40
37171,145
28074,34160
16119,65
31147,30
31148,40
20051,2020
20052,355
01058,280
20068,60
48054,5040
32040,660
31149,655
26087,115
48057,1775
31908,170
48055,560
48056,220
33033,3575
18120,100
24089,32620
31150,65
21044,3405
31151,30
31152,545
09194,505
25121,140
31153,580
02042,335
50139,125
01034,60
26088,*
48081,475
31154,75
20053,1055
02043,485
30023,970
44135,95
42105,15
44136,30
31155,80
39036,335
39037,540
02044,415
04058,155
45084,715
39038,380
23055,10885
21045,90
44137,90
37172,300
11022,11315
25122,555
50140,65
50141,40
20054,135
31156,70
08104,250
17088,120
25123,90
25124,45
08105,2560
17089,1555
24092,400
17090,115
17091,125
17092,1260
33035,2855
46154,225
33036,3450
09195,*
47079,30
38024,3670
05113,55
13904,130
25125,180
46155,405
25126,85
44141,45
25120,24565
06073,220
06074,1060
17093,275
25127,60
03085,445
08107,2310
08108,1020
25128,75
08106,1460
46147,3725
17094,260
43072,40
25129,50
46152,25
46153,145
46151,175
46156,555
43073,20
43074,435
17095,4925
07028,230
46157,735
12074,235
07029,1010
17096,35
07030,485
07031,5395
08109,45
46150,560
22149,140
32041,435
50142,30
32042,885
06072,530
18121,75
31157,1055
28075,720
26089,28395
10109,565
48903,435
18122,4175
34903,110
34096,15
45085,305
47078,50
50143,185
50144,25
31158,80
23056,885
22150,185
41054,240
41055,3600
19160,120
30024,14925
03084,255
46148,280
30025,1145
46149,125
40113,100
49098,135
49099,55
10110,700
05112,40
22151,25
44138,85
42106,*
27027,900
15042,1185
28076,135
28901,235
49100,150
04059,655
04060,225
04061,295
14038,6640
50146,85
12072,395
21046,415
50147,275
13051,130
24090,190
45086,150
12073,65
49101,75
39039,250
50148,120
50149,*
27028,20860
18123,130
41056,915
18124,115
31159,330
37173,725
26091,75
50150,275
50151,280
19161,80
22905,105
23057,255
14039,850
31160,30
24091,385
19162,25
31248,125
19163,25
04062,990
46158,300
32043,1035
37175,120
29066,105
37174,405
17102,230
17103,1180
28078,20
49102,85
40115,60
17097,50
28079,637855
49103,155
45087,2180
10111,500
05114,415
09196,70
10112,595
09197,65
02045,1090
37176,55
10113,725
41057,105
50152,580
05115,215
06075,195
50153,340
45088,330
42107,35
24093,240
34098,140
06076,295
09198,45
49104,220
02046,325
17098,105
25133,275
44142,15
37177,130
50154,55
49105,80
41058,3235
41059,5025
28080,8400
10114,200
16121,90
19165,10
42108,*
29067,96430
19166,70
13052,1725
19167,50
18126,395
50155,50
06077,150
25130,65
50156,80
08110,3430
08111,40
48058,230
50160,675
50157,110
37178,45
10115,905
05116,70
06078,190
10116,910
15043,1920
45089,500
50159,255
49107,70
05117,65
09199,35
09200,15
09201,20
07033,7605
37179,100
05118,45
23058,1875
06079,145
50161,60
09202,10
07034,240
19168,160
49108,230
49109,260
29068,2170
46159,5370
05119,35
26092,55
08112,3865
34099,15
08113,15975
26093,25
24094,375
24095,120
19169,20
34100,65
46160,585
49110,200
49112,75
49111,85
13053,3485
26094,45
28082,970
32044,415
45090,105
44143,140
21047,605
47080,15
37180,30
48059,110
31161,110
15044,695
07032,4695
45091,100
50162,75
18127,3215
19170,75
24096,75
31162,15
40903,50
40118,20
29069,18735
10117,120
18128,125
19171,890
41060,3390
31163,545
34101,30
43076,175
43075,40
08242,45
04063,410
50163,330
07035,530
16122,85
36026,4950
39040,1050
41061,580
46161,345
21048,120
45092,115
48060,1000
05120,20
23059,1395
50902,35
07036,4640
45093,60
37181,145
05121,60
41062,475
37183,160
44144,125
40119,55
40120,35
40121,145
37182,40
05122,90
08114,4880
08115,970
23060,4670
40122,200
48061,190
47081,20
43077,185
44145,360
17100,60
45094,170
43078,240
16123,35
02047,60
19172,45
32045,1010
08116,170
08117,615
43079,125
08118,3900
43080,90
43081,130
08119,1255
43082,160
46162,320
25131,155
46163,395
46164,3025
46165,1550
17101,130
25132,35
37184,170
10118,115
40124,90
37186,50
44146,60
12075,50
45095,295
40123,55
24097,100
08120,1130
42110,40
24098,485
42111,125
24099,115
38025,1410
47082,240
08121,22405
19173,25
12076,45
49113,85
47083,25
37187,120
49114,25
40125,50
19174,50
26095,65
37188,80
49115,90
47084,360
44147,160
45096,290
19175,25
15045,1605
34102,70
30026,8785
39041,490
19176,130
34103,50
09206,30
36027,1235
09208,115
28083,1055
06080,515
50164,105
05123,25
06081,385
09209,1265
47086,870
47085,3905
42113,180
11023,1680
05124,85
39042,1310
08122,410
19177,50
26096,65
47087,130
19178,20
27029,560
36028,1230
45097,325
28084,1995
47088,60
47089,50
09211,565
49116,195
34104,115
46166,2030
31164,250
15046,2010
52001,9295
32046,475
40126,50
40127,25
37189,60
13054,1250
19179,35
10119,180
25134,215
45098,805
20901,360
48062,95
31165,925
31166,105
48063,100
31167,265
34106,40
06082,85
05125,20
23061,1485
45099,680
48064,155
50165,660
17099,30
32047,970
07037,850
06083,8395
09213,180
09214,335
09906,320
09215,175
09216,140
09217,155
39043,300
10120,70
16124,670
05126,45
45100,80
15047,900
50166,125
13055,315
31168,80
50167,80
44148,35
32048,430
10121,2070
50168,20
49117,245
34107,40
50169,150
19181,40
39044,870
39045,140
17105,75
33037,12920
19182,15
37190,130
07902,350
45101,990
40128,80
13056,1495
05127,285
29070,12055
43083,45
31169,715
09218,115
37191,65
19184,40
10122,85
46167,140
03086,60
49118,90
19183,35
21049,995
02048,450
16125,540
05128,115
15048,1555
42115,30
42116,20
19185,10
16126,335
10123,220
19186,40
28085,880
31170,15
25135,280
19187,30
46168,445
44149,30
31171,250
37192,25
09219,7975
37193,160
06084,295
09220,40
43084,215
44150,15
05129,85
05130,40
05131,55
46169,7560
36029,4295
45102,730
19188,45
18132,1165
29071,295
09221,80
15049,495
35012,4520
37194,120
46170,795
21050,2585
10124,300
45103,200
19189,50
08138,1040
04064,2260
47090,540
04903,680
49119,80
28086,780
43085,100
41063,585
49120,35
19190,785
30027,8555
24100,255
02049,375
37195,30
44151,100
42117,40
28087,565
08123,4220
39046,550
25137,2010
17106,55
08124,7795
29072,1475
17107,95
25136,35
18133,575
05132,370
42118,15
49121,140
18134,980
19191,*
09223,15
09224,80
47091,50
46171,3850
09225,75
12077,1090
29073,540
36030,1630
36031,165
19192,490
27030,1465
50170,110
22155,50
06085,770
50171,60
49122,125
15050,755
22156,45
37196,45
27031,5340
44152,25
03088,1135
08128,160
08127,690
37197,40
37198,80
03089,2805
50172,70
44153,510
16128,35
31172,70
10125,285
44154,95
37199,60
05133,25
17109,215
44155,395
14040,1180
16129,45
16130,200
02050,50
49123,190
12078,105
10126,540
12079,145
22157,80
19193,10
46173,430
43086,1390
43088,415
08125,5560
08130,25
31173,315
16131,55
42119,90
44156,25
47092,35
02051,475
45104,130
32049,430
18135,1625
10127,1280
29074,345
18136,505
37200,70
40129,80
28088,70
40130,70
42120,85
25139,150
41064,1455
14041,830
47093,290
37201,110
06086,485
42121,35
50173,85
44157,35
32050,1270
27032,1415
40131,20
37202,65
09226,55
06087,860
37203,75
46174,325
45105,175
03903,1160
08131,200
25140,160
43089,80
25138,205
08126,1555
13057,340
06088,2875
14042,4580
18137,320
46175,185
23062,455
08132,115
08133,45
43090,350
08135,1720
25142,130
25141,75
50174,80
09227,20
25143,30
08136,2570
14043,2000
43091,30
17110,355
43092,2285
46176,560
08137,65
46172,1170
07038,755
14044,410
22158,3175
34108,180
45106,2025
44158,300
43093,1075
43094,570
09228,55
13058,1215
40132,40
47094,45
49124,100
18138,820
10128,1590
28089,480
47095,15
05134,15
49126,80
49125,345
47096,65
49128,245
49129,295
49130,105
49127,400
49131,115
28090,1400
36032,1195
37204,105
50175,405
50176,115
28091,1000
30028,1995
19194,60
34109,15
10129,120
33038,765
01039,70
18909,255
43095,570
12080,685
19195,25
31174,30
43096,20
06089,165
49132,145
49133,170
50177,130
48066,105
14045,860
37205,70
37206,35
37207,40
42123,70
41065,5480
37208,45
50178,180
36033,2750
44159,20
44160,180
28092,30675
16132,15
16133,1240
47097,170
16134,1010
02052,155
18140,9365
16135,110
35013,1630
50179,110
37209,80
40134,275
50180,40
47098,150
34110,40
47099,55
19196,30
50181,300
50182,550
49134,85
49135,310
31175,20
49136,150
15051,1495
32051,820
30029,3325
48068,465
50183,145
02053,900
48069,2655
44161,225
26098,25
48007,105
08129,75
05135,140
05136,45
05138,105
05139,35
05140,35
40135,110
05141,30
05142,40
05143,40
40136,75
08139,40
27033,345
31176,785
30030,68445
50184,60
24101,270
47100,75
42124,35
42125,30
31177,90
50185,60
26099,400
31178,115
31179,200
03091,255
07039,1445
26100,25
03092,1535
26101,15
15053,2780
33039,595
18141,155
48908,50
31180,45
46177,980
48071,1355
20057,55
20056,1070
03090,3245
15052,1795
48067,360
48909,55
04065,155
42127,15
26102,1460
26103,270
25145,30
45107,460
46178,700
16137,25
15054,7655
05144,40
05145,15
42128,15
37211,90
05149,65
05147,65
05148,25
25025,285
33040,1435
05152,230
37213,30
37214,55
40138,610
45108,170
09229,80
06090,255
37215,75
05153,60
47101,485
21051,75
37212,45
05151,40
28093,370
10130,525
05154,20
05155,20
40139,105
45109,980
05156,70
12081,160
26104,*
22160,65
05157,95
28094,130
28095,290
45110,825
28096,2475
42129,195
37216,115
40140,55
40141,320
05158,175
37217,35
10131,2555
45111,25
45112,685
05159,155
05160,170
05161,225
05162,45
13059,100
45113,840
05163,595
10132,175
06091,1150
37218,50
45114,260
05164,25
08140,1220
50186,10
40142,10
40143,35
40144,*
01041,55
05165,120
37219,90
28097,40
05166,95
46179,655
26105,525
05167,100
08141,1390
09230,25
13060,130
19197,10
02054,155
41066,400
40145,395
40904,80
40146,95
23063,950
10133,445
05168,800
28099,520
31181,60
37221,215
17111,235
05169,100
05170,50
25146,65
10134,210
33041,2410
27034,705
49137,95
31182,10
09231,35
15055,1615
19198,5
15056,2005
37222,30
27035,80
09232,90
05171,45
42130,15
29075,5235
02055,455
21052,1320
26106,30
18903,350
36034,1440
21053,700
40148,110
26107,45
36035,3270
18143,320
50187,40
05172,75
04066,3365
18144,150
31088,810
23064,580
45115,730
24102,285
45116,185
27037,520
34112,30
06092,150
32052,1030
44163,40
44164,10
44165,60
15057,3360
39047,490
42131,30
45117,230
50188,20
50189,290
33042,1060
08142,25
43097,115
22162,40
50190,230
03093,4515
46180,150
45118,495
42132,85
50191,185
03094,3510
22163,100
14046,1095
47102,120
50192,70
28100,625
50193,145
12082,2520
43098,95
45119,445
45120,75
10135,450
31183,155
14047,310
44167,20
45121,1180
19199,5
31185,210
26109,40
31184,20
26108,100
25148,75
08143,655
31186,70
44168,90
24103,155
17112,60
18145,1850
04067,250
36036,900
20063,1880
32053,635
31187,40
26110,70
29076,670
30031,145
44169,165
05173,20
01042,170
20058,280
31188,40
31189,370
44171,65
34113,20
15058,6095
31190,30
08145,535
08146,280
08147,3855
25149,435
45122,750
44172,180
25150,65
31191,815
25151,165
46181,5555
06093,1440
06094,395
10136,105
35014,2900
19200,30
41067,1350
47103,105
16139,180
08148,415
06095,1965
26111,75
46183,1515
31194,80
19201,30
19202,5
16140,25
28101,45
16141,65
16142,60
16143,*
09235,70
47104,715
37223,50
49138,155
09236,20
47105,55
34114,105
47106,35
44173,40
46182,385
12083,40
40149,210
31192,30
08149,295
17114,7015
25152,65
04068,80
04069,920
08144,250
42134,785
22164,25
11024,1820
50194,55
24104,160
25153,70
25154,55
42135,35
12084,4125
03095,1060
48073,2250
03096,1415
33043,295
45123,205
46184,6620
22165,190
02056,570
24105,440
09238,330
20059,2655
09239,25
03097,1020
37224,85
31195,65
09241,35
31196,25
05174,55
50195,30
18146,470
23065,480
15059,3130
19203,15
17115,65
20076,1945
19204,75
40150,25
06096,105
06097,690
20905,30
50196,55
50197,25
20060,15
25155,290
45124,600
18147,1095
04070,915
03099,20970
44174,125
20061,1045
08150,55
31197,20
08151,140
31906,250
20062,230
31198,10
45125,720
12085,1440
15060,1120
38026,6645
31199,75
48075,560
08152,30
31211,*
44175,45
08153,105
26112,75
40151,15
40901,85
15061,2330
48083,1610
28102,245
03098,265
25156,210
16145,175
50198,20
24106,130
50199,90
05175,95
17116,105
34116,35
34901,380
02057,585
22167,190
25157,60
41068,3310
31200,210
45126,85
49139,120
40152,185
18148,290
46185,135
18149,975
48072,295
32054,25660
27038,515
27039,1310
15062,2150
33044,48085
01043,575
15063,1180
08154,100
15064,940
32055,665
05176,65
09242,55
09243,50
32056,860
15065,2125
09244,25
18150,1545
04071,185
46186,3710
35015,2135
40154,10
05177,55
37225,45
49141,150
24107,150
16146,40
16147,40
05178,135
09246,250
24108,215
09247,10
49143,90
37226,90
49142,95
24109,440
41069,5195
37228,140
08155,1195
17117,3860
17118,3560
12087,10
27040,1430
25158,475
17119,20
17121,65
17120,360
08156,1955
47109,70
40155,380
09248,30
09249,30
34120,16995
37229,50
14048,360
34121,95
43100,420
08157,1535
08905,445
46187,560
07040,64150
43099,150
21054,1775
14049,3740
19208,30
35016,63725
46188,165
22168,*
17123,95
44176,75
46189,150
16148,235
41070,755
06098,145
45127,160
16149,40
10137,180
21055,1205
17124,600
18151,60
09250,150
31201,41020
09251,155
44177,50
50200,200
22170,130
45128,490
27041,1445
05179,100
08158,640
16150,45
28104,1210
50201,155
50202,80
37230,60
37231,115
32057,340
41071,1440
27042,715
37232,120
34122,30
24110,630
27043,575
29077,70
03100,395
09253,40
17125,50
19209,30
16151,30
45129,75
34123,570
19210,10
19211,155
08159,2640
28106,11510
17126,80
16152,20
06099,255
05180,45
44178,40
33045,1675
47110,165
45130,165
04072,450
09255,40
20064,4055
10138,195
05181,15
38027,1670
43101,35
37233,30
27044,1255
19212,330
50203,235
46190,8650
11025,795
21056,895
02058,170
04073,180
28107,80
17128,125
43102,190
12088,20
21057,325
34124,25
37234,180
36037,815
26113,20
23066,1280
04074,495
16153,310
27045,490
47111,325
47112,630
46191,635
49145,150
40156,115
37235,80
34125,25
19213,20
03101,1840
41072,1075
17129,35
28108,450
14050,585
05182,375
18152,430
13061,1630
14051,445
50204,710
16154,1620
05183,90
09256,150
34126,110
09259,75
09257,20
09258,75
47113,55
50205,35
37236,75
37237,100
37238,35
26114,25
10139,50
37239,85
41073,505
23067,655
03102,2650
49146,115
05184,85
37240,150
45131,130
37241,50
37242,45
28109,340
40157,25
49147,110
49148,55
18153,1455
39048,460
03103,115
25164,140
12089,1400
37243,55
37244,45
01044,70
47114,1035
41074,815
47115,120
22172,205
05185,60
19214,60
06100,430
19215,75
33046,250
33047,480
37245,130
37246,1395
09261,160
37247,65
44179,125
14052,2860
39049,170
22173,85
02060,360
02059,130
49149,175
45132,245
49150,100
17130,120
44180,35
08160,100
43103,140
09262,40
16155,155
17132,365
10140,355
10141,130
06101,170
16156,65
44181,30
37248,70
37249,25
19216,45
34127,40
28110,500
44182,75
10142,285
22174,210
22175,100
31202,1165
22176,60
19217,55
25165,100
24112,140
22177,35
49151,245
50206,155
32058,1495
43104,870
37250,180
49152,265
29079,855
49153,75
34904,130
37251,35
40158,15
32059,775
22178,25
39050,140
10143,60
10144,400
33048,75
39051,30
47116,150
16157,95
31203,10
32060,315
07041,760
03104,5405
46192,175
02061,250
18154,365
28111,170
49154,70
46193,1655
46194,3020
16158,205
13062,110
13063,1210
05186,485
49155,35
05187,515
31204,20
10145,60
50207,60
39052,3385
08161,2610
09265,20
03902,5485
41075,2570
46195,560
43105,40
33049,2705
50208,490
12090,70
38901,365
18910,320
16159,125
40159,45
40160,45
16160,50
09266,35
08163,5115
09267,60
37252,65
43106,325
25166,85
46196,55
19218,25
09268,65
09269,15
19219,5
49156,105
42139,15
28112,50
09270,85
26115,15
37253,35
49157,60
34129,80
15066,1255
10146,460
25167,65
18157,175
18158,2845
03105,1550
50209,380
50210,20
28113,5375
34130,75
47117,95
18159,295
47118,85
47119,50
49158,85
32061,545
28114,50
10147,330
19220,225
19221,30
16161,25
43107,85
22181,40
44183,25
37254,70
31205,185
29080,1470
37255,35
43108,475
08164,225
22182,90
03106,270
17133,460
17134,80
25911,175
10148,7355
50211,115
10149,115
50212,30
50213,60
48077,830
30032,895
44184,10
25168,160
12093,70
25169,70
08165,430
46199,1345
08166,385
43109,320
43110,125
43111,510
25171,795
46202,2530
46200,590
46203,990
12094,190
07044,2605
34131,30
34132,50
34133,55
24113,210
49160,25
49159,115
13064,225
03901,1330
19222,60
44185,45
43112,95
32063,820
27047,895
15067,2670
36041,2905
27046,665
24114,1355
39053,105
45133,710
39054,880
34134,35
22184,60
18161,70
08167,770
46197,475
07042,3130
47121,235
03107,815
18162,340
34135,160
50214,10
24115,15460
33050,260
43113,170
25030,60
17135,100
25173,465
08182,695
36043,1555
36042,4340
15068,1995
36044,600
15069,1925
32064,200
27048,1050
15070,2880
36038,15585
43141,55
08168,105
17136,55
25172,590
23069,1625
32062,530
17137,715
43114,115
07043,1125
36039,3090
17140,255
10150,185
16162,35
36040,745
17138,410
12091,80
25174,130
44187,95
10151,90
16163,45
47122,550
42140,*
45134,450
49162,120
15071,2625
27049,660
48078,12090
18163,95
13065,965
24116,180
14053,1550
39055,365
46198,255
05188,45
19223,50
37256,100
42141,55
02062,165
05189,230
16165,25
09272,155
34136,65
47123,115
47124,135
42142,45
22186,95
05190,15
23070,1240
02901,510
19224,60
19225,130
34137,10
16166,90
49163,60
14054,2635
02063,555
02064,160
44189,35
16908,100
16167,130
37257,20
50215,15
44190,30
02065,165
28115,11495
50216,95
13066,525
47125,30
49164,80
10152,220
24117,235
28116,85
16169,45
13067,140
40161,15
09273,20
34139,65
26117,670
43115,45
40162,135
19226,*
28117,45
43116,160
50217,180
26118,20
49165,30
24118,65
11026,1145
09274,415
19227,30
05191,45
43117,60
08169,10995
43118,245
08171,565
08170,130
25175,45
33051,2245
25176,175
25177,170
26119,70
08230,1665
08172,4740
09275,65
17139,310
24119,300
16170,255
14055,5005
24120,160
33052,305
16171,740
25179,75
41076,640
46205,3025
50218,60
06102,350
50219,420
16172,205
45135,1325
12092,80
09276,50
37258,105
19228,10
22187,105
41077,2215
18164,650
13068,285
21058,740
44191,305
06103,1100
06104,190
28118,25
24121,235
41078,810
45136,1565
06107,440
40163,40
37259,15
46201,25
49166,385
06108,670
34140,50
19229,30
44192,160
37260,80
06105,220
13069,235
06106,110
41079,1870
16174,80
45137,490
49167,120
06902,345
50220,40
24122,485
23071,500
22188,45
45138,305
37261,130
14056,5435
22902,90
31206,505
39056,600
09277,45
28902,110
23072,605
37262,20
05192,50
37263,150
38028,7275
45139,125
10153,130
11027,12900
35017,2975
13070,230
30033,3025
21059,55
11028,5595
37264,40
11029,1340
22189,60
13071,10445
44193,50
31207,95
22190,35
22193,110
46204,1700
17141,1385
08174,80
25180,60
43119,120
07045,350
08175,1220
25181,70
25182,265
08176,50
29081,95
45140,280
18165,650
04075,1350
21060,1955
38029,375
38030,665
32065,335
47126,25
04076,375
50221,*
18167,455
08177,25
17142,380
46101,270
46102,5260
46103,260
46104,590
03060,40
26120,505
09279,60
18168,205
19230,35
17043,60
45141,340
43120,125
46206,240
23073,1295
22195,30
28119,360
06109,1175
24123,445
24124,240
09281,50
34141,50
42144,155
24125,285
09280,10
09283,40
09287,40
09288,35
45142,1750
09289,555
16175,1075
42145,60
09292,35
47127,70
09294,40
47129,265
34143,75
47130,20
49170,45
09901,180
09295,25
47128,20
49168,30
49169,20
09298,40
09301,90
09297,100
32066,325
50222,430
42148,*
27050,1445
33053,625
49171,280
45143,365
27056,475
49172,270
26121,20
09302,65
47131,85
49173,195
09303,40
42149,130
09304,45
17143,40
16176,35
03109,655
44194,45
46207,1320
46208,385
46209,520
03110,275
46210,135
37265,85
04077,115
32067,735
08178,140
39057,720
14057,1385
32068,795
47132,20
40164,55
28120,340
26122,25
39058,290
43121,305
05193,105
46212,460
46211,455
41080,350
45144,360
40181,940
38031,6500
10154,50
42151,20
09306,55
40165,45
19231,5
45145,505
02066,130
19232,40
42152,30
26123,75
09307,40
09308,35
37266,40
36045,6810
03111,1020
28121,45
17144,65
24127,185
33054,760
09309,95
16177,35
06110,70
39059,2740
09310,*
34146,15
03112,335
08179,130
42153,15
50223,350
40166,95
06111,130
43122,15
47133,230
34147,70
19233,25
42154,25
39060,1415
49174,60
46213,4395
34149,10
34151,65
06112,120
45146,70
50224,30
19234,30
37267,75
42155,75
09311,30
13072,325
43123,17435
49175,85
34152,50
34154,25
09314,55
09316,30
09312,35
09315,40
24129,50
09317,5
42156,10
40168,25
25183,125
15072,3175
24130,135
40170,315
42157,10
19235,60
43124,170
32069,1465
33055,485
27051,2600
33056,1675
36046,990
31208,750
26124,320
39061,1065
39062,545
46214,2780
43125,390
34155,45
27052,460
28122,125
15073,6125
27053,280
01047,190
33057,400
06113,685
25905,110
25185,190
34156,30
17145,560
12095,320
40171,*
50225,595
30034,420
24131,420
24132,290
17146,480
45147,145
43126,255
44195,45
19237,20
29082,5265
26125,890
37268,50
41081,4525
25186,60
05194,65
09318,40
44196,75
05195,100
49176,380
40172,*
19238,10
29083,785
04078,230
46215,390
10155,310
39063,365
49177,120
02067,345
32071,835
33058,750
42158,50
24133,185
27054,630
39064,410
17147,2490
08180,5710
06114,65
25913,20
17148,385
17149,100
43127,250
43128,255
17150,305
43129,1110
17151,50
28123,5285
05196,20
09321,560
49178,130
47134,75
24134,1220
47135,50
37269,215
49179,170
10156,40
28124,15
10157,120
19239,70
10158,175
02068,115
28125,625
19240,35
45148,190
13901,280
10159,145
37270,55
28126,30
22197,165
26126,15
06115,365
08181,1475
46216,800
43130,85
21061,1200
41082,870
43131,1110
40173,35
08183,1315
02069,2490
36047,1220
44197,40
26127,90
43132,105
49180,80
15074,1420
03113,9135
09323,40
42159,30
37271,130
03114,755
10160,100
19241,20
19242,50
50227,20
31209,50
45149,295
31210,90
29084,6605
41083,335
24136,305
04079,7955
43133,1775
21062,485
36048,1585
10901,265
38032,2025
17152,3545
49181,180
12096,320
25189,460
11030,3950
46217,275
46218,335
47137,20
43134,85
42160,75
44198,80
09325,90
16181,40
28127,8660
28128,135
39065,85
32072,1215
10161,25
09326,30
08184,11230
47138,75
32073,655
44199,*
44200,20
44201,165
08185,70
41084,860
18170,100
09327,10
09328,40
47139,295
50228,105
19243,20
39066,270
50229,30
39067,340
46219,60
13902,115
39068,215
17153,50
08901,85
23074,730
14058,2275
08187,40375
24137,415
50241,305
22199,2075
23075,840
12097,40
19244,40
16185,35
19245,405
13073,185
40174,160
15075,3310
31212,80
50230,380
16186,190
19246,30
47140,55
37272,55
08188,35
03115,175
37273,55
46220,13580
24139,740
37303,95
22200,65
26128,30
37274,35510
18171,715
29085,85
33059,2090
22201,140
22202,50
09329,50
09330,430
25190,105
49183,50
36049,1525
44203,*
34157,560
09332,15
37275,65
08190,110
31213,25
44204,15
42161,70
46221,110
17154,15
22203,35
50231,115
03116,310
31214,20
34158,80
16187,50
07059,995
09334,15
08191,1885
22204,230
19247,50
16188,50
37276,65
05197,45
02070,205
18173,2380
43135,120
10162,205
43905,3170
17155,3690
41085,700
16189,85
05198,40
47141,45
06116,510
36050,2010
50232,65
06117,400
10163,120
37277,25
01051,835
12098,255
01052,65
40176,140
49184,80
27055,605
44205,315
50233,40
31215,1175
09335,15
24141,65
44206,55
28129,1045
49185,60
32074,550
19248,25
24142,5345
19249,25
38033,995
46903,615
26129,360
35018,1930
05199,25
05200,30
21063,510
45150,180
05201,205
35019,7805
13074,275
34159,65
49186,140
47142,85
34160,45
32075,1205
16190,1440
34161,10
40177,70
49187,355
37278,105
38023,23010
24144,360
40178,45
40906,170
32076,1080
24145,320
42162,750
37284,175
22205,180
05206,10
24146,145
05208,35
49188,55
05207,285
42163,10
39069,500
37285,225
11031,14140
28130,4480
03118,4940
05209,55
03904,250
30035,5225
11902,950
41086,3880
05901,135
05210,45
05211,155
38034,850
22207,40
05212,120
09337,35
05213,65
21064,1115
49189,120
24148,680
42164,580
47143,45
13075,85
28131,2775
16191,385
05214,15
09338,20
34163,25
16192,30
28132,1855
05215,60
50234,80
45151,245
33061,215
45152,275
09339,85
10164,305
31217,140
28133,1355
49190,45
47144,15
37286,95
05216,75
33060,5585
44207,115
40182,80
50235,620
38035,2405
39070,50
40183,80
05217,25
49191,120
03120,2450
05218,50
37287,105
47145,245
22903,225
47146,65
37036,35
49192,65
26130,60
09340,25
24149,60
26131,25
01053,160
37288,70
37289,135
41088,145
47147,40
45153,520
05219,20
02071,340
24150,130
49193,240
40184,100
49194,150
47148,155
06119,160
37291,90
05220,130
30036,3605
39071,200
37290,35
42165,145
16193,50
47149,25
37292,30
12101,160
26132,45
47150,145
34165,30
45154,295
11033,4470
39072,140
15076,1025
47151,10
38036,1470
14059,225
28134,10040
21066,160
33063,230
26139,30
06123,1325
05231,60
39080,920
49208,225
26142,250
47156,65
03122,7445
09360,*
49209,225
32070,360
25191,140
24143,195
05204,230
37280,35
37281,20
40179,175
05205,40
37282,100
06118,100
37279,265
32077,610
37283,50
03117,225
40180,130
22206,85
31216,1010
11032,9950
21065,105
41087,1785
31219,35
08194,6425
08195,25
08196,3275
08197,1610
17157,30
17183,65
07046,3230
08198,870
08199,170
08200,15020
08201,120
43136,2985
08203,545
08202,2810
08204,550
17158,120
08205,10055
08206,190
25196,40
08207,385
08208,1105
17159,145
08210,1085
17160,4210
08211,7435
17161,305
08212,145
17162,40
08209,1335
08213,1200
17163,515
25192,255
25197,55
17164,1270
08215,705
08193,200
08216,*
17165,265
43137,495
43902,870
07049,540
03119,3195
07050,1090
17167,930
17168,125
12902,500
08218,2070
08217,5135
17185,725
46222,105
17166,130
12099,290
07048,2835
08903,85
17169,450
08220,490
17903,190
08221,2565
17171,55
25193,250
07051,1850
08222,345
08223,485
07052,1455
08225,30
08224,140
17172,95
25902,245
08226,250
08227,570
08228,65
17173,55
12100,560
08229,220
17174,45
17175,155
17176,30
17177,185
08231,4580
08232,525
08233,515
08234,620
17178,435
08189,40
08235,865
08236,520
08237,635
08238,2050
08239,100
25194,145
08240,2000
08241,35
08098,575
08262,2000
08264,820
08265,445
08263,4850
06120,840
10165,105
45155,215
21067,145
43138,810
21068,325
35021,2925
09343,30
08243,40
34167,50
22208,55
49197,70
26134,60
08244,1060
17180,1975
08245,23965
43139,610
24151,250
49199,110
24152,215
15077,3090
17181,685
49200,285
24153,120
49201,140
39073,1720
34168,30
50236,85
38037,3035
09345,45
22209,30
10166,125
45156,920
13076,210
04080,80
50237,35
16194,140
13077,1050
44208,20
10167,130
05222,55
38038,35440
42166,30
18174,130
45157,475
05221,160
09346,50
23076,210
24154,385
26135,80
14061,320
47152,30
49202,90
07053,280
08246,355
44209,385
26136,35
50238,45
33062,195
08247,210
08248,990
07054,4660
18175,2645
04081,130
08249,50
09347,70
09348,45
17182,45
35022,7265
12102,215
07055,1920
08250,1850
08251,965
08253,50
39074,1520
08254,510
22906,60
35023,2780
42167,115
28135,180
24155,275
49203,155
42168,50
05226,50
16196,235
08256,125
08255,30
08257,25
24158,170
08259,1425
37293,50
49204,45
05224,35
05225,160
07056,1215
09350,165
16195,260
05902,115
09351,20
09352,80
24156,150
24157,765
05227,115
16197,45
08258,245
40185,405
09353,15
24159,905
06121,970
10168,100
37294,1550
40186,20
45158,590
09354,10
21069,500
43140,605
17184,330
08260,3815
03121,7355
08261,550
38039,2255
31220,270
14060,1225
22212,35
39075,40575
07057,2550
24160,295
50239,20
47153,70
34169,170
10169,200
23077,215
15078,18820
37296,165
10170,105
05228,90
38040,2775
05904,65
24161,155
23904,1060
37297,180
34170,25
09355,55
34171,470
37298,90
49205,155
47154,55
49206,420
09356,15
10171,165
10172,220
39076,990
41089,1040
15079,755
23079,950
39077,115
39078,415
19250,10
40188,35
40189,215
37299,85
33064,90
26138,1230
05229,40
40190,10
09358,95
45901,230
23080,640
05230,45
40191,105
30901,2170
39079,2485
28136,165
28137,275
06122,1500
37300,195
49207,155
24162,355
47155,330
34174,85
08192,1285
26140,95
26141,65
48082,10770
36051,4170
49210,175
47157,160
37301,40
09361,60
33065,360
24163,635
22213,985
39081,175
09362,55
43142,330
12103,50
32078,755
27057,3680
17186,885
31222,20
44210,215
25201,40
25200,130
31223,355
45159,55
09363,395
50240,430
19251,15
10173,135
41090,965
37302,150
40192,80
17187,170
38041,1335
43143,25
27058,1900
03123,1615
29086,565
19252,55
40193,70
47158,270
22214,30
43144,295
46223,1660
29087,325
50242,40
46224,45
12104,2015
40194,10740
20070,280
23081,545
06124,585
44211,25
10174,70
45160,325
22215,55
19254,30
39082,565
03124,190
46225,130
07058,740
17188,45
43145,920
19901,20
46226,20
22217,145
24164,190
43146,10
07047,545
04082,125
22218,20
43044,1235
03125,160
44212,25
25202,25
25035,145
08267,1270
46227,175
37304,95
40195,315
40196,*
09365,25
37305,85
17190,195
28138,10
34175,50
04083,690
42171,50
25204,420
46228,540
17191,45
47159,225
05232,40
10175,485
37306,165
37307,100
05233,105
28140,325
10176,110
22220,80
45161,1170
31224,340
48084,7245
50243,150
22221,20
17192,50
11034,565
19255,50
25203,2360
08269,575
41091,125955
28141,605
45162,380
25205,135
19256,25
33066,11310
37309,25
10177,425
50244,105
29088,755
12105,355
04084,125
22222,100
46229,305
47160,170
37310,35
05234,25
19257,950
50245,50
23082,620
46230,2990
36052,2485
38042,1205
17193,780
47161,560
46231,730
46232,330
07060,740
44213,35
05235,45
06125,615
50246,20
16198,490
08270,4750
17052,35
39083,470
27059,1240
50247,165
37311,120
15080,875
24165,225
08271,5
33067,340
02072,465
13078,2480
26143,40
05236,70
06126,540
05237,95
13080,180
13079,2850
19258,35
09366,35
16199,20
25206,125
42172,*
43147,185
46233,1020
07061,2910
39084,300
05238,300
25207,1695
33068,550
19259,5
04085,145
28143,15
15081,415
07062,1615
48904,1010
12106,390
45163,1945
22223,30
48085,1965
18176,75
48086,505
08272,30
20065,870
04086,805
09368,20
42173,7690
25208,70
37312,105
23084,280
31225,30
25209,410
18177,210
26144,65
50248,180
25210,390
46234,115
12107,120
05239,85
26145,90
40198,20
05240,915
09369,155
45164,95
42174,55
19260,20
34177,45
24166,655
33069,1055
28144,1115
26146,40
24167,315
34176,50
19261,25
22904,350
16909,295
40199,25
37313,205
09372,30
09373,205
36053,1590
39085,1725
08273,465
25211,210
46235,5980
42175,10
12108,155
04087,75
48076,95
46236,305
31226,190
25212,85
08274,1625
09374,30
17194,25
34178,25
34179,20
40200,20
49214,310
37314,15
04088,770
04089,405
27060,1380
32079,600
50249,135
38043,3585
31227,2210
08276,55
18901,210
04090,145
42176,10
42177,50
37315,45
08277,50
28145,330
50250,20
25215,45
06127,835
10178,315
25216,100
45165,14310
06128,1025
10179,145
10180,1305
16202,390
12109,205
06129,210
17195,90
42178,90
19262,70
37316,280
34180,45
22225,930
47162,25
09375,10
06130,85
38044,570
33070,1155
49216,65
08278,1125
19263,20
33071,295
16203,2200
19264,20
50251,2570
37317,120
02073,1445
03127,230
37318,60
09377,140
42181,180
22226,320
34181,100
11035,2855
42182,30
43148,24105
25217,2765
25218,20
25219,45
19265,90
50252,1445
46237,1730
46238,3780
08275,55
08280,35
38045,1140
29089,905
16204,135
38046,1605
35024,2665
08281,925
32080,250
09378,10
16205,55
42183,45
37319,75
35025,580
10181,255
37320,30
35026,14375
22227,90
45166,550
19266,80
37321,100
15082,3215
12110,115
46239,340
25220,355
35027,2460
04091,155
17196,55
37322,480
09380,40
08279,38195
46240,85
50253,155
44215,75
13081,220
26147,*
44216,6205
19267,20
03128,3735
33072,800
08282,1080
35028,2605
03129,410
31228,120
47163,115
28146,435
05241,905
50254,70
22228,70
19268,10
38047,820
04092,785
16206,135
35029,650
33073,3635
09381,15
05242,150
31229,10
26148,70
12111,200
25221,30
46241,145
28147,210
25222,20
43149,285
43150,505
19269,35
09382,15
02074,1715
50255,115
26149,30
45167,535
41092,1735
12112,25
32081,980
12113,40
39086,145
05243,25
45168,13470
03130,10
40201,20
20071,3910
29090,625
22229,55
41093,2760
13082,6110
36054,3000
08283,1430
37323,155
15083,445
25223,285
24168,170
24206,645
12114,85
47164,130
19271,40
19270,*
08284,2840
47165,1530
19272,20
37324,155
15084,1490
09384,105
08285,2665
24169,1080
19274,170
10182,20
44217,15
22230,85
42184,30
26150,65
05244,40
44218,25
03131,150
25224,55
25225,240
37325,50
05245,90
10183,295
10184,300
44219,105
49219,2185
12115,90
34182,225
16209,75
22232,30
13083,750
50256,40
44220,50
45169,70
50257,90
12116,30
31230,40
50258,30
11036,235
44223,25
25227,260
08286,605
10187,160
47169,35
45171,375
43151,55
13084,395
44224,15
43152,180
06131,290
47170,35
10188,165
24170,850
19279,45
23086,2895
44225,45
49220,70
12119,75
12120,110
26153,*
22233,15
44227,55
40206,50
05247,125
40202,40
46242,160
25226,100
42185,20
12117,1275
23085,625
40203,85
14062,385
18178,310
12118,20
44221,155
47166,110
45170,145
47167,100
47168,10
10185,180
09386,25
40204,75
44222,65
26151,175
26152,20
10186,305
19277,*
19278,25
43153,2600
23087,2925
25228,470
25907,185
09387,45
49221,115
25230,525
50259,*
40205,105
28148,15175
28149,620
28150,555
19280,440
10190,160
10189,800
16211,215
44226,105
28151,585
25231,180
50260,15
09388,*
39087,12330
08287,285
46243,45
50261,120
08288,510
08289,655
47171,150
28152,2435
03132,265
06132,235
06133,375
10191,125
10192,345
19281,*
28153,75
44228,60
19282,90
19283,25
19284,*
29901,11395
26154,*
34184,25
17197,50
46244,11815
22234,335
13085,730
10193,320
30037,4430
09389,35
23088,1460
10194,215
23090,470
23091,270
44229,50
22235,50
22236,100
50262,330
30038,3125
28154,840
25232,500
49222,115
31231,55
46245,135
09390,220
47172,60
25233,95
37327,50
44230,75
03133,24745
45172,275
44231,35
50263,105
44232,160
45173,1935
17198,105
17199,1915
43154,65
29091,4260
19285,10
42187,25
16212,125
16213,10
17200,200
19286,120
05246,40
09391,140
43155,7145
19287,65
19288,10
18179,230
09392,25
17201,40
50264,75
17202,960
29092,130
30039,4800
45174,130
15085,1295
46246,300
27061,480
24171,195
37328,85
49223,415
16215,105
19289,15
12121,525
44234,35
44235,40
22239,40
06134,175
32082,680
50265,15
50266,75
47173,250
15086,1040
11037,1395
49224,65
37329,*
25234,1375
28903,4245
04901,225
40207,105
16216,145
09394,295
39088,*
42188,25
18180,180
26155,75
27062,265
16217,50
26157,95
21070,1540
47174,85
19290,215
19291,315
34185,20
44236,35
24172,255
48087,145
06135,250
10195,1925
09395,55
09396,50
39089,60
31232,6330
47175,1235
26158,130
46247,350
36055,3330
35030,1530
31233,30
24173,430
40208,260
46248,1120
45175,245
18181,110
04093,1045
04094,80
23092,5730
48088,35
11038,3180
31234,30
19293,340
42189,15
16218,95
39090,165
48065,845
45176,380
18182,635
31123,190
19294,15
31235,80
30040,270
04095,280
17204,175
08290,260
17205,60
43156,1380
43157,165
17203,50
31236,345
41094,950
05249,35
50267,185
31237,60
50268,20
47176,125
30041,2545
31238,40
16219,40
49225,75
09398,20
45177,655
31239,70
31240,160
24174,215
48089,540
48074,865
01054,190
20072,1005
47177,50
04096,95
31241,55
31242,95
44237,195
50269,85
20077,1545
50270,25
31244,50
31243,75
47178,60
40210,25
26160,210
17206,40
31245,45
06136,455
50271,120
12122,305
20073,1145
19296,20
50272,1920
31246,30
46249,2625
41095,8235
44238,705
31247,70
08291,845
42190,65
49226,100
05251,50
09400,110
17014,15
24185,200
50274,35
39095,625
15088,1525
44239,20
27063,695
44240,65
47179,130
34186,30
49227,80
39091,660
28155,155
19297,10
10196,115
44241,220
09403,65
47180,45
19298,20
19299,30
42191,80
28156,165
19300,110
06137,295
10197,30
37330,130
05252,25
16906,45
19301,20
44243,15
49228,20
24175,550
10198,430
37331,100
24176,165
02075,490
42192,20
01055,340
19302,25
37332,40
50273,20
10199,75
06901,490
37333,75
10200,285
37334,35
42193,*
28157,155
21071,80
19303,25
44244,30
37335,135
44245,115
24177,185
26161,*
42194,105
28158,180
13086,110
28159,155
16224,25
37336,10
24178,45
10201,65
28160,1330
16225,25
28161,5405
16227,60
42195,65
47181,55
19304,45
10202,235
39092,435
16228,95
34189,25
28162,330
13087,5290
23093,990
19305,70
24179,125
28163,80
24180,450
42196,*
39093,120
40211,30
24181,625
34190,25
19306,30
39094,370
24182,225
44246,445
42197,50
37337,45
24183,410
33034,4300
24184,125
49229,45
19307,10
47182,310
06138,255
28164,655
16902,90
34192,40
40212,15
40213,55
45179,275
24187,355
09405,80
28165,370
09406,45
15087,1980
37338,25
47183,55
46250,159905
10203,1460
24188,1060
06139,190
06140,215
06141,595
41096,990
14063,390
13088,185
16903,355
37339,140
22242,35
19308,40
36056,1245
26162,30
19309,15
16231,20
44247,155
12124,590
03134,75
12125,105
17208,240
25043,190
25901,90
03136,225
03137,310
03135,95
17207,615
12126,6610
46251,695
47186,70220
46252,75
09408,25
12123,15
08292,310
25238,80
08293,95
43158,30
07063,335
29093,670
16173,110
22243,10
34196,30
22901,285
06146,465
09904,185
22244,20
09908,185
09409,45
06147,150
09410,880
09411,55
06148,290
09902,150
09905,150
40218,60
09412,300
48080,2590
09413,200
09414,100
09415,95
39101,110
31260,385
09416,25
34902,70
18907,560
38049,920
18902,415
24191,50
44249,25
38050,1050
09417,20
37343,15
40219,215
40220,15
40221,15
46253,55
09418,30
49230,65
35032,1010
25240,335
17170,65
43159,35
08294,295
12127,35
08295,2040
17209,120
43160,315
08296,265
43161,4505
25906,90
25239,155
09419,25
50275,25
09407,10
45180,620
18183,280
47184,75
50276,45
37340,80
16234,25
40214,80
14064,115
35031,1385
19310,15
42198,10
40215,60
31249,545
50277,45
38048,915
28166,75
06142,95
47185,40
16236,265
10204,215
24189,965
06143,750
06144,185
19311,45
06145,275
37341,35
21072,2720
10205,700
40216,150
24190,85
16237,55
37342,70
43162,895
25909,65
16238,250
08297,45
24193,150
37344,75
15089,1265
24196,770
24197,300
39096,285
39097,200
47187,35
35033,1445
05253,25
49231,180
37345,75
24198,265
47188,45
49232,45
16239,55
24194,110
33074,1210
49233,60
40222,90
24199,185
40223,90
24201,520
18911,1005
10902,185
44250,10
37346,95
32083,505
11039,2205
45181,585
42200,45
47189,35
05254,80
04097,145
18184,615
04098,690
29094,13260
04099,1790
47190,40
22245,115
50278,70
50279,50
42201,*
42202,20
28167,845
34199,415
37347,125
16240,55
47191,40
28168,280
22909,90
43163,6035
49234,185
34023,1440
46254,440
17210,170
45182,325
18185,145
45183,280
45184,40
26163,40
47192,40
37348,40
40224,20
26164,30
28169,210
04100,1940
50280,115
25242,250
32084,570
03138,830
17211,285
32085,3705
34201,90
43164,85
49235,185
22247,10
31251,820
47193,270
42204,25
19314,15
32086,1160
10206,105
02076,115
04101,550
08298,7975
04102,1830
27064,730
22248,35
38051,1485
14065,420
09422,15
34093,40
09421,100
31252,20
49236,35
49237,80
37349,70
17212,35
17213,1305
25243,650
50281,30
36057,60410
26165,115
36059,2105
43165,185
17214,210
17215,370
36058,1660
08299,160
17217,110
17216,45
08301,10095
08300,975
17218,150
17220,175
12128,405
17221,780
38052,395
07065,670
08305,6560
36060,7270
25244,105
17223,215
27065,4570
43175,230
08306,100
25245,115
17224,125
43166,345
17225,70
17226,190
17227,35
32087,715
32088,600
46256,1365
25247,*
17228,75
12132,210
36061,2465
25248,355
25254,255
25249,80
25250,140
43168,45
08303,65
25251,160
08302,2315
08902,590
43167,115
08307,11885
43169,160
32089,805
12134,60
32090,395
32091,1065
12135,8355
32092,210
15091,430
43170,275
17230,130
25252,155
15090,510
43171,2415
08214,1600
08219,3475
17222,35
12136,725
43172,105
23094,975
43173,35
43174,60
09423,15
45186,950
38053,1075
02077,30
10207,240
28171,1010
10208,55
14066,1345
47195,110
47196,25
34202,15
21073,415
24202,3410
20075,1075
47197,315
24203,55
49238,125
01057,95
49239,310
45185,1630
47198,45
39098,480
23095,2310
40225,320
47199,30
34204,20
42205,35
47200,30
34205,30
28170,570
16242,140
34206,240
24205,335
24207,140
49240,115
09427,565
50283,40
34208,30
39099,775
49241,110
16243,210
09428,50
09429,15
09430,*
49242,185
50284,95
49243,60
05256,50
37351,120
47203,30
31254,660
14067,805
47204,110
50285,150
05257,60
06149,2470
45187,1165
24209,1195
44251,120
12129,775
09431,50
47205,130
09432,90
47206,45
39100,325
09433,25
47207,130
06150,270
16244,240
24210,250
49244,40
47208,30
06151,305
37352,55
09434,130
34210,40
14068,165
13089,725
44252,30
12130,150
34211,80
09437,100
03139,5760
34213,35
47209,10
47210,145
49245,100
09438,130
34214,60
49246,110
47211,15
16245,125
47212,125
06152,360
37353,50
50286,35
26166,30
21074,845
16246,240
47213,45
28172,985
09439,115
09440,40
49247,255
34215,45
34216,25
09441,30
50287,110
02078,310
16247,40
09442,140
26167,25
34217,115
49248,95
47214,420
46255,990
49249,35
49250,375
16248,280
49251,85
45188,570
34218,190
11040,95
02079,945
12131,40
24211,150
24901,420
13090,415
41097,645
28173,140
28174,350
28175,145
24212,450
11041,2075
34220,40
24213,75
37354,580
13091,235
49252,140
50903,600
09443,75
31255,50
16249,730
09444,30
09445,*
34221,55
26168,695
09446,5
24214,345
18908,280
34222,50
10209,105
10210,210
09447,20
45189,180
45190,195
24215,75
24216,455
49255,165
24217,65
34223,95
45191,175
34224,20
47215,25
34225,790
47216,35
49256,110
09448,90
22249,25
22250,75
47217,270
45192,785
19317,70
29095,980
09449,30
19318,20
05905,135
49257,80
45193,225
26169,25
49258,55
09450,*
46257,1725
14069,2100
47218,230
50288,690
05258,60
42206,*
16250,40
09451,100
50290,200
50289,45
28176,1575
29902,830
47219,15
13092,735
16251,560
23096,780
06153,4580
10211,195
19319,325
10212,565
21075,120
24218,185
49259,80
18187,170
47220,85
21076,500
13093,1230
47221,25
33075,135
28178,185
13094,125
41100,370
47222,20
22251,125
29098,435
09454,15
12133,45
05259,50
41098,910
23097,1380
05260,50
49260,420
37355,95
14070,480
06154,910
28177,1085
34227,35
44256,25
14071,330
30042,365
41099,1180
29096,920
29097,1010
18188,485
34228,40
24219,245
24902,175
02080,230
34229,25
24221,310
24222,2325
09455,15
09456,45
37356,50
26170,195
16253,130
37357,140
05261,25
16254,70
49263,30
37358,65
16255,85
37359,100
50291,60
16263,295
37360,85
10214,105
06156,325
37361,50
26171,105
42207,*
46258,885
49264,330
42208,10
44257,75
16258,150
16259,15
28179,250
10213,275
13095,45
06155,500
42209,50
44258,40
16910,50
49261,390
14072,430
09903,1120
49262,140
47223,45
49265,70
49266,30
23098,330
49267,35
26172,20
16264,205
16265,15
45194,30
24223,1040
28180,1090
05262,160
16266,130
19321,35
37362,515
24224,315
42211,35
37363,45
16269,205
23099,1090
46259,155
09458,55
37364,315
44260,45
37365,60
34230,*
47224,20
37366,15
44261,295
34231,85
34232,265
21077,390
50292,55
49268,175
02081,4470
23101,160
26173,*
50293,205
44262,50
50294,40
13096,2130
45195,755
16270,75
16271,245
06157,220
13097,665
26174,70
16272,130
24225,445
09460,80
34233,65
42212,20
37367,100
10215,180
37368,0
42213,20
19322,15
45196,325
19323,15
37369,45
37370,130
49269,135
24226,120
45197,505
47225,20
34234,30
37371,95
44263,110
09463,95
45198,605
05263,65
23903,1005
02082,55
09464,15
31257,210
34236,85
24227,585
34237,195
31258,1605
02083,95
47226,50
26175,15
47227,30
49270,65
02084,160
37372,40
40228,195
47228,130
40229,20
26176,40
09466,85
41101,1235
16273,140
09467,20
49272,50
49271,95
47229,80
33076,4245
14073,960
28181,3500
37373,280
28182,80
34238,135
09471,45
33077,620
24228,345
24229,230
09472,10
09473,40
40230,30
44264,125
19324,95
03140,6250
34240,25
34241,*
34242,40
34243,110
16274,85
12137,20
37374,250
09476,25
37375,200
26177,105
34245,130
34246,40
08304,205
17233,500
17232,45
47194,110
09424,30
25253,70
50282,45
37350,180
09425,245
43176,270
15092,2575
44265,90
25255,160
46260,590
12138,5335
16275,*
43177,130
26178,35
26179,15
42215,285
43178,245
49273,110
05264,10
29099,770
19325,35
44266,60
45199,420
41102,2805
13098,845
14074,770
50295,20
12139,135
05265,25
37376,620
01059,46795
27066,4285
44267,35
12140,390
08308,40
02085,120
09478,25
42216,15
18189,190
39102,665
42217,15
47230,105
03081,875
46145,5240
46143,1120
46146,465
27021,885
43052,325
32032,2870
46110,5170
27025,875
32036,780
32037,310
35034,2055
42218,25
40231,45
46261,495
45200,1185
19326,130
19327,160
22252,45
30043,5690
37377,90
01060,65
19329,50
19330,50
45201,430
42219,30
16276,25
45202,1005
33078,75
31261,55
46262,95
22253,35
02086,1285
45203,505
45204,180
45205,845
29100,675
19331,565
19332,40
31262,45
09480,65
18192,415
06158,2615
16277,60
16278,50
18913,285
11042,330
06159,595
50296,120
22254,405
06160,925
21078,780
48095,635
20078,355
01061,30
48096,1645
37378,65
37379,20
01062,105
49275,14170
48905,690
19333,100
05266,45
05267,40
50297,134815
37380,15
48097,300
47231,475
20079,4040
46263,215
26180,85
10216,490
10217,245
37381,80
16279,110
10218,455
06162,810
47232,40
06161,155
28183,235
26181,*
09482,15
16280,100
19334,25
40233,135
40234,140
15093,1675
09483,80
48024,300
48025,245
20025,340
20026,75
20027,720
48913,280
01018,295
31073,115
48915,115
31907,1305
20028,640
44268,5
10219,595
37382,95
19335,30
12141,45
26183,15
24230,210
18193,2090
31263,80
12142,60
50298,1390
21079,245
31264,60
14075,240
01063,405
18194,740
20081,1720
20080,2455
09485,25
31265,30
04103,1110
