Codigo Municipio,Empresario que emplea personal,Empresario que no emplea personal
44001,*,20
40001,25,60
10001,10,*
27001,90,330
48001,190,330
31001,*,10
09001,*,*
26001,40,25
20001,20,15
19001,*,*
30001,140,250
50001,*,15
48002,245,350
30002,385,345
34001,*,10
31002,25,55
31003,*,30
31004,*,*
15001,145,430
42001,20,20
44002,*,10
25001,15,40
02001,30,115
13001,80,105
31005,*,15
10002,*,20
49002,*,*
16001,*,*
34003,15,30
22001,10,50
22002,*,*
04001,35,55
19002,*,10
31006,95,80
08001,320,425
04002,25,45
37001,*,20
28001,*,10
24001,30,20
10003,45,30
16002,10,15
06001,40,40
10004,25,25
10005,*,20
50002,25,20
06002,260,260
22003,10,*
47001,*,10
14001,110,165
05001,*,15
38001,1935,1775
46001,35,55
31007,*,5
19003,*,*
46002,*,50
04003,1145,1515
09003,*,15
40002,*,5
05002,65,165
42003,*,10
40003,10,20
03001,*,45
20002,25,25
35001,90,115
37002,*,*
25002,55,50
36020,125,420
50003,*,15
26002,*,45
03002,85,405
25003,200,350
42004,105,220
03003,*,55
18001,*,*
41001,80,75
50004,20,50
09006,*,*
47002,*,*
44003,*,*
44004,*,55
13002,85,200
22004,*,15
40004,15,45
09007,*,*
34004,150,360
47003,15,15
31008,*,15
14002,375,360
08002,*,*
44005,*,15
26003,*,70
30003,1220,1350
50005,*,*
35002,685,585
17001,30,50
46004,75,65
38002,*,*
10006,55,75
37003,*,10
37004,*,0
06003,25,40
20016,80,150
31009,25,55
46042,235,210
46043,15,*
08014,60,115
43001,40,60
17002,50,30
03004,20,140
12002,*,*
22907,105,125
50006,50,75
22006,*,45
25038,125,75
20003,*,20
28002,100,210
26004,*,*
48911,20,35
45001,50,145
44006,15,40
50007,*,*
47004,60,135
50008,195,170
10903,15,60
07002,350,365
21001,*,35
38003,*,*
29001,165,180
37005,*,*
45002,100,170
28003,10,30
18002,*,25
37006,*,15
13003,*,15
19004,*,*
28004,380,470
25004,50,50
06004,50,65
41002,95,55
46005,845,975
34005,*,95
37007,25,65
50009,10,30
16003,*,15
19005,*,10
07001,225,370
25005,*,20
02002,15,55
44007,15,20
34006,*,10
37008,245,330
37009,*,*
02003,5255,6020
25006,30,50
46006,200,245
41003,60,95
46007,340,745
10007,20,40
13004,*,60
16004,*,40
46008,55,120
46009,145,155
46010,50,55
22007,70,80
16005,15,25
19006,40,35
44008,50,105
22008,*,30
04004,35,30
23001,*,45
17003,10,20
19007,*,30
44009,50,75
45003,15,25
02004,25,45
25007,80,105
03005,260,615
22009,40,110
26005,160,180
16006,*,25
19008,*,*
44010,20,15
16007,85,150
37010,65,60
37011,10,20
46011,305,495
26006,80,170
50010,*,15
22011,*,15
22012,*,15
22013,20,45
25008,60,145
50011,*,10
25009,35,55
09009,*,10
43002,45,55
43003,10,35
20004,15,10
12003,45,165
04005,*,25
18003,535,610
18004,*,65
17004,45,70
46012,60,45
46013,1195,1015
02005,15,70
50012,*,10
05005,*,20
04006,390,525
30004,30,55
06005,50,60
46014,105,160
18005,*,20
18006,260,185
18007,*,25
06006,270,225
45004,20,35
02006,20,45
44011,*,15
50013,*,25
41004,1935,2375
22014,*,20
28005,3575,4965
44012,45,35
16008,*,10
11001,85,190
50014,*,15
12004,385,335
02007,90,75
22015,*,50
41005,405,365
11002,170,110
23002,750,990
03006,*,50
22016,20,75
26007,25,60
43004,255,450
25010,*,20
10008,60,60
30005,1060,1195
46016,40,70
16009,*,*
49003,30,100
44013,745,860
45005,20,25
14003,70,40
02008,50,110
25011,430,335
46015,230,320
29002,60,130
23003,305,325
45006,35,60
13005,810,1065
16010,*,40
47005,15,50
30902,255,735
13006,*,60
28006,3150,3545
19009,*,30
03007,10,10
09010,*,*
16011,*,*
04007,30,30
13007,30,65
22017,35,75
19010,*,*
45007,35,65
19011,15,20
41006,55,120
03008,*,10
25012,85,135
10009,*,10
42006,5,25
37012,10,15
40005,*,10
06007,55,115
50015,*,15
16012,*,15
06008,15,15
04008,20,40
12005,375,370
28007,3010,5660
44014,105,175
19013,10,20
43005,130,135
03009,1955,2100
22018,30,50
42007,*,10
42008,*,*
49004,*,10
13008,10,45
46018,30,90
07003,365,515
46020,140,210
04009,*,*
12006,*,*
46019,380,560
10010,45,70
46021,1045,1305
47006,*,10
35020,100,320
10012,*,40
28008,90,95
37015,*,25
10013,*,20
13009,60,100
45008,*,20
40012,10,40
43904,220,175
10011,*,35
37013,*,15
37014,35,65
42009,15,15
40006,*,*
37016,25,30
40007,*,10
40008,*,*
42010,*,*
42011,*,*
42012,*,*
47007,85,245
45009,15,45
26008,105,255
37017,*,35
19015,*,*
40009,*,*
37018,*,*
10014,210,85
45010,*,55
05007,5,15
10015,25,45
40010,5,15
23004,*,20
37019,*,15
37020,25,35
05008,*,20
37021,*,10
37022,10,30
40013,*,5
37023,100,80
37024,*,*
40014,*,*
10016,20,15
37025,10,10
50016,*,*
42013,*,*
37026,*,15
40015,*,*
05010,10,20
42014,*,20
18010,*,20
40016,*,15
43006,*,45
30006,*,40
20005,75,85
01001,120,120
43007,35,50
08003,725,715
42015,*,*
22019,10,10
26009,35,45
26010,*,*
18011,130,250
46022,480,825
03010,25,40
50017,95,90
44016,20,50
50018,45,55
22020,*,10
43008,20,30
46024,*,*
46025,90,125
49005,*,25
29003,*,40
29004,10,25
26011,435,355
46026,55,110
25013,75,170
46027,15,50
03011,1100,950
46023,*,40
25014,20,25
12007,30,40
43009,40,155
50019,*,5
27002,45,125
09011,*,15
39001,85,120
09907,55,110
09012,*,20
41007,275,565
24002,10,25
07004,245,350
41008,70,70
11003,50,30
19016,*,10
46028,*,20
18012,50,150
16013,*,*
29005,225,280
29006,15,25
11004,2505,3005
46029,760,1190
25015,20,55
28009,655,995
46030,20,50
12008,10,30
46031,560,535
11005,145,155
49006,*,20
19017,*,*
03012,*,*
25016,105,120
30007,160,330
03013,45,70
04010,25,*
04011,105,255
50020,35,40
18013,180,315
30008,650,690
13010,25,50
29007,1245,1530
29008,735,1280
18014,180,285
19018,*,15
10017,*,90
44017,20,25
16014,*,90
03014,8775,13130
04012,*,*
18015,*,30
24003,*,90
25017,25,*
43010,35,50
19019,*,*
10018,70,60
42016,*,*
21002,565,755
06009,10,15
20006,15,15
33001,20,300
32001,220,220
44021,*,20
33002,150,340
31011,30,35
31012,30,55
44022,*,35
44023,*,*
25019,310,375
29009,30,55
13011,170,190
41009,40,35
13012,*,25
19020,*,15
13013,310,495
42017,*,20
42018,*,25
02009,960,1020
24004,*,40
10019,40,35
49007,*,25
16015,15,40
29010,55,95
42019,30,30
26012,*,*
46032,105,305
25020,15,40
42020,305,265
12009,570,880
42021,*,20
12010,*,15
13014,20,55
14004,90,75
18016,*,*
49008,*,75
25021,155,175
42022,20,45
12011,165,195
47008,*,*
37027,15,35
37028,*,15
06010,50,55
45011,*,20
06011,1335,1395
21003,20,45
16016,*,20
41010,90,185
04013,5850,7235
46033,*,10
50021,*,10
04014,*,15
13015,160,190
16017,15,15
14005,100,365
29011,*,150
19021,60,50
44018,*,*
10020,50,55
46034,40,110
50022,15,80
50023,*,20
50024,25,30
45012,*,40
19022,25,20
16018,*,40
21004,40,95
21005,550,565
03015,820,1110
45013,120,140
43011,70,60
03016,*,10
22021,50,235
50025,230,295
22022,20,35
22023,15,45
18017,830,1940
13016,30,35
46035,320,260
44019,*,*
19023,5,20
48912,100,110
29012,145,390
25022,10,10
21006,70,135
19024,350,365
29013,25,100
17006,60,170
29014,*,15
42023,*,20
50026,15,55
28010,475,650
08004,20,10
44020,*,*
02010,100,75
25023,395,350
46036,*,100
18904,*,115
03017,15,45
46037,60,65
12901,105,250
22024,25,20
18018,*,*
04015,*,*
25024,30,55
09013,*,*
43012,290,260
16019,*,30
03018,690,1660
22025,100,140
09014,10,30
31010,275,270
12012,120,240
20906,5,10
20007,*,15
19027,25,15
46017,1350,1470
05012,5,20
34009,*,*
50027,*,10
28011,*,45
17007,45,115
15002,855,1315
31013,35,65
43013,200,325
08005,485,790
09016,*,15
20008,40,80
33003,*,80
32002,150,120
48003,460,815
48004,10,15
43906,270,90
43014,725,885
34010,20,50
39002,215,250
01002,245,320
34011,*,35
47009,5,20
44024,*,*
40017,*,10
37029,*,20
28012,25,50
13017,*,55
31014,10,15
49009,*,45
46038,*,*
20009,360,620
44025,210,400
31015,140,150
07005,440,555
23005,1210,1460
50028,*,*
17008,235,185
25027,60,100
19031,*,*
26013,25,30
22027,10,20
26014,20,25
19032,15,20
09017,*,10
39003,*,20
50029,45,70
46039,40,120
20010,45,80
19033,*,*
19034,*,*
22028,35,60
31016,295,340
04016,160,220
27003,95,200
46040,40,40
29015,1020,1485
35003,340,570
24005,*,30
34012,*,50
22029,*,20
20011,55,125
31017,30,30
01049,5,10
40018,*,*
50030,*,20
14006,105,100
31018,15,25
45014,185,65
37030,*,10
31019,60,100
37031,20,40
21007,385,485
38004,140,100
22032,*,*
41011,435,650
40019,*,*
31020,15,55
48005,5,*
31025,45,*
20012,*,10
01003,25,70
31021,*,15
42024,*,*
09018,1350,1310
50031,15,30
50032,*,15
09019,*,15
16020,*,*
15003,*,195
31023,435,335
28013,1240,1490
31024,*,20
31022,*,25
48006,*,10
19036,25,35
12013,*,10
37032,*,40
31026,*,*
46041,25,30
09020,10,15
09021,*,*
09022,*,*
19037,10,20
25029,135,125
19038,*,*
31027,60,55
36001,*,85
43016,480,100
04017,*,145
43015,*,10
17009,180,390
16905,80,50
31028,*,15
37033,*,*
49010,20,15
30009,480,755
29016,20,25
29017,380,295
45015,25,30
37034,*,*
34015,*,*
40020,15,35
09023,35,60
42025,75,125
11006,705,835
49011,10,35
16022,*,5
44026,5,20
31029,20,60
29018,75,80
50033,*,*
24006,*,30
48093,30,35
31030,*,25
22035,25,20
05013,*,85
13903,35,20
29019,*,*
39004,35,90
13018,30,20
05014,340,355
18020,40,60
42026,*,*
09024,*,25
44027,10,30
08006,380,640
08007,170,595
26015,15,15
26016,*,*
15004,170,225
12014,10,45
31031,*,*
20013,150,235
05015,*,5
40021,*,*
05016,165,550
42027,10,20
13019,250,410
13020,140,200
28014,1650,1890
24007,*,40
49012,*,10
22036,*,*
19039,*,15
17010,20,20
12015,*,*
08008,*,45
44028,*,25
43017,*,*
08009,490,590
45016,180,300
39005,70,120
31032,50,170
22037,15,10
16024,*,10
49013,*,35
31033,*,*
07901,75,70
31034,5,5
38005,120,285
09025,*,15
44029,15,*
50034,25,140
23006,160,125
23007,70,170
09026,*,50
19040,*,*
31035,*,*
17011,40,45
37035,25,30
18021,440,1080
01006,10,15
40022,*,40
04018,15,20
19041,*,20
26017,15,20
26018,635,495
43018,35,40
32003,25,50
39006,90,90
21008,*,90
38006,2085,2890
49014,*,10
23008,70,120
49015,*,25
01037,20,35
16025,*,*
48009,35,55
20055,605,615
48914,10,35
01008,80,50
09027,*,15
35004,1645,1440
39007,*,80
25031,*,*
29020,60,230
48010,*,20
48011,335,505
13021,*,25
31036,40,70
47010,680,735
10021,160,230
19042,*,*
06012,130,150
23905,50,95
10023,15,45
28015,995,960
10022,15,35
21009,*,40
31037,*,5
26019,*,10
25032,*,*
07006,330,405
31038,25,110
12016,40,130
31039,*,*
48023,30,40
15005,1010,1575
35005,35,45
08010,170,245
25033,80,85
25034,125,365
50035,5,*
48008,*,40
01004,85,90
35006,735,1215
15006,275,460
43019,50,60
50036,*,*
25036,*,25
49016,10,30
01009,20,95
03019,510,790
20014,60,55
20903,215,240
39008,450,580
24008,405,980
34017,35,85
49017,10,*
29021,*,10
06013,10,10
16026,*,10
37037,*,10
19043,*,25
09029,10,10
47011,45,70
18022,450,610
20015,55,130
28016,*,*
50037,*,10
50038,60,40
31040,10,25
19044,15,40
48091,30,75
46003,50,70
12001,50,85
48070,40,20
19045,5,15
31058,15,25
26020,60,70
42028,*,10
09030,*,15
34018,10,20
34019,20,20
26021,130,135
05017,*,10
05018,*,*
25037,25,55
09032,*,20
08011,65,155
05019,1510,2185
33004,1850,2860
08012,60,110
17012,105,75
08013,75,85
32004,125,130
01010,125,145
21010,670,965
31041,65,90
22039,60,55
40024,80,150
02011,*,35
12017,10,10
49018,20,*
46044,200,335
34020,*,*
31042,160,200
44031,*,*
22040,10,15
22041,*,15
20017,265,405
22042,*,15
41012,110,140
41013,85,120
26022,10,15
20018,495,450
06014,340,500
50039,20,55
12018,*,30
31043,*,*
19046,670,940
45017,10,15
37038,30,75
04019,*,*
06015,3525,4765
08015,4505,8220
26023,35,60
44032,*,*
08904,240,385
41014,60,65
50040,*,*
22043,*,25
14007,590,705
23009,685,535
08016,75,90
44033,*,25
50041,*,*
47012,*,*
09033,*,*
19047,*,*
23010,730,740
22044,*,50
36003,450,425
25039,30,35
31044,10,10
48012,80,210
25040,615,710
02012,160,145
09034,20,35
24009,10,30
50042,*,*
22045,*,15
27004,40,190
08017,150,200
20904,*,10
02014,20,35
13022,*,*
22046,40,65
48090,165,315
03020,*,*
02013,*,10
08018,110,140
34022,65,140
32005,20,100
22047,20,20
32006,45,140
07007,60,*
03021,330,265
43020,60,170
17015,835,750
15007,120,170
26024,10,30
24010,365,640
37039,*,30
44034,10,25
01011,35,35
23011,*,85
32007,55,75
10024,40,35
26026,75,90
26025,*,10
19048,*,*
09035,*,20
19049,*,*
09036,*,*
34024,*,*
16027,*,40
48013,2180,3805
27901,120,345
31901,675,655
42029,5,35
31045,25,30
32008,435,505
37040,*,15
09037,*,15
09038,*,*
09039,*,*
37041,*,10
31046,*,*
22048,535,535
11007,510,680
25041,40,35
43021,*,25
08252,970,1360
50043,25,20
40025,10,15
22049,*,10
22050,*,*
42030,*,15
22051,10,15
06016,60,240
08019,48855,73280
34025,*,*
39009,110,295
39010,40,50
37042,*,10
16029,*,*
47013,*,20
49019,*,30
45018,30,30
05021,110,160
32009,405,430
42031,*,10
50044,10,15
39011,75,215
45019,160,400
31047,10,15
31048,*,5
24011,*,10
38007,70,55
25042,*,45
12020,*,15
44035,*,20
05022,65,190
10025,20,35
02015,65,165
27005,145,225
48014,70,65
09041,*,*
19050,*,*
09043,*,15
09044,*,10
24012,15,15
11008,360,505
36002,155,175
05023,*,15
37044,30,25
34027,30,40
47014,*,10
01013,95,70
46046,70,25
46045,45,45
31049,55,60
40026,5,15
48015,820,1190
17016,45,70
09045,20,60
34028,10,25
09046,*,*
16030,*,*
25044,*,75
37045,*,*
43022,90,315
06017,10,25
28017,75,115
25045,*,*
04020,35,*
04021,*,20
42032,*,15
42033,*,*
18023,680,1185
31050,170,585
44036,*,*
32010,*,35
16031,*,10
32011,75,60
21011,65,175
18024,20,30
18025,*,15
23012,145,350
20019,580,395
05024,*,25
05025,*,15
44037,20,50
27006,80,255
34029,*,90
28018,165,335
47015,*,15
04022,35,30
48092,30,30
23902,40,115
23014,115,50
27007,160,165
08020,395,420
17013,360,270
31137,*,15
31051,15,20
04023,*,*
20020,10,20
37046,485,575
12022,20,45
14008,150,190
31052,*,*
20021,15,15
09047,*,*
50045,45,105
37047,*,*
46047,30,40
25046,15,60
16032,*,20
25170,15,50
17018,50,35
25047,50,110
25048,120,160
43023,*,20
25049,*,15
44039,*,30
08021,*,*
25050,155,295
46048,235,195
46049,*,15
43024,55,100
25051,200,125
25052,125,190
14009,50,85
23015,30,65
16033,90,140
34031,*,*
50046,*,15
33005,60,180
44038,*,10
28019,25,65
16034,*,20
09048,100,125
22052,70,95
49020,*,55
45020,25,65
10026,25,60
24014,285,285
22053,50,105
41015,125,160
29022,*,*
47016,*,*
12024,5,10
12025,*,10
46050,15,*
46051,420,425
04024,100,220
29023,305,425
29024,20,20
29025,1935,2515
18027,90,85
18028,35,80
11901,130,380
29026,70,45
18029,55,130
14010,145,185
29027,55,130
11009,25,70
29028,25,105
29029,*,20
12026,85,95
03022,*,10
22054,165,80
23016,25,20
25053,60,85
49021,755,940
24015,115,160
46052,20,15
49022,15,30
03023,105,105
46053,20,50
03024,215,300
46054,330,625
03025,65,60
03026,65,135
03027,15,20
46055,85,140
03028,25,50
46056,*,*
12027,1035,1020
12028,930,930
46057,20,25
46904,20,15
03030,*,100
03031,2955,2210
30010,385,425
46060,505,490
46059,45,25
46058,45,75
43025,20,50
03032,*,*
03033,*,20
46061,10,15
46062,210,210
03029,*,45
03034,85,130
03035,*,45
03036,*,*
03037,15,45
03038,25,15
03039,*,*
03040,*,10
46063,50,85
46064,25,45
46065,65,70
46066,30,105
46067,60,105
03041,695,885
43026,65,80
46068,15,20
46069,5,10
03042,80,290
04026,*,*
04027,20,*
12029,55,70
10027,*,5
06018,20,45
04028,15,5
24016,*,*
31250,165,310
48016,120,285
01014,25,30
22246,10,15
20022,45,40
42034,*,*
22055,10,40
09050,*,10
31053,25,30
26027,10,10
47017,15,20
47018,*,5
18030,25,35
40028,*,10
05026,*,10
24017,35,90
24018,5,25
40029,*,*
50047,*,*
08022,305,725
20074,340,385
26028,10,15
26029,*,*
44040,*,30
15008,330,310
31905,*,50
04029,640,665
05027,15,20
06019,75,75
42035,45,80
24019,*,*
09051,*,20
37049,*,10
48017,425,535
49023,40,125
40030,*,60
01016,*,70
19051,*,*
40031,20,40
05029,*,15
48018,45,60
31902,240,300
31903,65,370
48019,90,245
20023,15,10
21012,*,*
37050,*,15
37051,*,*
10028,*,*
05030,*,*
47019,*,*
50048,*,*
28021,*,60
31054,20,50
10029,*,*
09052,*,*
28020,*,*
34032,*,*
17019,130,160
17020,150,220
35007,*,*
15009,325,495
31055,10,30
46070,1045,875
16035,10,15
12021,115,235
17021,*,35
26030,*,*
44041,*,*
03043,210,225
46071,25,35
31253,5,10
20024,50,40
50901,*,20
22057,20,40
02016,30,25
06020,70,100
22058,25,15
22059,55,90
03044,350,185
08023,520,600
50050,10,10
48020,9985,14430
33006,*,135
22060,95,85
22061,545,640
07008,150,590
25055,*,15
50051,35,105
22062,*,*
43027,20,20
43028,175,140
17022,395,420
22063,15,30
50052,*,*
17234,15,25
31056,10,20
42036,*,10
30011,85,205
43029,15,20
44042,*,35
32012,*,65
17023,1075,1615
05033,5,25
05034,*,*
05035,*,5
14011,25,15
22064,*,30
44043,*,15
42037,*,*
37052,15,20
34033,*,*
17029,*,25
34035,5,30
34034,*,10
28022,2165,1715
33007,45,155
28023,195,370
26031,*,15
47020,15,25
32013,50,75
24020,25,60
46072,140,210
40032,45,45
47021,*,*
47022,*,*
19052,*,*
37054,*,25
06021,*,50
47023,240,185
37055,15,20
02017,*,*
05036,10,10
10030,*,45
05037,10,25
15010,65,245
15011,490,1270
32014,*,155
13023,515,850
47024,20,45
46073,30,110
41016,200,355
21013,360,475
32015,30,30
22066,45,90
03045,15,50
17024,30,40
22067,*,20
21014,175,205
43030,20,20
02018,70,65
16036,*,*
05038,*,15
02019,80,160
46074,115,125
24021,80,150
15012,180,245
50053,20,55
22068,*,*
50054,*,10
25057,*,*
17025,45,90
44044,10,20
29030,25,15
25058,340,335
43031,105,100
50055,140,220
42038,*,*
41017,505,580
11010,135,255
42039,*,40
45021,85,245
17026,40,45
08024,25,45
24022,*,*
12032,1070,1190
12031,220,370
11011,90,50
25059,*,105
43032,*,85
43033,70,55
10031,*,15
50056,15,45
37056,*,*
27008,50,155
49024,20,80
37057,*,25
25056,20,45
09054,*,*
05039,*,10
43034,40,25
47025,*,5
34036,20,10
28024,*,15
09055,*,*
13024,55,50
24023,20,15
50057,60,80
28025,*,15
17027,180,175
41018,280,480
38008,180,245
38009,190,180
49025,*,25
49026,*,20
40033,*,10
26032,*,*
19053,60,225
49027,*,10
49028,*,15
37058,*,5
26033,20,15
15013,150,305
26034,30,85
09056,215,445
44045,35,50
22069,60,25
10032,95,75
08025,120,145
08026,*,25
28026,290,500
17028,30,35
42041,*,*
50058,*,*
18032,20,25
16038,*,*
19054,10,15
16039,20,25
16040,*,30
37059,*,20
45022,20,30
37060,15,15
34037,20,40
38010,135,75
16041,30,40
44046,*,5
36004,385,380
46075,5,*
46076,20,60
09057,15,35
07009,45,55
42042,*,15
28027,25,55
14012,195,270
19055,*,*
50059,55,140
05040,*,10
50060,10,5
30012,485,565
09058,15,30
07010,210,280
46077,380,310
31057,40,160
44047,10,10
27902,295,305
50061,5,20
49029,*,65
50062,95,40
42043,110,295
24024,45,115
29031,55,70
05041,40,110
09059,4640,5735
31059,20,20
41019,145,180
45023,50,135
06022,75,100
46078,980,1565
31060,320,515
24025,15,25
45024,35,110
03046,*,165
18033,10,15
19057,*,5
28028,35,135
50063,*,*
47026,*,*
34038,15,45
49030,*,15
24026,20,135
34039,*,10
09060,*,15
31061,*,*
48021,30,85
43035,15,35
37061,10,15
40034,10,*
15014,185,340
25060,*,*
15015,100,130
17031,35,30
12033,115,140
17030,55,70
31062,25,80
28029,*,45
19058,335,315
08027,30,40
50064,10,15
45025,40,75
40035,*,15
49031,5,10
45026,15,30
10033,*,15
24027,70,40
09061,15,25
37063,*,5
06023,205,350
37065,*,50
06024,45,60
10034,10,30
37062,*,10
45027,*,30
13025,*,15
13026,40,*
05042,10,15
41020,490,315
05043,*,10
05044,*,30
21015,*,35
26035,*,*
39012,160,465
09062,*,*
39013,20,190
47027,155,165
47028,*,10
40036,30,50
10035,85,65
05045,*,30
25061,*,10
50065,*,10
14013,655,800
44048,*,*
43036,25,40
23017,60,50
33008,55,110
33009,*,65
31063,*,*
42044,*,10
42045,*,25
08028,55,55
08029,345,255
28030,70,130
37067,180,140
10036,*,15
47029,*,*
24028,*,75
24029,40,70
37068,10,30
08030,515,470
39014,40,110
24030,210,330
10037,3135,2565
10038,*,*
18034,*,20
10039,*,25
28031,170,120
17032,150,190
18035,*,105
11012,2125,3155
31064,45,70
50066,155,75
18036,250,185
21016,15,40
40037,*,*
44049,80,150
08031,100,100
43037,905,1130
26036,765,945
34041,10,15
18114,*,45
44050,130,265
06025,195,160
44051,225,170
21017,80,150
30013,340,415
42046,5,15
50067,510,800
50068,75,125
50069,*,*
36005,390,480
22072,*,20
08034,20,65
17033,295,325
08033,515,1045
08032,70,185
08035,725,880
06026,*,70
45028,135,200
09064,30,10
45029,*,10
18037,25,35
12034,65,100
08037,90,140
46079,*,50
03049,495,880
03048,425,685
08038,70,85
50070,*,10
44052,*,*
17034,345,520
08036,*,25
03047,715,805
42048,*,10
37069,45,60
37070,20,40
07011,3385,2940
32016,65,35
37071,*,10
13027,115,160
37072,*,20
34042,15,35
45030,15,20
37073,*,35
24031,*,30
10040,*,20
06027,30,30
49032,*,40
39015,35,130
44053,*,15
25062,50,60
45031,170,240
44054,10,15
45032,15,30
39016,1025,1205
44055,*,15
15016,245,445
43903,170,190
28032,270,185
49033,15,75
41021,370,650
36006,555,1145
23018,*,140
15017,575,1285
43038,1410,1515
10041,35,55
44056,35,60
17035,30,55
41022,85,130
06028,125,265
07012,60,105
47030,55,110
24032,*,15
17036,120,80
17037,*,15
03050,1065,1010
01017,40,75
16042,40,125
50071,*,20
09065,*,15
23019,70,75
37074,*,15
10042,*,*
19059,*,25
45033,20,25
06029,45,95
19060,10,30
21018,25,35
47031,15,10
29032,315,365
16043,*,10
16044,*,*
08039,20,45
19061,*,20
17038,30,40
22074,5,25
13028,440,710
03051,10,20
37077,10,35
40039,10,40
24033,*,20
36007,90,45
10043,25,90
28033,135,280
21019,30,25
09066,*,10
24034,110,170
39027,75,210
39017,20,90
47032,10,25
22075,*,15
46080,50,120
07013,355,480
16901,20,90
30014,*,35
18038,40,40
17039,140,190
26037,*,20
45034,70,80
22076,10,50
47033,15,35
16045,20,20
05046,*,*
26038,*,20
46081,300,535
33010,*,90
22077,5,65
38011,880,635
37078,25,60
05047,275,405
42049,*,15
24036,20,30
25063,*,*
23020,100,55
28034,20,25
17040,40,40
08040,415,865
46082,285,280
12036,20,120
22078,70,45
36008,890,945
33012,215,240
33011,675,990
09067,50,25
18039,75,300
37079,*,25
29033,45,140
29034,25,40
47034,*,10
26039,*,10
04030,60,85
43907,*,*
08041,285,670
08042,105,155
19064,*,*
09068,*,*
37080,10,25
37081,35,80
40040,225,190
17041,*,15
19065,*,25
37082,40,70
37083,*,5
44059,45,115
41023,195,405
40041,30,80
05048,*,10
04031,60,180
08043,135,210
03052,45,55
44060,*,*
13029,*,5
44061,*,*
16046,*,30
16047,10,35
41901,75,170
44062,*,*
42050,*,*
16048,10,20
10044,100,110
18040,*,15
26040,*,*
16049,15,5
10045,*,50
21020,*,20
16050,5,35
16051,*,30
16052,20,40
14014,90,95
29035,75,75
36009,100,145
49034,15,30
19066,*,10
44063,*,*
16053,*,10
49035,*,15
43039,*,10
31065,75,175
43040,15,25
07014,470,515
22079,*,10
15018,*,170
22080,20,40
08044,175,160
18042,25,55
06030,0,10
34045,*,5
17042,50,55
08045,*,*
42051,*,*
28035,*,80
42052,*,*
13030,*,20
18043,*,*
30015,935,1210
33013,35,30
09070,*,*
49036,20,45
10046,10,10
37085,305,195
32018,70,140
32017,*,30
27009,45,305
32019,685,875
15019,925,1850
49037,*,35
04032,410,340
16055,40,65
40043,100,175
23021,20,15
10047,30,30
14015,75,95
46083,440,685
31066,55,70
31067,60,135
09071,*,*
09072,20,10
02020,25,25
46084,*,85
23901,40,85
08046,615,655
26041,10,10
16056,15,30
14016,70,60
09073,70,45
09074,45,80
05049,10,35
34046,*,*
09075,10,10
45035,15,10
08047,175,310
19067,*,10
50072,*,15
50073,85,155
15901,215,235
46085,515,590
14017,420,305
08048,30,45
45036,*,50
24037,20,*
41024,490,970
06031,*,*
15020,55,305
23024,375,455
47035,40,120
37086,*,10
45037,50,145
14018,205,185
24038,95,200
15021,305,410
45038,215,340
37087,45,35
37088,*,20
40044,*,15
10048,*,30
06032,*,*
16057,*,*
42053,*,*
16058,5,5
42054,*,*
29036,*,30
33014,235,470
05051,*,30
09076,*,*
45039,15,25
46086,*,*
13031,90,155
41025,40,135
34047,110,220
24039,175,235
13032,60,60
24040,*,15
30016,4965,6000
29037,*,10
29038,560,815
21021,660,365
32020,105,365
39018,145,165
24041,30,45
19070,*,*
29039,170,110
37089,*,10
26042,75,55
10049,165,300
45040,90,50
10050,35,70
19071,445,670
29040,65,115
42055,10,5
29041,150,110
10051,*,40
41026,125,235
45041,270,180
28036,130,120
46087,5,10
46088,10,15
16060,40,55
10052,*,*
10053,*,15
06033,65,130
16061,85,70
16062,*,*
16063,5,*
16064,45,45
02021,85,100
02022,*,30
16065,35,40
10056,*,25
10057,*,*
06034,20,5
19073,*,*
02023,15,55
10054,20,*
37090,*,*
10055,15,25
05052,*,15
45042,*,10
49038,*,*
49039,10,30
02024,215,290
16066,180,295
05053,*,*
47036,*,20
10058,30,35
05054,40,95
22081,*,45
09077,*,*
09078,*,*
31068,120,200
44064,*,*
31069,*,50
43041,20,30
05055,10,25
10059,*,*
37091,*,25
46089,80,270
40045,10,20
33015,95,275
50074,360,640
19074,10,*
17044,295,275
08049,40,120
03053,250,375
10060,35,55
26043,*,40
39019,70,125
21022,15,25
18044,*,*
16067,10,10
31070,90,165
50075,10,15
19075,*,*
50076,*,*
22083,*,75
22084,65,60
44065,*,10
50077,10,10
22082,5,15
44066,*,10
22085,*,30
12037,*,*
03054,*,25
03075,35,15
08057,*,*
25904,*,*
07064,340,370
09079,*,10
37092,60,110
37185,30,25
05056,*,*
23025,140,130
11013,95,65
19076,*,*
25064,10,25
08052,*,30
13033,70,100
08050,*,*
08051,865,840
44070,*,*
08053,95,265
08054,270,575
08055,45,45
25067,70,90
08056,2745,2425
08058,85,85
17046,25,55
08060,10,25
08059,*,45
12038,*,20
08061,25,65
08062,50,60
25068,50,35
12039,25,50
25069,20,45
46090,75,80
17047,480,680
08063,10,20
12040,5740,5405
46091,*,*
44071,25,45
17048,580,675
25070,35,40
08064,*,175
43042,145,135
08065,75,70
08066,55,75
44067,*,*
44068,25,105
46092,*,25
22086,15,20
22087,*,10
09083,*,*
34048,*,10
06035,25,70
41027,175,130
09082,5,5
24042,*,10
19078,*,*
42056,*,*
50078,*,20
22088,*,20
41028,55,95
41029,270,535
41030,*,15
18045,90,65
16068,15,10
37096,*,20
40046,*,15
42058,*,10
16070,*,*
45043,60,85
16072,*,25
41031,35,50
23026,235,210
12041,*,*
16071,*,*
22089,20,40
31071,*,*
19079,*,*
42057,5,20
37097,*,*
34049,*,50
47037,10,15
32022,40,55
32021,*,20
18046,80,215
24043,*,10
34050,*,30
47038,*,20
49040,10,10
09084,*,15
24044,*,15
09085,25,45
34051,10,15
09088,*,*
34052,*,25
09086,30,45
09090,*,10
33016,910,945
47039,10,30
32023,35,170
04033,*,10
40047,*,*
27010,280,685
14019,270,390
47040,*,*
24046,25,80
24047,*,105
47041,*,10
49041,*,60
09091,60,115
40048,*,*
47042,*,10
34053,10,30
47043,15,40
49042,10,30
47044,15,30
47045,*,60
24049,25,80
33017,185,340
47046,*,15
40049,*,*
40051,*,*
24050,*,15
39020,1465,1985
27011,125,380
49043,25,30
47047,*,40
26044,*,*
06036,260,475
46093,60,115
46094,520,1160
12042,30,130
43043,185,180
36010,130,115
03055,195,300
02025,315,295
46095,35,50
12043,20,65
25071,*,*
09063,15,55
09093,*,20
45045,85,75
23027,15,25
41032,180,195
23028,255,330
49044,*,*
24051,20,70
24052,*,20
45046,130,185
09094,*,*
05057,135,190
24053,*,50
10061,70,135
15022,310,270
10062,*,*
40052,10,10
45047,130,200
44074,45,70
15023,275,355
30017,480,820
47048,10,25
09095,*,*
44075,35,35
32024,185,425
44076,125,215
17189,55,80
26045,*,*
17049,180,220
31193,20,125
19080,*,5
19081,*,*
18047,170,365
26046,70,110
28037,30,125
02026,55,40
32025,*,55
08067,170,490
19082,*,*
42059,*,*
37098,*,25
05058,*,15
42060,*,*
15024,140,245
28038,150,340
08268,*,35
46096,*,20
08266,2355,2430
36011,25,60
15025,80,50
37099,*,*
49046,10,45
49047,5,10
37100,*,*
10063,*,*
40053,*,10
40054,*,15
09098,15,60
49048,*,*
44077,*,*
37101,*,20
45048,30,25
09100,*,*
21023,40,60
37102,*,30
27012,*,115
34055,*,35
08068,340,435
25072,240,435
28039,*,*
50079,15,30
45049,10,30
34056,140,155
16073,5,25
12044,25,25
26047,50,140
50080,*,*
25073,40,95
17050,30,50
47049,*,10
27013,85,120
37103,15,40
15026,*,*
50081,*,60
51001,1820,2040
30018,385,455
34057,*,60
34058,*,35
37114,*,5
22094,5,10
05067,*,15
32029,*,80
27016,415,925
40065,45,70
28051,50,150
18059,140,260
19103,15,25
06042,*,*
46107,55,185
46106,80,70
19104,*,*
46108,*,55
04036,*,15
12052,45,95
46109,280,425
22095,*,*
11015,2000,2605
23029,*,75
12053,60,95
16023,20,30
19106,*,15
13038,45,70
23030,35,55
19105,115,110
18061,45,55
22096,25,30
02029,85,180
28052,210,280
11016,850,555
50092,30,40
04037,90,125
46111,890,555
50093,*,*
12055,*,*
12056,*,40
24065,80,185
45056,80,175
21030,25,70
45057,10,15
46112,30,25
16081,*,*
18062,175,515
09101,*,*
26048,*,*
42061,30,*
28040,495,705
16074,*,*
30019,940,900
39021,*,30
19086,60,130
47050,145,190
42062,*,*
47051,*,35
42063,*,*
26049,10,25
18048,95,95
05059,*,15
09102,*,*
10064,40,120
37104,*,*
09103,*,35
09104,*,*
40055,*,10
39022,55,135
24054,20,75
24055,35,65
50082,*,*
50083,*,5
19087,*,*
12045,15,60
31072,235,240
37106,*,30
12046,*,10
31074,25,20
42064,*,15
31075,5,*
19088,*,*
45050,*,25
09105,*,5
19089,*,*
26050,15,5
42065,*,*
05060,*,10
34059,*,50
17051,*,45
47052,290,290
24056,125,240
13034,1840,2045
37107,510,915
07015,1580,1250
25074,10,15
31076,180,115
50084,*,15
25075,15,20
26051,20,15
33018,150,245
04034,*,15
45051,55,75
28041,245,290
19090,*,*
45052,170,205
34060,*,20
40056,*,*
49050,30,30
40057,85,85
37108,*,10
03056,505,535
50085,*,25
44080,15,35
40058,5,65
50086,5,5
06037,*,85
46097,45,*
47053,*,*
47054,*,75
19091,*,*
09108,*,20
18049,25,45
18050,45,55
19092,25,30
25076,*,15
29042,680,785
15027,65,60
17054,*,25
32026,100,150
05061,15,5
39023,250,395
25077,35,60
05062,10,25
10065,*,20
05063,*,*
40059,*,*
28046,275,450
28047,1235,2025
34061,10,20
08069,225,305
43045,5,25
08070,20,35
29043,140,215
37109,*,20
28043,505,480
28042,75,35
28045,890,1435
28044,275,300
18051,60,40
17055,20,10
33019,90,270
22090,*,15
25163,15,20
29044,*,70
39024,125,165
29045,185,300
25161,*,70
40060,*,10
09109,105,75
19095,*,*
19096,*,*
43046,*,25
03057,*,20
24057,55,40
34062,*,35
19097,*,*
11014,840,1075
14020,*,20
10066,*,15
07016,140,185
43047,105,150
41033,145,170
05064,*,15
45053,405,730
50087,*,*
09110,*,*
49052,5,25
19098,*,*
08071,20,5
44082,10,10
46098,65,150
08072,540,755
43048,55,125
24058,*,40
25078,130,115
47055,*,15
15028,60,50
17057,60,90
14021,8725,11575
06038,*,45
37110,10,*
34063,*,15
26052,25,20
19099,25,40
31077,270,380
26053,10,25
49053,35,65
27014,*,565
10067,520,535
41034,755,850
41035,*,50
15029,310,590
26054,*,25
08073,1395,2550
17056,65,140
43049,80,30
06039,85,130
41036,110,140
28048,*,20
26055,*,*
45054,215,265
40061,*,20
13035,25,55
39025,330,385
47056,*,25
49054,45,60
41037,75,205
02027,*,30
06040,40,25
21024,25,20
32027,70,140
21025,95,245
21026,*,15
31078,100,230
44084,*,10
12048,10,25
18053,30,80
29046,105,180
46099,40,55
18054,*,40
13036,25,45
24059,25,55
09112,*,10
15030,6390,9565
33020,300,590
39026,60,150
44085,*,20
42068,*,20
28049,2370,2950
27015,45,565
07017,40,115
12049,*,25
50088,*,25
49055,*,15
46100,*,10
02028,*,10
36012,*,270
42069,70,155
09113,35,50
36013,*,250
12050,60,155
03058,340,375
13037,20,50
40902,10,10
36014,45,115
43050,155,200
24060,*,55
17058,10,20
05065,15,65
44086,20,85
03059,740,1205
06041,25,10
37112,*,15
44087,*,*
17901,60,75
10068,45,35
24061,40,115
32028,*,115
50089,440,610
44088,*,10
28050,285,245
50090,*,45
08074,445,695
25079,10,55
42070,*,*
34066,*,15
24062,*,20
24063,*,40
47057,15,20
40062,*,*
19102,5,*
09114,*,5
49056,*,40
24064,60,70
44089,*,*
49057,*,15
09115,5,20
37113,20,55
42071,*,25
49058,*,25
44090,*,15
33021,325,355
49059,*,10
40063,440,560
16078,1215,1815
47058,*,30
50091,*,10
45055,90,125
41903,180,340
44092,*,10
42073,*,*
09117,*,*
16079,*,*
29047,70,15
44093,*,*
40905,*,20
09119,*,*
29049,70,200
04035,560,445
29048,55,80
18912,85,100
05066,15,35
44094,*,10
12051,20,70
18056,135,270
18057,170,375
46105,785,950
15031,835,970
10069,30,25
21027,*,*
21028,*,10
21029,55,85
43051,440,375
36015,240,255
47059,*,5
15032,150,500
29050,*,30
26056,40,30
28053,355,505
13039,385,695
46113,110,95
04038,215,295
17060,*,*
50094,60,130
26057,*,*
18063,30,25
17061,25,30
03061,*,70
03062,*,*
20029,145,210
33022,*,*
34067,*,10
34068,*,*
18064,*,15
18066,*,115
10070,45,65
43901,430,445
03063,1865,2095
48901,170,290
10071,*,10
31079,*,10
24066,*,55
42075,*,*
07018,35,65
42076,*,45
31080,25,40
05903,*,25
18067,40,35
18068,70,85
48026,40,75
37115,*,15
15033,50,170
18069,15,40
03064,305,220
46114,*,25
40068,*,10
45058,15,25
06043,20,50
06044,1405,1275
31081,15,35
31221,105,110
40069,*,10
05069,*,10
20069,6790,9750
05070,*,10
14022,125,170
37116,*,*
37117,35,75
46115,*,20
41038,2835,3525
14023,85,165
45059,95,85
08075,340,455
36016,85,135
19107,*,20
18070,*,15
34069,*,100
43053,*,15
15034,225,*
48027,925,945
18071,205,260
19108,*,*
40070,10,10
42078,65,70
48028,55,50
31083,*,5
41039,1105,1255
31086,620,800
20030,745,1005
07026,1915,1715
50095,695,865
37118,*,10
04902,4885,4615
44096,10,15
48031,15,20
01021,60,35
02030,90,100
03065,6885,9275
01022,50,70
03066,1390,2295
20031,*,15
20033,55,35
20032,300,410
31087,10,10
46116,785,925
10072,*,50
48032,175,205
01023,40,35
19109,*,*
50096,*,*
46117,20,20
37120,*,10
37119,*,15
50098,*,*
40071,*,10
37121,15,45
37122,10,15
47060,*,25
14024,110,100
21031,*,70
37123,*,30
24067,35,65
40072,*,15
09120,*,*
26058,*,30
37124,*,35
31089,10,*
46118,75,255
16082,15,20
04041,*,*
46119,30,35
49061,*,15
39028,200,280
26059,75,105
32030,40,55
06045,25,*
50099,135,245
48902,605,1100
31090,*,10
24068,*,25
48033,*,20
31091,15,25
50100,*,25
48034,320,705
20067,1060,1295
20066,*,*
01046,*,70
48079,30,30
31092,20,85
45060,*,15
21032,*,125
17062,520,630
39029,*,55
45061,140,175
40073,25,55
45062,40,105
19110,*,*
23031,15,20
40074,20,35
19111,*,10
50101,55,55
24069,*,*
40075,10,25
42079,*,*
19112,*,*
07019,60,*
28054,310,740
44097,*,10
44099,*,25
10073,15,40
37125,*,25
18072,*,40
32031,*,90
47061,*,20
20034,40,105
31094,5,5
12057,15,45
37126,*,10
49062,*,10
12058,*,*
06046,35,40
06047,15,45
06048,15,55
08076,360,820
41040,430,460
31095,*,*
37127,15,25
42080,*,20
14025,90,115
42081,*,15
23032,*,*
11017,50,70
14026,55,50
40076,375,555
17063,15,*
37128,*,20
34070,10,25
09122,*,*
19113,35,40
05072,*,10
09124,45,240
34071,*,35
09123,*,*
45063,25,25
40077,75,50
19114,*,*
25081,10,50
43054,125,225
08077,1535,2090
22099,30,45
17064,25,25
17065,20,20
07020,290,305
25082,40,20
31096,*,20
08078,*,65
45064,165,195
19115,*,*
22102,*,15
22103,55,45
25088,10,10
08079,10,30
25085,*,20
31097,430,630
07021,*,*
41041,580,480
42082,*,*
09125,25,50
29051,2710,2565
44100,*,10
31098,85,105
25086,35,30
25087,*,10
46120,20,35
26060,*,15
22105,5,15
36017,840,1870
45065,*,20
28055,45,105
19116,*,*
46121,*,*
31099,*,*
31082,25,80
31084,100,85
31085,35,25
48029,365,390
48030,35,40
31100,*,25
31101,55,70
26061,75,130
31093,25,30
20035,30,35
31102,*,*
31103,*,5
50102,70,135
24070,105,120
03067,*,10
22106,*,10
31104,20,85
43055,85,160
03068,*,*
22107,*,20
12059,30,15
17005,30,25
29052,*,*
49063,*,35
49064,*,80
50104,15,30
25089,*,20
38012,*,100
43056,80,95
46122,60,155
46123,70,90
50105,*,25
50106,*,5
43057,*,*
07022,925,1120
04043,*,35
15035,335,445
02031,*,20
06049,45,55
49065,80,50
13040,25,45
14027,320,375
18074,*,10
49066,15,40
49067,*,45
07023,320,150
49068,*,55
44101,*,*
15036,1535,1995
08134,80,70
08080,*,*
25908,*,35
43058,*,15
17066,1350,1425
43059,*,15
12060,*,20
49069,15,20
50107,25,50
04044,75,155
03069,310,185
04045,50,75
35008,120,260
22109,10,35
15037,325,200
31105,50,100
17067,25,45
43060,90,70
05073,*,30
25092,10,*
37129,10,35
08082,100,45
08081,35,45
46126,190,210
17068,20,35
24071,25,20
27017,30,100
08083,90,115
47062,*,25
50108,*,*
47063,10,10
26062,10,15
25093,35,70
03077,120,145
04046,25,30
18076,35,50
44102,*,*
49071,35,100
08084,40,75
27018,75,555
46128,75,120
46127,60,255
17069,40,60
19117,70,60
13041,*,35
46124,50,65
17070,*,*
17071,50,120
31106,100,60
47064,*,*
09127,*,*
05074,25,55
08085,85,125
22110,40,105
26063,15,15
25094,20,20
22111,*,35
17902,130,135
12061,30,50
36018,135,330
43061,*,10
37130,10,20
07024,760,360
03070,105,175
44103,20,10
07025,20,65
17073,145,90
36019,40,65
44105,*,15
46125,*,30
44106,15,25
17074,30,55
30020,170,470
48906,20,40
27019,475,465
44107,*,25
15038,105,410
37131,*,20
22112,925,830
50109,*,10
23033,95,80
33023,45,270
09128,*,*
08086,845,795
50110,25,*
34072,5,20
42083,*,*
06050,120,355
37132,*,35
43062,20,30
18078,25,40
50111,*,20
16083,*,10
40078,20,25
16084,*,*
09129,*,10
44108,10,85
05075,*,*
28056,40,50
37133,*,*
10075,*,10
09130,*,5
09131,15,20
37134,*,25
40079,15,15
42084,*,*
40080,*,5
49075,*,15
49076,*,25
24073,20,80
09132,10,15
09133,*,*
49077,*,15
28057,95,60
34073,10,10
47065,35,90
05076,25,45
09134,10,45
44109,*,10
49078,*,25
29053,205,135
27020,125,565
34074,65,35
38013,40,235
16085,10,25
48035,25,25
40081,*,15
19118,*,*
13042,35,85
38014,50,45
19119,*,*
50113,50,60
50114,10,20
44110,*,10
29054,3845,3195
28058,4555,6355
06051,50,165
13043,*,*
26064,130,165
47066,50,115
45066,400,470
02032,*,10
23034,120,150
30021,470,635
06052,185,300
16086,60,115
29055,70,95
37135,70,120
40082,*,10
06053,10,30
06054,335,175
13044,85,180
40083,*,*
40084,*,10
05077,*,15
28059,205,305
47067,10,15
49079,*,10
14028,*,15
12063,*,*
14029,185,255
14030,450,460
18079,155,225
02033,140,110
02034,60,125
42085,*,5
09135,*,*
42086,*,*
42087,5,*
09136,*,15
37136,*,35
21033,*,30
19120,*,*
49080,15,70
09137,10,*
19121,25,25
16087,10,25
16088,10,10
37137,*,15
09138,*,10
42088,*,15
19122,*,10
42089,*,10
19123,*,*
09139,*,15
16904,30,25
09140,*,*
19124,35,40
47068,*,*
40086,40,70
42090,*,25
40087,*,10
40088,10,30
37138,*,20
46129,35,70
16089,10,40
44111,10,20
44112,15,35
41042,210,195
05078,5,10
12064,*,*
37139,15,20
24074,*,30
50115,135,265
50116,*,20
06055,85,110
42092,*,15
34076,25,60
37140,45,85
49082,15,35
44113,*,15
34077,10,30
49081,90,80
40089,10,30
49083,*,15
40091,10,10
44114,10,45
09141,15,35
49084,15,35
42093,*,10
14031,*,50
40092,5,*
28060,40,70
23035,30,50
16091,*,*
22113,35,55
25096,65,100
25097,*,10
31107,110,140
31108,80,145
16092,25,10
18905,600,655
20038,15,25
04047,110,115
08090,10,20
03072,15,30
12065,10,5
20037,5,10
19125,*,5
37141,*,15
28061,965,1115
19126,50,60
31109,115,105
21034,70,75
09143,*,*
26065,*,10
48036,770,950
48037,30,35
35009,245,1095
49085,100,130
18082,20,45
43063,30,90
26066,15,10
37142,45,55
37143,*,30
37144,*,35
10076,50,30
04048,100,170
09144,*,*
40093,*,5
05079,*,10
37145,10,10
47069,*,15
05080,*,10
37146,*,15
49086,*,25
49087,*,30
08087,30,20
26067,*,*
31110,*,10
50117,*,30
31111,*,25
50118,60,100
44115,10,15
19127,*,15
45067,75,175
48038,60,65
49088,*,20
43064,115,195
46131,2655,3340
16093,*,20
38015,85,150
38016,50,185
48039,20,10
31112,*,*
06056,10,25
43065,*,35
10077,15,30
37147,10,10
37148,*,70
40094,15,20
45068,*,*
37149,*,*
31113,10,15
44116,10,*
28062,*,40
05081,*,*
10079,40,65
10078,20,40
10080,15,35
28063,*,*
10081,*,10
43066,*,20
31114,*,20
06057,*,40
24076,75,65
31115,15,30
42094,25,25
08088,565,770
17075,15,30
17076,*,20
17077,55,70
41043,*,15
06058,115,95
10082,*,70
04049,245,255
10083,*,*
28064,*,15
16094,*,10
19129,*,*
11018,70,70
10084,20,90
03071,240,635
48040,30,80
47070,*,*
46902,10,20
29056,30,130
48041,40,50
08089,1205,1340
46130,40,25
25098,*,20
05082,*,45
20907,*,10
44117,20,30
37150,*,*
12067,25,20
08091,145,295
50119,30,85
41044,330,440
49090,*,*
05083,*,15
29057,20,40
23037,10,*
31116,*,*
46132,65,125
17078,55,*
41045,125,175
04050,50,55
47071,15,65
45069,90,80
48046,485,895
46133,*,80
28065,3890,4860
20039,110,110
48044,2625,3400
21035,275,350
33024,7630,10420
05085,*,*
05084,*,20
41046,105,155
46134,120,95
25912,35,100
05086,*,20
26068,5,*
44118,15,25
41047,355,350
43067,20,45
02035,80,140
17079,2740,3545
08092,160,265
08093,*,*
22114,*,15
48047,*,5
18083,15,*
43068,20,55
46135,545,575
46136,130,245
50120,*,*
31117,30,40
18084,180,210
42095,50,160
25099,110,125
02036,*,*
37151,10,20
42096,*,50
17080,*,20
37152,20,30
32033,*,45
40095,20,65
36021,455,565
31118,*,30
18085,20,35
18086,*,45
24077,*,30
48042,50,115
10085,*,*
24078,20,45
03073,*,30
48043,180,285
42097,*,*
25100,15,45
05087,*,15
50121,15,25
33025,330,780
24079,20,135
33026,340,720
22115,20,30
16095,*,15
16096,55,15
24080,*,25
40097,15,20
18087,6475,9180
21036,*,5
08094,110,125
25101,25,80
38017,1195,1155
21037,*,15
13045,*,35
33027,30,90
05088,*,*
08095,*,*
46137,10,40
49091,*,15
03074,45,305
06059,45,105
25102,75,65
10086,10,*
14032,25,25
08096,1590,2375
49092,*,15
25103,*,25
25105,20,20
25104,*,15
22116,130,190
26069,*,55
43069,5,30
22117,125,285
26070,10,35
11019,40,90
44119,*,25
09148,*,*
34079,135,115
28066,675,590
09149,*,*
50122,*,*
50123,10,10
36022,495,595
18088,45,55
19130,2005,2445
44120,*,20
41048,105,80
14033,65,35
28067,125,290
13046,10,50
10087,35,125
45070,55,90
28068,400,520
46138,25,25
46139,305,265
18089,580,920
37154,5,20
18906,*,*
08097,60,75
18093,235,375
17081,10,20
38018,75,225
36023,520,550
46140,25,20
03076,540,490
23038,245,130
45071,45,105
08099,30,65
34080,215,310
06060,165,320
29058,*,100
49093,*,35
23039,75,90
34081,*,10
44121,*,10
32034,55,75
18094,80,90
48045,155,360
31119,*,*
31120,25,25
18095,90,80
38019,550,655
43070,10,30
37155,*,*
10088,*,10
10089,25,50
10090,*,70
10091,10,25
14034,*,20
37156,360,230
41049,230,325
17082,30,70
38020,550,410
25109,15,55
25903,*,25
31121,*,20
05089,*,*
25110,105,255
27022,170,505
25111,*,15
09151,35,20
09152,15,15
27023,*,160
08100,180,265
39030,85,170
22119,55,95
24081,*,25
05090,*,15
06061,40,95
09154,10,10
01056,10,20
35010,115,295
26071,435,600
09155,*,*
39031,50,190
06062,*,*
02037,790,1470
16097,*,20
19132,*,*
19133,25,*
12068,*,10
26072,20,30
13047,325,290
45072,25,30
10092,10,*
37157,*,10
37158,*,25
37159,*,15
39032,45,110
34082,*,10
38021,100,*
49094,*,40
20040,590,820
10093,25,20
05092,10,10
20041,25,35
05093,*,45
26073,10,5
41050,320,350
10094,*,20
50124,35,60
34083,65,245
42098,*,*
34084,*,15
06063,140,200
02038,25,25
19134,*,*
39033,*,45
05094,*,25
10095,10,*
45073,15,40
47073,*,25
16098,45,40
10096,160,190
26074,*,10
19135,10,*
10097,*,*
23041,20,*
06064,15,50
21038,50,60
05095,*,*
06065,15,*
06066,*,105
06067,70,100
12069,*,*
02039,85,75
46141,*,20
05096,*,*
44122,65,75
19136,*,*
49095,*,40
10098,15,45
21039,10,10
23042,*,20
21040,*,160
37160,25,65
44123,*,*
45074,*,40
42100,*,*
14035,405,500
06068,15,20
16099,*,25
13048,*,15
16100,25,75
31256,*,25
28069,*,*
19138,*,30
16101,*,20
10099,25,45
19139,*,15
20036,835,765
03078,*,85
16102,80,75
40099,5,*
40100,15,45
45075,*,20
40101,25,40
09159,*,10
16103,*,35
09160,*,*
16104,*,*
19142,20,20
34086,*,15
09162,*,15
09164,*,*
09163,*,40
05097,30,50
28070,15,10
05099,10,65
13049,35,45
37161,*,15
16106,120,105
37162,15,30
28071,*,10
19143,75,85
09166,*,35
45076,25,35
26075,20,60
26076,10,15
06069,145,125
14036,60,100
05100,*,10
26077,*,*
34087,*,*
47074,*,10
09167,*,10
23043,30,25
26078,10,*
09168,*,20
43071,40,130
19145,*,*
09169,*,15
24082,30,40
08101,3835,7415
08162,65,70
17083,130,105
37163,*,*
02040,20,40
09170,*,15
28072,365,380
05102,65,115
05101,*,40
05103,*,10
10100,35,25
05106,*,*
05104,*,10
05105,30,55
22122,*,*
44124,*,10
22908,15,10
31122,120,345
45077,25,35
04051,*,25
10101,*,10
18096,*,10
16107,*,25
23044,230,320
21041,2620,4070
16108,*,*
18097,50,50
04052,600,620
04053,490,655
26079,75,40
19146,*,*
16109,*,*
09172,*,15
19147,*,20
37164,15,25
09173,*,10
16110,*,15
09174,55,95
45078,50,55
16111,10,10
19148,*,*
22124,*,25
40103,*,10
23045,70,90
44125,*,*
22125,1740,1955
18098,305,490
16112,55,150
18099,55,40
18100,330,270
18101,500,415
19150,*,*
41051,35,*
09175,*,25
19151,*,75
28073,405,580
29059,155,145
09176,*,*
05107,*,10
34088,15,20
10102,*,20
31124,*,20
20042,120,120
48048,50,45
50125,*,30
09177,60,65
03079,1015,895
33028,*,*
22126,*,10
09178,*,*
23046,85,135
38022,915,880
20043,60,70
31259,15,40
26080,20,45
09179,*,10
09180,*,30
44126,25,35
45079,*,40
48094,110,195
22127,30,25
08102,1610,1360
29060,*,*
24083,35,45
31125,5,15
20044,15,15
22128,10,25
36901,195,765
45080,*,*
19152,*,40
33029,*,55
04054,*,20
33030,*,75
45081,1095,900
18102,195,395
50126,95,90
31126,*,40
07027,965,1110
27024,*,300
35011,655,595
16113,240,335
19153,*,*
04055,20,*
19154,*,10
31127,10,5
32035,45,85
15039,60,110
23047,65,110
37165,*,*
19155,*,10
20045,1260,3245
01901,130,130
20046,55,45
01027,20,50
31904,60,105
31128,50,50
22129,20,45
09181,*,50
47075,255,375
21042,650,555
41902,120,185
25115,80,105
17084,25,60
48049,20,25
29061,55,115
50128,*,*
34089,*,40
09182,*,15
18103,*,40
20047,25,45
37166,15,15
40104,10,15
31129,*,30
31130,15,25
48910,120,145
25112,15,20
25113,75,95
25114,5,15
31131,60,70
31132,5,15
24084,*,10
31133,*,*
14037,130,215
18105,210,175
29062,30,35
23048,15,25
48050,10,10
44127,15,*
23049,95,30
21043,45,110
22130,390,700
03080,60,110
19156,85,95
23050,2795,4275
17085,20,35
46142,35,20
26081,*,*
49096,*,15
23051,85,90
12070,20,95
50129,*,5
46144,*,70
10103,25,35
10104,210,185
09183,*,*
09184,*,*
10105,145,205
10106,*,*
50130,30,25
44128,*,5
22131,*,10
44129,*,*
50131,*,35
31134,*,30
03082,1230,2030
31135,*,*
18107,35,30
11020,4725,5685
06070,325,380
18108,25,70
12071,100,80
10107,55,30
18109,*,15
03083,290,260
23052,20,30
11021,385,255
29063,*,*
19157,*,*
24086,*,65
23053,300,435
17086,245,95
08103,25,35
44130,*,*
02041,15,20
44131,*,*
25910,*,*
50132,25,35
40105,*,*
40106,10,*
29064,*,35
17087,25,20
30022,880,880
18111,65,155
05108,*,*
25118,25,40
25119,145,190
09189,*,25
09190,10,*
09191,*,*
09192,*,*
31136,25,45
49097,*,*
18112,*,20
37167,*,10
29065,30,10
48022,140,255
48907,15,20
01019,10,15
01020,*,25
40107,*,25
01028,80,90
13050,15,35
22133,15,10
18115,90,145
10108,*,15
45082,30,105
34091,*,25
50133,*,10
01030,*,15
01031,160,85
44132,*,*
24087,*,170
26082,*,15
40108,*,15
47076,795,955
24088,40,145
16115,*,*
16116,*,*
37168,30,35
26083,*,30
23040,30,50
31138,40,70
36024,860,1630
22135,10,40
22136,35,90
36025,*,*
39034,*,45
31139,*,35
22137,35,95
27026,120,450
01032,45,65
16117,30,60
48051,*,25
05109,15,70
42103,20,90
50134,*,10
47077,*,40
33031,845,1330
40109,*,15
18116,125,365
34092,*,35
01902,25,110
18117,*,25
41052,215,160
31140,20,15
05110,25,85
44133,*,*
06071,*,10
22139,*,15
31141,10,25
01033,65,50
15041,290,760
26084,515,420
39035,460,585
32038,*,*
04056,*,*
48052,35,70
31142,20,125
31143,5,10
20048,10,15
31144,35,80
37169,*,15
23054,*,*
20902,355,640
22141,20,15
22142,10,25
22143,*,*
22144,10,20
40110,*,35
40111,*,*
40112,225,195
01036,580,625
04057,50,130
48053,80,70
33032,310,485
15040,180,275
50135,*,25
45083,40,35
32039,40,75
31145,15,25
20049,220,190
20050,15,10
31146,*,5
41053,725,1225
50136,30,140
50138,*,10
50137,65,150
18119,115,*
19159,*,10
16118,40,105
37170,45,85
26086,*,*
34094,*,10
37171,20,40
28074,3720,4585
16119,*,20
31147,*,5
31148,*,*
20051,230,420
20052,50,70
01058,40,90
20068,10,10
48054,930,1335
32040,55,160
31149,85,125
26087,20,15
48057,175,350
31908,75,80
48055,95,190
48056,35,65
33033,220,570
18120,*,20
24089,3840,4925
31150,10,25
21044,930,520
31151,5,*
31152,30,105
09194,95,200
25121,35,45
31153,75,200
02042,*,70
50139,20,40
01034,15,25
26088,*,*
48081,110,120
31154,5,30
20053,195,330
02043,30,90
30023,95,170
44135,*,10
42105,*,*
44136,*,5
31155,*,*
39036,60,65
39037,60,175
02044,40,50
04058,*,30
45084,95,75
39038,60,95
23055,1415,1750
21045,20,15
44137,20,25
37172,30,65
11022,820,1910
25122,85,175
50140,*,5
50141,*,5
20054,20,35
31156,20,30
08104,55,65
17088,25,55
25123,*,20
25124,10,25
08105,255,545
17089,430,395
24092,25,125
17090,65,45
17091,40,45
17092,300,245
33035,455,630
46154,25,45
33036,595,970
09195,*,*
47079,*,*
38024,985,815
05113,*,*
13904,50,20
25125,10,60
46155,30,45
25126,45,35
44141,10,20
25120,4175,4875
06073,20,45
06074,225,145
17093,65,65
25127,10,45
03085,*,*
08107,490,880
08108,330,375
25128,*,20
08106,315,370
46147,1025,1050
17094,90,175
43072,*,10
25129,*,30
46152,*,5
46153,25,35
46151,40,30
46156,30,145
43073,*,15
43074,95,105
17095,1710,1435
07028,55,90
46157,120,150
12074,40,20
07029,220,230
17096,20,40
07030,115,50
07031,1205,2170
08109,10,40
46150,85,170
22149,*,45
32041,30,40
50142,*,*
32042,50,170
06072,35,80
18121,*,*
31157,210,195
28075,225,310
26089,4585,5560
10109,100,120
48903,125,90
18122,610,1200
34903,15,55
34096,*,*
45085,105,85
47078,*,15
50143,25,85
50144,*,*
31158,15,25
23056,150,125
22150,*,65
41054,20,40
41055,415,465
19160,70,80
30024,2635,3790
03084,35,40
46148,50,85
30025,195,275
46149,25,50
40113,25,55
49098,*,20
49099,*,5
10110,175,210
05112,*,5
22151,*,*
44138,10,15
42106,*,*
27027,100,130
15042,95,100
28076,20,45
28901,35,55
49100,10,35
04059,*,135
04060,*,65
04061,*,60
14038,1945,1505
50146,*,15
12072,60,40
21046,180,35
50147,25,35
13051,10,35
24090,*,55
45086,15,*
12073,10,15
49101,*,25
39039,*,90
50148,*,50
50149,*,*
27028,3500,3885
18123,10,15
41056,190,145
18124,*,35
31159,25,75
37173,45,180
26091,*,25
50150,25,50
50151,30,85
19161,*,10
22905,15,20
23057,*,30
14039,45,115
31160,*,*
24091,25,45
19162,*,15
31248,10,40
19163,*,*
04062,260,215
46158,40,100
32043,130,180
37175,20,45
29066,15,25
37174,20,140
17102,25,45
17103,180,375
28078,*,*
49102,*,25
40115,*,15
17097,25,10
28079,72960,105625
49103,*,35
45087,455,670
10111,60,120
05114,40,145
09196,*,20
10112,55,110
09197,*,20
02045,150,255
37176,*,*
10113,75,105
41057,*,*
50152,110,205
05115,35,50
06075,*,25
50153,20,75
45088,75,155
42107,*,15
24093,*,40
34098,40,75
06076,*,25
09198,*,20
49104,*,*
02046,25,50
17098,10,45
25133,55,115
44142,*,*
37177,20,25
50154,10,15
49105,10,10
41058,795,995
41059,1270,1315
28080,2215,2895
10114,20,45
16121,*,15
19165,*,15
42108,*,*
29067,14115,18975
19166,*,15
13052,240,470
19167,*,5
18126,40,75
50155,15,*
06077,*,*
25130,10,20
50156,10,30
08110,720,830
08111,25,35
48058,35,70
50160,70,190
50157,*,15
37178,*,15
10115,105,235
05116,*,20
06078,*,50
10116,190,210
15043,205,540
45089,95,55
50159,20,15
49107,*,25
05117,15,30
09199,*,15
09200,*,*
09201,*,*
07033,1425,2235
37179,*,15
05118,*,*
23058,505,345
06079,25,20
50161,*,*
09202,*,5
07034,45,40
19168,*,*
49108,20,65
49109,20,55
29068,735,705
46159,805,1140
05119,*,*
26092,15,*
08112,605,835
34099,*,15
08113,2970,2525
26093,*,*
24094,75,120
24095,10,30
19169,*,*
34100,*,*
46160,60,90
49110,*,15
49112,*,15
49111,*,15
13053,515,620
26094,*,*
28082,280,340
32044,*,65
45090,15,25
44143,30,25
21047,25,50
47080,*,*
37180,*,10
48059,25,20
31161,20,20
15044,35,120
07032,990,810
45091,25,25
50162,10,10
18127,830,820
19170,15,10
24096,*,15
31162,*,*
40903,*,10
40118,*,*
29069,5600,5930
10117,*,10
18128,15,*
19171,165,155
41060,495,530
31163,95,110
34101,*,*
43076,*,55
43075,*,15
08242,*,30
04063,65,155
50163,345,245
07035,35,135
16122,10,30
36026,610,865
39040,170,330
41061,55,65
46161,65,100
21048,*,*
45092,15,20
48060,220,260
05120,*,*
23059,120,195
50902,*,15
07036,1730,1450
45093,*,*
37181,*,20
05121,*,15
41062,60,55
37183,*,35
44144,25,10
40119,*,25
40120,*,15
40121,30,45
37182,*,*
05122,10,10
08114,535,615
08115,155,190
23060,690,790
40122,25,50
48061,40,35
47081,*,5
43077,20,25
44145,25,85
17100,10,20
45094,*,40
43078,20,60
16123,*,*
02047,*,*
19172,*,10
32045,100,235
08116,45,30
08117,185,145
43079,*,30
08118,675,1170
43080,15,20
43081,30,45
08119,190,290
43082,35,50
46162,100,100
25131,55,40
46163,75,90
46164,335,520
46165,210,305
17101,25,25
25132,*,15
37184,*,25
10118,*,25
40124,10,25
37186,*,*
44146,5,10
12075,15,15
45095,15,85
40123,5,30
24097,20,40
08120,945,565
42110,5,10
24098,35,85
42111,15,25
24099,*,35
38025,280,295
47082,35,40
08121,2895,5085
19173,*,5
12076,*,*
49113,*,30
47083,*,10
37187,15,30
49114,*,*
40125,5,15
19174,*,*
26095,*,10
37188,*,20
49115,*,15
47084,60,185
44147,15,60
45096,25,55
19175,*,10
15045,160,570
34102,20,25
30026,1485,995
39041,85,90
19176,*,*
34103,*,10
09206,*,10
36027,135,340
09208,*,25
28083,410,410
06080,115,100
50164,10,40
05123,*,10
06081,20,65
09209,315,575
47086,180,350
47085,680,1330
42113,60,45
11023,200,290
05124,*,10
39042,220,435
08122,55,120
19177,*,10
26096,*,25
47087,10,30
19178,*,*
27029,80,215
36028,255,300
45097,55,55
28084,635,900
47088,*,25
47089,10,20
09211,65,105
49116,*,40
34104,*,35
46166,340,515
31164,*,50
15046,185,575
52001,1660,2005
32046,55,80
40126,*,5
40127,*,*
37189,*,*
13054,345,325
19179,*,*
10119,*,35
25134,75,60
45098,95,160
20901,55,55
48062,15,20
31165,135,255
31166,10,25
48063,25,25
31167,25,55
34106,10,5
06082,20,25
05125,*,10
23061,190,355
45099,135,205
48064,30,35
50165,70,115
17099,*,*
32047,120,95
07037,360,395
06083,1660,1770
09213,*,25
09214,*,125
09906,130,110
09215,*,55
09216,*,45
09217,20,40
39043,90,90
10120,*,*
16124,85,65
05126,*,15
45100,*,*
15047,100,495
50166,*,45
13055,*,25
31168,15,20
50167,*,15
44148,*,5
32048,*,85
10121,570,525
50168,*,*
49117,*,40
34107,*,20
50169,25,45
19181,*,5
39044,160,160
39045,*,50
17105,*,40
33037,990,1505
19182,*,*
37190,*,25
07902,80,70
45101,115,240
40128,*,10
13056,525,535
05127,35,60
29070,2745,3290
43083,10,10
31169,75,80
09218,30,*
37191,*,10
19184,*,*
10122,*,15
46167,*,20
03086,*,*
49118,5,25
19183,*,*
21049,*,125
02048,35,95
16125,120,115
05128,*,15
15048,105,325
42115,*,15
42116,*,10
19185,*,5
16126,35,55
10123,*,25
19186,*,10
28085,180,415
31170,*,*
25135,100,60
19187,*,10
46168,75,115
44149,10,25
31171,25,55
37192,25,20
09219,905,1025
37193,20,75
06084,25,75
09220,*,15
43084,50,55
44150,*,*
05129,*,25
05130,*,*
05131,*,15
46169,1070,1375
36029,665,830
45102,230,330
19188,*,*
18132,75,120
29071,45,*
09221,30,15
15049,*,110
35012,540,575
37194,*,15
46170,165,200
21050,795,620
10124,15,25
45103,*,55
19189,5,5
08138,155,290
04064,520,420
47090,70,230
04903,590,410
49119,*,35
28086,290,170
43085,*,25
41063,70,65
49120,*,*
19190,175,375
30027,2805,2505
24100,25,20
02049,50,70
37195,*,*
44151,25,20
42117,10,15
28087,115,245
08123,860,1120
39046,*,115
25137,495,530
17106,*,25
08124,1010,1645
29072,170,130
17107,20,40
25136,10,10
18133,80,150
05132,50,50
42118,*,*
49121,20,30
18134,255,445
19191,*,*
09223,*,*
09224,*,35
47091,*,10
46171,620,915
09225,*,*
12077,230,310
29073,140,*
36030,255,130
36031,60,45
19192,110,185
27030,155,360
50170,20,60
22155,10,10
06085,160,260
50171,*,*
49122,20,85
15050,45,265
22156,10,20
37196,*,*
27031,1020,780
44152,*,10
03088,270,370
08128,*,55
08127,45,140
37197,*,15
37198,15,20
03089,225,560
50172,10,20
44153,120,95
16128,*,10
31172,25,25
10125,40,50
44154,25,55
37199,10,10
05133,*,*
17109,55,95
44155,60,50
14040,210,160
16129,*,10
16130,*,65
02050,*,15
49123,*,55
12078,*,35
10126,30,90
12079,40,45
22157,10,50
19193,*,*
46173,65,65
43086,330,435
43088,135,135
08125,890,1315
08130,*,15
31173,55,50
16131,*,*
42119,15,35
44156,*,*
47092,*,15
02051,145,70
45104,10,30
32049,*,120
18135,100,320
10127,325,200
29074,35,40
18136,65,80
37200,10,25
40129,10,30
28088,*,25
40130,*,15
42120,*,30
25139,35,70
41064,*,230
14041,155,80
47093,35,35
37201,20,50
06086,40,65
42121,*,20
50173,*,*
44157,*,10
32050,75,85
27032,195,350
40131,*,5
37202,65,75
09226,*,*
06087,100,165
37203,*,*
46174,*,55
45105,15,20
03903,240,160
08131,35,35
25140,55,120
43089,25,10
25138,35,105
08126,270,660
13057,60,70
06088,565,550
14042,825,1015
18137,40,75
46175,20,35
23062,40,30
08132,20,60
08133,10,30
43090,*,70
08135,120,330
25142,40,45
25141,*,25
50174,*,*
09227,*,10
25143,*,20
08136,325,655
14043,165,265
43091,15,20
17110,100,155
43092,880,490
46176,65,225
08137,25,45
46172,235,475
07038,100,135
14044,90,60
22158,355,980
34108,30,30
45106,430,460
44158,115,150
43093,260,235
43094,150,80
09228,5,35
13058,160,330
40132,*,*
47094,*,20
49124,*,65
18138,100,125
10128,220,575
28089,270,235
47095,*,*
05134,*,*
49126,10,35
49125,50,75
47096,*,20
49128,15,70
49129,65,90
49130,*,10
49127,75,135
49131,*,30
28090,345,495
36032,115,155
37204,15,15
50175,25,50
50176,*,10
28091,195,385
30028,180,375
19194,*,*
34109,*,20
10129,*,15
33038,70,185
01039,20,15
18909,25,20
43095,75,120
12080,125,260
19195,*,10
31174,*,*
43096,10,10
06089,20,25
49132,10,55
49133,20,35
50177,*,25
48066,20,30
14045,135,160
37205,*,*
37206,*,10
37207,15,10
42123,5,10
41065,620,730
37208,*,15
50178,*,10
36033,480,825
44159,*,10
44160,30,75
28092,4200,5675
16132,*,*
16133,280,425
47097,*,30
16134,335,200
02052,15,40
18140,1900,2100
16135,*,15
35013,235,270
50179,*,30
37209,*,30
40134,30,85
50180,*,10
47098,35,50
34110,*,*
47099,*,20
19196,*,15
50181,75,75
50182,255,340
49134,*,30
49135,*,*
31175,*,*
49136,15,45
15051,145,220
32051,95,80
30029,385,595
48068,105,75
50183,30,50
02053,40,245
48069,610,635
44161,30,70
26098,15,15
48007,10,35
08129,20,70
05135,20,40
05136,*,10
05138,20,20
05139,*,10
05140,10,10
40135,*,15
05141,*,*
05142,*,*
05143,*,15
40136,10,*
08139,*,10
27033,15,60
31176,115,225
30030,13905,16215
50184,*,*
24101,*,*
47100,*,*
42124,*,*
42125,*,*
31177,*,15
50185,10,15
26099,35,50
31178,30,40
31179,25,40
03091,*,25
07039,255,225
26100,*,15
03092,360,420
26101,*,*
15053,440,510
33039,35,110
18141,25,55
48908,15,15
31180,10,10
46177,130,245
48071,215,225
20057,15,15
20056,220,215
03090,670,1115
15052,175,490
48067,30,45
48909,10,20
04065,*,15
42127,*,5
26102,410,525
26103,*,60
25145,*,10
45107,165,120
46178,195,255
16137,*,*
15054,835,1240
05144,*,15
05145,*,*
42128,*,*
37211,10,40
05149,*,15
05147,5,35
05148,*,*
25025,65,135
33040,265,415
05152,30,75
37213,*,*
37214,15,*
40138,90,155
45108,20,35
09229,10,20
06090,30,70
37215,*,15
05153,*,10
47101,80,175
21051,*,15
37212,*,*
05151,*,5
28093,65,155
10130,90,95
05154,10,*
05155,*,10
40139,15,25
45109,80,180
05156,*,30
12081,50,30
26104,*,*
22160,15,25
05157,*,25
28094,30,50
28095,55,80
45110,75,125
28096,930,1055
42129,70,65
37216,20,25
40140,5,5
40141,25,95
05158,15,35
37217,*,*
10131,400,680
45111,*,*
45112,120,135
05159,*,35
05160,15,15
05161,35,65
05162,*,*
13059,*,15
45113,90,120
05163,110,150
10132,*,30
06091,185,300
37218,*,15
45114,*,20
05164,*,*
08140,160,270
50186,*,*
40142,*,5
40143,*,30
40144,*,*
01041,30,25
05165,35,60
37219,*,15
28097,10,*
05166,*,25
46179,205,160
26105,75,130
05167,15,25
08141,260,245
09230,*,*
13060,*,*
19197,*,*
02054,25,45
41066,*,55
40145,85,95
40904,10,10
40146,5,60
23063,155,195
10133,40,75
05168,195,435
28099,65,125
31181,*,10
37221,*,50
17111,60,90
05169,5,25
05170,*,*
25146,20,35
10134,20,20
33041,340,505
27034,50,100
49137,10,20
31182,*,*
09231,*,5
15055,205,240
19198,*,*
15056,325,395
37222,10,20
27035,*,*
09232,*,10
05171,*,*
42130,10,5
29075,695,785
02055,55,85
21052,85,250
26106,*,*
18903,50,*
36034,55,275
21053,65,90
40148,*,20
26107,*,10
36035,575,680
18143,40,75
50187,*,*
05172,*,15
04066,1820,1615
18144,35,25
31088,165,325
23064,80,115
45115,140,160
24102,*,25
45116,35,55
27037,15,95
34112,*,*
06092,20,40
32052,*,55
44163,*,20
44164,*,*
44165,20,20
15057,595,915
39047,220,225
42131,*,*
45117,30,75
50188,*,*
50189,65,85
33042,200,345
08142,*,15
43097,30,25
22162,*,*
50190,40,40
03093,680,1395
46180,35,50
45118,40,175
42132,*,20
50191,10,35
03094,710,975
22163,60,40
14046,105,190
47102,10,30
50192,15,10
28100,320,290
50193,40,65
12082,230,420
43098,*,15
45119,150,180
45120,*,20
10135,45,40
31183,20,45
14047,40,70
44167,*,*
45121,185,230
19199,*,5
31185,15,70
26109,*,10
31184,*,*
26108,*,*
25148,*,70
08143,115,185
31186,25,30
44168,*,35
24103,*,*
17112,30,25
18145,510,485
04067,*,*
36036,125,105
20063,395,525
32053,*,110
31187,*,25
26110,5,25
29076,*,165
30031,*,15
44169,25,25
05173,*,*
01042,20,60
20058,35,25
31188,30,15
31189,35,65
44171,*,30
34113,*,*
15058,1515,1405
31190,*,*
08145,195,100
08146,95,85
08147,600,935
25149,50,90
45122,270,245
44172,*,35
25150,15,25
31191,90,225
25151,40,55
46181,720,1350
06093,145,335
06094,*,40
10136,*,25
35014,910,1070
19200,*,*
41067,235,340
47103,15,10
16139,*,40
08148,235,325
06095,320,330
26111,15,20
46183,295,280
31194,15,25
19201,*,*
19202,*,*
16140,*,*
28101,15,30
16141,*,20
16142,*,*
16143,*,*
09235,10,10
47104,65,215
37223,10,10
49138,*,15
09236,*,*
47105,10,10
34114,10,40
47106,*,10
44173,*,5
46182,*,65
12083,15,15
40149,30,75
31192,*,30
08149,25,95
17114,1025,1320
25152,*,10
04068,*,*
04069,160,225
08144,45,65
42134,90,145
22164,*,*
11024,180,330
50194,*,15
24104,15,15
25153,15,20
25154,*,20
42135,15,*
12084,755,975
03095,315,275
48073,205,380
03096,330,335
33043,25,140
45123,75,110
46184,1175,1545
22165,20,60
02056,80,115
24105,55,80
09238,30,70
20059,280,335
09239,*,*
03097,70,125
37224,*,30
31195,5,15
09241,10,10
31196,*,*
05174,*,*
50195,*,*
18146,30,65
23065,25,130
15059,465,780
19203,*,*
17115,20,35
20076,290,550
19204,10,20
40150,10,10
06096,*,15
06097,70,115
20905,10,*
50196,*,*
50197,*,10
20060,*,5
25155,35,50
45124,90,130
18147,340,480
04070,*,215
03099,2730,3130
44174,40,35
20061,155,250
08150,20,25
31197,*,10
08151,15,55
31906,115,175
20062,40,70
31198,*,*
45125,155,180
12085,480,470
15060,135,335
38026,1195,1345
31199,*,*
48075,70,90
08152,15,10
31211,*,*
44175,5,25
08153,40,45
26112,10,20
40151,*,*
40901,30,35
15061,250,395
48083,200,405
28102,30,85
03098,55,55
25156,45,85
16145,15,40
50198,*,*
24106,*,*
50199,30,50
05175,*,25
17116,30,50
34116,*,*
34901,40,135
02057,65,135
22167,95,65
25157,20,30
41068,290,480
31200,40,60
45126,*,25
49139,*,20
40152,35,65
18148,*,60
46185,20,40
18149,230,245
48072,30,75
32054,3205,3645
27038,*,85
27039,85,375
15062,270,515
33044,6165,8605
01043,125,90
15063,195,240
08154,45,45
15064,45,285
32055,*,75
05176,10,10
09242,*,*
09243,*,*
32056,50,230
15065,295,530
09244,*,*
18150,310,340
04071,*,20
46186,580,930
35015,385,440
40154,*,*
05177,*,25
37225,*,10
49141,15,40
24107,*,70
16146,*,10
16147,*,*
05178,10,45
09246,35,45
24108,*,35
09247,*,*
49143,20,10
37226,*,25
49142,*,15
24109,*,80
41069,950,1185
37228,*,50
08155,345,370
17117,620,1145
17118,625,880
12087,*,*
27040,255,355
25158,115,130
17119,*,20
17121,35,35
17120,120,85
08156,520,845
47109,*,25
40155,230,220
09248,*,*
09249,*,*
34120,2505,3235
37229,15,10
14048,30,*
34121,10,20
43100,205,150
08157,405,445
08905,160,135
46187,75,80
07040,11100,16650
43099,15,40
21054,165,480
14049,595,745
19208,*,*
35016,8905,12200
46188,30,40
22168,*,*
17123,30,35
44176,10,5
46189,25,50
16148,20,75
41070,405,250
06098,*,25
45127,25,40
16149,*,*
10137,15,25
21055,255,205
17124,185,190
18151,20,60
09250,*,*
31201,4820,6365
09251,*,35
44177,*,20
50200,25,55
22170,55,55
45128,55,170
27041,60,210
05179,*,30
08158,150,235
16150,*,15
28104,805,650
50201,15,25
50202,*,10
37230,5,15
37231,*,35
32057,*,35
41071,195,190
27042,80,425
37232,*,30
34122,*,15
24110,*,55
27043,55,250
29077,*,15
03100,40,50
09253,*,*
17125,*,20
19209,*,15
16151,*,*
45129,*,10
34123,50,155
19210,*,*
19211,40,30
08159,535,975
28106,2035,3695
17126,30,30
16152,*,*
06099,35,45
05180,*,25
44178,*,10
33045,175,320
47110,*,20
45130,15,30
04072,*,*
09255,*,15
20064,390,670
10138,15,15
05181,*,*
38027,280,365
43101,*,25
37233,*,*
27044,130,490
19212,70,70
50203,70,50
46190,2050,2780
11025,145,130
21056,90,115
02058,*,*
04073,*,30
28107,15,20
17128,35,40
43102,10,50
12088,*,*
21057,20,55
34124,*,15
37234,*,30
36037,130,125
26113,*,*
23066,105,360
04074,165,165
16153,50,45
27045,40,145
47111,40,60
47112,175,280
46191,55,180
49145,*,*
40156,45,40
37235,5,20
34125,*,25
19213,*,*
03101,310,450
41072,285,130
17129,15,15
28108,115,265
14050,65,75
05182,30,50
18152,*,45
13061,430,340
14051,65,70
50204,80,165
16154,405,305
05183,*,10
09256,*,55
34126,*,50
09259,*,60
09257,*,25
09258,*,15
47113,*,10
50205,*,*
37236,10,15
37237,15,20
37238,*,10
26114,*,10
10139,*,*
37239,*,35
41073,50,55
23067,105,115
03102,320,705
49146,10,45
05184,*,40
37240,50,50
45131,10,35
37241,10,20
37242,*,*
28109,60,80
40157,*,*
49147,10,30
49148,10,10
18153,455,330
39048,35,70
03103,*,20
25164,*,40
12089,675,745
37243,*,20
37244,*,15
01044,*,20
47114,280,410
41074,135,145
47115,*,55
22172,40,115
05185,*,10
19214,*,*
06100,45,80
19215,*,25
33046,*,55
33047,75,185
37245,*,50
37246,250,390
09261,10,75
37247,*,35
44179,45,40
14052,215,425
39049,*,40
22173,*,25
02060,65,50
02059,*,20
49149,*,30
45132,110,175
49150,*,*
17130,30,30
44180,*,*
08160,20,35
43103,55,35
09262,5,20
16155,35,65
17132,135,130
10140,35,80
10141,*,15
06101,15,35
16156,*,5
44181,*,10
37248,*,20
37249,*,*
19216,*,25
34127,*,*
28110,60,130
44182,15,30
10142,35,55
22174,15,90
22175,*,15
31202,195,280
22176,*,10
19217,*,*
25165,*,40
24112,*,*
22177,*,15
49151,35,65
50206,20,35
32058,345,375
43104,195,240
37250,*,*
49152,35,60
29079,145,110
49153,*,25
34904,15,80
37251,*,15
40158,*,*
32059,50,55
22178,*,20
39050,*,40
10143,*,25
10144,*,60
33048,*,20
39051,*,*
47116,30,55
16157,*,35
31203,*,*
32060,30,60
07041,195,75
03104,1215,1400
46192,25,25
02061,20,70
18154,*,*
28111,30,25
49154,*,10
46193,390,600
46194,570,810
16158,40,35
13062,*,20
13063,105,185
05186,85,130
49155,*,20
05187,65,190
31204,*,*
10145,*,*
50207,*,15
39052,770,825
08161,440,635
09265,*,*
03902,750,740
41075,305,330
46195,90,155
43105,15,15
33049,280,625
50208,90,130
12090,*,15
38901,*,75
18910,*,50
16159,*,25
40159,*,15
40160,*,15
16160,*,*
09266,*,*
08163,790,1220
09267,*,15
37252,*,10
43106,45,130
25166,*,35
46196,*,*
19218,*,*
09268,*,*
09269,*,*
19219,*,*
49156,10,25
42139,*,*
28112,10,5
09270,*,15
26115,*,*
37253,*,10
49157,*,10
34129,*,35
15066,85,360
10146,75,100
25167,*,60
18157,75,55
18158,345,335
03105,220,390
50209,175,170
50210,*,5
28113,790,1375
34130,*,35
47117,10,35
18159,40,50
47118,10,15
47119,*,*
49158,*,20
32061,55,155
28114,*,10
10147,75,85
19220,85,140
19221,*,*
16161,*,*
43107,25,35
22181,*,20
44183,*,10
37254,*,20
31205,*,30
29080,460,285
37255,*,5
43108,65,180
08164,40,60
22182,10,35
03106,15,30
17133,75,125
17134,20,35
25911,25,45
10148,1250,1775
50211,*,20
10149,*,30
50212,*,*
50213,*,15
48077,235,120
30032,90,180
44184,*,*
25168,20,45
12093,20,25
25169,5,10
08165,65,80
46199,230,550
08166,40,50
43109,*,80
43110,10,50
43111,110,115
25171,140,140
46202,855,1310
46200,90,185
46203,150,180
12094,85,60
07044,455,710
34131,*,15
34132,*,15
34133,*,20
24113,25,45
49160,*,*
49159,30,15
13064,80,50
03901,90,150
19222,*,20
44185,*,25
43112,15,70
32063,60,105
27047,35,185
15067,260,435
36041,500,805
27046,100,275
24114,50,165
39053,*,45
45133,100,165
39054,110,170
34134,*,*
22184,*,35
18161,*,10
08167,150,390
46197,100,130
07042,600,885
47121,20,15
03107,130,355
18162,95,145
34135,45,40
50214,*,*
24115,2225,2590
33050,*,75
43113,25,50
25030,10,15
17135,25,25
25173,105,140
08182,70,245
36043,280,305
36042,795,1375
15068,230,465
36044,120,145
15069,255,320
32064,20,20
27048,105,295
15070,255,285
36038,3090,3145
43141,*,20
08168,*,20
17136,10,20
25172,120,170
23069,200,155
32062,*,60
17137,175,200
43114,35,55
07043,195,310
36039,785,560
17140,80,35
10150,*,15
16162,*,*
36040,50,175
17138,45,45
12091,10,25
25174,15,35
44187,10,50
10151,*,10
16163,*,*
47122,30,200
42140,*,*
45134,85,150
49162,*,*
15071,255,495
27049,75,135
48078,950,1605
18163,35,15
13065,190,165
24116,20,35
14053,95,315
39055,100,80
46198,25,30
05188,*,*
19223,10,10
37256,*,25
42141,*,15
02062,*,25
05189,*,40
16165,15,*
09272,*,25
34136,*,15
47123,25,55
47124,*,25
42142,*,*
22186,15,15
05190,*,10
23070,220,245
02901,105,60
19224,*,*
19225,30,45
34137,*,*
16166,15,20
49163,10,10
14054,525,635
02063,70,105
02064,20,*
44189,*,10
16908,*,20
16167,15,20
37257,*,5
50215,*,*
44190,*,5
02065,15,25
28115,3905,3345
50216,25,20
13066,55,210
47125,*,10
49164,*,15
10152,*,40
24117,*,55
28116,30,70
16169,*,*
13067,25,35
40161,*,*
09273,*,*
34139,*,25
26117,235,190
43115,10,15
40162,45,45
19226,*,*
28117,*,10
43116,35,55
50217,*,45
26118,*,*
49165,*,10
24118,*,15
11026,215,360
09274,45,115
19227,*,*
05191,*,*
43117,*,5
08169,1035,1560
43118,30,50
08171,85,155
08170,20,35
25175,15,20
33051,350,550
25176,*,15
25177,25,50
26119,15,15
08230,565,795
08172,615,1285
09275,*,35
17139,110,70
24119,50,30
16170,30,85
14055,870,1080
24120,20,50
33052,*,110
16171,50,100
25179,20,30
41076,30,70
46205,555,1060
50218,*,20
06102,25,55
50219,180,180
16172,*,30
45135,240,190
12092,*,10
09276,20,20
37258,*,30
19228,*,*
22187,*,40
41077,325,230
18164,120,125
13068,45,45
21058,30,75
44191,30,60
06103,155,235
06104,*,25
28118,*,10
24121,25,35
41078,35,115
45136,115,395
06107,40,50
40163,*,*
37259,*,*
46201,*,*
49166,90,70
06108,95,130
34140,*,15
19229,*,10
44192,25,50
37260,*,15
06105,*,35
13069,*,30
06106,25,30
41079,185,435
16174,*,15
45137,90,190
49167,*,20
06902,60,70
50220,*,*
24122,30,60
23071,65,110
22188,20,*
45138,45,115
37261,*,25
14056,850,1100
22902,10,30
31206,90,105
39056,60,80
09277,*,20
28902,*,55
23072,85,150
37262,10,20
05192,*,10
37263,20,25
38028,975,1285
45139,*,20
10153,*,25
11027,2265,2670
35017,1010,1445
13070,*,70
30033,495,795
21059,*,10
11028,640,730
37264,*,*
11029,110,165
22189,25,20
13071,945,890
44193,10,25
31207,15,20
22190,*,25
22193,10,20
46204,370,345
17141,680,450
08174,15,25
25180,5,30
43119,45,50
07045,65,190
08175,140,210
25181,*,40
25182,80,120
08176,15,10
29081,*,20
45140,80,120
18165,100,190
04075,265,245
21060,315,500
38029,30,50
38030,35,160
32065,*,25
47126,*,*
04076,*,150
50221,*,*
18167,95,175
08177,*,*
17142,200,205
46101,25,35
46102,480,795
46103,40,95
46104,70,165
03060,*,15
26120,80,80
09279,15,20
18168,*,45
19230,45,20
17043,*,15
45141,40,80
43120,*,30
46206,20,30
23073,95,250
22195,15,15
28119,85,165
06109,190,180
24123,*,65
24124,10,20
09281,10,20
34141,10,15
42144,*,65
24125,*,20
09280,*,*
09283,*,*
09287,10,20
09288,*,15
45142,530,660
09289,95,105
16175,285,445
42145,*,10
09292,*,10
47127,*,25
09294,5,10
47129,65,55
34143,*,20
47130,*,15
49170,*,10
09901,*,25
09295,*,20
47128,*,15
49168,*,15
49169,*,*
09298,*,*
09301,50,50
09297,15,40
32066,*,*
50222,85,180
42148,*,*
27050,85,170
33053,*,120
49171,25,45
45143,*,125
27056,85,100
49172,35,45
26121,*,*
09302,*,10
47131,*,15
49173,*,25
09303,*,*
42149,15,20
09304,*,20
17143,10,30
16176,*,*
03109,120,110
44194,5,25
46207,280,440
46208,65,85
46209,55,85
03110,35,35
46210,5,20
37265,*,20
04077,15,25
32067,*,190
08178,*,40
39057,135,180
14057,315,395
32068,40,100
47132,*,*
40164,15,25
28120,95,50
26122,10,20
39058,50,55
43121,20,40
05193,*,20
46212,140,120
46211,95,95
41080,55,95
45144,30,120
40181,235,295
38031,945,1335
10154,10,10
42151,*,*
09306,10,25
40165,*,15
19231,*,*
45145,85,135
02066,10,25
19232,*,10
42152,*,25
26123,*,15
09307,*,*
09308,*,*
37266,*,10
36045,715,1055
03111,155,515
28121,*,15
17144,20,15
24127,*,45
33054,55,95
09309,15,35
16177,*,*
06110,*,10
39059,265,360
09310,*,5
34146,*,5
03112,*,85
08179,15,35
42153,*,*
50223,30,50
40166,10,35
06111,15,15
43122,*,10
47133,180,170
34147,10,35
19233,*,15
42154,*,15
39060,255,250
49174,*,5
46213,685,890
34149,*,*
34151,*,30
06112,20,20
45146,*,5
50224,*,*
19234,*,*
37267,10,15
42155,*,50
09311,*,*
13072,*,65
43123,2750,3405
49175,30,30
34152,*,10
34154,*,10
09314,*,20
09316,*,10
09312,*,10
09315,25,15
24129,*,20
09317,*,*
42156,*,10
40168,*,*
25183,55,70
15072,465,930
24130,40,60
40170,170,165
42157,*,*
19235,*,10
43124,20,25
32069,200,255
33055,*,145
27051,380,880
33056,255,445
36046,145,270
31208,85,90
26124,35,90
39061,140,320
39062,50,195
46214,670,970
43125,*,45
34155,*,*
27052,30,95
28122,*,40
15073,1085,975
27053,*,80
01047,70,50
33057,65,110
06113,210,195
25905,30,55
25185,40,75
34156,*,15
17145,95,90
12095,25,40
40171,*,*
50225,130,45
30034,*,*
24131,25,70
24132,25,115
17146,175,105
45147,*,40
43126,90,60
44195,*,25
19237,*,*
29082,1355,1920
26125,195,225
37268,*,10
41081,900,1205
25186,*,50
05194,*,25
09318,*,*
44196,*,*
05195,*,20
49176,30,65
40172,*,*
19238,*,*
29083,100,80
04078,35,10
46215,45,125
10155,95,50
39063,30,75
49177,*,10
02067,55,100
32071,65,120
33058,*,65
42158,10,10
24133,*,30
27054,80,135
39064,75,85
17147,530,410
08180,580,1545
06114,*,*
25913,15,20
17148,85,140
17149,30,30
43127,70,45
43128,35,55
17150,55,130
43129,345,310
17151,*,20
28123,2410,2870
05196,*,*
09321,110,135
49178,45,40
47134,*,30
24134,50,285
47135,*,*
37269,15,45
49179,*,70
10156,*,*
28124,10,*
10157,10,10
19239,*,*
10158,*,*
02068,20,15
28125,175,110
19240,*,*
45148,*,20
13901,55,150
10159,*,25
37270,10,20
28126,*,*
22197,*,80
26126,*,*
06115,25,70
08181,530,620
46216,270,470
43130,15,15
21061,155,80
41082,90,170
43131,340,280
40173,*,25
08183,110,315
02069,800,825
36047,25,570
44197,*,*
26127,30,15
43132,40,35
49180,*,25
15074,165,255
03113,610,610
09323,*,*
42159,*,*
37271,10,30
03114,95,145
10160,*,*
19241,*,10
19242,*,15
50227,25,20
31209,*,25
45149,25,35
31210,10,10
29084,1285,1290
41083,45,60
24136,25,70
04079,3385,3130
43133,215,295
21062,45,55
36048,170,330
10901,85,60
38032,640,505
17152,1090,610
49181,*,35
12096,25,75
25189,65,115
11030,720,1090
46217,30,65
46218,*,55
47137,*,*
43134,*,15
42160,20,35
44198,15,20
09325,15,45
16181,*,10
28127,3445,3870
28128,*,*
39065,*,35
32072,155,160
10161,*,*
09326,10,15
08184,1620,2700
47138,10,*
32073,20,65
44199,*,*
44200,*,*
44201,20,40
08185,*,25
41084,110,70
18170,25,35
09327,*,*
09328,*,*
47139,40,100
50228,25,20
19243,*,15
39066,20,60
50229,10,*
39067,*,115
46219,*,5
13902,*,40
39068,*,60
17153,15,20
08901,40,35
23074,130,135
14058,470,360
08187,5305,7815
24137,40,60
50241,*,40
22199,390,245
23075,195,95
12097,*,*
19244,*,15
16185,*,*
19245,55,80
13073,15,30
40174,25,45
15075,770,815
31212,10,20
50230,*,125
16186,20,35
19246,*,*
47140,5,25
37272,*,20
08188,*,35
03115,*,45
37273,*,15
46220,1205,1970
24139,95,225
37303,*,25
22200,25,30
26128,15,*
37274,3720,5255
18171,50,120
29085,*,*
33059,140,490
22201,10,45
22202,*,10
09329,*,10
09330,95,105
25190,15,30
49183,*,10
36049,300,345
44203,*,*
34157,145,325
09332,5,20
37275,*,15
08190,*,40
31213,*,10
44204,*,*
42161,*,10
46221,10,15
17154,*,25
22203,*,10
50231,*,20
03116,40,60
31214,*,15
34158,15,25
16187,*,10
07059,210,275
09334,*,*
08191,65,260
22204,145,95
19247,*,20
16188,20,10
37276,*,15
05197,*,*
02070,15,35
18173,190,490
43135,50,25
10162,*,25
43905,980,840
17155,460,750
41085,200,115
16189,10,30
05198,*,*
47141,*,20
06116,25,100
36050,225,400
50232,5,15
06117,20,95
10163,*,20
37277,*,*
01051,95,175
12098,30,85
01052,20,20
40176,*,45
49184,*,15
27055,50,195
44205,50,55
50233,15,*
31215,120,285
09335,*,*
24141,*,*
44206,*,15
28129,385,415
49185,*,30
32074,*,75
19248,*,*
24142,955,1430
19249,*,*
38033,205,285
46903,245,465
26129,85,160
35018,645,810
05199,*,*
05200,*,*
21063,180,135
45150,35,50
05201,25,30
35019,2490,2605
13074,35,45
34159,5,35
49186,10,20
47142,*,25
34160,*,10
32075,175,185
16190,310,400
34161,*,*
40177,*,15
49187,75,155
37278,45,60
38023,4025,5260
24144,35,90
40178,*,15
40906,130,90
32076,95,125
24145,25,95
42162,120,145
37284,*,30
22205,*,55
05206,*,*
24146,10,20
05208,*,*
49188,5,15
05207,20,60
42163,*,*
39069,40,90
37285,*,35
11031,1275,1960
28130,725,1600
03118,215,165
05209,*,20
03904,85,85
30035,1115,1125
11902,45,135
41086,370,750
05901,*,65
05210,*,10
05211,15,55
38034,120,160
22207,*,25
05212,*,30
09337,*,10
05213,*,15
21064,145,225
49189,*,20
24148,65,115
42164,70,65
47143,*,35
13075,5,30
28131,645,650
16191,60,115
05214,*,*
09338,15,15
34163,*,*
16192,*,*
28132,510,780
05215,15,25
50234,*,20
45151,15,60
33061,*,70
45152,*,30
09339,*,10
10164,25,25
31217,15,10
28133,290,330
49190,*,5
47144,*,10
37286,*,15
05216,20,40
33060,265,525
44207,*,10
40182,10,30
50235,155,150
38035,500,660
39070,*,15
40183,*,15
05217,*,10
49191,20,20
03120,375,355
05218,10,25
37287,10,80
47145,25,55
22903,35,55
47146,15,15
37036,*,*
49192,*,5
26130,15,30
09340,*,10
24149,15,10
26131,*,*
01053,*,60
37288,25,15
37289,*,40
41088,*,*
47147,*,20
45153,60,175
05219,*,*
02071,35,50
24150,*,40
49193,20,45
40184,20,15
49194,*,65
47148,10,80
06119,15,35
37291,15,15
05220,*,40
30036,825,1020
39071,*,60
37290,*,10
42165,35,55
16193,*,10
47149,*,*
37292,*,*
12101,*,55
26132,*,20
47150,25,25
34165,*,30
45154,70,100
11033,640,995
39072,*,75
15076,80,230
47151,*,*
38036,310,365
14059,15,40
28134,2445,2635
21066,20,55
33063,*,55
26139,*,10
06123,160,270
05231,5,15
39080,245,430
49208,*,25
26142,55,100
47156,*,10
03122,1785,2315
09360,*,*
49209,35,75
32070,*,70
25191,15,30
24143,*,15
05204,30,45
37280,*,15
37281,*,*
40179,20,35
05205,*,*
37282,*,25
06118,*,20
37279,30,75
32077,35,75
37283,*,15
03117,20,55
40180,25,20
22206,10,30
31216,160,230
11032,1755,1550
21065,*,25
41087,260,470
31219,*,5
08194,580,980
08195,5,20
08196,435,690
08197,480,750
17157,*,10
17183,15,30
07046,680,1085
08198,270,315
08199,*,75
08200,1615,2815
08201,30,20
43136,485,815
08203,200,105
08202,360,725
08204,95,175
17158,10,25
08205,3775,4590
08206,55,30
25196,5,5
08207,100,155
08208,65,270
17159,50,50
08210,160,280
17160,845,1000
08211,1260,1775
17161,55,70
08212,20,70
17162,20,30
08209,500,540
08213,425,380
17163,180,205
25192,45,145
25197,*,20
17164,205,240
08215,190,215
08193,45,80
08216,*,*
17165,30,40
43137,50,175
43902,160,155
07049,105,160
03119,595,855
07050,370,485
17167,145,160
17168,15,25
12902,80,60
08218,205,400
08217,750,1230
17185,170,175
46222,15,20
17166,25,65
12099,45,55
07048,960,810
08903,20,*
17169,130,190
08220,200,125
17903,30,50
08221,715,650
17171,15,10
25193,50,50
07051,645,470
08222,120,100
08223,55,120
07052,330,430
08225,*,15
08224,30,60
17172,30,45
25902,25,65
08226,50,90
08227,155,260
08228,*,25
17173,15,15
12100,40,125
08229,35,35
17174,10,25
17175,45,40
17176,10,*
17177,30,60
08231,1005,1300
08232,*,145
08233,105,155
08234,230,265
17178,90,60
08189,10,15
08235,260,235
08236,55,70
08237,80,110
08238,950,1005
08239,30,60
25194,35,40
08240,375,410
08241,*,*
08098,105,110
08262,175,350
08264,390,445
08265,55,135
08263,640,1020
06120,190,235
10165,10,10
45155,25,35
21067,*,25
43138,130,225
21068,25,*
35021,805,1050
09343,*,25
08243,10,30
34167,*,10
22208,10,5
49197,5,25
26134,*,20
08244,305,315
17180,365,550
08245,2005,3850
43139,135,185
24151,20,35
49199,*,15
24152,*,70
15077,565,1110
17181,295,295
49200,40,55
24153,*,25
49201,20,25
39073,465,385
34168,*,*
50236,*,*
38037,455,495
09345,15,10
22209,10,15
10166,*,20
45156,170,345
13076,20,25
04080,*,*
50237,*,10
16194,*,20
13077,160,160
44208,*,*
10167,*,5
05222,*,15
38038,4375,6570
42166,*,10
18174,*,40
45157,150,165
05221,*,25
09346,*,*
23076,50,*
24154,75,90
26135,*,25
14061,*,45
47152,*,10
49202,*,35
07053,150,55
08246,80,160
44209,45,60
26136,10,*
50238,*,*
33062,20,105
08247,30,80
08248,170,365
07054,1800,2200
18175,350,500
04081,*,15
08249,30,15
09347,10,10
09348,*,10
17182,15,35
35022,1465,1855
12102,30,40
07055,510,680
08250,200,310
08251,160,400
08253,10,15
39074,255,300
08254,135,155
22906,10,20
35023,345,460
42167,20,20
28135,20,75
24155,25,50
49203,15,30
42168,*,25
05226,*,10
16196,15,40
08256,35,50
08255,*,15
08257,*,25
24158,*,30
08259,330,430
37293,*,10
49204,*,*
05224,*,15
05225,30,25
07056,190,280
09350,40,50
16195,10,30
05902,10,50
09351,*,15
09352,*,10
24156,10,40
24157,200,280
05227,20,40
16197,*,15
08258,20,80
40185,40,100
09353,*,*
24159,35,230
06121,215,135
10168,*,10
37294,450,785
40186,*,*
45158,180,270
09354,*,10
21069,40,80
43140,60,140
17184,95,80
08260,625,875
03121,1055,1605
08261,220,170
38039,520,565
31220,25,80
14060,175,115
22212,*,10
39075,4255,6380
07057,575,850
24160,15,60
50239,*,20
47153,*,15
34169,20,55
10169,30,*
23077,*,20
15078,3695,3480
37296,*,30
10170,*,25
05228,5,30
38040,805,380
05904,*,25
24161,35,15
23904,60,135
37297,20,55
34170,*,*
09355,*,10
34171,25,80
37298,*,*
49205,*,45
47154,5,20
49206,25,80
09356,*,*
10171,*,15
10172,35,60
39076,155,205
41089,235,240
15079,60,135
23079,115,190
39077,20,30
39078,60,80
19250,*,*
40188,*,25
40189,35,55
37299,15,30
33064,*,*
26138,320,315
05229,*,*
40190,*,*
09358,10,20
45901,40,60
23080,50,125
05230,*,15
40191,20,30
30901,565,615
39079,575,355
28136,35,40
28137,45,70
06122,180,430
37300,25,40
49207,*,15
24162,55,125
47155,105,295
34174,10,20
08192,320,375
26140,*,20
26141,*,15
48082,1095,1350
36051,855,735
49210,25,20
47157,25,30
37301,*,15
09361,*,15
33065,40,105
24163,385,150
22213,145,370
39081,10,65
09362,15,20
43142,65,105
12103,*,*
32078,20,40
27057,830,1510
17186,85,140
31222,*,10
44210,70,85
25201,*,45
25200,10,55
31223,95,130
45159,*,*
09363,40,120
50240,35,35
19251,*,10
10173,*,45
41090,120,170
37302,*,45
40192,15,15
17187,*,75
38041,525,350
43143,*,10
27058,185,380
03123,290,395
29086,30,45
19252,*,5
40193,15,35
47158,30,60
22214,*,15
43144,40,65
46223,375,475
29087,*,*
50242,*,5
46224,*,*
12104,465,565
40194,1910,2010
20070,75,40
23081,80,90
06124,70,95
44211,*,*
10174,*,10
45160,25,50
22215,*,15
19254,*,10
39082,75,160
03124,25,35
46225,10,20
07058,155,255
17188,25,15
43145,230,280
19901,*,*
46226,*,*
22217,40,75
24164,30,25
43146,*,10
07047,140,155
04082,*,15
22218,*,*
43044,205,300
03125,25,50
44212,*,*
25202,10,20
25035,15,35
08267,240,495
46227,25,55
37304,*,15
40195,70,85
40196,5,10
09365,*,*
37305,*,30
17190,65,85
28138,*,25
34175,*,10
04083,105,115
42171,*,10
25204,120,165
46228,90,155
17191,20,20
47159,60,65
05232,*,5
10175,40,80
37306,*,20
37307,*,25
05233,10,20
28140,140,235
10176,*,15
22220,*,25
45161,695,1115
31224,25,110
48084,395,950
50243,15,15
22221,*,10
17192,10,30
11034,115,155
19255,*,*
25203,530,635
08269,145,175
41091,16635,22795
28141,330,310
45162,*,50
25205,30,35
19256,*,*
33066,1940,2275
37309,*,*
10177,65,75
50244,*,30
29088,95,150
12105,45,120
04084,10,20
22222,35,50
46229,75,45
47160,*,30
37310,*,15
05234,*,5
19257,310,245
50245,*,*
23082,25,70
46230,420,650
36052,430,1035
38042,190,155
17193,105,245
47161,275,330
46231,*,160
46232,50,120
07060,275,195
44213,*,*
05235,*,25
06125,65,155
50246,*,20
16198,85,100
08270,1555,1390
17052,10,15
39083,40,320
27059,*,115
50247,45,20
37311,*,25
15080,45,185
24165,*,25
08271,*,5
33067,*,55
02072,30,140
13078,630,440
26143,15,15
05236,*,20
06126,95,120
05237,5,25
13080,*,*
13079,510,975
19258,*,*
09366,*,20
16199,*,*
25206,40,30
42172,*,*
43147,*,60
46233,70,190
07061,615,615
39084,20,150
05238,20,35
25207,335,340
33068,50,250
19259,*,*
04085,*,35
28143,10,*
15081,20,80
07062,530,410
48904,210,190
12106,50,75
45163,395,365
22223,10,25
48085,590,475
18176,*,*
48086,95,135
08272,*,30
20065,110,200
04086,70,140
09368,*,*
42173,1295,1310
25208,30,45
37312,15,30
23084,*,20
31225,*,*
25209,135,185
18177,*,15
26144,10,25
50248,45,65
25210,155,75
46234,*,*
12107,15,40
05239,10,20
26145,20,15
40198,*,5
05240,120,345
09369,20,35
45164,*,10
42174,*,20
19260,*,*
34177,*,20
24166,40,170
33069,130,130
28144,120,415
26146,20,*
24167,20,55
34176,*,25
19261,*,10
22904,50,95
16909,20,55
40199,10,*
37313,10,15
09372,10,25
09373,30,70
36053,220,265
39085,470,450
08273,155,255
25211,30,55
46235,1025,1310
42175,*,*
12108,20,30
04087,*,*
48076,15,15
46236,*,40
31226,30,25
25212,45,25
08274,175,280
09374,*,10
17194,*,15
34178,*,25
34179,*,*
40200,*,*
49214,25,30
37314,*,*
04088,150,135
04089,*,60
27060,155,230
32079,50,95
50249,20,35
38043,770,875
31227,395,660
08276,10,15
18901,25,35
04090,25,*
42176,*,*
42177,*,*
37315,*,10
08277,15,*
28145,110,115
50250,*,*
25215,5,10
06127,125,210
10178,20,40
25216,10,35
45165,2625,3200
06128,205,145
10179,*,25
10180,200,290
16202,30,80
12109,20,30
06129,20,40
17195,15,65
42178,*,10
19262,*,10
37316,70,90
34180,*,*
22225,135,315
47162,*,15
09375,*,10
06130,*,25
38044,35,60
33070,130,410
49216,*,25
08278,365,460
19263,*,*
33071,45,65
16203,585,550
19264,*,*
50251,275,330
37317,*,20
02073,255,340
03127,*,50
37318,*,35
09377,30,55
42181,10,25
22226,20,45
34181,*,20
11035,660,475
42182,*,5
43148,3170,4455
25217,695,715
25218,*,*
25219,*,20
19265,*,20
50252,200,425
46237,335,330
46238,715,640
08275,15,30
08280,10,25
38045,130,165
29089,130,125
16204,15,15
38046,345,310
35024,755,780
08281,295,300
32080,*,20
09378,*,*
16205,*,15
42183,10,25
37319,*,5
35025,135,130
10181,25,30
37320,*,*
35026,1855,3410
22227,*,10
45166,55,105
19266,10,30
37321,*,15
15082,680,775
12110,*,30
46239,*,30
25220,55,80
35027,185,620
04091,*,35
17196,*,35
37322,*,125
09380,*,10
08279,5745,8145
46240,*,5
50253,20,20
44215,15,25
13081,15,45
26147,*,*
44216,1130,1065
19267,*,*
03128,480,665
33072,*,110
08282,455,620
35028,740,600
03129,55,115
31228,15,45
47163,*,30
28146,75,70
05241,135,170
50254,15,30
22228,40,45
19268,*,*
38047,120,145
04092,165,175
16206,10,30
35029,215,295
33073,380,1520
09381,*,*
05242,25,35
31229,*,15
26148,10,30
12111,20,65
25221,10,15
46241,20,80
28147,40,70
25222,15,*
43149,20,70
43150,85,125
19269,*,10
09382,*,10
02074,175,465
50255,*,10
26149,*,*
45167,40,100
41092,245,290
12112,10,20
32081,125,135
12113,15,*
39086,*,50
05243,*,10
45168,1985,2445
03130,*,*
40201,*,*
20071,540,875
29090,*,50
22229,5,30
41093,785,700
13082,1310,1630
36054,435,520
08283,305,230
37323,5,20
15083,40,100
25223,45,100
24168,30,75
24206,30,145
12114,15,35
47164,20,50
19271,*,5
19270,*,*
08284,470,755
47165,325,495
19272,5,5
37324,*,35
15084,105,515
09384,10,35
08285,395,555
24169,35,90
19274,40,80
10182,15,*
44217,*,*
22230,35,35
42184,*,15
26150,*,20
05244,*,*
44218,*,*
03131,*,20
25224,10,20
25225,25,40
37325,*,10
05245,10,20
10183,35,60
10184,45,60
44219,*,20
49219,330,550
12115,*,40
34182,35,120
16209,*,20
22232,*,15
13083,85,120
50256,*,15
44220,20,15
45169,10,20
50257,*,*
12116,*,*
31230,*,*
50258,*,*
11036,*,20
44223,*,20
25227,40,60
08286,120,160
10187,*,20
47169,*,10
45171,55,100
43151,*,10
13084,30,50
44224,*,*
43152,30,55
06131,20,65
47170,*,*
10188,*,*
24170,110,*
19279,25,*
23086,360,420
44225,*,25
49220,*,15
12119,10,20
12120,*,15
26153,*,*
22233,*,15
44227,*,*
40206,15,10
05247,*,45
40202,*,15
46242,15,15
25226,5,30
42185,*,*
12117,170,290
23085,75,60
40203,35,50
14062,45,65
18178,15,45
12118,*,10
44221,10,85
47166,*,20
45170,*,*
47167,10,15
47168,*,*
10185,15,35
09386,10,*
40204,*,10
44222,*,30
26151,*,65
26152,*,*
10186,30,35
19277,*,*
19278,*,*
43153,480,655
23087,640,370
25228,260,290
25907,25,45
09387,*,10
49221,*,40
25230,120,220
50259,*,*
40205,*,30
28148,2345,3035
28149,440,380
28150,110,215
19280,220,220
10190,*,25
10189,80,85
16211,10,45
44226,*,10
28151,135,245
25231,65,60
50260,*,*
09388,*,*
39087,1330,1905
08287,35,85
46243,*,10
50261,*,30
08288,110,85
08289,170,335
47171,15,45
28152,895,1425
03132,*,50
06132,35,40
06133,50,45
10191,15,35
10192,*,40
19281,*,*
28153,20,20
44228,*,10
19282,10,35
19283,*,*
19284,*,*
29901,2550,3070
26154,*,*
34184,*,*
17197,*,10
46244,3070,2860
22234,95,85
13085,190,145
10193,60,105
30037,1235,1210
09389,*,10
23088,155,240
10194,40,40
23090,80,40
23091,25,35
44229,*,20
22235,*,15
22236,15,20
50262,35,105
30038,700,885
28154,215,335
25232,110,145
49222,15,60
31231,*,*
46245,30,30
09390,25,60
47172,*,20
25233,15,25
37327,*,10
44230,10,15
03133,3230,2605
45172,50,75
44231,*,*
50263,5,15
44232,*,50
45173,435,580
17198,45,60
17199,380,480
43154,*,10
29091,765,650
19285,*,*
42187,*,15
16212,10,15
16213,*,*
17200,25,40
19286,25,60
05246,*,10
09391,15,50
43155,1085,1455
19287,*,40
19288,*,*
18179,20,15
09392,*,*
17201,10,15
50264,*,10
17202,225,280
29092,*,30
30039,985,1205
45174,*,10
15085,135,390
46246,25,45
27061,65,140
24171,*,*
37328,*,20
49223,*,75
16215,*,50
19289,*,*
12121,75,145
44234,*,*
44235,*,15
22239,*,15
06134,*,15
32082,*,155
50265,*,5
50266,*,15
47173,70,50
15086,120,430
11037,75,200
49224,*,15
37329,*,*
25234,370,480
28903,555,1230
04901,*,*
40207,35,45
16216,*,35
09394,40,55
39088,*,*
42188,*,*
18180,65,*
26155,*,25
27062,30,120
16217,*,15
26157,15,10
21070,190,180
47174,*,25
19290,*,60
19291,*,40
34185,*,10
44236,*,20
24172,*,20
48087,15,30
06135,55,35
10195,335,360
09395,*,15
09396,10,20
39089,*,30
31232,1040,1645
47175,350,310
26158,25,30
46247,65,80
36055,480,640
35030,295,340
31233,*,*
24173,40,80
40208,45,60
46248,175,380
45175,20,65
18181,*,20
04093,120,200
04094,*,*
23092,970,1285
48088,*,15
11038,580,440
31234,*,15
19293,55,70
42189,5,5
16218,*,15
39090,15,25
48065,80,165
45176,250,355
18182,85,120
31123,20,10
19294,*,*
31235,*,25
30040,*,30
04095,30,70
17204,40,65
08290,115,55
17205,20,30
43156,195,340
43157,15,60
17203,10,30
31236,85,120
41094,285,185
05249,*,15
50267,35,45
31237,10,15
50268,*,*
47176,*,25
30041,395,455
31238,*,*
16219,*,15
49225,*,20
09398,*,25
45177,95,160
31239,20,45
31240,35,35
24174,15,70
48089,95,125
48074,40,185
01054,40,50
20072,185,325
47177,*,10
04096,*,*
31241,*,25
31242,*,45
44237,15,25
50269,20,20
20077,260,360
50270,*,*
31244,*,15
31243,10,35
47178,*,25
40210,*,20
26160,35,50
17206,15,15
31245,*,20
06136,40,70
50271,10,65
12122,35,90
20073,325,305
19296,*,10
50272,440,475
31246,10,15
46249,440,670
41095,825,1530
44238,105,100
31247,*,20
08291,240,335
42190,*,*
49226,15,40
05251,*,*
09400,10,50
17014,*,15
24185,20,45
50274,*,*
39095,95,245
15088,120,305
44239,*,*
27063,95,185
44240,15,15
47179,*,20
34186,*,15
49227,15,20
39091,70,115
28155,*,25
19297,10,*
10196,15,10
44241,30,60
09403,*,5
47180,15,10
19298,*,*
19299,*,*
42191,15,25
28156,*,85
19300,70,65
06137,*,60
10197,*,*
37330,15,45
05252,*,20
16906,*,20
19301,*,*
44243,*,*
49228,*,*
24175,85,195
10198,45,80
37331,*,35
24176,15,50
02075,105,155
42192,*,*
01055,65,85
19302,*,20
37332,*,*
50273,*,*
10199,*,*
06901,110,90
37333,*,20
10200,*,50
37334,*,5
42193,*,*
28157,15,25
21071,*,*
19303,*,15
44244,*,15
37335,*,*
44245,10,45
24177,40,50
26161,*,*
42194,*,15
28158,55,60
13086,*,*
28159,40,35
16224,*,15
37336,*,10
24178,*,*
10201,*,10
28160,425,610
16225,*,*
28161,1520,2080
16227,5,15
42195,*,*
47181,15,15
19304,20,10
10202,20,*
39092,*,75
16228,5,20
34189,*,*
28162,130,215
13087,760,1190
23093,150,250
19305,*,25
24179,*,35
28163,*,45
24180,75,155
42196,*,*
39093,*,30
40211,*,10
24181,95,185
34190,*,20
19306,*,*
39094,*,*
24182,*,35
44246,160,210
42197,*,*
37337,*,35
24183,*,75
33034,520,1130
24184,*,*
49229,10,10
19307,*,*
47182,50,65
06138,25,55
28164,135,240
16902,*,10
34192,*,20
40212,*,*
40213,*,*
45179,45,50
24187,55,70
09405,*,10
28165,125,135
09406,10,15
15087,325,265
37338,*,10
47183,*,10
46250,22060,31650
10203,240,240
24188,130,275
06139,20,35
06140,*,*
06141,50,80
41096,320,400
14063,90,35
13088,20,30
16903,155,135
37339,25,65
22242,*,20
19308,*,*
36056,170,210
26162,5,5
19309,*,*
16231,*,*
44247,15,50
12124,145,120
03134,15,5
12125,20,20
17208,105,65
25043,85,165
25901,*,45
03136,*,60
03137,20,45
03135,*,25
17207,210,185
12126,840,1210
46251,160,175
47186,7835,10710
46252,*,15
09408,*,*
12123,*,*
08292,40,60
25238,*,25
08293,*,*
43158,*,15
07063,125,240
29093,*,150
16173,10,25
22243,*,*
34196,*,15
22901,40,100
06146,55,75
09904,*,45
22244,*,*
09908,25,80
09409,*,20
06147,*,15
09410,180,405
09411,25,15
06148,35,30
09902,*,45
09905,*,*
40218,5,5
09412,45,75
48080,270,505
09413,25,95
09414,20,*
09415,*,35
39101,10,50
31260,85,110
09416,*,*
34902,5,15
18907,30,135
38049,455,240
18902,30,*
24191,*,20
44249,*,*
38050,*,170
09417,*,10
37343,10,*
40219,25,100
40220,*,15
40221,*,10
46253,*,10
09418,*,20
49230,*,*
35032,125,170
25240,85,180
17170,5,20
43159,*,*
08294,70,240
12127,*,15
08295,680,720
17209,50,40
43160,75,65
08296,95,195
43161,805,935
25906,15,25
25239,20,70
09419,*,15
50275,*,*
09407,*,*
45180,90,190
18183,10,20
47184,25,60
50276,*,15
37340,*,35
16234,*,*
40214,15,30
14064,*,20
35031,320,450
19310,*,*
42198,*,*
40215,*,10
31249,90,140
50277,*,*
38048,190,175
28166,15,35
06142,*,15
47185,*,*
16236,60,95
10204,25,40
24189,175,300
06143,110,160
06144,*,35
19311,*,*
06145,*,20
37341,*,*
21072,525,360
10205,130,130
40216,30,80
24190,10,20
16237,5,20
37342,10,15
43162,210,210
25909,*,20
16238,*,35
08297,*,*
24193,25,25
37344,15,5
15089,180,305
24196,70,120
24197,25,40
39096,40,150
39097,80,65
47187,*,*
35033,310,390
05253,*,*
49231,*,45
37345,15,*
24198,35,80
47188,*,20
49232,*,15
16239,5,10
24194,15,25
33074,260,325
49233,*,*
40222,10,35
24199,*,40
40223,*,25
24201,*,110
18911,320,500
10902,25,65
44250,*,*
37346,*,20
32083,40,95
11039,310,570
45181,40,125
42200,*,15
47189,*,*
05254,10,25
04097,*,*
18184,65,100
04098,80,140
29094,2500,3125
04099,205,465
47190,*,15
22245,25,30
50278,5,25
50279,*,*
42201,*,*
42202,*,*
28167,435,510
34199,50,60
37347,20,40
16240,10,15
47191,*,*
28168,70,45
22909,25,60
43163,1025,1365
49234,15,35
34023,215,145
46254,115,120
17210,75,70
45182,60,80
18185,*,35
45183,190,145
45184,*,5
26163,5,10
47192,*,15
37348,*,15
40224,*,*
26164,*,20
28169,115,90
04100,785,755
50280,20,30
25242,60,70
32084,*,25
03138,105,200
17211,85,70
32085,465,680
34201,15,20
43164,*,30
49235,40,60
22247,*,*
31251,125,120
47193,70,120
42204,*,15
19314,*,*
32086,110,235
10206,*,10
02076,*,25
04101,190,205
08298,1345,1850
04102,680,1140
27064,95,145
22248,10,5
38051,130,270
14065,70,115
09422,*,*
34093,*,15
09421,*,25
31252,*,15
49236,*,10
49237,*,15
37349,*,10
17212,15,10
17213,260,400
25243,515,230
50281,*,*
36057,8245,10865
26165,10,20
36059,305,630
43165,20,40
17214,55,60
17215,135,115
36058,75,480
08299,20,30
17217,15,45
17216,25,25
08301,1765,2255
08300,280,350
17218,60,110
17220,60,70
12128,85,55
17221,290,290
38052,35,70
07065,145,245
08305,1260,1175
36060,885,1670
25244,*,45
17223,55,35
27065,490,1180
43175,35,85
08306,20,70
25245,*,25
17224,45,40
43166,55,80
17225,10,20
17226,50,50
17227,*,10
32087,100,155
32088,55,120
46256,330,610
25247,*,*
17228,20,20
12132,20,45
36061,300,755
25248,55,105
25254,30,95
25249,*,20
25250,35,35
43168,*,15
08303,*,20
25251,30,65
08302,345,575
08902,195,235
43167,40,50
08307,1900,2360
43169,20,30
32089,*,140
12134,5,30
32090,30,80
32091,*,135
12135,1605,1575
32092,30,40
15091,*,75
43170,80,65
17230,40,35
25252,30,55
15090,45,130
43171,480,1165
08214,460,720
08219,865,1140
17222,10,*
12136,125,140
43172,15,25
23094,175,130
43173,*,20
43174,5,20
09423,*,*
45186,135,185
38053,115,260
02077,*,*
10207,*,*
28171,235,370
10208,*,*
14066,230,375
47195,15,30
47196,*,*
34202,*,*
21073,90,155
24202,205,380
20075,150,260
47197,30,100
24203,*,15
49238,*,15
01057,35,50
49239,15,65
45185,390,555
47198,*,*
39098,95,270
23095,300,315
40225,65,155
47199,*,10
34204,*,*
42205,*,*
47200,*,20
34205,*,15
28170,105,155
16242,10,40
34206,40,65
24205,50,85
24207,20,30
49240,*,10
09427,75,225
50283,*,10
34208,*,5
39099,140,135
49241,20,15
16243,15,25
09428,*,20
09429,*,5
09430,*,*
49242,25,70
50284,*,10
49243,*,10
05256,10,15
37351,*,20
47203,*,*
31254,90,85
14067,140,155
47204,20,20
50285,20,60
05257,*,10
06149,535,470
45187,125,330
24209,75,140
44251,10,35
12129,100,105
09431,10,*
47205,*,60
09432,*,45
47206,*,10
39100,15,90
09433,*,*
47207,5,45
06150,35,55
16244,40,65
24210,*,35
49244,*,*
47208,*,5
06151,50,50
37352,35,20
09434,65,85
34210,*,10
14068,20,30
13089,100,125
44252,*,10
12130,15,40
34211,10,25
09437,*,20
03139,1020,690
34213,*,5
47209,*,10
47210,20,50
49245,15,30
09438,50,10
34214,*,15
49246,*,40
47211,*,*
16245,*,45
47212,15,45
06152,65,65
37353,10,10
50286,*,10
26166,10,20
21074,50,85
16246,40,45
47213,*,15
28172,530,560
09439,75,80
09440,*,5
49247,*,15
34215,10,15
34216,*,15
09441,*,10
50287,15,30
02078,35,85
16247,*,*
09442,15,45
26167,*,15
34217,65,75
49248,15,30
47214,60,195
46255,185,155
49249,*,25
49250,70,150
16248,25,100
49251,*,30
45188,110,180
34218,35,50
11040,30,25
02079,115,435
12131,*,*
24211,15,45
24901,55,105
13090,30,35
41097,75,70
28173,*,35
28174,70,140
28175,65,85
24212,30,70
11041,395,400
34220,10,10
24213,*,10
37354,340,285
13091,*,15
49252,*,55
50903,75,150
09443,*,25
31255,*,10
16249,120,95
09444,*,15
09445,*,*
34221,*,30
26168,375,315
09446,*,*
24214,15,65
18908,40,30
34222,*,25
10209,*,10
10210,*,30
09447,*,*
45189,30,35
45190,*,25
24215,*,40
24216,25,90
49255,15,55
24217,*,35
34223,10,25
45191,*,30
34224,*,15
47215,*,*
34225,135,205
47216,*,20
49256,*,50
09448,10,30
22249,10,10
22250,55,20
47217,75,105
45192,130,130
19317,*,15
29095,200,95
09449,*,15
19318,*,*
05905,*,*
49257,*,25
45193,15,60
26169,*,10
49258,5,10
09450,*,*
46257,265,270
14069,325,405
47218,25,85
50288,305,210
05258,*,10
42206,*,*
16250,*,15
09451,*,*
50290,20,35
50289,*,*
28176,975,935
29902,60,170
47219,*,*
13092,100,120
16251,40,215
23096,125,75
06153,850,840
10211,*,20
19319,105,245
10212,120,200
21075,*,15
24218,30,50
49259,5,10
18187,15,40
47220,*,15
21076,65,85
13093,295,320
47221,*,10
33075,*,40
28178,45,90
13094,*,35
41100,30,65
47222,10,10
22251,15,55
29098,80,90
09454,*,10
12133,*,*
05259,*,*
41098,130,340
23097,230,305
05260,*,25
49260,25,75
37355,*,10
14070,85,55
06154,45,175
28177,595,875
34227,*,20
44256,*,*
14071,30,45
30042,65,90
41099,*,150
29096,105,135
29097,165,240
18188,50,65
34228,*,10
24219,*,25
24902,20,55
02080,20,25
34229,*,10
24221,35,90
24222,740,785
09455,*,20
09456,*,*
37356,*,10
26170,30,30
16253,*,30
37357,*,50
05261,*,*
16254,5,25
49263,*,*
37358,*,15
16255,*,15
37359,*,25
50291,*,15
16263,20,50
37360,*,20
10214,*,20
06156,25,50
37361,*,10
26171,*,25
42207,*,10
46258,155,210
49264,20,70
42208,*,*
44257,10,25
16258,*,*
16259,*,*
28179,80,115
10213,15,40
13095,*,*
06155,65,*
42209,*,30
44258,*,*
16910,*,*
49261,90,100
14072,20,55
09903,150,205
49262,*,35
47223,15,15
49265,*,20
49266,*,10
23098,20,30
49267,*,*
26172,*,*
16264,35,30
16265,*,*
45194,*,*
24223,90,205
28180,220,275
05262,15,30
16266,10,75
19321,*,*
37362,230,245
24224,*,70
42211,*,5
37363,*,10
16269,30,30
23099,225,175
46259,65,25
09458,20,40
37364,*,40
44260,10,25
37365,5,15
34230,*,*
47224,5,*
37366,*,20
44261,25,105
34231,15,40
34232,40,90
21077,50,45
50292,15,25
49268,10,60
02081,910,1010
23101,*,*
26173,*,*
50293,*,40
44262,5,25
50294,*,*
13096,475,380
45195,35,115
16270,*,15
16271,60,60
06157,*,30
13097,110,90
26174,*,15
16272,*,40
24225,65,95
09460,10,15
34233,*,20
42212,*,25
37367,*,25
10215,*,*
37368,*,*
42213,*,*
19322,*,*
45196,30,55
19323,*,*
37369,20,10
37370,10,40
49269,*,10
24226,*,35
45197,65,95
47225,*,20
34234,*,15
37371,5,20
44263,20,10
09463,10,10
45198,100,90
05263,*,20
23903,115,125
02082,*,5
09464,*,20
31257,45,40
34236,*,25
24227,95,125
34237,*,50
31258,180,260
02083,15,25
47226,*,20
26175,*,15
47227,*,5
49270,*,15
02084,15,*
37372,*,30
40228,15,45
47228,25,50
40229,*,*
26176,*,*
09466,*,*
41101,175,265
16273,10,40
09467,*,15
49272,*,10
49271,10,20
47229,10,30
33076,885,930
14073,80,135
28181,1660,1285
37373,45,60
28182,*,15
34238,*,50
09471,*,10
33077,35,175
24228,15,95
24229,*,85
09472,*,*
09473,*,30
40230,5,10
44264,10,15
19324,*,25
03140,1130,1310
34240,*,15
34241,*,*
34242,10,*
34243,*,20
16274,*,*
12137,*,10
37374,75,75
09476,10,*
37375,20,50
26177,25,35
34245,*,35
34246,*,10
08304,50,75
17233,165,125
17232,10,30
47194,15,40
09424,*,*
25253,*,15
50282,*,*
37350,10,35
09425,35,50
43176,30,60
15092,325,605
44265,*,20
25255,20,65
46260,135,130
12138,1015,1090
16275,*,*
43177,15,25
26178,*,20
26179,*,10
42215,40,75
43178,70,135
49273,*,10
05264,*,5
29099,35,50
19325,*,10
44266,*,30
45199,85,145
41102,645,680
13098,65,100
14074,105,120
50295,*,*
12139,30,25
05265,*,15
37376,105,280
01059,6400,7995
27066,645,470
44267,*,*
12140,70,150
08308,10,25
02085,10,30
09478,*,*
42216,*,*
18189,30,25
39102,40,210
42217,*,*
47230,*,15
03081,180,150
46145,1115,720
46143,170,205
46146,55,90
27021,70,235
43052,35,90
32032,555,645
46110,565,860
27025,115,190
32036,35,155
32037,10,30
35034,855,585
42218,20,*
40231,10,10
46261,55,105
45200,220,325
19326,*,45
19327,60,25
22252,15,15
30043,1500,1280
37377,15,35
01060,30,20
19329,*,*
19330,*,15
45201,180,130
42219,*,*
16276,*,*
45202,110,225
33078,*,20
31261,*,15
46262,*,35
22253,10,*
02086,55,150
45203,65,175
45204,25,35
45205,370,360
29100,110,140
19331,70,160
19332,*,20
31262,10,20
09480,*,10
18192,100,105
06158,720,710
16277,*,20
16278,*,*
18913,20,55
11042,60,55
06159,85,85
50296,*,*
22254,135,150
06160,125,120
21078,65,115
48095,110,50
20078,25,50
01061,*,15
48096,355,355
37378,*,10
37379,*,15
01062,*,15
49275,1640,2645
48905,155,150
19333,*,*
05266,*,20
05267,5,*
50297,17860,24435
37380,*,*
48097,40,70
47231,205,205
20079,1050,1320
46263,*,40
26180,20,20
10216,65,155
10217,*,25
37381,*,25
16279,*,20
10218,40,40
06162,135,155
47232,*,10
06161,*,45
28183,*,95
26181,*,*
09482,*,10
16280,*,15
19334,*,*
40233,*,30
40234,25,20
15093,255,535
09483,15,10
48024,35,100
48025,35,50
20025,*,40
20026,15,10
20027,220,140
48913,45,50
01018,95,110
31073,*,25
48915,*,20
31907,460,535
20028,100,145
44268,*,*
10219,40,90
37382,*,15
19335,*,*
12141,*,15
26183,*,10
24230,10,110
18193,725,910
31263,15,20
12142,10,30
50298,195,480
21079,20,35
31264,15,20
14075,*,*
01063,100,110
18194,100,*
20081,320,420
20080,195,320
09485,*,10
31265,*,*
04103,*,*
