Codigo Municipio,NÂº de Alquileres
44001,*
40001,65
10001,65
27001,45
48001,335
31001,*
09001,*
26001,*
20001,*
19001,*
30001,475
50001,*
48002,420
30002,1955
34001,*
31002,*
31003,*
31004,*
15001,80
42001,65
44002,*
25001,*
02001,25
13001,*
31005,15
10002,20
49002,*
16001,*
34003,*
22001,*
22002,10
04001,230
19002,*
31006,215
08001,855
04002,*
37001,*
28001,*
24001,*
10003,*
16002,*
06001,40
10004,30
10005,55
50002,*
06002,835
22003,*
47001,*
14001,175
05001,*
38001,7735
46001,355
31007,5
19003,*
46002,25
04003,3120
09003,*
40002,*
05002,345
42003,*
40003,*
03001,*
20002,35
35001,310
37002,*
25002,95
36020,*
50003,*
26002,195
03002,315
25003,1060
42004,175
03003,80
18001,*
41001,85
50004,75
09006,*
47002,*
44003,*
44004,70
13002,90
22004,5
40004,20
09007,*
34004,665
47003,*
31008,*
14002,575
08002,*
44005,*
26003,90
30003,3420
50005,*
35002,3280
17001,130
46004,*
38002,*
10006,*
37003,*
37004,*
06003,80
20016,110
31009,35
46042,185
46043,10
08014,415
43001,95
17002,45
03004,55
12002,*
22907,435
50006,50
22006,*
25038,340
20003,90
28002,860
26004,*
48911,*
45001,65
44006,50
50007,*
47004,135
50008,885
10903,10
07002,1475
21001,55
38003,*
29001,120
37005,*
45002,540
28003,40
18002,25
37006,*
13003,10
19004,*
28004,1395
25004,125
06004,*
41002,130
46005,1935
34005,60
37007,*
50009,*
16003,35
19005,*
07001,800
25005,*
02002,30
44007,30
34006,*
37008,430
37009,35
02003,20340
25006,20
46006,520
41003,*
46007,1500
10007,110
13004,55
16004,*
46008,345
46009,70
46010,*
22007,290
16005,15
19006,*
44008,265
22008,15
04004,*
23001,*
17003,30
19007,40
44009,275
45003,*
02004,*
25007,320
03005,1210
22009,35
26005,280
16006,*
19008,10
44010,65
16007,115
37010,135
37011,*
46011,785
26006,310
50010,*
22011,*
22012,10
22013,20
25008,320
50011,*
25009,85
09009,*
43002,55
43003,35
20004,*
12003,115
04005,20
18003,705
18004,70
17004,110
46012,55
46013,2720
02005,135
50012,*
05005,10
04006,1515
30004,25
06005,75
46014,75
18005,*
18006,1585
18007,60
06006,565
45004,*
02006,*
44011,*
50013,20
41004,3420
22014,*
28005,40275
44012,75
16008,*
11001,440
50014,25
12004,1420
02007,50
22015,*
41005,790
11002,95
23002,1155
03006,95
22016,*
26007,110
43004,2260
25010,*
10008,95
30005,4815
46016,210
16009,*
49003,85
44013,2580
45005,*
14003,85
02008,145
25011,1915
46015,1400
29002,175
23003,440
45006,140
13005,2880
16010,*
47005,35
30902,4580
13006,*
28006,20095
19009,50
03007,*
09010,*
16011,*
04007,25
13007,20
22017,95
19010,*
45007,65
19011,70
41006,95
03008,10
25012,440
10009,55
42006,15
37012,*
40005,*
06007,235
50015,*
16012,*
06008,65
04008,*
12005,1090
28007,20050
44014,480
19013,10
43005,985
03009,5130
22018,50
42007,20
42008,*
49004,*
13008,115
46018,50
07003,6120
46020,155
04009,*
12006,*
46019,675
10010,110
46021,2715
47006,*
35020,450
10012,45
28008,355
37015,55
10013,15
13009,75
45008,25
40012,10
43904,270
10011,40
37013,*
37014,75
42009,*
40006,*
37016,25
40007,*
40008,25
42010,*
42011,*
42012,*
47007,125
45009,35
26008,365
37017,35
19015,15
40009,*
37018,*
10014,30
45010,15
05007,*
10015,130
40010,*
23004,*
37019,*
37020,*
05008,20
37021,*
37022,*
40013,10
37023,95
37024,*
40014,*
10016,15
37025,*
50016,*
42013,0
37026,5
40015,*
05010,10
42014,*
18010,*
40016,*
43006,10
30006,*
20005,140
01001,335
43007,135
08003,1585
42015,*
22019,*
26009,45
26010,*
18011,280
46022,2115
03010,10
50017,125
44016,65
50018,300
22020,*
43008,*
46024,*
46025,225
49005,*
29003,*
29004,25
26011,1330
46026,*
25013,390
46027,75
03011,3995
46023,*
25014,75
12007,*
43009,245
50019,*
27002,150
09011,*
39001,60
09907,130
09012,*
41007,1640
24002,45
07004,865
41008,*
11003,50
19016,*
46028,*
18012,*
16013,*
29005,440
29006,125
11004,7960
46029,1850
25015,15
28009,2085
46030,*
12008,15
46031,370
11005,155
49006,*
19017,35
03012,160
25016,365
30007,1100
03013,*
04010,15
04011,580
50020,125
18013,390
30008,2865
13010,15
29007,2325
29008,2975
18014,300
19018,*
10017,15
44017,60
16014,15
03014,40700
04012,*
18015,60
24003,75
25017,20
43010,25
19019,*
10018,60
42016,*
21002,895
06009,*
20006,30
33001,235
32001,295
44021,*
33002,850
31011,40
31012,*
44022,25
44023,*
25019,1340
29009,35
13011,565
41009,130
13012,75
19020,5
13013,1900
42017,35
42018,25
02009,1195
24004,35
10019,35
49007,*
16015,65
29010,*
42019,30
26012,*
46032,460
25020,*
42020,560
12009,3155
42021,*
12010,10
13014,55
14004,*
18016,20
49008,10
25021,440
42022,*
12011,310
47008,*
37027,15
37028,*
06010,85
45011,*
06011,4595
21003,45
16016,*
41010,330
04013,22500
46033,*
50021,*
04014,20
13015,190
16017,*
14005,270
29011,75
19021,145
44018,*
10020,195
46034,*
50022,*
50023,15
50024,35
45012,*
19022,60
16018,*
21004,100
21005,3360
03015,1130
45013,455
43011,60
03016,*
22021,115
50025,2220
22022,15
22023,85
18017,4375
13016,105
46035,500
44019,*
19023,*
48912,160
29012,490
25022,*
21006,395
19024,1050
29013,55
17006,625
29014,40
42023,*
50026,*
28010,2045
08004,35
44020,*
02010,190
25023,355
46036,65
18904,*
03017,75
46037,*
12901,255
22024,30
18018,70
04015,*
25024,70
09013,*
43012,1005
16019,*
03018,4920
22025,200
09014,5
31010,765
12012,530
20906,*
20007,20
19027,25
46017,4085
05012,*
34009,*
50027,*
28011,45
17007,445
15002,3310
31013,40
43013,1575
08005,920
09016,*
20008,90
33003,*
32002,90
48003,1445
48004,10
43906,500
43014,3110
34010,20
39002,335
01002,955
34011,*
47009,*
44024,*
40017,10
37029,5
28012,100
13017,30
31014,60
49009,*
46038,*
20009,855
44025,595
31015,170
07005,3410
23005,2255
50028,*
17008,1185
25027,175
19031,*
26013,45
22027,40
26014,10
19032,55
09017,40
39003,*
50029,60
46039,265
20010,85
19033,*
19034,*
22028,30
31016,1320
04016,120
27003,*
46040,30
29015,2545
35003,1465
24005,5
34012,40
22029,*
20011,100
31017,60
01049,5
40018,*
50030,*
14006,25
31018,55
45014,390
37030,*
31019,315
37031,*
21007,500
38004,470
22032,*
41011,515
40019,*
31020,10
48005,15
31025,*
20012,*
01003,60
31021,*
42024,*
09018,3780
50031,*
50032,10
09019,25
16020,*
15003,*
31023,510
28013,11275
31024,*
31022,*
48006,15
19036,130
12013,*
37032,35
31026,*
46041,10
09020,95
09021,*
09022,*
19037,10
25029,210
19038,*
31027,55
36001,*
43016,1255
04017,400
43015,*
17009,2095
16905,*
31028,*
37033,*
49010,*
30009,2645
29016,*
29017,825
45015,15
37034,*
34015,*
40020,30
09023,35
42025,375
11006,2925
49011,10
16022,*
44026,10
31029,195
29018,130
50033,*
24006,*
48093,250
31030,*
22035,15
05013,50
13903,*
29019,*
39004,30
13018,140
05014,380
18020,250
42026,5
09024,5
44027,15
08006,3580
08007,555
26015,45
26016,*
15004,485
12014,10
31031,*
20013,325
05015,*
40021,*
05016,915
42027,*
13019,595
13020,75
28014,13450
24007,*
49012,*
22036,*
19039,*
17010,25
12015,*
08008,15
44028,25
43017,*
08009,1360
45016,390
39005,95
31032,225
22037,*
16024,*
49013,10
31033,*
07901,70
31034,10
38005,575
09025,10
44029,90
50034,45
23006,145
23007,40
09026,*
19040,*
31035,*
17011,160
37035,70
18021,3035
01006,*
40022,*
04018,60
19041,20
26017,50
26018,2085
43018,15
32003,*
39006,210
21008,415
38006,22355
49014,*
23008,50
49015,*
01037,155
16025,*
48009,30
20055,1010
48914,*
01008,35
09027,*
35004,13670
39007,30
25031,*
29020,120
48010,25
48011,535
13021,*
31036,10
47010,1490
10021,55
19042,*
06012,185
23905,150
10023,80
28015,1650
10022,*
21009,55
31037,5
26019,60
25032,25
07006,1350
31038,135
12016,160
31039,5
48023,115
15005,4540
35005,45
08010,755
25033,275
25034,785
50035,*
48008,20
01004,100
35006,2030
15006,275
43019,170
50036,*
25036,*
49016,*
01009,*
03019,915
20014,190
20903,225
39008,1310
24008,1430
34017,50
49017,*
29021,*
06013,30
16026,10
37037,*
19043,*
09029,15
47011,*
18022,865
20015,25
28016,25
50037,*
50038,70
31040,*
19044,185
48091,125
46003,20
12001,95
48070,35
19045,*
31058,10
26020,190
42028,*
09030,*
34018,*
34019,*
26021,555
05017,*
05018,*
25037,*
09032,*
08011,270
05019,7445
33004,8080
08012,340
17012,30
08013,150
32004,*
01010,210
21010,2930
31041,195
22039,60
40024,120
02011,50
12017,25
49018,*
46044,230
34020,*
31042,285
44031,30
22040,5
22041,*
20017,750
22042,*
41012,*
41013,225
26022,*
20018,995
06014,365
50039,120
12018,35
31043,*
19046,7915
45017,*
37038,50
04019,*
06015,18490
08015,38580
26023,20
44032,*
08904,195
41014,40
50040,*
22043,*
14007,1725
23009,1615
08016,280
44033,10
50041,*
47012,*
09033,*
19047,25
23010,915
22044,*
36003,795
25039,55
31044,*
48012,150
25040,4410
02012,*
09034,15
24009,*
50042,*
22045,*
27004,*
08017,525
20904,*
02014,55
13022,*
22046,80
48090,570
03020,*
02013,*
08018,270
34022,175
32005,*
22047,*
32006,35
07007,95
03021,295
43020,80
17015,3215
15007,*
26024,60
24010,1260
37039,10
44034,*
01011,*
23011,*
32007,85
10024,75
26026,35
26025,10
19048,*
09035,*
19049,*
09036,*
34024,*
16027,130
48013,7330
27901,*
31901,2530
42029,*
31045,35
32008,1090
37040,*
09037,*
09038,10
09039,*
37041,*
31046,*
22048,2745
11007,1475
25041,155
43021,125
08252,2680
50043,15
40025,*
22049,*
22050,*
42030,*
22051,*
06016,20
08019,479100
34025,*
39009,215
39010,15
37042,*
16029,*
47013,*
49019,5
45018,100
05021,315
32009,1590
42031,*
50044,40
39011,60
45019,1415
31047,*
31048,*
24011,*
38007,95
25042,*
12020,35
44035,10
05022,105
10025,25
02015,75
27005,220
48014,115
09041,*
19050,*
09043,*
09044,*
24012,*
11008,1670
36002,40
05023,*
37044,15
34027,20
47014,5
01013,*
46046,*
46045,275
31049,50
40026,10
48015,3235
17016,20
09045,*
34028,5
09046,*
16030,*
25044,*
37045,*
43022,45
06017,*
28017,160
25045,*
04020,*
04021,30
42032,25
42033,*
18023,2950
31050,630
44036,*
32010,*
16031,*
32011,*
21011,*
18024,25
18025,*
23012,*
20019,1715
05024,*
05025,*
44037,25
27006,140
34029,55
28018,1175
47015,40
04022,100
48092,80
23902,240
23014,60
27007,*
08020,985
17013,345
31137,*
31051,*
04023,*
20020,*
37046,475
12022,*
14008,105
31052,*
20021,20
09047,*
50045,275
37047,35
46047,*
25046,130
16032,*
25170,55
17018,160
25047,145
25048,95
43023,35
25049,*
44039,40
08021,*
25050,805
46048,160
46049,*
43024,160
25051,565
25052,500
14009,80
23015,85
16033,130
34031,*
50046,30
33005,105
44038,*
28019,35
16034,25
09048,200
22052,100
49020,*
45020,225
10026,*
24014,1360
22053,300
41015,210
29022,30
47016,*
12024,10
12025,*
46050,*
46051,1040
04024,50
29023,1040
29024,25
29025,10130
18027,*
18028,*
11901,790
29026,70
18029,190
14010,260
29027,70
11009,*
29028,130
29029,20
12026,175
03022,*
22054,745
23016,40
25053,105
49021,1400
24015,80
46052,*
49022,*
03023,40
46053,40
03024,80
46054,930
03025,65
03026,155
03027,40
46055,135
03028,*
46056,*
12027,5205
12028,3475
46057,*
46904,*
03030,40
03031,18360
30010,1760
46060,695
46059,*
46058,30
43025,45
03032,*
03033,10
46061,*
46062,160
03029,40
03034,320
03035,*
03036,*
03037,55
03038,*
03039,*
03040,*
46063,210
46064,20
46065,110
46066,*
46067,95
03041,825
43026,175
46068,*
46069,*
03042,600
04026,*
04027,*
12029,90
10027,*
06018,85
04028,*
24016,*
31250,380
48016,400
01014,*
22246,*
20022,*
42034,*
22055,30
09050,*
31053,135
26027,10
47017,*
47018,*
18030,50
40028,*
05026,*
24017,*
24018,*
40029,*
50047,*
08022,4905
20074,655
26028,*
26029,*
44040,10
15008,505
31905,205
04029,2065
05027,*
06019,120
42035,75
24019,*
09051,*
37049,*
48017,1510
49023,25
40030,*
01016,25
19051,*
40031,140
05029,*
48018,175
31902,575
31903,1185
48019,580
20023,*
21012,15
37050,*
37051,*
10028,20
05030,*
47019,10
50048,*
28021,140
31054,85
10029,60
09052,*
28020,105
34032,*
17019,430
17020,330
35007,35
15009,1845
31055,15
46070,1730
16035,25
12021,370
17021,45
26030,*
44041,25
03043,160
46071,35
31253,*
20024,*
50901,25
22057,60
02016,*
06020,*
22058,20
22059,315
03044,215
08023,515
50050,*
48020,47890
33006,75
22060,140
22061,1750
07008,1085
25055,25
50051,15
22062,*
43027,*
43028,250
17022,3030
22063,20
50052,*
17234,*
31056,*
42036,*
30011,625
43029,75
44042,20
32012,*
17023,8615
05033,*
05034,*
05035,*
14011,160
22064,*
44043,*
42037,*
37052,*
34033,*
17029,30
34035,*
34034,*
28022,4705
33007,*
28023,525
26031,20
47020,*
32013,95
24020,*
46072,135
40032,250
47021,*
47022,*
19052,*
37054,*
06021,*
47023,135
37055,5
02017,*
05036,*
10030,*
05037,5
15010,50
15011,850
32014,*
13023,1485
47024,*
46073,*
41016,360
21013,1135
32015,*
22066,355
03045,25
17024,50
22067,*
21014,1285
43030,165
02018,105
16036,10
05038,*
02019,75
46074,245
24021,135
15012,85
50053,135
22068,10
50054,*
25057,40
17025,225
44044,*
29030,30
25058,700
43031,440
50055,660
42038,*
41017,735
11010,450
42039,10
45021,535
17026,85
08024,145
24022,*
12032,2535
12031,385
11011,50
25059,170
43032,30
43033,120
10031,25
50056,15
37056,*
27008,20
49024,155
37057,*
25056,*
09054,*
05039,*
43034,90
47025,*
34036,15
28024,35
09055,10
13024,*
24023,15
50057,75
28025,40
17027,685
41018,995
38008,765
38009,875
49025,*
49026,*
40033,20
26032,*
19053,340
49027,*
49028,*
37058,*
26033,*
15013,370
26034,15
09056,1230
44045,45
22069,100
10032,140
08025,145
08026,35
28026,1770
17028,40
42041,*
50058,*
18032,50
16038,*
19054,25
16039,145
16040,*
37059,*
45022,*
37060,*
34037,15
38010,175
16041,25
44046,10
36004,740
46075,*
46076,50
09057,*
07009,25
42042,*
28027,725
14012,250
19055,*
50059,45
05040,*
50060,*
30012,1240
09058,25
07010,635
46077,1085
31057,200
44047,*
27902,1710
50061,*
49029,*
50062,245
42043,180
24024,*
29031,*
05041,185
09059,23235
31059,10
41019,445
45023,255
06022,410
46078,3585
31060,2150
24025,*
45024,95
03046,110
18033,15
19057,10
28028,360
50063,*
47026,5
34038,*
49030,*
24026,*
34039,*
09060,*
31061,*
48021,170
43035,25
37061,35
40034,5
15014,80
25060,10
15015,135
17031,65
12033,345
17030,35
31062,55
28029,105
19058,760
08027,60
50064,*
45025,315
40035,*
49031,10
45026,15
10033,*
24027,55
09061,*
37063,*
06023,165
37065,*
06024,130
10034,*
37062,10
45027,*
13025,*
13026,45
05042,*
41020,770
05043,*
05044,*
21015,20
26035,*
39012,570
09062,*
39013,*
47027,150
47028,*
40036,95
10035,230
05045,*
25061,*
50065,*
14013,1520
44048,*
43036,185
23017,155
33008,250
33009,50
31063,*
42044,*
42045,*
08028,115
08029,700
28030,655
37067,150
10036,*
47029,*
24028,15
24029,20
37068,15
08030,870
39014,*
24030,405
10037,8460
10038,10
18034,*
10039,70
28031,385
17032,975
18035,285
11012,28855
31064,280
50066,570
18036,285
21016,85
40037,*
44049,155
08031,870
43037,3445
26036,3175
34041,*
18114,*
44050,630
06025,180
44051,855
21017,95
30013,925
42046,*
50067,3360
50068,315
50069,*
36005,605
22072,*
08034,180
17033,1170
08033,2840
08032,595
08035,4540
06026,30
45028,410
09064,90
45029,*
18037,*
12034,145
08037,545
46079,80
03049,2120
03048,1270
08038,470
50070,*
44052,*
17034,1950
08036,*
03047,5610
42048,*
37069,95
37070,65
07011,7580
32016,*
37071,*
13027,80
37072,*
34042,*
45030,80
37073,65
24031,*
10040,25
06027,45
49032,*
39015,60
44053,25
25062,145
45031,665
44054,15
45032,50
39016,2915
44055,20
15016,445
43903,255
28032,1205
49033,95
41021,1980
36006,1170
23018,160
15017,2300
43038,6010
10041,35
44056,45
17035,35
41022,185
06028,225
07012,360
47030,60
24032,*
17036,485
17037,15
03050,2370
01017,35
16042,480
50071,35
09065,*
23019,145
37074,*
10042,*
19059,*
45033,*
06029,80
19060,25
21018,330
47031,*
29032,300
16043,10
16044,5
08039,140
19061,35
17038,95
22074,75
13028,1745
03051,65
37077,*
40039,90
24033,*
36007,*
10043,115
28033,1110
21019,90
09066,*
24034,235
39027,165
39017,35
47032,10
22075,*
46080,*
07013,1775
16901,50
30014,*
18038,30
17039,765
26037,*
45034,320
22076,15
47033,20
16045,35
05046,*
26038,25
46081,1295
33010,100
22077,65
38011,5060
37078,20
05047,760
42049,*
24036,10
25063,*
23020,75
28034,50
17040,125
08040,1830
46082,*
12036,35
22078,125
36008,1820
33012,1180
33011,615
09067,95
18039,50
37079,*
29033,270
29034,10
47034,*
26039,*
04030,20
43907,385
08041,2265
08042,140
19064,*
09068,*
37080,15
37081,80
40040,625
17041,45
19065,20
37082,*
37083,*
44059,90
41023,425
40041,140
05048,*
04031,350
08043,55
03052,*
44060,*
13029,5
44061,*
16046,*
16047,*
41901,145
44062,*
42050,*
16048,50
10044,120
18040,10
26040,5
16049,*
10045,100
21020,*
16050,25
16051,*
16052,205
14014,70
29035,180
36009,235
49034,*
19066,*
44063,55
16053,*
49035,*
43039,10
31065,395
43040,*
07014,2480
22079,*
15018,*
22080,*
08044,815
18042,90
06030,*
34045,*
17042,60
08045,70
42051,*
28035,335
42052,*
13030,20
18043,*
30015,3200
33013,30
09070,*
49036,20
10046,*
37085,810
32018,15
32017,355
27009,60
32019,1225
15019,2645
49037,5
04032,1290
16055,65
40043,405
23021,135
10047,55
14015,20
46083,1375
31066,80
31067,410
09071,*
09072,5
02020,*
46084,180
23901,50
08046,2980
26041,15
16056,40
14016,70
09073,65
09074,60
05049,*
34046,*
09075,*
45035,*
08047,1165
19067,*
50072,25
50073,1115
15901,185
46085,805
14017,235
08048,185
45036,*
24037,*
41024,2635
06031,130
15020,*
23024,1100
47035,15
37086,45
45037,30
14018,280
24038,*
15021,250
45038,120
37087,45
37088,10
40044,10
10048,*
06032,*
16057,*
42053,*
16058,20
42054,*
29036,65
33014,1260
05051,*
09076,*
45039,15
46086,*
13031,125
41025,110
34047,215
24039,180
13032,*
24040,*
30016,28965
29037,50
29038,1850
21021,2375
32020,*
39018,285
24041,*
19070,25
29039,235
37089,*
26042,285
10049,235
45040,265
10050,130
19071,1255
29040,*
42055,*
29041,550
10051,*
41026,305
45041,1080
28036,245
46087,15
46088,20
16060,*
10052,*
10053,50
06033,115
16061,170
16062,*
16063,*
16064,215
02021,95
02022,*
16065,*
10056,25
10057,*
06034,25
19073,*
02023,115
10054,*
37090,*
10055,40
05052,*
45042,*
49038,*
49039,*
02024,780
16066,200
05053,*
47036,*
10058,80
05054,130
22081,*
09077,*
09078,*
31068,160
44064,*
31069,*
43041,*
05055,150
10059,30
37091,*
46089,170
40045,45
33015,120
50074,1695
19074,20
17044,2250
08049,170
03053,490
10060,30
26043,80
39019,185
21022,10
18044,*
16067,45
31070,725
50075,*
19075,*
50076,*
22083,70
22084,175
44065,*
50077,*
22082,*
44066,*
22085,*
12037,*
03054,*
03075,20
08057,*
25904,*
07064,1915
09079,*
37092,45
37185,*
05056,*
23025,320
11013,630
19076,*
25064,15
08052,*
13033,85
08050,25
08051,1675
44070,*
08053,285
08054,915
08055,115
25067,100
08056,13490
08058,95
17046,235
08060,5
08059,*
12038,*
08061,215
08062,30
25068,*
12039,30
25069,30
46090,510
17047,3335
08063,30
12040,27310
46091,40
44071,50
17048,2545
25070,160
08064,270
43042,*
08065,170
08066,150
44067,25
44068,*
46092,*
22086,5
22087,15
09083,*
34048,*
06035,80
41027,350
09082,*
24042,*
19078,*
42056,*
50078,55
22088,*
41028,25
41029,815
41030,30
18045,90
16068,*
37096,40
40046,25
42058,*
16070,*
45043,130
16072,*
41031,75
23026,575
12041,*
16071,*
22089,30
31071,*
19079,*
42057,5
37097,*
34049,*
47037,*
32022,55
32021,25
18046,50
24043,*
34050,*
47038,*
49040,*
09084,*
24044,*
09085,50
34051,*
09088,*
34052,*
09086,15
09090,*
33016,2120
47039,25
32023,105
04033,*
40047,*
27010,200
14019,250
47040,*
24046,20
24047,*
47041,*
49041,30
09091,*
40048,*
47042,*
34053,5
47043,35
49042,*
47044,20
47045,105
24049,*
33017,210
47046,*
40049,*
40051,*
24050,*
39020,3560
27011,*
49043,15
47047,10
26044,20
06036,200
46093,195
46094,1780
12042,40
43043,105
36010,80
03055,995
02025,695
46095,90
12043,115
25071,*
09063,*
09093,*
45045,275
23027,145
41032,125
23028,555
49044,*
24051,*
24052,5
45046,735
09094,*
05057,330
24053,15
10061,50
15022,610
10062,40
40052,10
45047,605
44074,80
15023,620
30017,1520
47048,15
09095,*
44075,105
32024,330
44076,120
17189,220
26045,*
17049,1435
31193,65
19080,*
19081,*
18047,690
26046,190
28037,290
02026,365
32025,*
08067,950
19082,*
42059,*
37098,15
05058,*
42060,*
15024,165
28038,1400
08268,160
46096,*
08266,6840
36011,85
15025,*
37099,*
49046,*
49047,*
37100,*
10063,*
40053,40
40054,60
09098,*
49048,*
44077,40
37101,5
45048,*
09100,*
21023,200
37102,*
27012,*
34055,*
08068,620
25072,1995
28039,40
50079,20
45049,15
34056,370
16073,30
12044,35
26047,205
50080,*
25073,30
17050,75
47049,*
27013,465
37103,60
15026,*
50081,70
51001,15450
30018,960
34057,*
34058,*
37114,*
22094,*
05067,15
32029,*
27016,595
40065,95
28051,475
18059,265
19103,30
06042,100
46107,240
46106,80
19104,*
46108,10
04036,*
12052,105
46109,1005
22095,*
11015,6670
23029,*
12053,130
16023,95
19106,*
13038,100
23030,*
19105,345
18061,15
22096,*
02029,110
28052,570
11016,1395
50092,90
04037,65
46111,1650
50093,*
12055,10
12056,*
24065,125
45056,345
21030,100
45057,*
46112,80
16081,5
18062,1385
09101,*
26048,*
42061,50
28040,2660
16074,10
30019,4320
39021,*
19086,555
47050,355
42062,*
47051,15
42063,*
26049,20
18048,180
05059,*
09102,*
10064,55
37104,*
09103,*
09104,*
40055,*
39022,335
24054,*
24055,*
50082,*
50083,60
19087,*
12045,45
31072,1995
37106,*
12046,30
31074,*
42064,*
31075,*
19088,*
45050,60
09105,*
19089,5
26050,10
42065,*
05060,*
34059,*
17051,25
47052,560
24056,385
13034,7115
37107,1040
07015,4575
25074,25
31076,240
50084,*
25075,30
26051,15
33018,480
04034,*
45051,115
28041,985
19090,*
45052,75
34060,*
40056,*
49050,*
40057,195
37108,*
03056,835
50085,*
44080,65
40058,5
50086,45
06037,265
46097,*
47053,*
47054,*
19091,*
09108,20
18049,*
18050,*
19092,110
25076,*
29042,2855
15027,80
17054,105
32026,105
05061,*
39023,930
25077,110
05062,*
10065,10
05063,*
40059,*
28046,1070
28047,12235
34061,*
08069,285
43045,5
08070,60
29043,610
37109,*
28043,995
28042,220
28045,11060
28044,2110
18051,*
17055,10
33019,450
22090,*
25163,15
29044,155
39024,350
29045,30
25161,*
40060,15
09109,*
19095,*
19096,*
43046,*
03057,35
24057,50
34062,5
19097,*
11014,2625
14020,*
10066,30
07016,410
43047,2020
41033,430
05064,*
45053,975
50087,*
09110,5
49052,*
19098,15
08071,20
44082,25
46098,140
08072,2340
43048,55
24058,*
25078,95
47055,*
15028,130
17057,215
14021,35590
06038,45
37110,*
34063,*
26052,*
19099,15
31077,1295
26053,20
49053,20
27014,45
10067,1455
41034,4145
41035,50
15029,200
26054,*
08073,16290
17056,120
43049,105
06039,85
41036,180
28048,80
26055,*
45054,225
40061,*
13035,55
39025,570
47056,*
49054,40
41037,80
02027,*
06040,115
21024,20
32027,45
21025,475
21026,25
31078,340
44084,*
12048,30
18053,220
29046,330
46099,*
18054,*
13036,25
24059,*
09112,*
15030,47095
33020,1240
39026,195
44085,*
42068,*
28049,16445
27015,310
07017,185
12049,*
50088,5
49055,10
46100,*
02028,*
36012,295
42069,235
09113,60
36013,*
12050,435
03058,450
13037,110
40902,*
36014,50
43050,595
24060,*
17058,50
05065,20
44086,55
03059,2070
06041,*
37112,*
44087,*
17901,160
10068,60
24061,85
32028,*
50089,1360
44088,*
28050,425
50090,*
08074,1450
25079,30
42070,*
34066,*
24062,*
24063,25
47057,*
40062,*
19102,*
09114,15
49056,*
24064,55
44089,*
49057,*
09115,5
37113,20
42071,*
49058,75
44090,25
33021,460
49059,*
40063,835
16078,7325
47058,*
50091,*
45055,70
41903,795
44092,*
42073,*
09117,*
16079,*
29047,55
44093,45
40905,*
09119,*
29049,325
04035,2700
29048,60
18912,40
05066,25
44094,*
12051,10
18056,380
18057,430
46105,2390
15031,3025
10069,40
21027,*
21028,*
21029,100
43051,1240
36015,*
47059,20
15032,150
29050,*
26056,*
28053,720
13039,1440
46113,*
04038,*
17060,95
50094,210
26057,*
18063,190
17061,35
03061,140
03062,*
20029,390
33022,120
34067,*
34068,*
18064,35
18066,55
10070,40
43901,1535
03063,7575
48901,595
10071,30
31079,*
24066,*
42075,*
07018,165
42076,*
31080,30
05903,*
18067,*
18068,65
48026,45
37115,*
15033,*
18069,60
03064,335
46114,35
40068,*
45058,45
06043,*
06044,2900
31081,*
31221,170
40069,10
05069,*
20069,25545
05070,*
14022,115
37116,*
37117,80
46115,10
41038,5015
14023,60
45059,190
08075,660
36016,*
19107,25
18070,*
34069,160
43053,50
15034,*
48027,2625
18071,505
19108,*
40070,45
42078,*
48028,50
31083,*
41039,4730
31086,1160
20030,2455
07026,15725
50095,1420
37118,*
04902,15245
44096,*
48031,30
01021,20
02030,230
03065,22415
01022,90
03066,2090
20031,*
20033,115
20032,890
31087,*
46116,1360
10072,60
48032,565
01023,*
19109,*
50096,15
46117,40
37120,*
37119,*
50098,*
40071,*
37121,45
37122,10
47060,15
14024,115
21031,160
37123,*
24067,45
40072,15
09120,*
26058,20
37124,*
31089,30
46118,825
16082,75
04041,*
46119,40
49061,*
39028,575
26059,125
32030,50
06045,20
50099,990
48902,2140
31090,*
24068,*
48033,45
31091,*
50100,10
48034,1145
20067,2755
20066,*
01046,85
48079,15
31092,*
45060,10
21032,*
17062,1625
39029,115
45061,180
40073,75
45062,110
19110,5
23031,*
40074,20
19111,50
50101,*
24069,*
40075,*
42079,*
19112,*
07019,15
28054,2365
44097,*
44099,280
10073,55
37125,*
18072,*
32031,*
47061,*
20034,180
31094,*
12057,170
37126,*
49062,*
12058,15
06046,*
06047,45
06048,35
08076,3375
41040,625
31095,*
37127,20
42080,*
14025,125
42081,20
23032,55
11017,150
14026,145
40076,975
17063,20
37128,10
34070,*
09122,*
19113,135
05072,*
09124,*
34071,*
09123,*
45063,70
40077,125
19114,*
25081,40
43054,540
08077,8585
22099,30
17064,45
17065,35
07020,465
25082,75
31096,*
08078,145
45064,630
19115,*
22102,20
22103,55
25088,20
08079,10
25085,*
31097,1535
07021,50
41041,520
42082,*
09125,*
29051,9885
44100,90
31098,45
25086,305
25087,*
46120,30
26060,*
22105,5
36017,1690
45065,*
28055,285
19116,*
46121,*
31099,*
31082,125
31084,80
31085,30
48029,490
48030,30
31100,*
31101,*
26061,215
31093,*
20035,10
31102,*
31103,*
50102,210
24070,625
03067,*
22106,*
31104,185
43055,625
03068,*
22107,*
12059,30
17005,85
29052,*
49063,*
49064,20
50104,*
25089,35
38012,180
43056,*
46122,290
46123,*
50105,40
50106,*
43057,*
07022,3380
04043,*
15035,605
02031,*
06049,35
49065,75
13040,*
14027,150
18074,15
49066,40
49067,*
07023,325
49068,*
44101,*
15036,11490
08134,340
08080,*
25908,20
43058,5
17066,15535
43059,*
12060,*
49069,*
50107,70
04044,325
03069,1965
04045,335
35008,535
22109,65
15037,240
31105,230
17067,235
43060,295
05073,*
25092,*
37129,*
08082,60
08081,25
46126,295
17068,30
24071,45
27017,40
08083,310
47062,*
50108,*
47063,*
26062,20
25093,*
03077,130
04046,75
18076,*
44102,*
49071,*
08084,95
27018,85
46128,*
46127,130
17069,70
19117,75
13041,*
46124,*
17070,25
17071,175
31106,*
47064,*
09127,*
05074,50
08085,85
22110,45
26063,10
25094,30
22111,*
17902,325
12061,95
36018,95
43061,*
37130,*
07024,4045
03070,645
44103,20
07025,175
17073,225
36019,*
44105,*
46125,*
44106,25
17074,80
30020,1280
48906,115
27019,1240
44107,15
15038,135
37131,*
22112,2550
50109,*
23033,*
33023,360
09128,20
08086,2890
50110,*
34072,*
42083,*
06050,385
37132,*
43062,*
18078,60
50111,*
16083,*
40078,*
16084,*
09129,*
44108,100
05075,10
28056,530
37133,*
10075,10
09130,*
09131,*
37134,*
40079,15
42084,*
40080,*
49075,*
49076,*
24073,30
09132,*
09133,*
49077,*
28057,115
34073,*
47065,65
05076,10
09134,*
44109,35
49078,*
29053,455
27020,125
34074,*
38013,815
16085,*
48035,20
40081,*
19118,*
13042,*
38014,*
19119,*
50113,245
50114,15
44110,*
29054,17060
28058,23060
06051,60
13043,*
26064,150
47066,150
45066,970
02032,45
23034,120
30021,5135
06052,140
16086,85
29055,255
37135,50
40082,*
06053,75
06054,280
13044,365
40083,*
40084,*
05077,*
28059,2135
47067,*
49079,*
14028,*
12063,*
14029,170
14030,660
18079,670
02033,75
02034,280
42085,*
09135,*
42086,*
42087,*
09136,5
37136,*
21033,*
19120,*
49080,40
09137,35
19121,20
16087,20
16088,*
37137,10
09138,*
42088,10
19122,*
42089,*
19123,*
09139,*
16904,*
09140,5
19124,*
47068,*
40086,75
42090,*
40087,*
40088,*
37138,5
46129,95
16089,70
44111,25
44112,50
41042,345
05078,*
12064,35
37139,35
24074,*
50115,140
50116,20
06055,65
42092,25
34076,135
37140,120
49082,*
44113,40
34077,20
49081,*
40089,20
49083,10
40091,*
44114,25
09141,*
49084,*
42093,*
14031,*
40092,30
28060,85
23035,85
16091,*
22113,20
25096,295
25097,*
31107,300
31108,95
16092,*
18905,1050
20038,*
04047,315
08090,20
03072,*
12065,*
20037,*
19125,*
37141,5
28061,6965
19126,180
31109,*
21034,205
09143,*
26065,*
48036,1445
48037,55
35009,1115
49085,100
18082,*
43063,45
26066,85
37142,*
37143,15
37144,35
10076,60
04048,320
09144,*
40093,*
05079,*
37145,*
47069,5
05080,*
37146,20
49086,*
49087,*
08087,10
26067,*
31110,*
50117,5
31111,*
50118,90
44115,20
19127,15
45067,450
48038,*
49088,*
43064,590
46131,8470
16093,*
38015,260
38016,175
48039,*
31112,*
06056,*
43065,65
10077,25
37147,10
37148,30
40094,35
45068,25
37149,*
31113,*
44116,30
28062,40
05081,*
10079,100
10078,*
10080,*
28063,25
10081,*
43066,*
31114,*
06057,35
24076,30
31115,*
42094,*
08088,2535
17075,45
17076,25
17077,110
41043,*
06058,145
10082,100
04049,2225
10083,*
28064,35
16094,50
19129,*
11018,130
10084,70
03071,745
48040,100
47070,*
46902,15
29056,135
48041,30
08089,6465
46130,40
25098,35
05082,75
20907,*
44117,30
37150,*
12067,25
08091,1460
50119,45
41044,385
49090,*
05083,*
29057,40
23037,*
31116,*
46132,95
17078,135
41045,135
04050,145
47071,55
45069,100
48046,2465
46133,50
28065,26065
20039,435
48044,8110
21035,535
33024,34405
05085,*
05084,*
41046,*
46134,145
25912,60
05086,*
26068,*
44118,25
41047,*
43067,180
02035,130
17079,25625
08092,1430
08093,*
22114,*
48047,*
18083,*
43068,195
46135,1260
46136,220
50120,*
31117,20
18084,210
42095,180
25099,110
02036,10
37151,5
42096,*
17080,55
37152,*
32033,*
40095,130
36021,505
31118,*
18085,25
18086,*
24077,*
48042,95
10085,25
24078,115
03073,*
48043,490
42097,*
25100,35
05087,15
50121,*
33025,500
24079,*
33026,1460
22115,*
16095,*
16096,30
24080,*
40097,85
18087,36575
21036,25
08094,250
25101,140
38017,8455
21037,*
13045,50
33027,100
05088,*
08095,*
46137,*
49091,10
03074,120
06059,130
25102,160
10086,*
14032,15
08096,12065
49092,*
25103,*
25105,15
25104,10
22116,160
26069,*
43069,40
22117,460
26070,*
11019,80
44119,15
09148,*
34079,155
28066,665
09149,*
50122,*
50123,140
36022,1060
18088,100
19130,16285
44120,*
41048,290
14033,20
28067,1015
13046,250
10087,145
45070,275
28068,2560
46138,*
46139,195
18089,775
37154,15
18906,130
08097,175
18093,1740
17081,125
38018,105
36023,915
46140,40
03076,2460
23038,95
45071,75
08099,90
34080,140
06060,435
29058,*
49093,40
23039,235
34081,*
44121,10
32034,25
18094,90
48045,480
31119,*
31120,35
18095,*
38019,2690
43070,25
37155,*
10088,*
10089,50
10090,*
10091,*
14034,25
37156,520
41049,835
17082,85
38020,1490
25109,15
25903,65
31121,*
05089,15
25110,3605
27022,225
25111,40
09151,40
09152,*
27023,*
08100,30
39030,230
22119,155
24081,*
05090,*
06061,40
09154,*
01056,10
35010,860
26071,1065
09155,*
39031,50
06062,65
02037,3625
16097,*
19132,*
19133,80
12068,*
26072,*
13047,1445
45072,25
10092,75
37157,*
37158,*
37159,*
39032,75
34082,*
38021,65
49094,*
20040,1135
10093,45
05092,15
20041,*
05093,105
26073,*
41050,215
10094,55
50124,50
34083,190
42098,*
34084,*
06063,315
02038,*
19134,*
39033,*
05094,*
10095,*
45073,*
47073,*
16098,*
10096,350
26074,*
19135,25
10097,*
23041,15
06064,45
21038,150
05095,35
06065,40
06066,295
06067,55
12069,*
02039,40
46141,40
05096,*
44122,115
19136,*
49095,10
10098,65
21039,*
23042,*
21040,135
37160,15
44123,30
45074,40
42100,*
14035,345
06068,50
16099,20
13048,*
16100,45
31256,5
28069,20
19138,35
16101,*
10099,65
19139,*
20036,2000
03078,*
16102,390
40099,20
40100,*
45075,*
40101,130
09159,*
16103,*
09160,*
16104,*
19142,*
34086,*
09162,*
09164,*
09163,170
05097,50
28070,35
05099,*
13049,70
37161,*
16106,280
37162,*
28071,25
19143,185
09166,*
45076,120
26075,20
26076,*
06069,180
14036,295
05100,15
26077,*
34087,10
47074,*
09167,*
23043,90
26078,*
09168,20
43071,175
19145,*
09169,*
24082,40
08101,67560
08162,520
17083,765
37163,*
02040,45
09170,*
28072,1215
05102,135
05101,30
05103,*
10100,135
05106,*
05104,*
05105,20
22122,*
44124,*
22908,*
31122,440
45077,10
04051,15
10101,*
18096,*
16107,*
23044,365
21041,13070
16108,*
18097,20
04052,710
04053,2760
26079,75
19146,*
16109,*
09172,*
19147,*
37164,20
09173,*
16110,20
09174,*
45078,165
16111,30
19148,*
22124,*
40103,10
23045,155
44125,*
22125,8200
18098,490
16112,205
18099,55
18100,845
18101,510
19150,*
41051,145
09175,*
19151,200
28073,1985
29059,185
09176,*
05107,*
34088,*
10102,80
31124,*
20042,230
48048,65
50125,*
09177,60
03079,1180
33028,*
22126,*
09178,*
23046,280
38022,895
20043,70
31259,*
26080,*
09179,*
09180,*
44126,85
45079,*
48094,485
22127,*
08102,8360
29060,*
24083,80
31125,5
20044,20
22128,*
36901,165
45080,*
19152,105
33029,20
04054,15
33030,85
45081,3765
18102,275
50126,695
31126,*
07027,5870
27024,*
35011,2355
16113,795
19153,*
04055,20
19154,10
31127,*
32035,*
15039,*
23047,65
37165,*
19155,*
20045,8225
01901,135
20046,100
01027,35
31904,210
31128,15
22129,15
09181,*
47075,1040
21042,3810
41902,135
25115,65
17084,55
48049,10
29061,65
50128,*
34089,*
09182,10
18103,*
20047,40
37166,*
40104,45
31129,5
31130,25
48910,400
25112,30
25113,240
25114,*
31131,*
31132,*
24084,10
31133,*
14037,*
18105,425
29062,*
23048,*
48050,40
44127,15
23049,110
21043,180
22130,2305
03080,155
19156,255
23050,7195
17085,85
46142,40
26081,*
49096,*
23051,55
12070,105
50129,70
46144,*
10103,20
10104,485
09183,*
09184,*
10105,285
10106,10
50130,*
44128,15
22131,*
44129,*
50131,40
31134,*
03082,5555
31135,*
18107,35
11020,16285
06070,800
18108,30
12071,140
10107,90
18109,265
03083,185
23052,75
11021,1425
29063,40
19157,*
24086,*
23053,205
17086,1015
08103,65
44130,*
02041,*
44131,*
25910,15
50132,50
40105,*
40106,15
29064,30
17087,60
30022,3445
18111,85
05108,*
25118,35
25119,730
09189,*
09190,*
09191,*
09192,*
31136,*
49097,*
18112,20
37167,*
29065,*
48022,55
48907,15
01019,*
01020,*
40107,*
01028,110
13050,*
22133,10
18115,*
10108,*
45082,75
34091,*
50133,*
01030,*
01031,*
44132,*
24087,25
26082,5
40108,*
47076,2550
24088,*
16115,*
16116,*
37168,20
26083,15
23040,110
31138,35
36024,1255
22135,15
22136,100
36025,*
39034,10
31139,15
22137,65
27026,150
01032,40
16117,215
48051,20
05109,*
42103,60
50134,*
47077,*
33031,3810
40109,*
18116,250
34092,*
01902,75
18117,*
41052,355
31140,*
05110,105
44133,*
06071,*
22139,*
31141,*
01033,40
15041,475
26084,645
39035,1050
32038,15
04056,20
48052,120
31142,375
31143,*
20048,*
31144,*
37169,*
23054,60
20902,1820
22141,*
22142,15
22143,*
22144,15
40110,55
40111,*
40112,435
01036,1075
04057,85
48053,65
33032,795
15040,125
50135,*
45083,75
32039,*
31145,*
20049,320
20050,30
31146,*
41053,2110
50136,*
50138,*
50137,*
18119,*
19159,*
16118,40
37170,135
26086,*
34094,*
37171,35
28074,25895
16119,10
31147,*
31148,*
20051,300
20052,100
01058,250
20068,10
48054,2630
32040,*
31149,235
26087,*
48057,435
31908,190
48055,230
48056,30
33033,1250
18120,*
24089,24900
31150,20
21044,4005
31151,5
31152,245
09194,225
25121,340
31153,185
02042,45
50139,*
01034,*
26088,*
48081,95
31154,*
20053,355
02043,100
30023,280
44135,*
42105,*
44136,*
31155,*
39036,35
39037,215
02044,*
04058,*
45084,410
39038,190
23055,3725
21045,*
44137,5
37172,160
11022,6635
25122,415
50140,*
50141,*
20054,35
31156,15
08104,110
17088,105
25123,25
25124,55
08105,1600
17089,1670
24092,*
17090,30
17091,65
17092,655
33035,1060
46154,*
33036,2605
09195,*
47079,*
38024,2900
05113,*
13904,115
25125,20
46155,*
25126,80
44141,*
25120,29850
06073,45
06074,825
17093,95
25127,50
03085,120
08107,505
08108,455
25128,*
08106,2230
46147,3305
17094,375
43072,*
25129,20
46152,55
46153,*
46151,*
46156,120
43073,*
43074,115
17095,13650
07028,350
46157,115
12074,50
07029,810
17096,125
07030,215
07031,5805
08109,35
46150,100
22149,35
32041,*
50142,*
32042,175
06072,130
18121,*
31157,365
28075,1195
26089,23545
10109,145
48903,90
18122,1145
34903,*
34096,*
45085,260
47078,*
50143,*
50144,*
31158,20
23056,*
22150,35
41054,40
41055,895
19160,50
30024,17375
03084,25
46148,300
30025,555
46149,100
40113,85
49098,*
49099,*
10110,420
05112,15
22151,*
44138,10
42106,*
27027,155
15042,*
28076,180
28901,185
49100,*
04059,295
04060,*
04061,85
14038,4225
50146,*
12072,70
21046,340
50147,115
13051,*
24090,*
45086,40
12073,20
49101,*
39039,*
50148,*
50149,*
27028,13045
18123,*
41056,*
18124,*
31159,20
37173,65
26091,*
50150,25
50151,*
19161,*
22905,15
23057,40
14039,195
31160,*
24091,*
19162,35
31248,15
19163,*
04062,290
46158,230
32043,405
37175,*
29066,*
37174,*
17102,110
17103,630
28078,*
49102,*
40115,*
17097,40
28079,665045
49103,*
45087,995
10111,380
05114,85
09196,*
10112,135
09197,20
02045,240
37176,*
10113,75
41057,10
50152,120
05115,*
06075,30
50153,*
45088,180
42107,10
24093,*
34098,90
06076,55
09198,*
49104,*
02046,15
17098,130
25133,75
44142,*
37177,*
50154,*
49105,*
41058,720
41059,3215
28080,14910
10114,115
16121,*
19165,*
42108,*
29067,72440
19166,*
13052,1355
19167,20
18126,70
50155,*
06077,65
25130,30
50156,10
08110,2265
08111,50
48058,65
50160,390
50157,*
37178,*
10115,225
05116,10
06078,30
10116,60
15043,100
45089,415
50159,145
49107,*
05117,5
09199,*
09200,*
09201,*
07033,8015
37179,5
05118,*
23058,495
06079,30
50161,*
09202,*
07034,115
19168,30
49108,*
49109,60
29068,3205
46159,2620
05119,*
26092,*
08112,3575
34099,*
08113,18375
26093,*
24094,285
24095,*
19169,*
34100,*
46160,100
49110,*
49112,*
49111,*
13053,2475
26094,*
28082,1210
32044,*
45090,80
44143,120
21047,105
47080,*
37180,*
48059,35
31161,15
15044,40
07032,8455
45091,*
50162,*
18127,2640
19170,80
24096,*
31162,*
40903,*
40118,*
29069,24545
10117,30
18128,*
19171,885
41060,525
31163,410
34101,*
43076,35
43075,25
08242,10
04063,45
50163,450
07035,180
16122,*
36026,2020
39040,170
41061,205
46161,105
21048,30
45092,30
48060,540
05120,*
23059,395
50902,*
07036,2940
45093,*
37181,*
05121,*
41062,230
37183,*
44144,25
40119,10
40120,*
40121,*
37182,*
05122,*
08114,6005
08115,515
23060,755
40122,45
48061,*
47081,*
43077,125
44145,160
17100,20
45094,30
43078,200
16123,*
02047,*
19172,*
32045,330
08116,35
08117,140
43079,85
08118,5020
43080,*
43081,80
08119,600
43082,75
46162,*
25131,*
46163,235
46164,880
46165,565
17101,80
25132,*
37184,*
10118,20
40124,15
37186,*
44146,95
12075,15
45095,95
40123,65
24097,15
08120,1305
42110,*
24098,55
42111,*
24099,15
38025,745
47082,*
08121,23755
19173,*
12076,*
49113,*
47083,*
37187,15
49114,*
40125,*
19174,60
26095,5
37188,10
49115,10
47084,275
44147,*
45096,65
19175,10
15045,*
34102,*
30026,4855
39041,75
19176,*
34103,*
09206,*
36027,145
09208,*
28083,885
06080,140
50164,50
05123,*
06081,40
09209,680
47086,475
47085,2925
42113,215
11023,1625
05124,5
39042,475
08122,315
19177,*
26096,*
47087,110
19178,*
27029,235
36028,120
45097,*
28084,2795
47088,*
47089,*
09211,*
49116,*
34104,10
46166,870
31164,30
15046,630
52001,18430
32046,190
40126,*
40127,*
37189,*
13054,350
19179,35
10119,15
25134,140
45098,390
20901,40
48062,15
31165,200
31166,*
48063,30
31167,20
34106,*
06082,*
05125,*
23061,690
45099,700
48064,25
50165,95
17099,*
32047,*
07037,1015
06083,5395
09213,50
09214,*
09906,*
09215,15
09216,10
09217,45
39043,115
10120,15
16124,195
05126,*
45100,*
15047,270
50166,*
13055,*
31168,*
50167,*
44148,35
32048,50
10121,445
50168,*
49117,10
34107,*
50169,*
19181,*
39044,555
39045,10
17105,100
33037,4990
19182,*
37190,5
07902,195
45101,555
40128,*
13056,945
05127,40
29070,12670
43083,*
31169,415
09218,25
37191,10
19184,90
10122,30
46167,5
03086,*
49118,*
19183,40
21049,165
02048,110
16125,270
05128,10
15048,440
42115,*
42116,20
19185,*
16126,130
10123,55
19186,*
28085,1345
31170,*
25135,70
19187,*
46168,75
44149,20
31171,85
37192,*
09219,3070
37193,*
06084,245
09220,*
43084,70
44150,*
05129,5
05130,*
05131,10
46169,5370
36029,1370
45102,260
19188,*
18132,70
29071,20
09221,20
15049,80
35012,4705
37194,30
46170,155
21050,4340
10124,50
45103,50
19189,10
08138,1370
04064,1130
47090,360
04903,975
49119,*
28086,1685
43085,10
41063,85
49120,*
19190,735
30027,5950
24100,*
02049,35
37195,*
44151,25
42117,40
28087,525
08123,4155
39046,100
25137,1940
17106,20
08124,7415
29072,385
17107,60
25136,*
18133,330
05132,*
42118,*
49121,20
18134,305
19191,*
09223,*
09224,*
47091,*
46171,2210
09225,*
12077,800
29073,305
36030,185
36031,10
19192,460
27030,145
50170,25
22155,*
06085,190
50171,*
49122,*
15050,*
22156,10
37196,10
27031,2495
44152,*
03088,410
08128,85
08127,495
37197,*
37198,30
03089,635
50172,10
44153,375
16128,*
31172,30
10125,105
44154,30
37199,*
05133,*
17109,115
44155,40
14040,*
16129,20
16130,*
02050,10
49123,*
12078,25
10126,155
12079,75
22157,15
19193,*
46173,150
43086,1220
43088,335
08125,4395
08130,30
31173,55
16131,15
42119,*
44156,15
47092,*
02051,355
45104,20
32049,*
18135,105
10127,530
29074,30
18136,35
37200,*
40129,*
28088,55
40130,*
42120,30
25139,260
41064,205
14041,75
47093,*
37201,*
06086,135
42121,*
50173,*
44157,*
32050,*
27032,150
40131,*
37202,30
09226,*
06087,100
37203,35
46174,*
45105,*
03903,590
08131,195
25140,*
43089,25
25138,*
08126,2225
13057,105
06088,1290
14042,585
18137,325
46175,140
23062,55
08132,100
08133,35
43090,35
08135,1525
25142,35
25141,*
50174,*
09227,70
25143,*
08136,2495
14043,515
43091,10
17110,140
43092,1795
46176,180
08137,40
46172,705
07038,705
14044,55
22158,3055
34108,*
45106,1145
44158,350
43093,750
43094,805
09228,5
13058,450
40132,*
47094,20
49124,*
18138,485
10128,595
28089,120
47095,*
05134,*
49126,*
49125,*
47096,15
49128,*
49129,*
49130,*
49127,*
49131,*
28090,1405
36032,110
37204,*
50175,125
50176,50
28091,1170
30028,490
19194,*
34109,*
10129,15
33038,195
01039,*
18909,60
43095,305
12080,235
19195,*
31174,*
43096,30
06089,35
49132,*
49133,15
50177,65
48066,20
14045,*
37205,*
37206,*
37207,25
42123,45
41065,1030
37208,*
50178,40
36033,265
44159,*
44160,50
28092,26515
16132,*
16133,60
47097,85
16134,765
02052,*
18140,8525
16135,*
35013,385
50179,20
37209,50
40134,195
50180,*
47098,25
34110,*
47099,10
19196,*
50181,65
50182,705
49134,*
49135,*
31175,15
49136,*
15051,350
32051,*
30029,1375
48068,125
50183,15
02053,145
48069,1655
44161,70
26098,10
48007,55
08129,55
05135,20
05136,*
05138,*
05139,*
05140,*
40135,35
05141,*
05142,*
05143,*
40136,35
08139,35
27033,*
31176,155
30030,50340
50184,*
24101,*
47100,*
42124,*
42125,*
31177,35
50185,20
26099,355
31178,65
31179,35
03091,135
07039,1190
26100,*
03092,1030
26101,*
15053,285
33039,520
18141,55
48908,10
31180,*
46177,830
48071,450
20057,10
20056,295
03090,1290
15052,120
48067,180
48909,*
04065,*
42127,*
26102,1050
26103,*
25145,*
45107,270
46178,250
16137,*
15054,3025
05144,*
05145,*
42128,*
37211,15
05149,*
05147,*
05148,*
25025,355
33040,685
05152,45
37213,15
37214,*
40138,670
45108,90
09229,*
06090,40
37215,10
05153,*
47101,100
21051,15
37212,*
05151,5
28093,540
10130,95
05154,*
05155,*
40139,35
45109,580
05156,10
12081,*
26104,*
22160,10
05157,*
28094,530
28095,515
45110,240
28096,3725
42129,80
37216,*
40140,*
40141,100
05158,60
37217,*
10131,3210
45111,*
45112,85
05159,15
05160,*
05161,150
05162,*
13059,*
45113,130
05163,270
10132,25
06091,235
37218,*
45114,*
05164,*
08140,690
50186,*
40142,*
40143,5
40144,*
01041,*
05165,25
37219,*
28097,*
05166,30
46179,355
26105,*
05167,70
08141,1305
09230,*
13060,35
19197,*
02054,35
41066,65
40145,65
40904,*
40146,110
23063,300
10133,55
05168,1285
28099,705
31181,*
37221,*
17111,120
05169,*
05170,*
25146,40
10134,15
33041,775
27034,*
49137,10
31182,*
09231,10
15055,175
19198,*
15056,435
37222,*
27035,*
09232,10
05171,*
42130,*
29075,3890
02055,40
21052,775
26106,*
18903,55
36034,260
21053,225
40148,5
26107,*
36035,1190
18143,20
50187,*
05172,20
04066,8235
18144,20
31088,760
23064,*
45115,185
24102,40
45116,150
27037,30
34112,*
06092,65
32052,35
44163,15
44164,*
44165,45
15057,1155
39047,255
42131,*
45117,55
50188,*
50189,125
33042,755
08142,*
43097,100
22162,35
50190,25
03093,1810
46180,25
45118,155
42132,10
50191,*
03094,2660
22163,50
14046,250
47102,10
50192,75
28100,405
50193,85
12082,1305
43098,85
45119,775
45120,5
10135,25
31183,95
14047,145
44167,*
45121,2645
19199,*
31185,*
26109,*
31184,*
26108,*
25148,35
08143,425
31186,5
44168,*
24103,15
17112,45
18145,850
04067,30
36036,150
20063,345
32053,60
31187,5
26110,*
29076,565
30031,60
44169,65
05173,*
01042,80
20058,240
31188,*
31189,200
44171,20
34113,*
15058,4245
31190,*
08145,460
08146,155
08147,3110
25149,225
45122,880
44172,40
25150,*
31191,245
25151,*
46181,4185
06093,390
06094,100
10136,30
35014,6915
19200,*
41067,295
47103,*
16139,30
08148,50
06095,1510
26111,*
46183,1005
31194,20
19201,*
19202,*
16140,*
28101,25
16141,10
16142,15
16143,*
09235,10
47104,295
37223,*
49138,*
09236,*
47105,*
34114,*
47106,5
44173,*
46182,95
12083,40
40149,15
31192,*
08149,175
17114,8855
25152,*
04068,*
04069,670
08144,125
42134,655
22164,*
11024,160
50194,*
24104,5
25153,*
25154,10
42135,30
12084,2390
03095,1265
48073,925
03096,920
33043,10
45123,345
46184,2180
22165,*
02056,245
24105,65
09238,105
20059,505
09239,*
03097,100
37224,10
31195,10
09241,30
31196,*
05174,*
50195,*
18146,235
23065,160
15059,1180
19203,*
17115,50
20076,1630
19204,60
40150,*
06096,15
06097,270
20905,*
50196,*
50197,*
20060,*
25155,200
45124,195
18147,730
04070,*
03099,9850
44174,60
20061,495
08150,55
31197,*
08151,45
31906,140
20062,190
31198,*
45125,185
12085,2395
15060,435
38026,3850
31199,*
48075,255
08152,25
31211,20
44175,5
08153,135
26112,*
40151,55
40901,40
15061,855
48083,500
28102,175
03098,*
25156,45
16145,*
50198,*
24106,80
50199,*
05175,*
17116,115
34116,*
34901,*
02057,170
22167,55
25157,*
41068,1340
31200,*
45126,20
49139,*
40152,130
18148,185
46185,*
18149,225
48072,100
32054,17340
27038,80
27039,60
15062,185
33044,34310
01043,120
15063,*
08154,65
15064,*
32055,35
05176,25
09242,*
09243,*
32056,35
15065,625
09244,*
18150,1190
04071,*
46186,1810
35015,5485
40154,*
05177,*
37225,*
49141,*
24107,*
16146,*
16147,*
05178,*
09246,60
24108,15
09247,*
49143,15
37226,*
49142,*
24109,45
41069,1290
37228,*
08155,565
17117,6410
17118,3340
12087,*
27040,200
25158,90
17119,15
17121,50
17120,245
08156,1415
47109,15
40155,370
09248,*
09249,*
34120,9435
37229,*
14048,*
34121,*
43100,65
08157,880
08905,625
46187,*
07040,96140
43099,25
21054,275
14049,1190
19208,*
35016,61450
46188,105
22168,*
17123,40
44176,0
46189,10
16148,*
41070,285
06098,50
45127,35
16149,50
10137,*
21055,1565
17124,385
18151,65
09250,*
31201,30475
09251,25
44177,15
50200,95
22170,185
45128,165
27041,75
05179,*
08158,850
16150,*
28104,3060
50201,40
50202,10
37230,*
37231,*
32057,130
41071,140
27042,*
37232,*
34122,*
24110,85
27043,*
29077,*
03100,95
09253,*
17125,25
19209,*
16151,*
45129,*
34123,110
19210,*
19211,*
08159,1895
28106,20715
17126,40
16152,*
06099,25
05180,*
44178,*
33045,665
47110,*
45130,30
04072,*
09255,*
20064,1085
10138,25
05181,*
38027,795
43101,20
37233,*
27044,150
19212,120
50203,60
46190,8145
11025,545
21056,*
02058,30
04073,*
28107,25
17128,40
43102,*
12088,*
21057,50
34124,*
37234,*
36037,75
26113,*
23066,450
04074,420
16153,55
27045,25
47111,*
47112,225
46191,350
49145,*
40156,50
37235,5
34125,*
19213,25
03101,585
41072,205
17129,30
28108,1095
14050,65
05182,65
18152,*
13061,660
14051,45
50204,285
16154,1095
05183,5
09256,*
34126,5
09259,*
09257,*
09258,*
47113,45
50205,*
37236,*
37237,5
37238,*
26114,*
10139,*
37239,5
41073,200
23067,220
03102,690
49146,15
05184,75
37240,35
45131,40
37241,10
37242,*
28109,620
40157,*
49147,15
49148,*
18153,365
39048,90
03103,*
25164,60
12089,1835
37243,*
37244,15
01044,*
47114,315
41074,75
47115,*
22172,85
05185,*
19214,*
06100,80
19215,25
33046,*
33047,115
37245,*
37246,835
09261,30
37247,*
44179,35
14052,395
39049,*
22173,*
02060,*
02059,*
49149,*
45132,50
49150,*
17130,10
44180,*
08160,50
43103,60
09262,*
16155,170
17132,285
10140,125
10141,*
06101,85
16156,*
44181,*
37248,5
37249,*
19216,5
34127,25
28110,525
44182,*
10142,120
22174,40
22175,10
31202,980
22176,10
19217,*
25165,45
24112,*
22177,*
49151,*
50206,50
32058,250
43104,300
37250,*
49152,*
29079,175
49153,*
34904,*
37251,10
40158,*
32059,55
22178,*
39050,50
10143,*
10144,40
33048,45
39051,*
47116,*
16157,*
31203,*
32060,35
07041,440
03104,1475
46192,70
02061,*
18154,125
28111,*
49154,*
46193,735
46194,1225
16158,115
13062,*
13063,150
05186,330
49155,*
05187,255
31204,*
10145,75
50207,*
39052,1345
08161,1245
09265,*
03902,3595
41075,650
46195,335
43105,5
33049,530
50208,325
12090,*
38901,240
18910,*
16159,*
40159,35
40160,10
16160,*
09266,*
08163,4975
09267,*
37252,*
43106,30
25166,*
46196,*
19218,*
09268,*
09269,*
19219,*
49156,*
42139,*
28112,45
09270,*
26115,*
37253,*
49157,*
34129,*
15066,115
10146,180
25167,50
18157,25
18158,230
03105,625
50209,275
50210,*
28113,8205
34130,*
47117,*
18159,*
47118,*
47119,20
49158,10
32061,20
28114,*
10147,85
19220,230
19221,*
16161,*
43107,40
22181,*
44183,*
37254,*
31205,*
29080,875
37255,*
43108,345
08164,175
22182,20
03106,*
17133,290
17134,105
25911,65
10148,5030
50211,*
10149,20
50212,*
50213,10
48077,300
30032,115
44184,*
25168,30
12093,*
25169,*
08165,200
46199,775
08166,220
43109,525
43110,20
43111,390
25171,970
46202,475
46200,270
46203,380
12094,130
07044,2700
34131,*
34132,*
34133,*
24113,*
49160,*
49159,*
13064,125
03901,215
19222,*
44185,20
43112,50
32063,70
27047,30
15067,365
36041,1010
27046,20
24114,125
39053,*
45133,460
39054,185
34134,*
22184,15
18161,*
08167,535
46197,145
07042,3210
47121,10
03107,500
18162,210
34135,30
50214,*
24115,6965
33050,*
43113,55
25030,*
17135,80
25173,335
08182,405
36043,220
36042,1675
15068,145
36044,100
15069,715
32064,*
27048,360
15070,665
36038,10895
43141,20
08168,45
17136,25
25172,475
23069,135
32062,*
17137,305
43114,25
07043,1235
36039,1510
17140,230
10150,*
16162,*
36040,*
17138,270
12091,10
25174,255
44187,20
10151,30
16163,*
47122,210
42140,*
45134,205
49162,*
15071,245
27049,145
48078,3030
18163,*
13065,260
24116,45
14053,605
39055,110
46198,*
05188,*
19223,*
37256,*
42141,*
02062,40
05189,95
16165,*
09272,*
34136,15
47123,15
47124,*
42142,*
22186,*
05190,*
23070,240
02901,15
19224,*
19225,175
34137,*
16166,55
49163,35
14054,1535
02063,45
02064,*
44189,15
16908,*
16167,*
37257,*
50215,*
44190,*
02065,25
28115,12495
50216,*
13066,410
47125,*
49164,15
10152,25
24117,*
28116,115
16169,*
13067,*
40161,*
09273,*
34139,35
26117,1260
43115,10
40162,85
19226,*
28117,15
43116,70
50217,*
26118,*
49165,5
24118,*
11026,*
09274,55
19227,*
05191,10
43117,*
08169,7990
43118,*
08171,395
08170,50
25175,20
33051,1085
25176,25
25177,10
26119,25
08230,725
08172,4435
09275,*
17139,170
24119,15
16170,305
14055,1025
24120,30
33052,*
16171,375
25179,30
41076,*
46205,1220
50218,*
06102,85
50219,1065
16172,55
45135,135
12092,20
09276,*
37258,*
19228,*
22187,*
41077,90
18164,55
13068,20
21058,125
44191,115
06103,405
06104,115
28118,15
24121,*
41078,210
45136,1320
06107,100
40163,*
37259,*
46201,*
49166,155
06108,120
34140,*
19229,*
44192,15
37260,*
06105,115
13069,*
06106,15
41079,985
16174,*
45137,*
49167,20
06902,85
50220,*
24122,120
23071,45
22188,25
45138,100
37261,*
14056,2125
22902,*
31206,175
39056,50
09277,10
28902,95
23072,*
37262,*
05192,*
37263,20
38028,5020
45139,15
10153,*
11027,9255
35017,9055
13070,*
30033,2045
21059,*
11028,2830
37264,*
11029,55
22189,35
13071,3450
44193,40
31207,*
22190,40
22193,*
46204,985
17141,3700
08174,75
25180,*
43119,70
07045,320
08175,830
25181,20
25182,*
08176,*
29081,5
45140,145
18165,435
04075,1850
21060,1095
38029,175
38030,190
32065,*
47126,*
04076,35
50221,*
18167,150
08177,*
17142,380
46101,100
46102,2315
46103,40
46104,55
03060,*
26120,70
09279,45
18168,25
19230,60
17043,30
45141,95
43120,50
46206,35
23073,225
22195,5
28119,320
06109,210
24123,*
24124,15
09281,15
34141,15
42144,95
24125,*
09280,*
09283,*
09287,*
09288,*
45142,1240
09289,215
16175,1725
42145,5
09292,*
47127,*
09294,*
47129,210
34143,*
47130,*
49170,*
09901,*
09295,*
47128,*
49168,*
49169,*
09298,*
09301,*
09297,*
32066,*
50222,85
42148,*
27050,110
33053,230
49171,25
45143,165
27056,255
49172,30
26121,*
09302,10
47131,*
49173,*
09303,*
42149,40
09304,*
17143,40
16176,*
03109,405
44194,20
46207,590
46208,*
46209,*
03110,35
46210,15
37265,*
04077,*
32067,50
08178,105
39057,140
14057,205
32068,*
47132,*
40164,5
28120,460
26122,30
39058,*
43121,135
05193,10
46212,80
46211,70
41080,175
45144,90
40181,830
38031,3215
10154,*
42151,*
09306,*
40165,*
19231,*
45145,350
02066,25
19232,*
42152,20
26123,10
09307,*
09308,*
37266,*
36045,2080
03111,510
28121,90
17144,*
24127,*
33054,115
09309,15
16177,*
06110,10
39059,750
09310,*
34146,*
03112,115
08179,40
42153,*
50223,95
40166,*
06111,55
43122,30
47133,110
34147,*
19233,*
42154,*
39060,200
49174,20
46213,2275
34149,*
34151,*
06112,25
45146,*
50224,*
19234,*
37267,*
42155,15
09311,*
13072,60
43123,19925
49175,*
34152,*
34154,10
09314,10
09316,*
09312,*
09315,*
24129,*
09317,*
42156,*
40168,*
25183,50
15072,420
24130,45
40170,570
42157,*
19235,15
43124,210
32069,465
33055,130
27051,1150
33056,725
36046,55
31208,755
26124,*
39061,270
39062,185
46214,1440
43125,35
34155,*
27052,35
28122,20
15073,2525
27053,5
01047,225
33057,380
06113,175
25905,*
25185,75
34156,*
17145,340
12095,70
40171,*
50225,825
30034,*
24131,*
24132,*
17146,135
45147,35
43126,220
44195,15
19237,*
29082,3750
26125,370
37268,*
41081,2725
25186,105
05194,*
09318,*
44196,25
05195,*
49176,25
40172,*
19238,*
29083,220
04078,240
46215,160
10155,65
39063,50
49177,*
02067,95
32071,*
33058,180
42158,20
24133,*
27054,70
39064,80
17147,2620
08180,3400
06114,*
25913,10
17148,215
17149,100
43127,170
43128,230
17150,290
43129,1680
17151,25
28123,9200
05196,5
09321,425
49178,*
47134,*
24134,780
47135,*
37269,*
49179,45
10156,10
28124,55
10157,30
19239,10
10158,20
02068,25
28125,725
19240,*
45148,*
13901,90
10159,*
37270,20
28126,10
22197,35
26126,*
06115,145
08181,740
46216,605
43130,45
21061,1685
41082,540
43131,640
40173,20
08183,1185
02069,2650
36047,40
44197,*
26127,25
43132,105
49180,*
15074,65
03113,980
09323,*
42159,*
37271,*
03114,60
10160,45
19241,*
19242,5
50227,*
31209,15
45149,70
31210,*
29084,4250
41083,75
24136,*
04079,17455
43133,1740
21062,210
36048,80
10901,50
38032,960
17152,5105
49181,*
12096,90
25189,270
11030,3830
46217,*
46218,80
47137,*
43134,30
42160,5
44198,*
09325,0
16181,*
28127,12275
28128,95
39065,20
32072,350
10161,20
09326,*
08184,10240
47138,*
32073,15
44199,*
44200,*
44201,165
08185,*
41084,75
18170,70
09327,*
09328,*
47139,200
50228,15
19243,5
39066,40
50229,*
39067,50
46219,*
13902,*
39068,35
17153,70
08901,60
23074,155
14058,730
08187,31840
24137,70
50241,35
22199,1410
23075,70
12097,*
19244,*
16185,*
19245,205
13073,*
40174,30
15075,2150
31212,*
50230,75
16186,150
19246,*
47140,*
37272,*
08188,75
03115,*
37273,*
46220,5710
24139,275
37303,*
22200,30
26128,*
37274,18895
18171,165
29085,*
33059,575
22201,10
22202,*
09329,5
09330,395
25190,50
49183,15
36049,520
44203,*
34157,140
09332,*
37275,*
08190,40
31213,*
44204,*
42161,10
46221,*
17154,15
22203,*
50231,10
03116,70
31214,*
34158,20
16187,*
07059,985
09334,*
08191,830
22204,280
19247,55
16188,*
37276,*
05197,*
02070,120
18173,1815
43135,125
10162,*
43905,5685
17155,8535
41085,250
16189,50
05198,*
47141,*
06116,90
36050,300
50232,*
06117,45
10163,*
37277,*
01051,460
12098,45
01052,130
40176,10
49184,*
27055,*
44205,65
50233,*
31215,625
09335,*
24141,*
44206,5
28129,2130
49185,*
32074,*
19248,*
24142,2510
19249,*
38033,340
46903,320
26129,125
35018,3675
05199,*
05200,10
21063,135
45150,*
05201,*
35019,9980
13074,*
34159,10
49186,*
47142,*
34160,10
32075,325
16190,785
34161,*
40177,20
49187,45
37278,115
38023,22115
24144,*
40178,5
40906,270
32076,40
24145,*
42162,460
37284,*
22205,45
05206,*
24146,*
05208,*
49188,15
05207,*
42163,*
39069,105
37285,60
11031,7915
28130,6145
03118,665
05209,*
03904,125
30035,6565
11902,95
41086,2230
05901,*
05210,*
05211,*
38034,375
22207,*
05212,*
09337,15
05213,*
21064,345
49189,*
24148,*
42164,180
47143,*
13075,*
28131,3750
16191,160
05214,*
09338,*
34163,*
16192,*
28132,3470
05215,*
50234,20
45151,135
33061,75
45152,40
09339,*
10164,20
31217,*
28133,1200
49190,*
47144,*
37286,25
05216,5
33060,1520
44207,*
40182,55
50235,135
38035,1280
39070,*
40183,*
05217,5
49191,*
03120,250
05218,*
37287,15
47145,*
22903,80
47146,15
37036,*
49192,10
26130,65
09340,*
24149,*
26131,*
01053,*
37288,15
37289,*
41088,65
47147,*
45153,230
05219,*
02071,70
24150,*
49193,10
40184,40
49194,*
47148,40
06119,55
37291,5
05220,40
30036,3370
39071,30
37290,*
42165,30
16193,*
47149,*
37292,*
12101,45
26132,35
47150,50
34165,*
45154,60
11033,3265
39072,75
15076,*
47151,*
38036,985
14059,*
28134,13340
21066,20
33063,60
26139,*
06123,535
05231,15
39080,455
49208,*
26142,160
47156,*
03122,3750
09360,*
49209,15
32070,*
25191,80
24143,*
05204,160
37280,*
37281,*
40179,260
05205,20
37282,*
06118,*
37279,*
32077,*
37283,30
03117,*
40180,10
22206,25
31216,430
11032,5195
21065,50
41087,800
31219,*
08194,3850
08195,25
08196,3565
08197,1445
17157,15
17183,70
07046,5820
08198,740
08199,175
08200,9950
08201,160
43136,1530
08203,105
08202,2520
08204,315
17158,110
08205,18735
08206,115
25196,10
08207,560
08208,945
17159,85
08210,1295
17160,4185
08211,6400
17161,210
08212,30
17162,35
08209,415
08213,555
17163,400
25192,155
25197,20
17164,1220
08215,575
08193,65
08216,*
17165,85
43137,230
43902,195
07049,130
03119,1675
07050,1755
17167,765
17168,50
12902,470
08218,1705
08217,5140
17185,465
46222,*
17166,100
12099,110
07048,5065
08903,*
17169,255
08220,370
17903,125
08221,2800
17171,45
25193,315
07051,1490
08222,425
08223,195
07052,900
08225,35
08224,290
17172,75
25902,15
08226,35
08227,380
08228,*
17173,*
12100,455
08229,40
17174,50
17175,70
17176,65
17177,70
08231,3545
08232,310
08233,295
08234,380
17178,640
08189,20
08235,655
08236,485
08237,295
08238,1305
08239,85
25194,35
08240,1910
08241,30
08098,100
08262,1725
08264,1100
08265,140
08263,2885
06120,135
10165,15
45155,*
21067,55
43138,575
21068,*
35021,1100
09343,*
08243,20
34167,*
22208,5
49197,*
26134,*
08244,690
17180,2770
08245,25535
43139,550
24151,55
49199,*
24152,30
15077,470
17181,445
49200,*
24153,*
49201,*
39073,775
34168,*
50236,*
38037,2965
09345,*
22209,*
10166,*
45156,425
13076,*
04080,*
50237,*
16194,*
13077,280
44208,*
10167,5
05222,*
38038,32705
42166,*
18174,20
45157,255
05221,*
09346,*
23076,20
24154,*
26135,*
14061,*
47152,*
49202,*
07053,345
08246,450
44209,210
26136,*
50238,*
33062,75
08247,110
08248,630
07054,7570
18175,710
04081,30
08249,25
09347,*
09348,*
17182,30
35022,11060
12102,185
07055,2445
08250,905
08251,1215
08253,40
39074,395
08254,160
22906,*
35023,665
42167,*
28135,210
24155,*
49203,10
42168,*
05226,*
16196,*
08256,65
08255,70
08257,*
24158,*
08259,1245
37293,*
49204,*
05224,*
05225,*
07056,980
09350,*
16195,45
05902,15
09351,*
09352,*
24156,10
24157,70
05227,80
16197,*
08258,80
40185,140
09353,15
24159,25
06121,445
10168,*
37294,1410
40186,5
45158,390
09354,*
21069,*
43140,505
17184,185
08260,2850
03121,3795
08261,315
38039,1100
31220,*
14060,345
22212,*
39075,26040
07057,3180
24160,55
50239,*
47153,*
34169,25
10169,*
23077,*
15078,14525
37296,*
10170,*
05228,*
38040,1675
05904,10
24161,*
23904,*
37297,*
34170,*
09355,*
34171,50
37298,*
49205,*
47154,*
49206,70
09356,*
10171,*
10172,30
39076,65
41089,480
15079,50
23079,370
39077,30
39078,55
19250,*
40188,*
40189,35
37299,*
33064,*
26138,900
05229,*
40190,*
09358,20
45901,*
23080,160
05230,*
40191,40
30901,2415
39079,1015
28136,110
28137,110
06122,570
37300,145
49207,*
24162,60
47155,450
34174,10
08192,990
26140,5
26141,*
48082,3415
36051,890
49210,*
47157,*
37301,*
09361,*
33065,35
24163,245
22213,545
39081,20
09362,*
43142,245
12103,*
32078,*
27057,1265
17186,350
31222,*
44210,295
25201,*
25200,*
31223,55
45159,*
09363,60
50240,*
19251,15
10173,170
41090,225
37302,*
40192,10
17187,125
38041,445
43143,*
27058,85
03123,400
29086,225
19252,25
40193,5
47158,85
22214,20
43144,100
46223,840
29087,45
50242,10
46224,15
12104,1370
40194,11865
20070,50
23081,*
06124,*
44211,*
10174,*
45160,85
22215,*
19254,10
39082,150
03124,30
46225,30
07058,165
17188,15
43145,600
19901,*
46226,*
22217,145
24164,*
43146,*
07047,235
04082,25
22218,*
43044,1730
03125,90
44212,*
25202,25
25035,45
08267,880
46227,20
37304,*
40195,160
40196,*
09365,*
37305,*
17190,150
28138,20
34175,*
04083,150
42171,15
25204,450
46228,245
17191,25
47159,285
05232,*
10175,*
37306,25
37307,*
05233,15
28140,100
10176,45
22220,*
45161,3370
31224,115
48084,2395
50243,*
22221,15
17192,45
11034,50
19255,*
25203,3655
08269,500
41091,75140
28141,1395
45162,*
25205,25
19256,*
33066,5065
37309,*
10177,60
50244,*
29088,140
12105,45
04084,*
22222,35
46229,95
47160,85
37310,*
05234,*
19257,760
50245,*
23082,170
46230,2100
36052,375
38042,370
17193,1120
47161,535
46231,470
46232,40
07060,420
44213,*
05235,*
06125,140
50246,*
16198,225
08270,6785
17052,20
39083,150
27059,*
50247,75
37311,10
15080,*
24165,*
08271,5
33067,105
02072,100
13078,1680
26143,15
05236,20
06126,120
05237,15
13080,*
13079,955
19258,*
09366,*
16199,*
25206,20
42172,*
43147,50
46233,265
07061,3765
39084,10
05238,90
25207,2925
33068,30
19259,*
04085,*
28143,20
15081,110
07062,4070
48904,485
12106,120
45163,1230
22223,10
48085,1325
18176,*
48086,75
08272,40
20065,385
04086,275
09368,*
42173,7035
25208,70
37312,*
23084,100
31225,*
25209,395
18177,100
26144,30
50248,45
25210,65
46234,*
12107,30
05239,*
26145,10
40198,*
05240,670
09369,130
45164,20
42174,*
19260,*
34177,*
24166,*
33069,440
28144,655
26146,15
24167,60
34176,*
19261,*
22904,35
16909,20
40199,*
37313,*
09372,*
09373,25
36053,830
39085,580
08273,200
25211,65
46235,1710
42175,*
12108,30
04087,5
48076,20
46236,*
31226,10
25212,5
08274,660
09374,*
17194,20
34178,35
34179,*
40200,25
49214,110
37314,15
04088,465
04089,40
27060,80
32079,*
50249,45
38043,1490
31227,1170
08276,45
18901,110
04090,60
42176,*
42177,*
37315,*
08277,15
28145,775
50250,*
25215,45
06127,110
10178,*
25216,*
45165,13815
06128,570
10179,25
10180,2320
16202,100
12109,45
06129,25
17195,75
42178,10
19262,15
37316,*
34180,*
22225,375
47162,*
09375,*
06130,15
38044,65
33070,130
49216,*
08278,1000
19263,*
33071,70
16203,2815
19264,*
50251,1085
37317,*
02073,1205
03127,*
37318,15
09377,75
42181,20
22226,60
34181,*
11035,2170
42182,*
43148,24555
25217,4050
25218,*
25219,10
19265,*
50252,560
46237,1150
46238,1225
08275,50
08280,5
38045,565
29089,375
16204,*
38046,515
35024,2100
08281,560
32080,*
09378,*
16205,*
42183,*
37319,*
35025,80
10181,*
37320,*
35026,10565
22227,35
45166,80
19266,40
37321,*
15082,960
12110,10
46239,*
25220,225
35027,345
04091,25
17196,20
37322,265
09380,*
08279,32120
46240,50
50253,55
44215,*
13081,60
26147,*
44216,6020
19267,*
03128,2135
33072,170
08282,875
35028,5635
03129,90
31228,70
47163,*
28146,530
05241,760
50254,*
22228,*
19268,*
38047,130
04092,330
16206,40
35029,390
33073,940
09381,*
05242,40
31229,*
26148,10
12111,50
25221,40
46241,*
28147,130
25222,*
43149,55
43150,105
19269,*
09382,*
02074,1065
50255,*
26149,*
45167,135
41092,835
12112,30
32081,*
12113,*
39086,*
05243,*
45168,12730
03130,*
40201,*
20071,1390
29090,115
22229,*
41093,1920
13082,3250
36054,870
08283,1580
37323,5
15083,*
25223,175
24168,*
24206,155
12114,40
47164,*
19271,*
19270,*
08284,1905
47165,1530
19272,40
37324,10
15084,*
09384,20
08285,2235
24169,360
19274,245
10182,20
44217,*
22230,*
42184,*
26150,*
05244,*
44218,*
03131,*
25224,*
25225,165
37325,*
05245,25
10183,35
10184,45
44219,15
49219,885
12115,30
34182,35
16209,15
22232,*
13083,75
50256,*
44220,15
45169,40
50257,10
12116,*
31230,*
50258,*
11036,*
44223,*
25227,120
08286,105
10187,30
47169,*
45171,175
43151,*
13084,*
44224,*
43152,55
06131,90
47170,*
10188,70
24170,215
19279,*
23086,285
44225,20
49220,*
12119,10
12120,20
26153,*
22233,*
44227,*
40206,10
05247,*
40202,*
46242,60
25226,35
42185,*
12117,1040
23085,*
40203,170
14062,*
18178,*
12118,*
44221,10
47166,50
45170,20
47167,30
47168,*
10185,85
09386,*
40204,35
44222,*
26151,*
26152,*
10186,70
19277,*
19278,*
43153,3290
23087,130
25228,490
25907,30
09387,*
49221,*
25230,235
50259,*
40205,40
28148,22310
28149,1020
28150,290
19280,740
10190,65
10189,240
16211,*
44226,20
28151,1050
25231,45
50260,*
09388,*
39087,4820
08287,155
46243,*
50261,*
08288,265
08289,375
47171,5
28152,2410
03132,25
06132,45
06133,75
10191,60
10192,70
19281,*
28153,135
44228,*
19282,*
19283,*
19284,*
29901,11100
26154,*
34184,*
17197,*
46244,8780
22234,60
13085,195
10193,50
30037,6510
09389,*
23088,315
10194,*
23090,*
23091,*
44229,15
22235,*
22236,40
50262,*
30038,1460
28154,790
25232,145
49222,55
31231,10
46245,30
09390,45
47172,20
25233,10
37327,*
44230,40
03133,18255
45172,35
44231,*
50263,15
44232,10
45173,2495
17198,70
17199,2485
43154,20
29091,2490
19285,*
42187,*
16212,25
16213,*
17200,160
19286,65
05246,*
09391,80
43155,7115
19287,15
19288,*
18179,25
09392,*
17201,*
50264,45
17202,1255
29092,130
30039,5520
45174,35
15085,35
46246,60
27061,*
24171,*
37328,*
49223,*
16215,25
19289,*
12121,210
44234,25
44235,*
22239,*
06134,*
32082,*
50265,*
50266,*
47173,110
15086,35
11037,270
49224,15
37329,*
25234,1005
28903,4735
04901,*
40207,75
16216,*
09394,85
39088,*
42188,*
18180,55
26155,10
27062,*
16217,*
26157,55
21070,255
47174,*
19290,135
19291,120
34185,10
44236,*
24172,*
48087,*
06135,*
10195,855
09395,*
09396,*
39089,*
31232,5965
47175,935
26158,45
46247,*
36055,1290
35030,3040
31233,5
24173,25
40208,215
46248,360
45175,125
18181,*
04093,115
04094,*
23092,3460
48088,20
11038,815
31234,*
19293,50
42189,*
16218,*
39090,*
48065,300
45176,310
18182,385
31123,30
19294,*
31235,*
30040,*
04095,*
17204,140
08290,115
17205,20
43156,1765
43157,30
17203,30
31236,35
41094,1135
05249,5
50267,35
31237,*
50268,*
47176,35
30041,2190
31238,10
16219,10
49225,*
09398,*
45177,390
31239,*
31240,*
24174,40
48089,160
48074,340
01054,90
20072,455
47177,*
04096,*
31241,15
31242,25
44237,*
50269,*
20077,635
50270,*
31244,*
31243,*
47178,*
40210,*
26160,20
17206,*
31245,*
06136,60
50271,20
12122,*
20073,230
19296,*
50272,1845
31246,*
46249,1230
41095,3555
44238,75
31247,*
08291,310
42190,5
49226,15
05251,*
09400,30
17014,45
24185,15
50274,*
39095,190
15088,155
44239,*
27063,140
44240,30
47179,25
34186,*
49227,15
39091,95
28155,20
19297,*
10196,*
44241,*
09403,*
47180,10
19298,15
19299,*
42191,10
28156,115
19300,40
06137,15
10197,15
37330,*
05252,*
16906,*
19301,*
44243,*
49228,10
24175,*
10198,45
37331,*
24176,*
02075,*
42192,*
01055,60
19302,*
37332,*
50273,*
10199,15
06901,210
37333,*
10200,50
37334,*
42193,*
28157,75
21071,*
19303,*
44244,20
37335,*
44245,10
24177,*
26161,*
42194,5
28158,90
13086,*
28159,65
16224,*
37336,*
24178,*
10201,15
28160,1505
16225,*
28161,10095
16227,*
42195,15
47181,*
19304,*
10202,20
39092,130
16228,*
34189,*
28162,405
13087,3500
23093,180
19305,*
24179,*
28163,50
24180,40
42196,*
39093,*
40211,*
24181,185
34190,*
19306,*
39094,5
24182,*
44246,300
42197,*
37337,*
24183,115
33034,2010
24184,*
49229,*
19307,*
47182,230
06138,215
28164,1005
16902,*
34192,20
40212,*
40213,*
45179,*
24187,75
09405,*
28165,575
09406,*
15087,*
37338,*
47183,*
46250,120495
10203,465
24188,235
06139,60
06140,20
06141,55
41096,380
14063,*
13088,*
16903,85
37339,*
22242,*
19308,*
36056,*
26162,*
19309,*
16231,*
44247,*
12124,780
03134,20
12125,25
17208,180
25043,140
25901,85
03136,25
03137,40
03135,15
17207,455
12126,1905
46251,50
47186,41455
46252,*
09408,*
12123,*
08292,40
25238,30
08293,40
43158,15
07063,440
29093,90
16173,5
22243,*
34196,*
22901,65
06146,110
09904,*
22244,*
09908,20
09409,*
06147,50
09410,35
09411,*
06148,65
09902,*
09905,*
40218,*
09412,55
48080,510
09413,15
09414,*
09415,15
39101,25
31260,*
09416,*
34902,*
18907,205
38049,935
18902,*
24191,0
44249,*
38050,*
09417,*
37343,*
40219,70
40220,*
40221,*
46253,40
09418,*
49230,*
35032,235
25240,245
17170,40
43159,25
08294,305
12127,*
08295,930
17209,45
43160,120
08296,190
43161,4540
25906,10
25239,80
09419,*
50275,*
09407,*
45180,380
18183,*
47184,*
50276,10
37340,*
16234,*
40214,45
14064,30
35031,950
19310,*
42198,*
40215,10
31249,*
50277,*
38048,650
28166,30
06142,35
47185,*
16236,65
10204,*
24189,985
06143,285
06144,25
19311,*
06145,95
37341,*
21072,685
10205,155
40216,90
24190,*
16237,*
37342,10
43162,1180
25909,15
16238,*
08297,*
24193,15
37344,15
15089,*
24196,50
24197,60
39096,*
39097,55
47187,15
35033,780
05253,10
49231,*
37345,20
24198,35
47188,*
49232,*
16239,*
24194,20
33074,355
49233,*
40222,40
24199,25
40223,45
24201,*
18911,700
10902,95
44250,*
37346,10
32083,60
11039,865
45181,40
42200,10
47189,5
05254,70
04097,*
18184,55
04098,120
29094,6885
04099,580
47190,*
22245,25
50278,*
50279,*
42201,*
42202,*
28167,1520
34199,*
37347,30
16240,*
47191,*
28168,520
22909,35
43163,6665
49234,20
34023,460
46254,45
17210,95
45182,85
18185,35
45183,425
45184,15
26163,*
47192,*
37348,*
40224,*
26164,*
28169,215
04100,1915
50280,*
25242,115
32084,*
03138,980
17211,210
32085,1855
34201,15
43164,*
49235,25
22247,20
31251,265
47193,120
42204,*
19314,*
32086,215
10206,20
02076,*
04101,540
08298,11860
04102,4890
27064,15
22248,*
38051,285
14065,55
09422,*
34093,*
09421,20
31252,*
49236,*
49237,*
37349,*
17212,35
17213,1230
25243,1980
50281,15
36057,52250
26165,*
36059,275
43165,105
17214,90
17215,140
36058,435
08299,70
17217,65
17216,10
08301,7045
08300,255
17218,90
17220,145
12128,60
17221,295
38052,80
07065,410
08305,6270
36060,3405
25244,20
17223,215
27065,925
43175,20
08306,140
25245,80
17224,65
43166,335
17225,55
17226,115
17227,20
32087,*
32088,*
46256,420
25247,55
17228,35
12132,75
36061,425
25248,45
25254,55
25249,*
25250,*
43168,25
08303,85
25251,45
08302,1420
08902,405
43167,40
08307,13320
43169,85
32089,105
12134,25
32090,*
32091,*
12135,5095
32092,30
15091,*
43170,165
17230,110
25252,*
15090,140
43171,3550
08214,1160
08219,3645
17222,15
12136,100
43172,75
23094,145
43173,15
43174,60
09423,*
45186,130
38053,310
02077,5
10207,15
28171,1420
10208,25
14066,605
47195,*
47196,*
34202,*
21073,145
24202,895
20075,340
47197,45
24203,*
49238,*
01057,30
49239,45
45185,825
47198,*
39098,75
23095,755
40225,150
47199,*
34204,*
42205,20
47200,*
34205,*
28170,805
16242,40
34206,65
24205,55
24207,*
49240,15
09427,85
50283,*
34208,*
39099,60
49241,35
16243,*
09428,*
09429,*
09430,*
49242,20
50284,*
49243,*
05256,*
37351,*
47203,15
31254,540
14067,30
47204,*
50285,60
05257,*
06149,1025
45187,425
24209,205
44251,30
12129,45
09431,*
47205,70
09432,*
47206,5
39100,35
09433,*
47207,*
06150,35
16244,*
24210,30
49244,*
47208,*
06151,60
37352,*
09434,135
34210,*
14068,10
13089,35
44252,15
12130,40
34211,*
09437,75
03139,6285
34213,*
47209,*
47210,10
49245,*
09438,*
34214,*
49246,*
47211,*
16245,50
47212,*
06152,255
37353,*
50286,*
26166,*
21074,95
16246,*
47213,*
28172,535
09439,20
09440,*
49247,*
34215,*
34216,*
09441,*
50287,45
02078,*
16247,15
09442,20
26167,*
34217,60
49248,*
47214,205
46255,155
49249,*
49250,55
16248,110
49251,*
45188,570
34218,*
11040,*
02079,515
12131,*
24211,30
24901,85
13090,55
41097,790
28173,110
28174,375
28175,80
24212,*
11041,875
34220,5
24213,*
37354,555
13091,*
49252,*
50903,115
09443,*
31255,*
16249,220
09444,*
09445,*
34221,10
26168,835
09446,*
24214,30
18908,*
34222,15
10209,35
10210,*
09447,*
45189,60
45190,30
24215,*
24216,*
49255,*
24217,*
34223,*
45191,45
34224,*
47215,*
34225,440
47216,*
49256,*
09448,*
22249,*
22250,55
47217,50
45192,375
19317,15
29095,275
09449,*
19318,*
05905,*
49257,10
45193,*
26169,15
49258,*
09450,*
46257,240
14069,705
47218,10
50288,515
05258,*
42206,*
16250,15
09451,15
50290,*
50289,*
28176,1910
29902,115
47219,20
13092,40
16251,85
23096,55
06153,2095
10211,40
19319,220
10212,245
21075,*
24218,30
49259,*
18187,235
47220,5
21076,175
13093,175
47221,*
33075,60
28178,85
13094,*
41100,*
47222,*
22251,35
29098,45
09454,*
12133,15
05259,*
41098,145
23097,1095
05260,*
49260,35
37355,15
14070,40
06154,570
28177,2900
34227,*
44256,*
14071,100
30042,180
41099,90
29096,175
29097,170
18188,150
34228,*
24219,*
24902,*
02080,165
34229,*
24221,*
24222,1575
09455,5
09456,15
37356,*
26170,95
16253,*
37357,15
05261,*
16254,*
49263,*
37358,10
16255,15
37359,*
50291,*
16263,155
37360,*
10214,20
06156,50
37361,*
26171,*
42207,25
46258,620
49264,*
42208,*
44257,*
16258,45
16259,*
28179,85
10213,55
13095,*
06155,315
42209,*
44258,*
16910,*
49261,335
14072,*
09903,685
49262,50
47223,20
49265,*
49266,20
23098,*
49267,*
26172,*
16264,30
16265,*
45194,*
24223,35
28180,905
05262,45
16266,*
19321,10
37362,645
24224,*
42211,*
37363,*
16269,65
23099,*
46259,65
09458,15
37364,*
44260,75
37365,10
34230,*
47224,40
37366,*
44261,65
34231,*
34232,60
21077,90
50292,*
49268,5
02081,2645
23101,*
26173,*
50293,60
44262,10
50294,*
13096,1065
45195,175
16270,15
16271,185
06157,20
13097,115
26174,*
16272,15
24225,25
09460,10
34233,*
42212,*
37367,*
10215,60
37368,*
42213,*
19322,*
45196,290
19323,*
37369,10
37370,*
49269,*
24226,*
45197,160
47225,*
34234,*
37371,*
44263,15
09463,25
45198,665
05263,20
23903,170
02082,*
09464,*
31257,15
34236,*
24227,150
34237,*
31258,760
02083,*
47226,*
26175,*
47227,*
49270,*
02084,*
37372,*
40228,20
47228,*
40229,*
26176,*
09466,*
41101,340
16273,*
09467,*
49272,*
49271,10
47229,*
33076,1500
14073,*
28181,1735
37373,60
28182,85
34238,15
09471,*
33077,*
24228,15
24229,10
09472,*
09473,*
40230,*
44264,70
19324,*
03140,1670
34240,*
34241,*
34242,*
34243,75
16274,15
12137,*
37374,55
09476,*
37375,30
26177,50
34245,45
34246,*
08304,65
17233,405
17232,25
47194,30
09424,*
25253,40
50282,35
37350,*
09425,*
43176,100
15092,355
44265,50
25255,*
46260,95
12138,5740
16275,*
43177,85
26178,*
26179,*
42215,20
43178,480
49273,*
05264,*
29099,80
19325,15
44266,10
45199,275
41102,815
13098,265
14074,65
50295,*
12139,35
05265,*
37376,200
01059,30130
27066,2575
44267,*
12140,155
08308,25
02085,15
09478,*
42216,*
18189,85
39102,155
42217,*
47230,*
03081,350
46145,2670
46143,435
46146,*
27021,170
43052,65
32032,1145
46110,3895
27025,55
32036,25
32037,*
35034,4515
42218,20
40231,25
46261,55
45200,510
19326,830
19327,70
22252,*
30043,2475
37377,*
01060,*
19329,*
19330,*
45201,415
42219,*
16276,5
45202,710
33078,*
31261,*
46262,35
22253,*
02086,130
45203,605
45204,30
45205,1905
29100,65
19331,600
19332,5
31262,10
09480,*
18192,120
06158,2400
16277,*
16278,*
18913,*
11042,135
06159,120
50296,40
22254,80
06160,110
21078,190
48095,145
20078,130
01061,10
48096,545
37378,*
37379,15
01062,30
49275,6380
48905,475
19333,*
05266,*
05267,*
50297,113865
37380,*
48097,105
47231,795
20079,2085
46263,5
26180,*
10216,*
10217,*
37381,*
16279,20
10218,105
06162,*
47232,5
06161,*
28183,345
26181,*
09482,*
16280,*
19334,*
40233,55
40234,*
15093,95
09483,*
48024,65
48025,115
20025,225
20026,*
20027,195
48913,30
01018,*
31073,30
48915,*
31907,805
20028,180
44268,*
10219,95
37382,*
19335,*
12141,15
26183,*
24230,*
18193,1700
31263,5
12142,*
50298,600
21079,155
31264,*
14075,110
01063,85
18194,*
20081,520
20080,525
09485,*
31265,15
04103,275
