Codigo Municipio,Edad Media Edificios
01001,
01002,
01003,
01004,
01006,
01008,
01009,
01010,
01011,
01013,
01014,
01016,
01017,
01018,
01019,
01020,
01021,
01022,
01023,
01027,
01028,
01030,
01031,
01032,
01033,
01034,
01036,
01037,
01039,
01041,
01042,
01043,
01044,
01046,
01047,
01049,
01051,
01052,
01053,
01054,
01055,
01056,
01057,
01058,
01059,
01060,
01061,
01062,
01063,
01901,
01902,
02001,42.0
02002,47.0
02003,26.0
02004,52.0
02005,46.0
02006,47.0
02007,45.0
02008,53.0
02009,29.0
02010,41.0
02011,57.0
02012,30.0
02013,52.0
02014,51.0
02015,38.0
02016,51.0
02017,50.0
02018,48.0
02019,42.0
02020,47.0
02021,39.0
02022,52.0
02023,53.0
02024,35.0
02025,30.0
02026,42.0
02027,56.0
02028,47.0
02029,29.0
02030,43.0
02031,51.0
02032,49.0
02033,40.0
02034,40.0
02035,36.0
02036,53.0
02037,36.0
02038,45.0
02039,43.0
02040,50.0
02041,51.0
02042,50.0
02043,46.0
02044,46.0
02045,38.0
02046,42.0
02047,65.0
02048,44.0
02049,51.0
02050,57.0
02051,43.0
02052,34.0
02053,41.0
02054,46.0
02055,50.0
02056,42.0
02057,43.0
02058,45.0
02059,51.0
02060,55.0
02061,52.0
02062,49.0
02063,45.0
02064,47.0
02065,49.0
02066,51.0
02067,39.0
02068,49.0
02069,31.0
02070,51.0
02071,51.0
02072,45.0
02073,39.0
02074,39.0
02075,38.0
02076,51.0
02077,50.0
02078,47.0
02079,37.0
02080,46.0
02081,33.0
02082,45.0
02083,44.0
02084,48.0
02085,52.0
02086,51.0
02901,38.0
03001,22.0
03002,34.0
03003,43.0
03004,32.0
03005,26.0
03006,36.0
03007,44.0
03008,67.0
03009,33.0
03010,48.0
03011,22.0
03012,14.0
03013,52.0
03014,30.0
03015,21.0
03016,61.0
03017,41.0
03018,24.0
03019,29.0
03020,57.0
03021,38.0
03022,64.0
03023,50.0
03024,33.0
03025,33.0
03026,23.0
03027,53.0
03028,45.0
03029,26.0
03030,50.0
03031,28.0
03032,35.0
03033,48.0
03034,29.0
03035,30.0
03036,62.0
03037,26.0
03038,17.0
03039,23.0
03040,28.0
03041,27.0
03042,33.0
03043,44.0
03044,46.0
03045,29.0
03046,34.0
03047,25.0
03048,25.0
03049,58.0
03050,57.0
03051,51.0
03052,33.0
03053,28.0
03054,64.0
03055,47.0
03056,23.0
03057,51.0
03058,51.0
03059,33.0
03060,47.0
03061,62.0
03062,42.0
03063,34.0
03064,23.0
03065,37.0
03066,24.0
03067,51.0
03068,26.0
03069,23.0
03070,19.0
03071,40.0
03072,36.0
03073,56.0
03074,29.0
03075,39.0
03076,19.0
03077,36.0
03078,31.0
03079,30.0
03080,24.0
03081,33.0
03082,26.0
03083,39.0
03084,60.0
03085,37.0
03086,49.0
03088,28.0
03089,40.0
03090,20.0
03091,37.0
03092,31.0
03093,32.0
03094,23.0
03095,29.0
03096,33.0
03097,36.0
03098,34.0
03099,21.0
03100,38.0
03101,27.0
03102,33.0
03103,56.0
03104,29.0
03105,36.0
03106,49.0
03107,25.0
03109,21.0
03110,33.0
03111,27.0
03112,37.0
03113,18.0
03114,40.0
03115,49.0
03116,33.0
03117,42.0
03118,20.0
03119,21.0
03120,20.0
03121,19.0
03122,22.0
03123,34.0
03124,44.0
03125,57.0
03127,42.0
03128,29.0
03129,34.0
03130,51.0
03131,39.0
03132,42.0
03133,19.0
03134,57.0
03135,56.0
03136,60.0
03137,60.0
03138,25.0
03139,24.0
03140,32.0
03901,30.0
03902,21.0
03903,19.0
03904,17.0
04001,39.0
04002,41.0
04003,29.0
04004,42.0
04005,38.0
04006,33.0
04007,39.0
04008,41.0
04009,65.0
04010,33.0
04011,32.0
04012,35.0
04013,28.0
04014,33.0
04015,41.0
04016,26.0
04017,42.0
04018,38.0
04019,41.0
04020,30.0
04021,42.0
04022,32.0
04023,38.0
04024,27.0
04026,61.0
04027,64.0
04028,39.0
04029,29.0
04030,44.0
04031,39.0
04032,23.0
04033,55.0
04034,40.0
04035,27.0
04036,36.0
04037,35.0
04038,34.0
04041,29.0
04043,44.0
04044,27.0
04045,49.0
04046,31.0
04047,19.0
04048,23.0
04049,16.0
04050,57.0
04051,31.0
04052,20.0
04053,31.0
04054,44.0
04055,40.0
04056,42.0
04057,44.0
04058,35.0
04059,52.0
04060,51.0
04061,39.0
04062,28.0
04063,54.0
04064,19.0
04065,45.0
04066,19.0
04067,47.0
04068,65.0
04069,28.0
04070,38.0
04071,47.0
04072,42.0
04073,29.0
04074,33.0
04075,20.0
04076,35.0
04077,51.0
04078,41.0
04079,16.0
04080,42.0
04081,57.0
04082,60.0
04083,40.0
04084,43.0
04085,38.0
04086,35.0
04087,42.0
04088,35.0
04089,38.0
04090,65.0
04091,34.0
04092,32.0
04093,22.0
04094,58.0
04095,52.0
04096,40.0
04097,64.0
04098,39.0
04099,41.0
04100,13.0
04101,22.0
04102,15.0
04103,34.0
04901,45.0
04902,18.0
04903,26.0
04904,
05001,33.0
05002,30.0
05005,40.0
05007,31.0
05008,35.0
05010,56.0
05012,39.0
05013,37.0
05014,34.0
05015,19.0
05016,27.0
05017,50.0
05018,36.0
05019,24.0
05021,32.0
05022,39.0
05023,30.0
05024,57.0
05025,38.0
05026,57.0
05027,48.0
05029,40.0
05030,50.0
05033,39.0
05034,28.0
05035,46.0
05036,44.0
05037,38.0
05038,38.0
05039,52.0
05040,61.0
05041,34.0
05042,43.0
05043,37.0
05044,36.0
05045,38.0
05046,
05047,32.0
05048,35.0
05049,53.0
05051,43.0
05052,30.0
05053,22.0
05054,44.0
05055,48.0
05056,55.0
05057,28.0
05058,37.0
05059,61.0
05060,36.0
05061,40.0
05062,29.0
05063,52.0
05064,40.0
05065,35.0
05066,38.0
05067,33.0
05069,57.0
05070,
05072,50.0
05073,37.0
05074,47.0
05075,51.0
05076,45.0
05077,32.0
05078,63.0
05079,39.0
05080,53.0
05081,58.0
05082,42.0
05083,56.0
05084,36.0
05085,47.0
05086,53.0
05087,49.0
05088,34.0
05089,43.0
05090,33.0
05092,28.0
05093,43.0
05094,31.0
05095,42.0
05096,28.0
05097,34.0
05099,32.0
05100,40.0
05101,51.0
05102,41.0
05103,60.0
05104,59.0
05105,41.0
05106,53.0
05107,41.0
05108,30.0
05109,34.0
05110,44.0
05112,61.0
05113,44.0
05114,32.0
05115,38.0
05116,49.0
05117,47.0
05118,30.0
05119,50.0
05120,42.0
05121,20.0
05122,31.0
05123,26.0
05124,47.0
05125,44.0
05126,47.0
05127,38.0
05128,47.0
05129,46.0
05130,32.0
05131,45.0
05132,42.0
05133,46.0
05134,42.0
05135,31.0
05136,30.0
05138,23.0
05139,58.0
05140,34.0
05141,20.0
05142,34.0
05143,50.0
05144,37.0
05145,31.0
05147,37.0
05148,33.0
05149,53.0
05151,42.0
05152,45.0
05153,33.0
05154,34.0
05155,44.0
05156,37.0
05157,42.0
05158,52.0
05159,36.0
05160,50.0
05161,44.0
05162,55.0
05163,22.0
05164,46.0
05165,42.0
05166,28.0
05167,43.0
05168,23.0
05169,53.0
05170,30.0
05171,55.0
05172,42.0
05173,17.0
05174,49.0
05175,29.0
05176,27.0
05177,38.0
05178,49.0
05179,35.0
05180,38.0
05181,43.0
05182,43.0
05183,39.0
05184,41.0
05185,25.0
05186,38.0
05187,38.0
05188,63.0
05189,44.0
05190,61.0
05191,41.0
05192,35.0
05193,34.0
05194,47.0
05195,36.0
05196,57.0
05197,20.0
05198,46.0
05199,37.0
05200,50.0
05201,48.0
05204,43.0
05205,35.0
05206,33.0
05207,45.0
05208,60.0
05209,35.0
05210,50.0
05211,54.0
05212,44.0
05213,36.0
05214,39.0
05215,45.0
05216,55.0
05217,28.0
05218,44.0
05219,47.0
05220,25.0
05221,41.0
05222,46.0
05224,35.0
05225,36.0
05226,46.0
05227,36.0
05228,42.0
05229,30.0
05230,57.0
05231,19.0
05232,54.0
05233,45.0
05234,71.0
05235,52.0
05236,42.0
05237,55.0
05238,46.0
05239,43.0
05240,33.0
05241,36.0
05242,25.0
05243,61.0
05244,34.0
05245,25.0
05246,45.0
05247,38.0
05249,38.0
05251,52.0
05252,57.0
05253,45.0
05254,55.0
05256,36.0
05257,38.0
05258,44.0
05259,50.0
05260,48.0
05261,56.0
05262,43.0
05263,37.0
05264,31.0
05265,37.0
05266,44.0
05267,36.0
05901,54.0
05902,32.0
05903,55.0
05904,57.0
05905,42.0
06001,41.0
06002,43.0
06003,62.0
06004,43.0
06005,39.0
06006,48.0
06007,57.0
06008,51.0
06009,44.0
06010,57.0
06011,26.0
06012,37.0
06013,52.0
06014,49.0
06015,27.0
06016,55.0
06017,40.0
06018,47.0
06019,52.0
06020,53.0
06021,62.0
06022,54.0
06023,44.0
06024,38.0
06025,39.0
06026,35.0
06027,33.0
06028,46.0
06029,43.0
06030,51.0
06031,54.0
06032,48.0
06033,38.0
06034,42.0
06035,54.0
06036,42.0
06037,38.0
06038,52.0
06039,38.0
06040,42.0
06041,37.0
06042,39.0
06043,30.0
06044,26.0
06045,40.0
06046,46.0
06047,41.0
06048,47.0
06049,62.0
06050,48.0
06051,40.0
06052,36.0
06053,41.0
06054,42.0
06055,61.0
06056,48.0
06057,41.0
06058,39.0
06059,56.0
06060,35.0
06061,47.0
06062,47.0
06063,40.0
06064,43.0
06065,60.0
06066,48.0
06067,43.0
06068,55.0
06069,50.0
06070,43.0
06071,50.0
06072,37.0
06073,57.0
06074,37.0
06075,61.0
06076,37.0
06077,62.0
06078,43.0
06079,44.0
06080,40.0
06081,51.0
06082,40.0
06083,28.0
06084,49.0
06085,32.0
06086,45.0
06087,36.0
06088,34.0
06089,49.0
06090,47.0
06091,35.0
06092,48.0
06093,40.0
06094,45.0
06095,39.0
06096,44.0
06097,45.0
06098,34.0
06099,48.0
06100,44.0
06101,47.0
06102,44.0
06103,33.0
06104,39.0
06105,42.0
06106,33.0
06107,37.0
06108,44.0
06109,44.0
06110,62.0
06111,43.0
06112,40.0
06113,47.0
06114,48.0
06115,38.0
06116,50.0
06117,54.0
06118,46.0
06119,42.0
06120,38.0
06121,42.0
06122,37.0
06123,34.0
06124,39.0
06125,36.0
06126,44.0
06127,38.0
06128,28.0
06129,49.0
06130,48.0
06131,53.0
06132,40.0
06133,38.0
06134,39.0
06135,34.0
06136,47.0
06137,43.0
06138,39.0
06139,56.0
06140,45.0
06141,60.0
06142,49.0
06143,34.0
06144,42.0
06145,40.0
06146,42.0
06147,58.0
06148,50.0
06149,35.0
06150,59.0
06151,55.0
06152,43.0
06153,30.0
06154,39.0
06155,33.0
06156,43.0
06157,47.0
06158,29.0
06159,37.0
06160,37.0
06161,43.0
06162,43.0
06901,30.0
06902,32.0
06903,
07001,42.0
07002,36.0
07003,26.0
07004,47.0
07005,28.0
07006,37.0
07007,51.0
07008,34.0
07009,55.0
07010,38.0
07011,28.0
07012,50.0
07013,32.0
07014,29.0
07015,29.0
07016,35.0
07017,46.0
07018,50.0
07019,40.0
07020,42.0
07021,60.0
07022,40.0
07023,33.0
07024,31.0
07025,48.0
07026,28.0
07027,34.0
07028,53.0
07029,37.0
07030,52.0
07031,31.0
07032,35.0
07033,38.0
07034,41.0
07035,49.0
07036,22.0
07037,25.0
07038,61.0
07039,41.0
07040,33.0
07041,56.0
07042,30.0
07043,48.0
07044,37.0
07045,38.0
07046,31.0
07047,55.0
07048,26.0
07049,50.0
07050,41.0
07051,27.0
07052,33.0
07053,44.0
07054,27.0
07055,33.0
07056,32.0
07057,31.0
07058,39.0
07059,28.0
07060,48.0
07061,44.0
07062,30.0
07063,42.0
07064,33.0
07065,45.0
07901,58.0
07902,39.0
08001,25.0
08002,55.0
08003,30.0
08004,40.0
08005,27.0
08006,32.0
08007,28.0
08008,56.0
08009,34.0
08010,30.0
08011,29.0
08012,35.0
08013,37.0
08014,38.0
08015,35.0
08016,27.0
08017,27.0
08018,35.0
08019,41.0
08020,26.0
08021,66.0
08022,30.0
08023,28.0
08024,38.0
08025,31.0
08026,46.0
08027,32.0
08028,28.0
08029,33.0
08030,30.0
08031,34.0
08032,39.0
08033,31.0
08034,41.0
08035,31.0
08036,58.0
08037,27.0
08038,30.0
08039,33.0
08040,31.0
08041,30.0
08042,32.0
08043,26.0
08044,33.0
08045,66.0
08046,23.0
08047,40.0
08048,46.0
08049,47.0
08050,47.0
08051,28.0
08052,35.0
08053,36.0
08054,26.0
08055,31.0
08056,29.0
08057,25.0
08058,34.0
08059,47.0
08060,63.0
08061,26.0
08062,28.0
08063,36.0
08064,39.0
08065,48.0
08066,30.0
08067,32.0
08068,27.0
08069,28.0
08070,43.0
08071,57.0
08072,28.0
08073,34.0
08074,20.0
08075,26.0
08076,29.0
08077,36.0
08078,59.0
08079,36.0
08080,66.0
08081,54.0
08082,27.0
08083,30.0
08084,27.0
08085,43.0
08086,23.0
08087,41.0
08088,27.0
08089,31.0
08090,63.0
08091,29.0
08092,38.0
08093,53.0
08094,33.0
08095,53.0
08096,30.0
08097,36.0
08098,26.0
08099,30.0
08100,37.0
08101,39.0
08102,29.0
08103,38.0
08104,47.0
08105,33.0
08106,27.0
08107,29.0
08108,29.0
08109,53.0
08110,26.0
08111,47.0
08112,30.0
08113,30.0
08114,30.0
08115,38.0
08116,41.0
08117,36.0
08118,36.0
08119,28.0
08120,29.0
08121,28.0
08122,44.0
08123,29.0
08124,29.0
08125,31.0
08126,30.0
08127,34.0
08128,43.0
08129,28.0
08130,53.0
08131,38.0
08132,50.0
08133,59.0
08134,38.0
08135,31.0
08136,28.0
08137,48.0
08138,29.0
08139,51.0
08140,30.0
08141,32.0
08142,42.0
08143,27.0
08144,31.0
08145,33.0
08146,29.0
08147,27.0
08148,22.0
08149,46.0
08150,41.0
08151,61.0
08152,55.0
08153,37.0
08154,38.0
08155,21.0
08156,28.0
08157,26.0
08158,33.0
08159,26.0
08160,48.0
08161,31.0
08162,29.0
08163,29.0
08164,34.0
08165,33.0
08166,40.0
08167,22.0
08168,45.0
08169,33.0
08170,54.0
08171,40.0
08172,38.0
08174,45.0
08175,37.0
08176,52.0
08177,69.0
08178,47.0
08179,40.0
08180,28.0
08181,26.0
08182,28.0
08183,31.0
08184,28.0
08185,62.0
08187,33.0
08188,67.0
08189,61.0
08190,42.0
08191,33.0
08192,24.0
08193,34.0
08194,33.0
08195,58.0
08196,27.0
08197,29.0
08198,27.0
08199,37.0
08200,33.0
08201,46.0
08202,30.0
08203,25.0
08204,27.0
08205,25.0
08206,37.0
08207,28.0
08208,24.0
08209,30.0
08210,37.0
08211,31.0
08212,49.0
08213,24.0
08214,33.0
08215,36.0
08216,55.0
08217,29.0
08218,28.0
08219,25.0
08220,34.0
08221,28.0
08222,27.0
08223,36.0
08224,26.0
08225,65.0
08226,49.0
08227,32.0
08228,49.0
08229,54.0
08230,33.0
08231,26.0
08232,42.0
08233,36.0
08234,31.0
08235,35.0
08236,39.0
08237,39.0
08238,20.0
08239,35.0
08240,28.0
08241,52.0
08242,45.0
08243,51.0
08244,28.0
08245,38.0
08246,30.0
08247,19.0
08248,32.0
08249,40.0
08250,32.0
08251,25.0
08252,21.0
08253,58.0
08254,43.0
08255,65.0
08256,36.0
08257,52.0
08258,43.0
08259,28.0
08260,26.0
08261,28.0
08262,29.0
08263,32.0
08264,33.0
08265,39.0
08266,30.0
08267,25.0
08268,47.0
08269,32.0
08270,28.0
08271,59.0
08272,48.0
08273,43.0
08274,37.0
08275,46.0
08276,37.0
08277,37.0
08278,30.0
08279,28.0
08280,42.0
08281,29.0
08282,26.0
08283,28.0
08284,24.0
08285,31.0
08286,31.0
08287,43.0
08288,38.0
08289,29.0
08290,26.0
08291,28.0
08292,44.0
08293,53.0
08294,30.0
08295,25.0
08296,27.0
08297,63.0
08298,26.0
08299,40.0
08300,27.0
08301,27.0
08302,26.0
08303,45.0
08304,49.0
08305,27.0
08306,27.0
08307,29.0
08308,67.0
08901,54.0
08902,24.0
08903,35.0
08904,45.0
08905,25.0
09001,65.0
09003,52.0
09006,59.0
09007,52.0
09009,38.0
09010,64.0
09011,62.0
09012,54.0
09013,61.0
09014,62.0
09016,54.0
09017,51.0
09018,29.0
09019,28.0
09020,52.0
09021,50.0
09022,52.0
09023,24.0
09024,48.0
09025,50.0
09026,45.0
09027,67.0
09029,52.0
09030,51.0
09032,62.0
09033,60.0
09034,50.0
09035,50.0
09036,63.0
09037,55.0
09038,56.0
09039,60.0
09041,55.0
09043,57.0
09044,55.0
09045,61.0
09046,63.0
09047,46.0
09048,40.0
09050,52.0
09051,52.0
09052,63.0
09054,57.0
09055,29.0
09056,28.0
09057,35.0
09058,32.0
09059,29.0
09060,60.0
09061,57.0
09062,55.0
09063,45.0
09064,43.0
09065,34.0
09066,65.0
09067,46.0
09068,62.0
09070,56.0
09071,61.0
09072,39.0
09073,27.0
09074,29.0
09075,44.0
09076,67.0
09077,59.0
09078,53.0
09079,57.0
09082,61.0
09083,58.0
09084,58.0
09085,47.0
09086,33.0
09088,64.0
09090,62.0
09091,50.0
09093,44.0
09094,62.0
09095,56.0
09098,54.0
09100,59.0
09101,58.0
09102,65.0
09103,53.0
09104,63.0
09105,58.0
09108,30.0
09109,45.0
09110,52.0
09112,28.0
09113,51.0
09114,48.0
09115,62.0
09117,55.0
09119,55.0
09120,54.0
09122,60.0
09123,63.0
09124,44.0
09125,53.0
09127,67.0
09128,47.0
09129,59.0
09130,61.0
09131,34.0
09132,61.0
09133,54.0
09134,50.0
09135,59.0
09136,52.0
09137,50.0
09138,52.0
09139,59.0
09140,37.0
09141,40.0
09143,64.0
09144,55.0
09148,54.0
09149,62.0
09151,46.0
09152,55.0
09154,54.0
09155,56.0
09159,58.0
09160,58.0
09162,50.0
09163,47.0
09164,34.0
09166,60.0
09167,57.0
09168,48.0
09169,41.0
09170,49.0
09172,64.0
09173,56.0
09174,48.0
09175,60.0
09176,53.0
09177,46.0
09178,64.0
09179,65.0
09180,58.0
09181,57.0
09182,54.0
09183,61.0
09184,66.0
09189,59.0
09190,54.0
09191,65.0
09192,56.0
09194,35.0
09195,57.0
09196,52.0
09197,44.0
09198,60.0
09199,59.0
09200,60.0
09201,59.0
09202,64.0
09206,58.0
09208,54.0
09209,30.0
09211,42.0
09213,46.0
09214,45.0
09215,56.0
09216,51.0
09217,56.0
09218,49.0
09219,30.0
09220,57.0
09221,28.0
09223,66.0
09224,63.0
09225,57.0
09226,65.0
09227,51.0
09228,58.0
09229,54.0
09230,55.0
09231,62.0
09232,60.0
09235,54.0
09236,57.0
09238,53.0
09239,27.0
09241,33.0
09242,40.0
09243,47.0
09244,60.0
09246,44.0
09247,58.0
09248,61.0
09249,46.0
09250,44.0
09251,44.0
09253,36.0
09255,58.0
09256,55.0
09257,53.0
09258,56.0
09259,55.0
09261,38.0
09262,58.0
09265,57.0
09266,48.0
09267,60.0
09268,51.0
09269,67.0
09270,62.0
09272,54.0
09273,60.0
09274,44.0
09275,46.0
09276,33.0
09277,55.0
09279,50.0
09280,58.0
09281,55.0
09283,54.0
09287,31.0
09288,50.0
09289,43.0
09292,60.0
09294,54.0
09295,63.0
09297,49.0
09298,66.0
09301,28.0
09302,48.0
09303,57.0
09304,43.0
09306,62.0
09307,54.0
09308,65.0
09309,47.0
09310,66.0
09311,62.0
09312,56.0
09314,51.0
09315,31.0
09316,51.0
09317,64.0
09318,53.0
09321,36.0
09323,58.0
09325,56.0
09326,44.0
09327,64.0
09328,59.0
09329,53.0
09330,42.0
09332,33.0
09334,60.0
09335,51.0
09337,36.0
09338,33.0
09339,60.0
09340,60.0
09343,51.0
09345,51.0
09346,59.0
09347,58.0
09348,56.0
09350,47.0
09351,59.0
09352,62.0
09353,45.0
09354,66.0
09355,58.0
09356,60.0
09358,49.0
09360,61.0
09361,64.0
09362,30.0
09363,55.0
09365,63.0
09366,60.0
09368,54.0
09369,50.0
09372,31.0
09373,59.0
09374,61.0
09375,53.0
09377,41.0
09378,57.0
09380,58.0
09381,62.0
09382,57.0
09384,53.0
09386,52.0
09387,36.0
09388,63.0
09389,57.0
09390,49.0
09391,56.0
09392,56.0
09394,43.0
09395,59.0
09396,37.0
09398,59.0
09400,48.0
09403,45.0
09405,40.0
09406,36.0
09407,59.0
09408,59.0
09409,61.0
09410,39.0
09411,63.0
09412,56.0
09413,61.0
09414,61.0
09415,59.0
09416,62.0
09417,54.0
09418,48.0
09419,62.0
09421,43.0
09422,60.0
09423,61.0
09424,65.0
09425,41.0
09427,55.0
09428,56.0
09429,65.0
09430,62.0
09431,54.0
09432,62.0
09433,62.0
09434,23.0
09437,51.0
09438,38.0
09439,22.0
09440,29.0
09441,52.0
09442,38.0
09443,54.0
09444,54.0
09445,64.0
09446,64.0
09447,61.0
09448,52.0
09449,41.0
09450,61.0
09451,44.0
09454,61.0
09455,61.0
09456,46.0
09458,19.0
09460,62.0
09463,53.0
09464,62.0
09466,55.0
09467,44.0
09471,41.0
09472,49.0
09473,55.0
09476,63.0
09478,63.0
09480,58.0
09482,59.0
09483,47.0
09485,60.0
09901,47.0
09902,56.0
09903,32.0
09904,49.0
09905,60.0
09906,49.0
09907,22.0
09908,43.0
10001,35.0
10002,58.0
10003,45.0
10004,55.0
10005,57.0
10006,47.0
10007,52.0
10008,51.0
10009,56.0
10010,45.0
10011,58.0
10012,43.0
10013,58.0
10014,40.0
10015,41.0
10016,39.0
10017,54.0
10018,44.0
10019,35.0
10020,48.0
10021,45.0
10022,43.0
10023,50.0
10024,37.0
10025,50.0
10026,42.0
10027,64.0
10028,47.0
10029,58.0
10030,44.0
10031,61.0
10032,54.0
10033,52.0
10034,44.0
10035,35.0
10036,45.0
10037,26.0
10038,61.0
10039,41.0
10040,51.0
10041,41.0
10042,55.0
10043,51.0
10044,41.0
10045,51.0
10046,50.0
10047,35.0
10048,40.0
10049,37.0
10050,40.0
10051,52.0
10052,49.0
10053,59.0
10054,44.0
10055,37.0
10056,52.0
10057,51.0
10058,45.0
10059,49.0
10060,43.0
10061,49.0
10062,54.0
10063,48.0
10064,44.0
10065,48.0
10066,61.0
10067,30.0
10068,34.0
10069,49.0
10070,41.0
10071,52.0
10072,44.0
10073,53.0
10075,47.0
10076,47.0
10077,53.0
10078,40.0
10079,44.0
10080,40.0
10081,49.0
10082,50.0
10083,47.0
10084,54.0
10085,42.0
10086,36.0
10087,46.0
10088,61.0
10089,49.0
10090,48.0
10091,42.0
10092,45.0
10093,53.0
10094,60.0
10095,58.0
10096,35.0
10097,58.0
10098,53.0
10099,49.0
10100,41.0
10101,41.0
10102,58.0
10103,56.0
10104,35.0
10105,29.0
10106,43.0
10107,41.0
10108,52.0
10109,54.0
10110,36.0
10111,34.0
10112,46.0
10113,47.0
10114,38.0
10115,38.0
10116,38.0
10117,43.0
10118,59.0
10119,51.0
10120,51.0
10121,37.0
10122,48.0
10123,39.0
10124,40.0
10125,46.0
10126,54.0
10127,33.0
10128,28.0
10129,36.0
10130,40.0
10131,25.0
10132,41.0
10133,51.0
10134,45.0
10135,50.0
10136,59.0
10137,43.0
10138,44.0
10139,41.0
10140,40.0
10141,46.0
10142,41.0
10143,53.0
10144,39.0
10145,60.0
10146,47.0
10147,41.0
10148,28.0
10149,55.0
10150,42.0
10151,50.0
10152,36.0
10153,60.0
10154,35.0
10155,47.0
10156,61.0
10157,37.0
10158,63.0
10159,44.0
10160,53.0
10161,65.0
10162,62.0
10163,60.0
10164,49.0
10165,61.0
10166,54.0
10167,50.0
10168,58.0
10169,58.0
10170,57.0
10171,56.0
10172,38.0
10173,44.0
10174,38.0
10175,46.0
10176,56.0
10177,41.0
10178,50.0
10179,46.0
10180,34.0
10181,42.0
10182,48.0
10183,45.0
10184,46.0
10185,41.0
10186,49.0
10187,54.0
10188,54.0
10189,44.0
10190,49.0
10191,37.0
10192,40.0
10193,37.0
10194,34.0
10195,43.0
10196,41.0
10197,50.0
10198,58.0
10199,49.0
10200,44.0
10201,55.0
10202,42.0
10203,48.0
10204,46.0
10205,44.0
10206,44.0
10207,45.0
10208,53.0
10209,60.0
10210,48.0
10211,45.0
10212,33.0
10213,41.0
10214,49.0
10215,52.0
10216,31.0
10217,61.0
10218,48.0
10219,54.0
10901,31.0
10902,32.0
10903,35.0
10904,
10905,
11001,34.0
11002,37.0
11003,44.0
11004,27.0
11005,46.0
11006,31.0
11007,30.0
11008,21.0
11009,27.0
11010,38.0
11011,27.0
11012,34.0
11013,24.0
11014,23.0
11015,22.0
11016,26.0
11017,25.0
11018,42.0
11019,35.0
11020,27.0
11021,33.0
11022,28.0
11023,28.0
11024,35.0
11025,27.0
11026,33.0
11027,26.0
11028,26.0
11029,28.0
11030,22.0
11031,28.0
11032,26.0
11033,25.0
11034,51.0
11035,26.0
11036,41.0
11037,33.0
11038,33.0
11039,35.0
11040,37.0
11041,33.0
11042,36.0
11901,23.0
11902,30.0
11903,
12001,59.0
12002,54.0
12003,60.0
12004,26.0
12005,28.0
12006,57.0
12007,43.0
12008,59.0
12009,26.0
12010,54.0
12011,23.0
12012,41.0
12013,51.0
12014,67.0
12015,52.0
12016,45.0
12017,57.0
12018,59.0
12020,56.0
12021,32.0
12022,48.0
12024,55.0
12025,61.0
12026,51.0
12027,23.0
12028,29.0
12029,53.0
12031,30.0
12032,32.0
12033,35.0
12034,39.0
12036,53.0
12037,70.0
12038,65.0
12039,45.0
12040,28.0
12041,63.0
12042,55.0
12043,48.0
12044,59.0
12045,60.0
12046,52.0
12048,53.0
12049,47.0
12050,50.0
12051,63.0
12052,55.0
12053,20.0
12055,49.0
12056,54.0
12057,47.0
12058,52.0
12059,50.0
12060,49.0
12061,59.0
12063,53.0
12064,52.0
12065,51.0
12067,42.0
12068,62.0
12069,55.0
12070,59.0
12071,49.0
12072,46.0
12073,60.0
12074,33.0
12075,65.0
12076,49.0
12077,16.0
12078,54.0
12079,33.0
12080,46.0
12081,37.0
12082,32.0
12083,64.0
12084,27.0
12085,17.0
12087,70.0
12088,53.0
12089,21.0
12090,56.0
12091,64.0
12092,53.0
12093,62.0
12094,36.0
12095,38.0
12096,56.0
12097,44.0
12098,55.0
12099,19.0
12100,45.0
12101,44.0
12102,42.0
12103,60.0
12104,33.0
12105,57.0
12106,44.0
12107,54.0
12108,51.0
12109,48.0
12110,50.0
12111,62.0
12112,61.0
12113,56.0
12114,43.0
12115,59.0
12116,50.0
12117,28.0
12118,53.0
12119,56.0
12120,57.0
12121,47.0
12122,56.0
12123,60.0
12124,38.0
12125,51.0
12126,31.0
12127,68.0
12128,44.0
12129,50.0
12130,60.0
12131,55.0
12132,61.0
12133,48.0
12134,57.0
12135,27.0
12136,41.0
12137,69.0
12138,25.0
12139,48.0
12140,46.0
12141,70.0
12142,50.0
12901,33.0
12902,28.0
13001,41.0
13002,48.0
13003,57.0
13004,51.0
13005,30.0
13006,44.0
13007,42.0
13008,54.0
13009,49.0
13010,48.0
13011,46.0
13012,54.0
13013,31.0
13014,43.0
13015,40.0
13016,37.0
13017,45.0
13018,40.0
13019,34.0
13020,31.0
13021,44.0
13022,53.0
13023,31.0
13024,41.0
13025,40.0
13026,55.0
13027,40.0
13028,31.0
13029,49.0
13030,38.0
13031,35.0
13032,39.0
13033,35.0
13034,23.0
13035,39.0
13036,36.0
13037,46.0
13038,38.0
13039,33.0
13040,41.0
13041,42.0
13042,38.0
13043,62.0
13044,40.0
13045,56.0
13046,45.0
13047,28.0
13048,54.0
13049,39.0
13050,36.0
13051,42.0
13052,43.0
13053,29.0
13054,35.0
13055,45.0
13056,20.0
13057,34.0
13058,37.0
13059,45.0
13060,41.0
13061,33.0
13062,36.0
13063,38.0
13064,16.0
13065,37.0
13066,22.0
13067,48.0
13068,37.0
13069,54.0
13070,43.0
13071,33.0
13072,36.0
13073,47.0
13074,50.0
13075,49.0
13076,43.0
13077,42.0
13078,31.0
13079,31.0
13080,47.0
13081,49.0
13082,29.0
13083,39.0
13084,51.0
13085,38.0
13086,42.0
13087,26.0
13088,47.0
13089,46.0
13090,53.0
13091,45.0
13092,44.0
13093,39.0
13094,45.0
13095,57.0
13096,36.0
13097,44.0
13098,39.0
13901,35.0
13902,27.0
13903,37.0
13904,42.0
14001,39.0
14002,29.0
14003,39.0
14004,36.0
14005,32.0
14006,34.0
14007,27.0
14008,56.0
14009,50.0
14010,29.0
14011,66.0
14012,35.0
14013,28.0
14014,36.0
14015,34.0
14016,45.0
14017,23.0
14018,34.0
14019,37.0
14020,39.0
14021,31.0
14022,29.0
14023,37.0
14024,36.0
14025,42.0
14026,45.0
14027,28.0
14028,42.0
14029,45.0
14030,24.0
14031,43.0
14032,51.0
14033,25.0
14034,56.0
14035,50.0
14036,35.0
14037,39.0
14038,23.0
14039,36.0
14040,34.0
14041,38.0
14042,28.0
14043,38.0
14044,28.0
14045,33.0
14046,31.0
14047,40.0
14048,31.0
14049,28.0
14050,34.0
14051,49.0
14052,52.0
14053,30.0
14054,27.0
14055,31.0
14056,29.0
14057,28.0
14058,33.0
14059,34.0
14060,32.0
14061,44.0
14062,45.0
14063,46.0
14064,64.0
14065,28.0
14066,31.0
14067,22.0
14068,37.0
14069,43.0
14070,36.0
14071,57.0
14072,49.0
14073,33.0
14074,33.0
14075,28.0
14901,
14902,
15001,40.0
15002,21.0
15003,51.0
15004,26.0
15005,23.0
15006,38.0
15007,50.0
15008,35.0
15009,34.0
15010,50.0
15011,26.0
15012,37.0
15013,32.0
15014,43.0
15015,40.0
15016,38.0
15017,26.0
15018,48.0
15019,31.0
15020,41.0
15021,31.0
15022,37.0
15023,32.0
15024,37.0
15025,55.0
15027,41.0
15028,33.0
15029,46.0
15030,32.0
15031,25.0
15032,36.0
15033,47.0
15034,48.0
15035,39.0
15036,39.0
15037,33.0
15038,46.0
15039,54.0
15040,32.0
15041,36.0
15042,54.0
15043,36.0
15044,57.0
15045,46.0
15046,31.0
15047,50.0
15048,27.0
15049,55.0
15050,57.0
15051,40.0
15052,41.0
15053,39.0
15054,28.0
15055,45.0
15056,31.0
15057,34.0
15058,29.0
15059,31.0
15060,23.0
15061,46.0
15062,50.0
15064,49.0
15065,41.0
15066,34.0
15067,32.0
15068,41.0
15069,38.0
15070,35.0
15071,32.0
15072,38.0
15073,26.0
15074,50.0
15075,25.0
15076,52.0
15077,33.0
15078,31.0
15079,50.0
15080,52.0
15081,53.0
15082,28.0
15083,49.0
15084,45.0
15085,48.0
15086,46.0
15087,40.0
15088,41.0
15089,41.0
15090,47.0
15091,47.0
15092,45.0
15093,43.0
15901,40.0
15902,44.0
16001,52.0
16002,50.0
16003,40.0
16004,50.0
16005,54.0
16006,44.0
16007,42.0
16008,59.0
16009,52.0
16010,47.0
16011,53.0
16012,46.0
16013,54.0
16014,43.0
16015,45.0
16016,58.0
16017,44.0
16018,43.0
16019,43.0
16020,53.0
16022,53.0
16023,19.0
16024,46.0
16025,56.0
16026,50.0
16027,36.0
16029,56.0
16030,60.0
16031,61.0
16032,46.0
16033,37.0
16034,53.0
16035,45.0
16036,55.0
16038,65.0
16039,48.0
16040,49.0
16041,52.0
16042,49.0
16043,54.0
16044,63.0
16045,56.0
16046,55.0
16047,45.0
16048,45.0
16049,55.0
16050,56.0
16051,55.0
16052,45.0
16053,49.0
16055,49.0
16056,50.0
16057,51.0
16058,58.0
16060,51.0
16061,39.0
16062,52.0
16063,54.0
16064,46.0
16065,51.0
16066,34.0
16067,34.0
16068,50.0
16070,61.0
16071,55.0
16072,49.0
16073,47.0
16074,66.0
16078,30.0
16079,60.0
16081,50.0
16082,55.0
16083,48.0
16084,56.0
16085,59.0
16086,33.0
16087,46.0
16088,53.0
16089,51.0
16091,52.0
16092,50.0
16093,47.0
16094,64.0
16095,43.0
16096,41.0
16097,51.0
16098,41.0
16099,48.0
16100,47.0
16101,50.0
16102,35.0
16103,46.0
16104,48.0
16106,37.0
16107,64.0
16108,54.0
16109,49.0
16110,51.0
16111,47.0
16112,51.0
16113,37.0
16115,66.0
16116,63.0
16117,37.0
16118,45.0
16119,55.0
16121,51.0
16122,39.0
16123,62.0
16124,39.0
16125,46.0
16126,50.0
16128,55.0
16129,55.0
16130,37.0
16131,47.0
16132,48.0
16133,35.0
16134,36.0
16135,55.0
16137,53.0
16139,42.0
16140,63.0
16141,47.0
16142,57.0
16143,61.0
16145,43.0
16146,56.0
16147,61.0
16148,46.0
16149,43.0
16150,53.0
16151,38.0
16152,48.0
16153,44.0
16154,38.0
16155,46.0
16156,59.0
16157,43.0
16158,42.0
16159,54.0
16160,62.0
16161,45.0
16162,59.0
16163,55.0
16165,54.0
16166,48.0
16167,46.0
16169,59.0
16170,54.0
16171,44.0
16172,45.0
16173,57.0
16174,51.0
16175,28.0
16176,54.0
16177,44.0
16181,62.0
16185,50.0
16186,53.0
16187,59.0
16188,60.0
16189,53.0
16190,36.0
16191,50.0
16192,66.0
16193,43.0
16194,58.0
16195,46.0
16196,40.0
16197,60.0
16198,41.0
16199,51.0
16202,27.0
16203,27.0
16204,55.0
16205,58.0
16206,54.0
16209,58.0
16211,54.0
16212,53.0
16213,62.0
16215,41.0
16216,51.0
16217,63.0
16218,56.0
16219,52.0
16224,52.0
16225,61.0
16227,53.0
16228,67.0
16231,56.0
16234,53.0
16236,46.0
16237,61.0
16238,52.0
16239,50.0
16240,51.0
16242,55.0
16243,45.0
16244,48.0
16245,47.0
16246,54.0
16247,51.0
16248,40.0
16249,46.0
16250,50.0
16251,41.0
16253,35.0
16254,39.0
16255,43.0
16258,65.0
16259,63.0
16263,37.0
16264,48.0
16265,52.0
16266,39.0
16269,43.0
16270,55.0
16271,45.0
16272,44.0
16273,44.0
16274,53.0
16275,67.0
16276,61.0
16277,49.0
16278,64.0
16279,48.0
16280,42.0
16901,57.0
16902,46.0
16903,48.0
16904,44.0
16905,20.0
16906,65.0
16908,50.0
16909,50.0
16910,47.0
17001,55.0
17002,30.0
17003,59.0
17004,35.0
17005,40.0
17006,28.0
17007,41.0
17008,33.0
17009,32.0
17010,46.0
17011,41.0
17012,27.0
17013,31.0
17014,54.0
17015,29.0
17016,37.0
17018,33.0
17019,36.0
17020,27.0
17021,61.0
17022,29.0
17023,28.0
17024,24.0
17025,30.0
17026,43.0
17027,31.0
17028,50.0
17029,60.0
17030,49.0
17031,58.0
17032,32.0
17033,24.0
17034,27.0
17035,43.0
17036,37.0
17037,47.0
17038,23.0
17039,32.0
17040,46.0
17041,56.0
17042,39.0
17043,48.0
17044,26.0
17046,43.0
17047,27.0
17048,30.0
17049,24.0
17050,48.0
17051,49.0
17052,46.0
17054,34.0
17055,57.0
17056,35.0
17057,47.0
17058,49.0
17060,46.0
17061,26.0
17062,29.0
17063,41.0
17064,53.0
17065,49.0
17066,29.0
17067,38.0
17068,41.0
17069,24.0
17070,36.0
17071,32.0
17073,23.0
17074,40.0
17075,56.0
17076,39.0
17077,39.0
17078,27.0
17079,27.0
17080,53.0
17081,27.0
17082,24.0
17083,28.0
17084,24.0
17085,50.0
17086,32.0
17087,47.0
17088,42.0
17089,27.0
17090,33.0
17091,28.0
17092,27.0
17093,40.0
17094,26.0
17095,24.0
17096,66.0
17097,61.0
17098,53.0
17099,47.0
17100,49.0
17101,41.0
17102,43.0
17103,25.0
17105,62.0
17106,47.0
17107,40.0
17109,51.0
17110,31.0
17111,26.0
17112,56.0
17114,30.0
17115,48.0
17116,53.0
17117,31.0
17118,28.0
17119,54.0
17120,29.0
17121,50.0
17123,41.0
17124,30.0
17125,52.0
17126,37.0
17128,40.0
17129,41.0
17130,41.0
17132,31.0
17133,44.0
17134,32.0
17135,47.0
17136,53.0
17137,29.0
17138,45.0
17139,32.0
17140,34.0
17141,27.0
17142,24.0
17143,57.0
17144,43.0
17145,34.0
17146,24.0
17147,36.0
17148,28.0
17149,48.0
17150,26.0
17151,53.0
17152,26.0
17153,48.0
17154,53.0
17155,29.0
17157,59.0
17158,41.0
17159,46.0
17160,30.0
17161,45.0
17162,63.0
17163,29.0
17164,33.0
17165,37.0
17166,42.0
17167,37.0
17168,40.0
17169,26.0
17170,50.0
17171,47.0
17172,49.0
17173,49.0
17174,54.0
17175,35.0
17176,25.0
17177,32.0
17178,28.0
17180,29.0
17181,26.0
17182,37.0
17183,49.0
17184,44.0
17185,34.0
17186,27.0
17187,43.0
17188,38.0
17189,37.0
17190,38.0
17191,35.0
17192,31.0
17193,22.0
17194,58.0
17195,36.0
17196,54.0
17197,39.0
17198,29.0
17199,30.0
17200,47.0
17201,58.0
17202,30.0
17203,52.0
17204,37.0
17205,40.0
17206,26.0
17207,39.0
17208,41.0
17209,27.0
17210,38.0
17211,43.0
17212,45.0
17213,25.0
17214,39.0
17215,24.0
17216,45.0
17217,44.0
17218,52.0
17220,36.0
17221,25.0
17222,40.0
17223,33.0
17224,30.0
17225,43.0
17226,26.0
17227,43.0
17228,54.0
17230,27.0
17232,46.0
17233,33.0
17234,54.0
17901,43.0
17902,37.0
17903,39.0
18001,47.0
18002,54.0
18003,21.0
18004,50.0
18005,46.0
18006,31.0
18007,52.0
18010,50.0
18011,27.0
18012,40.0
18013,39.0
18014,20.0
18015,49.0
18016,63.0
18017,26.0
18018,52.0
18020,42.0
18021,19.0
18022,19.0
18023,31.0
18024,40.0
18025,50.0
18027,43.0
18028,33.0
18029,43.0
18030,57.0
18032,42.0
18033,65.0
18034,43.0
18035,55.0
18036,20.0
18037,27.0
18038,36.0
18039,39.0
18040,60.0
18042,52.0
18043,41.0
18044,63.0
18045,46.0
18046,45.0
18047,21.0
18048,19.0
18049,44.0
18050,37.0
18051,46.0
18053,41.0
18054,54.0
18056,46.0
18057,19.0
18059,28.0
18061,45.0
18062,17.0
18063,40.0
18064,45.0
18065,
18066,33.0
18067,44.0
18068,34.0
18069,50.0
18070,36.0
18071,29.0
18072,48.0
18074,59.0
18076,46.0
18077,
18078,46.0
18079,35.0
18082,36.0
18083,48.0
18084,24.0
18085,50.0
18086,54.0
18087,33.0
18088,41.0
18089,39.0
18093,20.0
18094,30.0
18095,22.0
18096,53.0
18097,51.0
18098,38.0
18099,37.0
18100,26.0
18101,23.0
18102,42.0
18103,43.0
18105,37.0
18106,
18107,40.0
18108,48.0
18109,33.0
18111,20.0
18112,55.0
18114,49.0
18115,24.0
18116,40.0
18117,50.0
18119,47.0
18120,34.0
18121,66.0
18122,31.0
18123,50.0
18124,29.0
18126,33.0
18127,22.0
18128,48.0
18132,41.0
18133,39.0
18134,22.0
18135,42.0
18136,48.0
18137,41.0
18138,35.0
18140,28.0
18141,53.0
18143,46.0
18144,24.0
18145,16.0
18146,47.0
18147,41.0
18148,41.0
18149,23.0
18150,26.0
18151,60.0
18152,54.0
18153,23.0
18154,46.0
18157,29.0
18158,44.0
18159,44.0
18161,48.0
18162,28.0
18163,59.0
18164,49.0
18165,25.0
18167,43.0
18168,49.0
18170,39.0
18171,37.0
18173,24.0
18174,52.0
18175,27.0
18176,48.0
18177,45.0
18178,48.0
18179,59.0
18180,49.0
18181,55.0
18182,43.0
18183,54.0
18184,30.0
18185,40.0
18187,51.0
18188,32.0
18189,34.0
18192,37.0
18193,21.0
18194,37.0
18901,59.0
18902,51.0
18903,49.0
18904,46.0
18905,17.0
18906,52.0
18907,45.0
18908,43.0
18909,52.0
18910,50.0
18911,16.0
18912,45.0
18913,42.0
18914,
18915,
18916,
19001,53.0
19002,62.0
19003,48.0
19004,52.0
19005,51.0
19006,28.0
19007,47.0
19008,58.0
19009,51.0
19010,65.0
19011,64.0
19013,57.0
19015,50.0
19016,46.0
19017,51.0
19018,50.0
19019,52.0
19020,62.0
19021,35.0
19022,43.0
19023,41.0
19024,14.0
19027,57.0
19031,55.0
19032,64.0
19033,52.0
19034,69.0
19036,47.0
19037,39.0
19038,67.0
19039,56.0
19040,59.0
19041,32.0
19042,49.0
19043,48.0
19044,61.0
19045,59.0
19046,21.0
19047,61.0
19048,46.0
19049,67.0
19050,41.0
19051,42.0
19052,64.0
19053,45.0
19054,41.0
19055,54.0
19057,51.0
19058,16.0
19059,41.0
19060,53.0
19061,64.0
19064,45.0
19065,54.0
19066,56.0
19067,48.0
19070,54.0
19071,20.0
19073,51.0
19074,39.0
19075,53.0
19076,64.0
19078,50.0
19079,59.0
19080,57.0
19081,58.0
19082,49.0
19086,45.0
19087,59.0
19088,57.0
19089,60.0
19090,68.0
19091,56.0
19092,50.0
19095,55.0
19096,52.0
19097,56.0
19098,46.0
19099,60.0
19102,50.0
19103,43.0
19104,62.0
19105,21.0
19106,55.0
19107,40.0
19108,47.0
19109,53.0
19110,55.0
19111,53.0
19112,52.0
19113,36.0
19114,57.0
19115,47.0
19116,64.0
19117,21.0
19118,53.0
19119,51.0
19120,48.0
19121,40.0
19122,58.0
19123,45.0
19124,30.0
19125,60.0
19126,18.0
19127,54.0
19129,58.0
19130,26.0
19132,48.0
19133,45.0
19134,69.0
19135,56.0
19136,60.0
19138,41.0
19139,69.0
19142,31.0
19143,31.0
19145,61.0
19146,54.0
19147,63.0
19148,55.0
19150,60.0
19151,39.0
19152,36.0
19153,68.0
19154,47.0
19155,50.0
19156,39.0
19157,53.0
19159,57.0
19160,25.0
19161,46.0
19162,55.0
19163,68.0
19165,59.0
19166,54.0
19167,42.0
19168,56.0
19169,55.0
19170,48.0
19171,22.0
19172,60.0
19173,47.0
19174,45.0
19175,58.0
19176,50.0
19177,58.0
19178,70.0
19179,51.0
19181,67.0
19182,49.0
19183,62.0
19184,51.0
19185,63.0
19186,63.0
19187,51.0
19188,49.0
19189,43.0
19190,43.0
19191,55.0
19192,37.0
19193,44.0
19194,50.0
19195,65.0
19196,52.0
19197,61.0
19198,59.0
19199,61.0
19200,42.0
19201,40.0
19202,69.0
19203,46.0
19204,40.0
19208,55.0
19209,66.0
19210,67.0
19211,43.0
19212,48.0
19213,41.0
19214,50.0
19215,56.0
19216,59.0
19217,39.0
19218,60.0
19219,69.0
19220,16.0
19221,66.0
19222,57.0
19223,44.0
19224,53.0
19225,18.0
19226,59.0
19227,61.0
19228,44.0
19229,53.0
19230,19.0
19231,52.0
19232,42.0
19233,39.0
19234,59.0
19235,63.0
19237,61.0
19238,62.0
19239,46.0
19240,57.0
19241,67.0
19242,52.0
19243,56.0
19244,57.0
19245,47.0
19246,66.0
19247,59.0
19248,55.0
19249,56.0
19250,57.0
19251,61.0
19252,42.0
19254,66.0
19255,67.0
19256,68.0
19257,45.0
19258,56.0
19259,54.0
19260,46.0
19261,68.0
19262,55.0
19263,50.0
19264,57.0
19265,64.0
19266,49.0
19267,62.0
19268,44.0
19269,58.0
19270,68.0
19271,40.0
19272,37.0
19274,32.0
19277,53.0
19278,54.0
19279,43.0
19280,22.0
19281,69.0
19282,60.0
19283,65.0
19284,68.0
19285,68.0
19286,29.0
19287,41.0
19288,45.0
19289,66.0
19290,24.0
19291,46.0
19293,21.0
19294,56.0
19296,49.0
19297,39.0
19298,55.0
19299,52.0
19300,18.0
19301,49.0
19302,60.0
19303,64.0
19304,37.0
19305,55.0
19306,49.0
19307,48.0
19308,56.0
19309,66.0
19310,63.0
19311,50.0
19314,62.0
19317,60.0
19318,57.0
19319,16.0
19321,57.0
19322,65.0
19323,49.0
19324,43.0
19325,54.0
19326,11.0
19327,43.0
19329,59.0
19330,52.0
19331,23.0
19332,33.0
19333,58.0
19334,62.0
19335,43.0
19901,47.0
20001,
20002,
20003,
20004,
20005,
20006,
20007,
20008,
20009,
20010,
20011,
20012,
20013,
20014,
20015,
20016,
20017,
20018,
20019,
20020,
20021,
20022,
20023,
20024,
20025,
20026,
20027,
20028,
20029,
20030,
20031,
20032,
20033,
20034,
20035,
20036,
20037,
20038,
20039,
20040,
20041,
20042,
20043,
20044,
20045,
20046,
20047,
20048,
20049,
20050,
20051,
20052,
20053,
20054,
20055,
20056,
20057,
20058,
20059,
20060,
20061,
20062,
20063,
20064,
20065,
20066,
20067,
20068,
20069,
20070,
20071,
20072,
20073,
20074,
20075,
20076,
20077,
20078,
20079,
20080,
20081,
20901,
20902,
20903,
20904,
20905,
20906,
20907,
21001,64.0
21002,21.0
21003,42.0
21004,56.0
21005,27.0
21006,46.0
21007,36.0
21008,56.0
21009,58.0
21010,22.0
21011,38.0
21012,53.0
21013,31.0
21014,40.0
21015,58.0
21016,46.0
21017,50.0
21018,48.0
21019,54.0
21020,53.0
21021,23.0
21022,63.0
21023,53.0
21024,55.0
21025,45.0
21026,57.0
21027,63.0
21028,62.0
21029,50.0
21030,40.0
21031,60.0
21032,34.0
21033,45.0
21034,53.0
21035,29.0
21036,64.0
21037,41.0
21038,45.0
21039,66.0
21040,33.0
21041,28.0
21042,21.0
21043,50.0
21044,22.0
21045,60.0
21046,32.0
21047,44.0
21048,47.0
21049,51.0
21050,29.0
21051,62.0
21052,50.0
21053,36.0
21054,30.0
21055,27.0
21056,41.0
21057,57.0
21058,50.0
21059,49.0
21060,25.0
21061,41.0
21062,47.0
21063,30.0
21064,24.0
21065,43.0
21066,45.0
21067,59.0
21068,51.0
21069,47.0
21070,32.0
21071,61.0
21072,35.0
21073,30.0
21074,43.0
21075,58.0
21076,38.0
21077,41.0
21078,52.0
21079,56.0
21902,
22001,61.0
22002,64.0
22003,54.0
22004,65.0
22006,31.0
22007,52.0
22008,51.0
22009,37.0
22011,50.0
22012,24.0
22013,43.0
22014,51.0
22015,33.0
22016,38.0
22017,49.0
22018,60.0
22019,39.0
22020,54.0
22021,47.0
22022,53.0
22023,50.0
22024,52.0
22025,38.0
22027,65.0
22028,48.0
22029,64.0
22032,45.0
22035,51.0
22036,58.0
22037,54.0
22039,56.0
22040,67.0
22041,64.0
22042,65.0
22043,56.0
22044,58.0
22045,66.0
22046,57.0
22047,34.0
22048,31.0
22049,
22050,59.0
22051,59.0
22052,54.0
22053,50.0
22054,25.0
22055,62.0
22057,37.0
22058,63.0
22059,26.0
22060,49.0
22061,33.0
22062,54.0
22063,66.0
22064,57.0
22066,35.0
22067,44.0
22068,58.0
22069,34.0
22072,60.0
22074,27.0
22075,66.0
22076,62.0
22077,56.0
22078,23.0
22079,30.0
22080,60.0
22081,65.0
22082,47.0
22083,50.0
22084,26.0
22085,36.0
22086,21.0
22087,64.0
22088,62.0
22089,60.0
22090,64.0
22094,61.0
22095,56.0
22096,37.0
22099,50.0
22102,55.0
22103,53.0
22105,65.0
22106,66.0
22107,64.0
22109,46.0
22110,56.0
22111,54.0
22112,32.0
22113,53.0
22114,63.0
22115,48.0
22116,48.0
22117,42.0
22119,48.0
22122,33.0
22124,29.0
22125,29.0
22126,63.0
22127,32.0
22128,63.0
22129,21.0
22130,28.0
22131,43.0
22133,55.0
22135,61.0
22136,48.0
22137,54.0
22139,61.0
22141,65.0
22142,59.0
22143,38.0
22144,42.0
22149,62.0
22150,60.0
22151,52.0
22155,64.0
22156,26.0
22157,56.0
22158,33.0
22160,61.0
22162,58.0
22163,44.0
22164,63.0
22165,60.0
22167,54.0
22168,55.0
22170,21.0
22172,56.0
22173,61.0
22174,60.0
22175,58.0
22176,60.0
22177,40.0
22178,42.0
22181,63.0
22182,50.0
22184,55.0
22186,62.0
22187,46.0
22188,67.0
22189,47.0
22190,57.0
22193,50.0
22195,37.0
22197,38.0
22199,27.0
22200,32.0
22201,67.0
22202,52.0
22203,55.0
22204,16.0
22205,60.0
22206,42.0
22207,40.0
22208,44.0
22209,37.0
22212,66.0
22213,25.0
22214,57.0
22215,38.0
22217,59.0
22218,10.0
22220,61.0
22221,22.0
22222,23.0
22223,59.0
22225,44.0
22226,47.0
22227,59.0
22228,29.0
22229,64.0
22230,47.0
22232,49.0
22233,61.0
22234,51.0
22235,64.0
22236,46.0
22239,53.0
22242,66.0
22243,67.0
22244,36.0
22245,61.0
22246,61.0
22247,61.0
22248,33.0
22249,28.0
22250,18.0
22251,56.0
22252,60.0
22253,50.0
22254,52.0
22901,51.0
22902,40.0
22903,55.0
22904,63.0
22905,41.0
22906,62.0
22907,31.0
22908,68.0
22909,36.0
23001,54.0
23002,28.0
23003,39.0
23004,38.0
23005,29.0
23006,32.0
23007,35.0
23008,41.0
23009,31.0
23010,30.0
23011,37.0
23012,40.0
23014,39.0
23015,44.0
23016,49.0
23017,47.0
23018,47.0
23019,33.0
23020,43.0
23021,37.0
23024,30.0
23025,37.0
23026,47.0
23027,42.0
23028,36.0
23029,56.0
23030,43.0
23031,51.0
23032,45.0
23033,51.0
23034,51.0
23035,43.0
23037,43.0
23038,24.0
23039,37.0
23040,51.0
23041,42.0
23042,47.0
23043,48.0
23044,40.0
23045,46.0
23046,43.0
23047,29.0
23048,35.0
23049,48.0
23050,29.0
23051,32.0
23052,51.0
23053,36.0
23054,53.0
23055,29.0
23056,41.0
23057,46.0
23058,29.0
23059,34.0
23060,29.0
23061,28.0
23062,53.0
23063,44.0
23064,43.0
23065,39.0
23066,42.0
23067,45.0
23069,30.0
23070,39.0
23071,41.0
23072,44.0
23073,42.0
23074,38.0
23075,44.0
23076,43.0
23077,47.0
23079,38.0
23080,37.0
23081,36.0
23082,41.0
23084,51.0
23085,35.0
23086,29.0
23087,31.0
23088,30.0
23090,48.0
23091,42.0
23092,29.0
23093,46.0
23094,38.0
23095,34.0
23096,42.0
23097,38.0
23098,49.0
23099,30.0
23101,53.0
23901,43.0
23902,51.0
23903,44.0
23904,44.0
23905,37.0
24001,59.0
24002,58.0
24003,58.0
24004,56.0
24005,59.0
24006,58.0
24007,62.0
24008,32.0
24009,60.0
24010,27.0
24011,64.0
24012,65.0
24014,37.0
24015,42.0
24016,66.0
24017,48.0
24018,61.0
24019,58.0
24020,55.0
24021,42.0
24022,61.0
24023,60.0
24024,52.0
24025,56.0
24026,52.0
24027,45.0
24028,52.0
24029,60.0
24030,38.0
24031,56.0
24032,65.0
24033,56.0
24034,35.0
24036,63.0
24037,63.0
24038,45.0
24039,39.0
24040,51.0
24041,59.0
24042,57.0
24043,68.0
24044,62.0
24046,55.0
24047,55.0
24049,57.0
24050,59.0
24051,57.0
24052,63.0
24053,57.0
24054,50.0
24055,47.0
24056,46.0
24057,50.0
24058,62.0
24059,63.0
24060,59.0
24061,48.0
24062,59.0
24063,54.0
24064,45.0
24065,39.0
24066,59.0
24067,63.0
24068,62.0
24069,63.0
24070,42.0
24071,59.0
24073,50.0
24074,60.0
24076,48.0
24077,55.0
24078,58.0
24079,58.0
24080,56.0
24081,58.0
24082,41.0
24083,57.0
24084,61.0
24086,57.0
24087,42.0
24088,49.0
24089,29.0
24090,63.0
24091,63.0
24092,52.0
24093,58.0
24094,42.0
24095,53.0
24096,53.0
24097,63.0
24098,54.0
24099,62.0
24100,52.0
24101,68.0
24102,59.0
24103,67.0
24104,52.0
24105,18.0
24106,64.0
24107,65.0
24108,51.0
24109,60.0
24110,55.0
24112,55.0
24113,50.0
24114,47.0
24115,28.0
24116,61.0
24117,54.0
24118,64.0
24119,62.0
24120,53.0
24121,31.0
24122,49.0
24123,55.0
24124,53.0
24125,58.0
24127,48.0
24129,63.0
24130,26.0
24131,55.0
24132,63.0
24133,54.0
24134,40.0
24136,47.0
24137,45.0
24139,43.0
24141,54.0
24142,23.0
24143,51.0
24144,53.0
24145,61.0
24146,56.0
24148,47.0
24149,45.0
24150,55.0
24151,56.0
24152,64.0
24153,57.0
24154,50.0
24155,49.0
24156,61.0
24157,29.0
24158,60.0
24159,47.0
24160,51.0
24161,58.0
24162,35.0
24163,28.0
24164,63.0
24165,63.0
24166,47.0
24167,57.0
24168,49.0
24169,49.0
24170,54.0
24171,62.0
24172,65.0
24173,50.0
24174,52.0
24175,43.0
24176,42.0
24177,60.0
24178,59.0
24179,54.0
24180,50.0
24181,47.0
24182,61.0
24183,60.0
24184,63.0
24185,61.0
24187,51.0
24188,26.0
24189,24.0
24190,57.0
24191,59.0
24193,53.0
24194,53.0
24196,49.0
24197,46.0
24198,61.0
24199,55.0
24201,52.0
24202,39.0
24203,62.0
24205,42.0
24206,50.0
24207,52.0
24209,49.0
24210,62.0
24211,57.0
24212,49.0
24213,55.0
24214,52.0
24215,59.0
24216,55.0
24217,58.0
24218,49.0
24219,57.0
24221,50.0
24222,18.0
24223,38.0
24224,51.0
24225,42.0
24226,57.0
24227,46.0
24228,49.0
24229,59.0
24230,49.0
24901,52.0
24902,60.0
25001,62.0
25002,58.0
25003,30.0
25004,30.0
25005,57.0
25006,56.0
25007,23.0
25008,44.0
25009,56.0
25010,51.0
25011,19.0
25012,24.0
25013,37.0
25014,48.0
25015,61.0
25016,39.0
25017,48.0
25019,31.0
25020,63.0
25021,43.0
25022,56.0
25023,25.0
25024,32.0
25025,24.0
25027,50.0
25029,52.0
25030,56.0
25031,49.0
25032,54.0
25033,37.0
25034,37.0
25035,56.0
25036,48.0
25037,58.0
25038,45.0
25039,59.0
25040,31.0
25041,48.0
25042,49.0
25043,24.0
25044,55.0
25045,58.0
25046,61.0
25047,46.0
25048,39.0
25049,55.0
25050,32.0
25051,29.0
25052,46.0
25053,28.0
25055,61.0
25056,64.0
25057,30.0
25058,34.0
25059,35.0
25060,52.0
25061,59.0
25062,55.0
25063,53.0
25064,51.0
25067,56.0
25068,53.0
25069,56.0
25070,47.0
25071,64.0
25072,34.0
25073,60.0
25074,64.0
25075,52.0
25076,58.0
25077,49.0
25078,42.0
25079,58.0
25081,65.0
25082,32.0
25085,57.0
25086,23.0
25087,51.0
25088,50.0
25089,57.0
25092,62.0
25093,34.0
25094,56.0
25096,50.0
25097,66.0
25098,55.0
25099,40.0
25100,42.0
25101,65.0
25102,45.0
25103,63.0
25104,66.0
25105,60.0
25109,62.0
25110,27.0
25111,53.0
25112,51.0
25113,52.0
25114,66.0
25115,50.0
25118,67.0
25119,43.0
25120,28.0
25121,32.0
25122,34.0
25123,58.0
25124,50.0
25125,64.0
25126,38.0
25127,50.0
25128,52.0
25129,59.0
25130,66.0
25131,52.0
25132,60.0
25133,60.0
25134,45.0
25135,46.0
25136,43.0
25137,25.0
25138,60.0
25139,37.0
25140,42.0
25141,67.0
25142,45.0
25143,66.0
25145,68.0
25146,54.0
25148,50.0
25149,38.0
25150,56.0
25151,30.0
25152,64.0
25153,61.0
25154,63.0
25155,41.0
25156,43.0
25157,63.0
25158,35.0
25161,47.0
25163,29.0
25164,50.0
25165,48.0
25166,69.0
25167,44.0
25168,45.0
25169,64.0
25170,63.0
25171,33.0
25172,37.0
25173,31.0
25174,44.0
25175,26.0
25176,56.0
25177,62.0
25179,38.0
25180,50.0
25181,65.0
25182,36.0
25183,36.0
25185,47.0
25186,56.0
25189,20.0
25190,44.0
25191,58.0
25192,40.0
25193,31.0
25194,61.0
25196,66.0
25197,65.0
25200,55.0
25201,55.0
25202,34.0
25203,29.0
25204,52.0
25205,37.0
25206,57.0
25207,29.0
25208,46.0
25209,33.0
25210,41.0
25211,42.0
25212,39.0
25215,45.0
25216,66.0
25217,29.0
25218,65.0
25219,65.0
25220,45.0
25221,41.0
25222,24.0
25223,42.0
25224,65.0
25225,48.0
25226,62.0
25227,43.0
25228,19.0
25230,51.0
25231,51.0
25232,41.0
25233,34.0
25234,34.0
25238,66.0
25239,46.0
25240,34.0
25242,56.0
25243,28.0
25244,37.0
25245,38.0
25247,32.0
25248,55.0
25249,51.0
25250,60.0
25251,34.0
25252,36.0
25253,63.0
25254,40.0
25255,59.0
25901,40.0
25902,63.0
25903,55.0
25904,57.0
25905,61.0
25906,56.0
25907,68.0
25908,56.0
25909,63.0
25910,46.0
25911,63.0
25912,41.0
25913,33.0
26001,23.0
26002,32.0
26003,57.0
26004,37.0
26005,25.0
26006,27.0
26007,46.0
26008,42.0
26009,25.0
26010,50.0
26011,34.0
26012,40.0
26013,36.0
26014,53.0
26015,28.0
26016,39.0
26017,42.0
26018,31.0
26019,27.0
26020,50.0
26021,37.0
26022,54.0
26023,22.0
26024,51.0
26025,20.0
26026,35.0
26027,21.0
26028,27.0
26029,32.0
26030,54.0
26031,33.0
26032,39.0
26033,42.0
26034,49.0
26035,46.0
26036,33.0
26037,25.0
26038,60.0
26039,23.0
26040,44.0
26041,28.0
26042,34.0
26043,27.0
26044,22.0
26045,42.0
26046,39.0
26047,52.0
26048,46.0
26049,31.0
26050,10.0
26051,18.0
26052,45.0
26053,50.0
26054,63.0
26055,43.0
26056,29.0
26057,46.0
26058,43.0
26059,31.0
26060,36.0
26061,27.0
26062,35.0
26063,16.0
26064,31.0
26065,44.0
26066,35.0
26067,21.0
26068,16.0
26069,15.0
26070,61.0
26071,29.0
26072,18.0
26073,21.0
26074,42.0
26075,45.0
26076,47.0
26077,71.0
26078,45.0
26079,43.0
26080,51.0
26081,63.0
26082,21.0
26083,56.0
26084,17.0
26086,18.0
26087,14.0
26088,40.0
26089,29.0
26091,30.0
26092,36.0
26093,10.0
26094,56.0
26095,27.0
26096,35.0
26098,52.0
26099,36.0
26100,58.0
26101,52.0
26102,28.0
26103,40.0
26104,71.0
26105,30.0
26106,48.0
26107,42.0
26108,56.0
26109,52.0
26110,26.0
26111,41.0
26112,55.0
26113,13.0
26114,38.0
26115,12.0
26117,35.0
26118,17.0
26119,19.0
26120,37.0
26121,22.0
26122,40.0
26123,48.0
26124,42.0
26125,37.0
26126,56.0
26127,47.0
26128,44.0
26129,47.0
26130,38.0
26131,58.0
26132,27.0
26134,29.0
26135,62.0
26136,14.0
26138,33.0
26139,43.0
26140,34.0
26141,53.0
26142,44.0
26143,11.0
26144,20.0
26145,43.0
26146,48.0
26147,19.0
26148,20.0
26149,22.0
26150,20.0
26151,30.0
26152,23.0
26153,31.0
26154,71.0
26155,41.0
26157,22.0
26158,53.0
26160,36.0
26161,71.0
26162,38.0
26163,46.0
26164,26.0
26165,17.0
26166,28.0
26167,17.0
26168,18.0
26169,55.0
26170,50.0
26171,28.0
26172,17.0
26173,19.0
26174,21.0
26175,28.0
26176,31.0
26177,25.0
26178,27.0
26179,60.0
26180,15.0
26181,
26183,12.0
27001,57.0
27002,50.0
27003,51.0
27004,53.0
27005,31.0
27006,43.0
27007,50.0
27008,50.0
27009,54.0
27010,41.0
27011,51.0
27012,51.0
27013,35.0
27014,48.0
27015,48.0
27016,42.0
27017,60.0
27018,50.0
27019,28.0
27020,50.0
27021,47.0
27022,44.0
27023,51.0
27024,58.0
27025,33.0
27026,46.0
27027,46.0
27028,28.0
27029,35.0
27030,52.0
27031,35.0
27032,36.0
27033,59.0
27034,53.0
27035,63.0
27037,55.0
27038,65.0
27039,37.0
27040,50.0
27041,56.0
27042,54.0
27043,53.0
27044,50.0
27045,49.0
27046,50.0
27047,55.0
27048,45.0
27049,29.0
27050,47.0
27051,32.0
27052,41.0
27053,61.0
27054,51.0
27055,60.0
27056,35.0
27057,33.0
27058,49.0
27059,56.0
27060,54.0
27061,54.0
27062,56.0
27063,46.0
27064,41.0
27065,39.0
27066,33.0
27901,48.0
27902,24.0
28001,51.0
28002,20.0
28003,43.0
28004,27.0
28005,30.0
28006,24.0
28007,30.0
28008,31.0
28009,25.0
28010,27.0
28011,40.0
28012,27.0
28013,27.0
28014,23.0
28015,12.0
28016,43.0
28017,27.0
28018,31.0
28019,34.0
28020,33.0
28021,40.0
28022,17.0
28023,27.0
28024,44.0
28025,47.0
28026,18.0
28027,33.0
28028,27.0
28029,33.0
28030,27.0
28031,33.0
28032,15.0
28033,21.0
28034,42.0
28035,35.0
28036,14.0
28037,41.0
28038,33.0
28039,43.0
28040,20.0
28041,17.0
28042,27.0
28043,30.0
28044,21.0
28045,26.0
28046,27.0
28047,27.0
28048,33.0
28049,27.0
28050,18.0
28051,35.0
28052,34.0
28053,19.0
28054,30.0
28055,39.0
28056,31.0
28057,19.0
28058,27.0
28059,23.0
28060,31.0
28061,23.0
28062,44.0
28063,39.0
28064,34.0
28065,28.0
28066,16.0
28067,25.0
28068,32.0
28069,52.0
28070,44.0
28071,43.0
28072,37.0
28073,20.0
28074,30.0
28075,17.0
28076,39.0
28078,50.0
28079,36.0
28080,22.0
28082,21.0
28083,18.0
28084,25.0
28085,30.0
28086,23.0
28087,31.0
28088,42.0
28089,22.0
28090,25.0
28091,32.0
28092,33.0
28093,31.0
28094,22.0
28095,25.0
28096,19.0
28097,45.0
28099,30.0
28100,27.0
28101,31.0
28102,33.0
28104,15.0
28106,25.0
28107,38.0
28108,17.0
28109,34.0
28110,37.0
28111,30.0
28112,41.0
28113,21.0
28114,48.0
28115,23.0
28116,21.0
28117,49.0
28118,49.0
28119,18.0
28120,35.0
28121,34.0
28122,33.0
28123,14.0
28124,41.0
28125,31.0
28126,56.0
28127,19.0
28128,41.0
28129,20.0
28130,27.0
28131,30.0
28132,21.0
28133,34.0
28134,22.0
28135,42.0
28136,31.0
28137,24.0
28138,43.0
28140,17.0
28141,18.0
28143,60.0
28144,28.0
28145,23.0
28146,31.0
28147,34.0
28148,26.0
28149,19.0
28150,21.0
28151,28.0
28152,22.0
28153,23.0
28154,22.0
28155,49.0
28156,24.0
28157,38.0
28158,32.0
28159,34.0
28160,24.0
28161,17.0
28162,18.0
28163,33.0
28164,21.0
28165,31.0
28166,32.0
28167,19.0
28168,26.0
28169,19.0
28170,34.0
28171,31.0
28172,18.0
28173,39.0
28174,30.0
28175,23.0
28176,17.0
28177,14.0
28178,23.0
28179,34.0
28180,27.0
28181,22.0
28182,44.0
28183,37.0
28901,39.0
28902,43.0
28903,20.0
29001,35.0
29002,28.0
29003,40.0
29004,51.0
29005,30.0
29006,50.0
29007,18.0
29008,27.0
29009,45.0
29010,46.0
29011,42.0
29012,33.0
29013,36.0
29014,45.0
29015,29.0
29016,53.0
29017,30.0
29018,42.0
29019,48.0
29020,33.0
29021,36.0
29022,52.0
29023,13.0
29024,51.0
29025,21.0
29026,42.0
29027,34.0
29028,42.0
29029,56.0
29030,44.0
29031,40.0
29032,29.0
29033,50.0
29034,42.0
29035,44.0
29036,44.0
29037,42.0
29038,20.0
29039,29.0
29040,36.0
29041,19.0
29042,27.0
29043,35.0
29044,48.0
29045,36.0
29046,38.0
29047,39.0
29048,40.0
29049,34.0
29050,44.0
29051,20.0
29052,50.0
29053,28.0
29054,25.0
29055,28.0
29056,49.0
29057,40.0
29058,33.0
29059,29.0
29060,49.0
29061,31.0
29062,32.0
29063,46.0
29064,47.0
29065,44.0
29066,45.0
29067,30.0
29068,16.0
29069,22.0
29070,18.0
29071,42.0
29072,29.0
29073,28.0
29074,34.0
29075,26.0
29076,18.0
29077,54.0
29079,38.0
29080,27.0
29081,41.0
29082,20.0
29083,39.0
29084,28.0
29085,60.0
29086,48.0
29087,52.0
29088,34.0
29089,42.0
29090,36.0
29091,23.0
29092,44.0
29093,34.0
29094,25.0
29095,35.0
29096,36.0
29097,36.0
29098,39.0
29099,29.0
29100,36.0
29901,29.0
29902,
29903,
29904,
30001,43.0
30002,34.0
30003,23.0
30004,40.0
30005,25.0
30006,41.0
30007,31.0
30008,24.0
30009,27.0
30010,24.0
30011,36.0
30012,34.0
30013,33.0
30014,44.0
30015,31.0
30016,31.0
30017,36.0
30018,22.0
30019,33.0
30020,29.0
30021,29.0
30022,33.0
30023,29.0
30024,32.0
30025,26.0
30026,22.0
30027,24.0
30028,42.0
30029,33.0
30030,26.0
30031,54.0
30032,37.0
30033,21.0
30034,51.0
30035,21.0
30036,24.0
30037,21.0
30038,29.0
30039,31.0
30040,43.0
30041,27.0
30042,25.0
30043,29.0
30901,23.0
30902,21.0
31001,
31002,
31003,
31004,
31005,
31006,
31007,
31008,
31009,
31010,
31011,
31012,
31013,
31014,
31015,
31016,
31017,
31018,
31019,
31020,
31021,
31022,
31023,
31024,
31025,
31026,
31027,
31028,
31029,
31030,
31031,
31032,
31033,
31034,
31035,
31036,
31037,
31038,
31039,
31040,
31041,
31042,
31043,
31044,
31045,
31046,
31047,
31048,
31049,
31050,
31051,
31052,
31053,
31054,
31055,
31056,
31057,
31058,
31059,
31060,
31061,
31062,
31063,
31064,
31065,
31066,
31067,
31068,
31069,
31070,
31071,
31072,
31073,
31074,
31075,
31076,
31077,
31078,
31079,
31080,
31081,
31082,
31083,
31084,
31085,
31086,
31087,
31088,
31089,
31090,
31091,
31092,
31093,
31094,
31095,
31096,
31097,
31098,
31099,
31100,
31101,
31102,
31103,
31104,
31105,
31106,
31107,
31108,
31109,
31110,
31111,
31112,
31113,
31114,
31115,
31116,
31117,
31118,
31119,
31120,
31121,
31122,
31123,
31124,
31125,
31126,
31127,
31128,
31129,
31130,
31131,
31132,
31133,
31134,
31135,
31136,
31137,
31138,
31139,
31140,
31141,
31142,
31143,
31144,
31145,
31146,
31147,
31148,
31149,
31150,
31151,
31152,
31153,
31154,
31155,
31156,
31157,
31158,
31159,
31160,
31161,
31162,
31163,
31164,
31165,
31166,
31167,
31168,
31169,
31170,
31171,
31172,
31173,
31174,
31175,
31176,
31177,
31178,
31179,
31180,
31181,
31182,
31183,
31184,
31185,
31186,
31187,
31188,
31189,
31190,
31191,
31192,
31193,
31194,
31195,
31196,
31197,
31198,
31199,
31200,
31201,
31202,
31203,
31204,
31205,
31206,
31207,
31208,
31209,
31210,
31211,
31212,
31213,
31214,
31215,
31216,
31217,
31219,
31220,
31221,
31222,
31223,
31224,
31225,
31226,
31227,
31228,
31229,
31230,
31231,
31232,
31233,
31234,
31235,
31236,
31237,
31238,
31239,
31240,
31241,
31242,
31243,
31244,
31245,
31246,
31247,
31248,
31249,
31250,
31251,
31252,
31253,
31254,
31255,
31256,
31257,
31258,
31259,
31260,
31261,
31262,
31263,
31264,
31265,
31901,
31902,
31903,
31904,
31905,
31906,
31907,
31908,
32001,42.0
32002,46.0
32003,46.0
32004,51.0
32005,51.0
32006,50.0
32007,55.0
32008,24.0
32009,27.0
32010,51.0
32011,50.0
32012,47.0
32013,46.0
32014,50.0
32015,57.0
32016,52.0
32017,53.0
32018,48.0
32019,31.0
32020,47.0
32021,52.0
32022,51.0
32023,47.0
32024,37.0
32025,51.0
32026,53.0
32027,45.0
32028,48.0
32029,61.0
32030,49.0
32031,51.0
32032,33.0
32033,46.0
32034,52.0
32035,51.0
32036,51.0
32037,47.0
32038,57.0
32039,54.0
32040,52.0
32041,48.0
32042,48.0
32043,47.0
32044,60.0
32045,52.0
32046,50.0
32047,47.0
32048,57.0
32049,56.0
32050,48.0
32051,50.0
32052,52.0
32053,48.0
32054,31.0
32055,55.0
32056,47.0
32057,58.0
32058,41.0
32059,54.0
32060,60.0
32061,50.0
32062,49.0
32063,48.0
32064,46.0
32065,49.0
32066,50.0
32067,50.0
32068,50.0
32069,42.0
32070,59.0
32071,53.0
32072,39.0
32073,57.0
32074,50.0
32075,31.0
32076,53.0
32077,49.0
32078,49.0
32079,47.0
32080,60.0
32081,49.0
32082,50.0
32083,54.0
32084,50.0
32085,28.0
32086,49.0
32087,51.0
32088,46.0
32089,48.0
32090,51.0
32091,49.0
32092,55.0
33001,53.0
33002,45.0
33003,54.0
33004,32.0
33005,55.0
33006,45.0
33007,53.0
33008,49.0
33009,62.0
33010,57.0
33011,41.0
33012,24.0
33013,48.0
33014,31.0
33015,60.0
33016,33.0
33017,43.0
33018,41.0
33019,47.0
33020,32.0
33021,46.0
33022,42.0
33023,38.0
33024,31.0
33025,31.0
33026,40.0
33027,50.0
33028,57.0
33029,61.0
33030,52.0
33031,37.0
33032,31.0
33033,40.0
33034,49.0
33035,24.0
33036,32.0
33037,41.0
33038,43.0
33039,31.0
33040,41.0
33041,31.0
33042,27.0
33043,54.0
33044,25.0
33045,39.0
33046,62.0
33047,50.0
33048,59.0
33049,50.0
33050,55.0
33051,26.0
33052,61.0
33053,53.0
33054,53.0
33055,34.0
33056,34.0
33057,48.0
33058,42.0
33059,47.0
33060,42.0
33061,52.0
33062,54.0
33063,53.0
33064,56.0
33065,50.0
33066,30.0
33067,57.0
33068,48.0
33069,25.0
33070,33.0
33071,50.0
33072,53.0
33073,48.0
33074,40.0
33075,54.0
33076,38.0
33077,54.0
33078,49.0
34001,61.0
34003,41.0
34004,37.0
34005,38.0
34006,57.0
34009,50.0
34010,56.0
34011,55.0
34012,60.0
34015,54.0
34017,49.0
34018,56.0
34019,60.0
34020,47.0
34022,49.0
34023,34.0
34024,66.0
34025,35.0
34027,59.0
34028,37.0
34029,51.0
34031,61.0
34032,66.0
34033,68.0
34034,51.0
34035,62.0
34036,58.0
34037,55.0
34038,38.0
34039,27.0
34041,37.0
34042,49.0
34045,59.0
34046,61.0
34047,39.0
34048,59.0
34049,55.0
34050,55.0
34051,63.0
34052,41.0
34053,63.0
34055,47.0
34056,38.0
34057,59.0
34058,57.0
34059,59.0
34060,60.0
34061,58.0
34062,49.0
34063,52.0
34066,63.0
34067,52.0
34068,69.0
34069,24.0
34070,58.0
34071,40.0
34072,56.0
34073,30.0
34074,42.0
34076,55.0
34077,47.0
34079,23.0
34080,34.0
34081,61.0
34082,61.0
34083,45.0
34084,61.0
34086,63.0
34087,56.0
34088,38.0
34089,48.0
34091,57.0
34092,48.0
34093,30.0
34094,59.0
34096,52.0
34098,30.0
34099,43.0
34100,41.0
34101,52.0
34102,56.0
34103,57.0
34104,46.0
34106,59.0
34107,66.0
34108,49.0
34109,49.0
34110,55.0
34112,54.0
34113,45.0
34114,50.0
34116,46.0
34120,28.0
34121,56.0
34122,50.0
34123,50.0
34124,67.0
34125,55.0
34126,49.0
34127,43.0
34129,44.0
34130,49.0
34131,59.0
34132,46.0
34133,57.0
34134,60.0
34135,54.0
34136,47.0
34137,56.0
34139,59.0
34140,60.0
34141,47.0
34143,45.0
34146,56.0
34147,43.0
34149,48.0
34151,54.0
34152,42.0
34154,49.0
34155,55.0
34156,51.0
34157,31.0
34158,46.0
34159,42.0
34160,61.0
34161,51.0
34163,47.0
34165,51.0
34167,55.0
34168,53.0
34169,42.0
34170,53.0
34171,55.0
34174,55.0
34175,53.0
34176,38.0
34177,47.0
34178,62.0
34179,38.0
34180,51.0
34181,44.0
34182,51.0
34184,66.0
34185,54.0
34186,53.0
34189,51.0
34190,51.0
34192,62.0
34196,62.0
34199,45.0
34201,63.0
34202,46.0
34204,66.0
34205,59.0
34206,49.0
34208,59.0
34210,62.0
34211,54.0
34213,51.0
34214,32.0
34215,45.0
34216,47.0
34217,26.0
34218,41.0
34220,51.0
34221,58.0
34222,56.0
34223,38.0
34224,53.0
34225,22.0
34227,52.0
34228,53.0
34229,54.0
34230,58.0
34231,51.0
34232,51.0
34233,45.0
34234,56.0
34236,59.0
34237,46.0
34238,51.0
34240,65.0
34241,47.0
34242,43.0
34243,50.0
34245,45.0
34246,46.0
34901,49.0
34902,57.0
34903,50.0
34904,61.0
35001,32.0
35002,22.0
35003,19.0
35004,23.0
35005,39.0
35006,30.0
35007,35.0
35008,30.0
35009,32.0
35010,35.0
35011,24.0
35012,25.0
35013,35.0
35014,16.0
35015,20.0
35016,33.0
35017,18.0
35018,22.0
35019,32.0
35020,38.0
35021,31.0
35022,20.0
35023,30.0
35024,23.0
35025,44.0
35026,25.0
35027,37.0
35028,25.0
35029,29.0
35030,24.0
35031,26.0
35032,46.0
35033,32.0
35034,16.0
36001,52.0
36002,35.0
36003,25.0
36004,31.0
36005,31.0
36006,33.0
36007,49.0
36008,30.0
36009,40.0
36010,34.0
36013,50.0
36014,58.0
36015,44.0
36016,62.0
36017,39.0
36018,50.0
36019,47.0
36020,52.0
36021,30.0
36022,30.0
36023,28.0
36024,30.0
36025,52.0
36026,32.0
36027,33.0
36028,41.0
36029,32.0
36030,39.0
36031,24.0
36032,42.0
36033,36.0
36034,50.0
36035,28.0
36036,35.0
36037,41.0
36038,29.0
36039,30.0
36040,47.0
36041,25.0
36042,28.0
36043,42.0
36044,31.0
36045,35.0
36046,27.0
36047,54.0
36048,31.0
36049,24.0
36050,31.0
36051,23.0
36052,36.0
36053,26.0
36054,31.0
36055,32.0
36056,37.0
36057,33.0
36058,37.0
36059,40.0
36060,29.0
36061,35.0
36901,27.0
36902,53.0
37001,48.0
37002,44.0
37003,59.0
37004,71.0
37005,53.0
37006,41.0
37007,50.0
37008,25.0
37009,43.0
37010,39.0
37011,46.0
37012,42.0
37013,53.0
37014,47.0
37015,53.0
37016,27.0
37017,53.0
37018,48.0
37019,41.0
37020,41.0
37021,47.0
37022,49.0
37023,19.0
37024,54.0
37025,51.0
37026,51.0
37027,40.0
37028,54.0
37029,47.0
37030,52.0
37031,48.0
37032,31.0
37033,37.0
37034,27.0
37035,62.0
37036,53.0
37037,38.0
37038,35.0
37039,50.0
37040,56.0
37041,62.0
37042,51.0
37044,52.0
37045,48.0
37046,37.0
37047,39.0
37049,51.0
37050,56.0
37051,50.0
37052,48.0
37054,51.0
37055,59.0
37056,49.0
37057,35.0
37058,64.0
37059,46.0
37060,16.0
37061,42.0
37062,55.0
37063,54.0
37065,50.0
37067,18.0
37068,48.0
37069,26.0
37070,31.0
37071,54.0
37072,51.0
37073,29.0
37074,44.0
37077,40.0
37078,40.0
37079,56.0
37080,44.0
37081,42.0
37082,39.0
37083,30.0
37085,13.0
37086,52.0
37087,23.0
37088,56.0
37089,57.0
37090,51.0
37091,48.0
37092,13.0
37096,41.0
37097,68.0
37098,52.0
37099,52.0
37100,59.0
37101,49.0
37102,54.0
37103,43.0
37104,26.0
37106,51.0
37107,31.0
37108,49.0
37109,53.0
37110,37.0
37112,51.0
37113,37.0
37114,50.0
37115,31.0
37116,52.0
37117,25.0
37118,44.0
37119,40.0
37120,36.0
37121,19.0
37122,34.0
37123,55.0
37124,46.0
37125,50.0
37126,58.0
37127,50.0
37128,42.0
37129,36.0
37130,51.0
37131,46.0
37132,50.0
37133,49.0
37134,34.0
37135,41.0
37136,47.0
37137,44.0
37138,40.0
37139,58.0
37140,43.0
37141,58.0
37142,27.0
37143,48.0
37144,40.0
37145,50.0
37146,49.0
37147,37.0
37148,48.0
37149,61.0
37150,17.0
37151,39.0
37152,45.0
37154,61.0
37155,47.0
37156,32.0
37157,52.0
37158,48.0
37159,55.0
37160,51.0
37161,52.0
37162,56.0
37163,46.0
37164,40.0
37165,33.0
37166,38.0
37167,42.0
37168,49.0
37169,42.0
37170,48.0
37171,48.0
37172,38.0
37173,44.0
37174,47.0
37175,39.0
37176,45.0
37177,38.0
37178,50.0
37179,43.0
37180,51.0
37181,35.0
37182,28.0
37183,45.0
37184,53.0
37185,24.0
37186,50.0
37187,55.0
37188,50.0
37189,55.0
37190,50.0
37191,55.0
37192,26.0
37193,50.0
37194,58.0
37195,52.0
37196,57.0
37197,50.0
37198,48.0
37199,29.0
37200,32.0
37201,51.0
37202,19.0
37203,53.0
37204,46.0
37205,51.0
37206,44.0
37207,15.0
37208,49.0
37209,39.0
37211,53.0
37212,39.0
37213,61.0
37214,38.0
37215,39.0
37216,39.0
37217,49.0
37218,39.0
37219,36.0
37221,44.0
37222,55.0
37223,47.0
37224,50.0
37225,48.0
37226,40.0
37228,41.0
37229,57.0
37230,46.0
37231,42.0
37232,40.0
37233,36.0
37234,40.0
37235,46.0
37236,49.0
37237,45.0
37238,34.0
37239,53.0
37240,25.0
37241,49.0
37242,41.0
37243,59.0
37244,44.0
37245,39.0
37246,28.0
37247,35.0
37248,39.0
37249,53.0
37250,51.0
37251,49.0
37252,56.0
37253,34.0
37254,45.0
37255,49.0
37256,37.0
37257,52.0
37258,38.0
37259,55.0
37260,52.0
37261,49.0
37262,61.0
37263,52.0
37264,48.0
37265,49.0
37266,50.0
37267,42.0
37268,36.0
37269,38.0
37270,44.0
37271,36.0
37272,55.0
37273,60.0
37274,28.0
37275,49.0
37276,56.0
37277,50.0
37278,17.0
37279,42.0
37280,62.0
37281,57.0
37282,50.0
37283,54.0
37284,53.0
37285,57.0
37286,45.0
37287,41.0
37288,39.0
37289,51.0
37290,43.0
37291,50.0
37292,50.0
37293,52.0
37294,19.0
37296,54.0
37297,36.0
37298,52.0
37299,37.0
37300,47.0
37301,47.0
37302,34.0
37303,51.0
37304,56.0
37305,45.0
37306,50.0
37307,49.0
37309,54.0
37310,26.0
37311,55.0
37312,46.0
37313,41.0
37314,71.0
37315,52.0
37316,38.0
37317,42.0
37318,52.0
37319,54.0
37320,43.0
37321,36.0
37322,23.0
37323,39.0
37324,48.0
37325,43.0
37327,44.0
37328,52.0
37329,38.0
37330,37.0
37331,60.0
37332,56.0
37333,42.0
37334,51.0
37335,40.0
37336,34.0
37337,38.0
37338,48.0
37339,57.0
37340,64.0
37341,58.0
37342,23.0
37343,55.0
37344,54.0
37345,43.0
37346,59.0
37347,29.0
37348,43.0
37349,57.0
37350,50.0
37351,42.0
37352,44.0
37353,43.0
37354,17.0
37355,37.0
37356,49.0
37357,49.0
37358,47.0
37359,46.0
37360,56.0
37361,54.0
37362,17.0
37363,45.0
37364,53.0
37365,51.0
37366,66.0
37367,54.0
37368,47.0
37369,38.0
37370,54.0
37371,34.0
37372,46.0
37373,50.0
37374,34.0
37375,42.0
37376,37.0
37377,53.0
37378,61.0
37379,48.0
37380,22.0
37381,54.0
37382,44.0
38001,20.0
38002,49.0
38003,31.0
38004,36.0
38005,30.0
38006,22.0
38007,44.0
38008,28.0
38009,23.0
38010,35.0
38011,22.0
38012,39.0
38013,34.0
38014,43.0
38015,36.0
38016,52.0
38017,18.0
38018,37.0
38019,27.0
38020,28.0
38021,50.0
38022,33.0
38023,29.0
38024,27.0
38025,28.0
38026,31.0
38027,36.0
38028,32.0
38029,50.0
38030,39.0
38031,30.0
38032,26.0
38033,41.0
38034,38.0
38035,18.0
38036,25.0
38037,33.0
38038,30.0
38039,24.0
38040,20.0
38041,29.0
38042,33.0
38043,33.0
38044,39.0
38045,32.0
38046,29.0
38047,41.0
38048,39.0
38049,26.0
38050,49.0
38051,30.0
38052,42.0
38053,34.0
38901,35.0
39001,61.0
39002,55.0
39003,52.0
39004,27.0
39005,58.0
39006,23.0
39007,18.0
39008,23.0
39009,54.0
39010,42.0
39011,26.0
39012,29.0
39013,31.0
39014,42.0
39015,42.0
39016,35.0
39017,28.0
39018,56.0
39019,57.0
39020,20.0
39021,23.0
39022,40.0
39023,26.0
39024,20.0
39025,48.0
39026,23.0
39027,28.0
39028,21.0
39029,38.0
39030,30.0
39031,22.0
39032,49.0
39033,56.0
39034,62.0
39035,38.0
39036,35.0
39037,37.0
39038,20.0
39039,65.0
39040,35.0
39041,42.0
39042,31.0
39043,18.0
39044,22.0
39045,61.0
39046,48.0
39047,19.0
39048,41.0
39049,62.0
39050,56.0
39051,58.0
39052,21.0
39053,66.0
39054,26.0
39055,37.0
39056,35.0
39057,21.0
39058,42.0
39059,39.0
39060,27.0
39061,24.0
39062,35.0
39063,48.0
39064,42.0
39065,56.0
39066,51.0
39067,47.0
39068,24.0
39069,42.0
39070,57.0
39071,47.0
39072,54.0
39073,20.0
39074,23.0
39075,34.0
39076,35.0
39077,53.0
39078,42.0
39079,28.0
39080,30.0
39081,47.0
39082,33.0
39083,60.0
39084,31.0
39085,25.0
39086,57.0
39087,35.0
39088,59.0
39089,58.0
39090,38.0
39091,47.0
39092,53.0
39093,63.0
39094,60.0
39095,31.0
39096,57.0
39097,50.0
39098,49.0
39099,38.0
39100,50.0
39101,50.0
39102,26.0
40001,38.0
40002,61.0
40003,40.0
40004,44.0
40005,47.0
40006,61.0
40007,52.0
40008,61.0
40009,49.0
40010,56.0
40012,50.0
40013,46.0
40014,47.0
40015,46.0
40016,60.0
40017,53.0
40018,57.0
40019,50.0
40020,47.0
40021,54.0
40022,50.0
40024,45.0
40025,48.0
40026,47.0
40028,49.0
40029,50.0
40030,50.0
40031,20.0
40032,36.0
40033,42.0
40034,55.0
40035,48.0
40036,46.0
40037,53.0
40039,43.0
40040,37.0
40041,29.0
40043,36.0
40044,46.0
40045,42.0
40046,34.0
40047,56.0
40048,47.0
40049,54.0
40051,52.0
40052,52.0
40053,40.0
40054,45.0
40055,44.0
40056,52.0
40057,37.0
40058,47.0
40059,49.0
40060,52.0
40061,43.0
40062,53.0
40063,32.0
40065,41.0
40068,60.0
40069,47.0
40070,22.0
40071,59.0
40072,35.0
40073,44.0
40074,41.0
40075,42.0
40076,24.0
40077,16.0
40078,47.0
40079,29.0
40080,37.0
40081,49.0
40082,46.0
40083,44.0
40084,50.0
40086,41.0
40087,44.0
40088,47.0
40089,41.0
40091,55.0
40092,48.0
40093,53.0
40094,38.0
40095,47.0
40097,15.0
40099,56.0
40100,37.0
40101,18.0
40103,44.0
40104,18.0
40105,46.0
40106,40.0
40107,49.0
40108,51.0
40109,52.0
40110,55.0
40111,44.0
40112,17.0
40113,34.0
40115,44.0
40118,56.0
40119,41.0
40120,33.0
40121,48.0
40122,21.0
40123,49.0
40124,39.0
40125,52.0
40126,57.0
40127,53.0
40128,58.0
40129,39.0
40130,44.0
40131,42.0
40132,51.0
40134,45.0
40135,43.0
40136,46.0
40138,35.0
40139,40.0
40140,39.0
40141,45.0
40142,51.0
40143,52.0
40144,46.0
40145,42.0
40146,40.0
40148,51.0
40149,50.0
40150,52.0
40151,58.0
40152,33.0
40154,58.0
40155,19.0
40156,48.0
40157,46.0
40158,54.0
40159,50.0
40160,50.0
40161,44.0
40162,45.0
40163,52.0
40164,54.0
40165,54.0
40166,41.0
40168,55.0
40170,27.0
40171,50.0
40172,42.0
40173,32.0
40174,43.0
40176,54.0
40177,58.0
40178,54.0
40179,34.0
40180,58.0
40181,31.0
40182,50.0
40183,46.0
40184,40.0
40185,58.0
40186,48.0
40188,58.0
40189,47.0
40190,51.0
40191,49.0
40192,55.0
40193,35.0
40194,31.0
40195,44.0
40196,55.0
40198,48.0
40199,41.0
40200,50.0
40201,51.0
40202,54.0
40203,20.0
40204,37.0
40205,50.0
40206,49.0
40207,29.0
40208,47.0
40210,50.0
40211,54.0
40212,48.0
40213,53.0
40214,49.0
40215,51.0
40216,23.0
40218,47.0
40219,40.0
40220,48.0
40221,54.0
40222,47.0
40223,36.0
40224,45.0
40225,36.0
40228,35.0
40229,49.0
40230,38.0
40231,49.0
40233,34.0
40234,43.0
40901,28.0
40902,35.0
40903,44.0
40904,37.0
40905,47.0
40906,23.0
41001,42.0
41002,37.0
41003,23.0
41004,26.0
41005,25.0
41006,33.0
41007,26.0
41008,26.0
41009,49.0
41010,21.0
41011,28.0
41012,27.0
41013,36.0
41014,33.0
41015,30.0
41016,19.0
41017,16.0
41018,28.0
41019,19.0
41020,28.0
41021,28.0
41022,28.0
41023,30.0
41024,31.0
41025,37.0
41026,27.0
41027,35.0
41028,18.0
41029,32.0
41030,44.0
41031,42.0
41032,41.0
41033,45.0
41034,25.0
41035,35.0
41036,43.0
41037,29.0
41038,23.0
41039,26.0
41040,19.0
41041,29.0
41042,30.0
41043,38.0
41044,20.0
41045,28.0
41046,38.0
41047,22.0
41048,45.0
41049,24.0
41050,32.0
41051,36.0
41052,29.0
41053,27.0
41054,31.0
41055,31.0
41056,24.0
41057,52.0
41058,27.0
41059,21.0
41060,26.0
41061,36.0
41062,32.0
41063,27.0
41064,37.0
41065,32.0
41066,34.0
41067,25.0
41068,36.0
41069,28.0
41070,18.0
41071,29.0
41072,28.0
41073,32.0
41074,34.0
41075,28.0
41076,33.0
41077,33.0
41078,34.0
41079,29.0
41080,30.0
41081,25.0
41082,31.0
41083,30.0
41084,48.0
41085,20.0
41086,32.0
41087,25.0
41088,35.0
41089,30.0
41090,29.0
41091,32.0
41092,30.0
41093,21.0
41094,23.0
41095,27.0
41096,29.0
41097,31.0
41098,29.0
41099,38.0
41100,33.0
41101,28.0
41102,29.0
41901,26.0
41902,34.0
41903,25.0
41904,
42001,38.0
42003,29.0
42004,37.0
42006,46.0
42007,60.0
42008,58.0
42009,57.0
42010,10.0
42011,64.0
42012,51.0
42013,57.0
42014,63.0
42015,
42016,62.0
42017,49.0
42018,53.0
42019,52.0
42020,33.0
42021,38.0
42022,59.0
42023,45.0
42024,71.0
42025,36.0
42026,48.0
42027,56.0
42028,38.0
42029,34.0
42030,58.0
42031,62.0
42032,60.0
42033,38.0
42034,57.0
42035,34.0
42036,59.0
42037,46.0
42038,71.0
42039,63.0
42041,71.0
42042,27.0
42043,37.0
42044,58.0
42045,41.0
42046,62.0
42048,43.0
42049,54.0
42050,62.0
42051,48.0
42052,65.0
42053,68.0
42054,71.0
42055,53.0
42056,48.0
42057,64.0
42058,57.0
42059,55.0
42060,34.0
42061,50.0
42062,67.0
42063,56.0
42064,66.0
42065,47.0
42068,48.0
42069,39.0
42070,27.0
42071,53.0
42073,58.0
42075,64.0
42076,63.0
42078,37.0
42079,21.0
42080,55.0
42081,49.0
42082,10.0
42083,40.0
42084,62.0
42085,54.0
42086,65.0
42087,58.0
42088,44.0
42089,32.0
42090,45.0
42092,55.0
42093,69.0
42094,30.0
42095,27.0
42096,56.0
42097,61.0
42098,47.0
42100,56.0
42103,58.0
42105,35.0
42106,71.0
42107,54.0
42108,71.0
42110,61.0
42111,51.0
42113,39.0
42115,63.0
42116,64.0
42117,34.0
42118,46.0
42119,42.0
42120,40.0
42121,45.0
42123,29.0
42124,45.0
42125,22.0
42127,29.0
42128,49.0
42129,36.0
42130,38.0
42131,58.0
42132,46.0
42134,34.0
42135,60.0
42139,61.0
42140,
42141,52.0
42142,64.0
42144,52.0
42145,55.0
42148,34.0
42149,47.0
42151,25.0
42152,47.0
42153,46.0
42154,43.0
42155,44.0
42156,71.0
42157,71.0
42158,54.0
42159,43.0
42160,53.0
42161,48.0
42162,52.0
42163,65.0
42164,32.0
42165,55.0
42166,50.0
42167,58.0
42168,49.0
42171,54.0
42172,40.0
42173,28.0
42174,56.0
42175,40.0
42176,63.0
42177,54.0
42178,27.0
42181,50.0
42182,46.0
42183,63.0
42184,61.0
42185,64.0
42187,71.0
42188,62.0
42189,21.0
42190,40.0
42191,45.0
42192,66.0
42193,65.0
42194,63.0
42195,29.0
42196,56.0
42197,37.0
42198,30.0
42200,53.0
42201,40.0
42202,54.0
42204,37.0
42205,61.0
42206,68.0
42207,48.0
42208,66.0
42209,49.0
42211,32.0
42212,63.0
42213,46.0
42215,42.0
42216,71.0
42217,58.0
42218,57.0
42219,65.0
43001,40.0
43002,35.0
43003,18.0
43004,29.0
43005,33.0
43006,44.0
43007,25.0
43008,49.0
43009,25.0
43010,26.0
43011,28.0
43012,23.0
43013,29.0
43014,27.0
43015,26.0
43016,28.0
43017,55.0
43018,58.0
43019,58.0
43020,32.0
43021,62.0
43022,52.0
43023,46.0
43024,32.0
43025,56.0
43026,53.0
43027,41.0
43028,30.0
43029,58.0
43030,34.0
43031,34.0
43032,50.0
43033,18.0
43034,29.0
43035,44.0
43036,22.0
43037,25.0
43038,24.0
43039,22.0
43040,51.0
43041,57.0
43042,19.0
43043,30.0
43044,35.0
43045,39.0
43046,60.0
43047,29.0
43048,53.0
43049,25.0
43050,25.0
43051,26.0
43052,56.0
43053,13.0
43054,43.0
43055,33.0
43056,52.0
43057,45.0
43058,55.0
43059,39.0
43060,44.0
43061,60.0
43062,46.0
43063,54.0
43064,45.0
43065,55.0
43066,55.0
43067,54.0
43068,55.0
43069,45.0
43070,35.0
43071,54.0
43072,61.0
43073,63.0
43074,30.0
43075,59.0
43076,44.0
43077,53.0
43078,37.0
43079,50.0
43080,25.0
43081,23.0
43082,51.0
43083,33.0
43084,58.0
43085,48.0
43086,37.0
43088,24.0
43089,23.0
43090,31.0
43091,45.0
43092,18.0
43093,31.0
43094,39.0
43095,29.0
43096,57.0
43097,43.0
43098,17.0
43099,57.0
43100,21.0
43101,64.0
43102,57.0
43103,25.0
43104,32.0
43105,55.0
43106,55.0
43107,44.0
43108,21.0
43109,16.0
43110,62.0
43111,26.0
43112,45.0
43113,33.0
43114,58.0
43115,55.0
43116,27.0
43117,63.0
43118,22.0
43119,16.0
43120,26.0
43121,57.0
43122,46.0
43123,29.0
43124,36.0
43125,54.0
43126,35.0
43127,18.0
43128,22.0
43129,34.0
43130,63.0
43131,24.0
43132,55.0
43133,37.0
43134,26.0
43135,52.0
43136,24.0
43137,31.0
43138,40.0
43139,44.0
43140,31.0
43141,42.0
43142,48.0
43143,57.0
43144,37.0
43145,20.0
43146,65.0
43147,62.0
43148,32.0
43149,56.0
43150,63.0
43151,60.0
43152,61.0
43153,25.0
43154,52.0
43155,37.0
43156,24.0
43157,29.0
43158,56.0
43159,61.0
43160,31.0
43161,32.0
43162,28.0
43163,24.0
43164,36.0
43165,36.0
43166,27.0
43167,28.0
43168,60.0
43169,29.0
43170,42.0
43171,25.0
43172,54.0
43173,57.0
43174,64.0
43175,62.0
43176,52.0
43177,36.0
43178,17.0
43901,28.0
43902,29.0
43903,35.0
43904,28.0
43905,28.0
43906,22.0
43907,
44001,46.0
44002,67.0
44003,58.0
44004,54.0
44005,47.0
44006,45.0
44007,62.0
44008,54.0
44009,48.0
44010,56.0
44011,47.0
44012,30.0
44013,29.0
44014,41.0
44016,47.0
44017,43.0
44018,69.0
44019,59.0
44020,43.0
44021,67.0
44022,59.0
44023,44.0
44024,53.0
44025,36.0
44026,50.0
44027,59.0
44028,53.0
44029,53.0
44031,64.0
44032,57.0
44033,64.0
44034,59.0
44035,46.0
44036,44.0
44037,50.0
44038,63.0
44039,64.0
44040,59.0
44041,64.0
44042,65.0
44043,43.0
44044,52.0
44045,39.0
44046,53.0
44047,62.0
44048,52.0
44049,58.0
44050,37.0
44051,46.0
44052,55.0
44053,47.0
44054,51.0
44055,48.0
44056,62.0
44059,40.0
44060,61.0
44061,56.0
44062,45.0
44063,47.0
44064,65.0
44065,68.0
44066,60.0
44067,63.0
44068,21.0
44070,56.0
44071,53.0
44074,48.0
44075,53.0
44076,47.0
44077,63.0
44080,56.0
44082,67.0
44084,66.0
44085,65.0
44086,50.0
44087,51.0
44088,54.0
44089,62.0
44090,58.0
44092,60.0
44093,42.0
44094,62.0
44096,63.0
44097,51.0
44099,42.0
44100,48.0
44101,44.0
44102,50.0
44103,57.0
44105,65.0
44106,60.0
44107,58.0
44108,54.0
44109,61.0
44110,48.0
44111,46.0
44112,59.0
44113,64.0
44114,55.0
44115,47.0
44116,54.0
44117,54.0
44118,56.0
44119,49.0
44120,47.0
44121,52.0
44122,50.0
44123,46.0
44124,48.0
44125,68.0
44126,51.0
44127,60.0
44128,46.0
44129,54.0
44130,57.0
44131,51.0
44132,45.0
44133,49.0
44135,62.0
44136,53.0
44137,56.0
44138,52.0
44141,59.0
44142,46.0
44143,44.0
44144,51.0
44145,49.0
44146,46.0
44147,56.0
44148,45.0
44149,55.0
44150,49.0
44151,52.0
44152,50.0
44153,44.0
44154,43.0
44155,51.0
44156,67.0
44157,65.0
44158,37.0
44159,62.0
44160,52.0
44161,61.0
44163,53.0
44164,57.0
44165,52.0
44167,46.0
44168,60.0
44169,60.0
44171,58.0
44172,61.0
44173,51.0
44174,52.0
44175,44.0
44176,47.0
44177,52.0
44178,51.0
44179,62.0
44180,66.0
44181,59.0
44182,44.0
44183,55.0
44184,62.0
44185,61.0
44187,58.0
44189,65.0
44190,34.0
44191,58.0
44192,41.0
44193,45.0
44194,60.0
44195,47.0
44196,66.0
44197,60.0
44198,58.0
44199,60.0
44200,59.0
44201,35.0
44203,55.0
44204,65.0
44205,60.0
44206,51.0
44207,65.0
44208,64.0
44209,50.0
44210,49.0
44211,48.0
44212,48.0
44213,53.0
44215,64.0
44216,29.0
44217,64.0
44218,64.0
44219,65.0
44220,62.0
44221,56.0
44222,57.0
44223,46.0
44224,53.0
44225,54.0
44226,60.0
44227,50.0
44228,60.0
44229,56.0
44230,61.0
44231,59.0
44232,63.0
44234,65.0
44235,56.0
44236,68.0
44237,59.0
44238,38.0
44239,68.0
44240,56.0
44241,37.0
44243,60.0
44244,50.0
44245,44.0
44246,40.0
44247,57.0
44249,63.0
44250,63.0
44251,61.0
44252,48.0
44256,50.0
44257,52.0
44258,67.0
44260,54.0
44261,55.0
44262,62.0
44263,38.0
44264,59.0
44265,61.0
44266,52.0
44267,49.0
44268,58.0
45001,36.0
45002,27.0
45003,33.0
45004,36.0
45005,51.0
45006,37.0
45007,45.0
45008,53.0
45009,45.0
45010,45.0
45011,43.0
45012,47.0
45013,30.0
45014,34.0
45015,26.0
45016,19.0
45017,50.0
45018,16.0
45019,23.0
45020,51.0
45021,26.0
45022,44.0
45023,19.0
45024,38.0
45025,28.0
45026,41.0
45027,42.0
45028,31.0
45029,57.0
45030,54.0
45031,25.0
45032,36.0
45033,49.0
45034,47.0
45035,28.0
45036,49.0
45037,42.0
45038,21.0
45039,39.0
45040,22.0
45041,20.0
45042,50.0
45043,40.0
45045,28.0
45046,30.0
45047,20.0
45048,48.0
45049,46.0
45050,30.0
45051,31.0
45052,18.0
45053,38.0
45054,41.0
45055,37.0
45056,25.0
45057,47.0
45058,37.0
45059,36.0
45060,40.0
45061,28.0
45062,41.0
45063,44.0
45064,26.0
45065,50.0
45066,28.0
45067,34.0
45068,37.0
45069,25.0
45070,36.0
45071,38.0
45072,45.0
45073,50.0
45074,44.0
45075,50.0
45076,29.0
45077,28.0
45078,41.0
45079,41.0
45080,48.0
45081,19.0
45082,51.0
45083,27.0
45084,34.0
45085,21.0
45086,38.0
45087,39.0
45088,19.0
45089,34.0
45090,43.0
45091,37.0
45092,39.0
45093,39.0
45094,47.0
45095,36.0
45096,37.0
45097,37.0
45098,39.0
45099,26.0
45100,39.0
45101,32.0
45102,30.0
45103,42.0
45104,37.0
45105,39.0
45106,42.0
45107,24.0
45108,44.0
45109,41.0
45110,40.0
45111,46.0
45112,49.0
45113,43.0
45114,40.0
45115,36.0
45116,32.0
45117,38.0
45118,28.0
45119,19.0
45120,45.0
45121,17.0
45122,24.0
45123,17.0
45124,42.0
45125,43.0
45126,26.0
45127,40.0
45128,27.0
45129,41.0
45130,44.0
45131,44.0
45132,21.0
45133,37.0
45134,34.0
45135,33.0
45136,38.0
45137,36.0
45138,45.0
45139,42.0
45140,29.0
45141,42.0
45142,34.0
45143,35.0
45144,37.0
45145,26.0
45146,52.0
45147,31.0
45148,44.0
45149,42.0
45150,43.0
45151,42.0
45152,38.0
45153,38.0
45154,23.0
45155,47.0
45156,42.0
45157,32.0
45158,29.0
45159,56.0
45160,40.0
45161,14.0
45162,48.0
45163,34.0
45164,37.0
45165,28.0
45166,36.0
45167,41.0
45168,26.0
45169,52.0
45170,48.0
45171,37.0
45172,48.0
45173,25.0
45174,39.0
45175,51.0
45176,18.0
45177,36.0
45179,59.0
45180,29.0
45181,37.0
45182,42.0
45183,18.0
45184,35.0
45185,30.0
45186,38.0
45187,35.0
45188,28.0
45189,32.0
45190,50.0
45191,43.0
45192,40.0
45193,40.0
45194,54.0
45195,45.0
45196,33.0
45197,34.0
45198,38.0
45199,20.0
45200,41.0
45201,19.0
45202,32.0
45203,19.0
45204,36.0
45205,17.0
45901,36.0
46001,62.0
46002,34.0
46003,45.0
46004,35.0
46005,30.0
46006,36.0
46007,25.0
46008,41.0
46009,35.0
46010,38.0
46011,33.0
46012,37.0
46013,24.0
46014,33.0
46015,27.0
46016,39.0
46017,32.0
46018,46.0
46019,31.0
46020,30.0
46021,26.0
46022,34.0
46023,40.0
46024,41.0
46025,29.0
46026,38.0
46027,38.0
46028,44.0
46029,33.0
46030,45.0
46031,33.0
46032,29.0
46033,49.0
46034,33.0
46035,26.0
46036,62.0
46037,44.0
46038,60.0
46039,38.0
46040,48.0
46041,56.0
46042,37.0
46043,52.0
46044,38.0
46045,37.0
46046,34.0
46047,47.0
46048,33.0
46049,50.0
46050,41.0
46051,30.0
46052,41.0
46053,19.0
46054,31.0
46055,31.0
46056,54.0
46057,40.0
46058,34.0
46059,39.0
46060,36.0
46061,23.0
46062,34.0
46063,34.0
46064,35.0
46065,28.0
46066,29.0
46067,34.0
46068,31.0
46069,51.0
46070,27.0
46071,54.0
46072,40.0
46073,48.0
46074,25.0
46075,49.0
46076,57.0
46077,37.0
46078,33.0
46079,52.0
46080,47.0
46081,36.0
46082,19.0
46083,35.0
46084,39.0
46085,30.0
46086,56.0
46087,57.0
46088,61.0
46089,37.0
46090,39.0
46091,42.0
46092,65.0
46093,36.0
46094,27.0
46095,58.0
46096,41.0
46097,56.0
46098,40.0
46099,47.0
46100,42.0
46101,47.0
46102,34.0
46103,31.0
46104,44.0
46105,35.0
46106,53.0
46107,45.0
46108,48.0
46109,32.0
46110,30.0
46111,29.0
46112,51.0
46113,23.0
46114,23.0
46115,52.0
46116,29.0
46117,18.0
46118,38.0
46119,52.0
46120,40.0
46121,58.0
46122,31.0
46123,26.0
46124,42.0
46125,39.0
46126,30.0
46127,31.0
46128,42.0
46129,53.0
46130,28.0
46131,30.0
46132,33.0
46133,51.0
46134,27.0
46135,36.0
46136,35.0
46137,53.0
46138,28.0
46139,35.0
46140,11.0
46141,49.0
46142,46.0
46143,26.0
46144,59.0
46145,33.0
46146,37.0
46147,31.0
46148,25.0
46149,53.0
46150,40.0
46151,33.0
46152,52.0
46153,50.0
46154,41.0
46155,46.0
46156,39.0
46157,34.0
46158,42.0
46159,30.0
46160,40.0
46161,37.0
46162,31.0
46163,27.0
46164,30.0
46165,30.0
46166,32.0
46167,54.0
46168,26.0
46169,29.0
46170,36.0
46171,34.0
46172,26.0
46173,38.0
46174,45.0
46175,50.0
46176,25.0
46177,28.0
46178,24.0
46179,38.0
46180,34.0
46181,30.0
46182,34.0
46183,33.0
46184,31.0
46185,40.0
46186,26.0
46187,38.0
46188,29.0
46189,35.0
46190,24.0
46191,35.0
46192,39.0
46193,28.0
46194,30.0
46195,30.0
46196,59.0
46197,36.0
46198,35.0
46199,31.0
46200,39.0
46201,68.0
46202,22.0
46203,38.0
46204,30.0
46205,26.0
46206,51.0
46207,24.0
46208,45.0
46209,44.0
46210,43.0
46211,30.0
46212,34.0
46213,41.0
46214,25.0
46215,38.0
46216,25.0
46217,43.0
46218,41.0
46219,49.0
46220,31.0
46221,48.0
46222,37.0
46223,29.0
46224,40.0
46225,48.0
46226,66.0
46227,30.0
46228,34.0
46229,40.0
46230,32.0
46231,39.0
46232,49.0
46233,36.0
46234,46.0
46235,34.0
46236,48.0
46237,31.0
46238,31.0
46239,54.0
46240,47.0
46241,53.0
46242,52.0
46243,55.0
46244,29.0
46245,37.0
46246,38.0
46247,48.0
46248,32.0
46249,41.0
46250,35.0
46251,36.0
46252,61.0
46253,59.0
46254,57.0
46255,32.0
46256,26.0
46257,38.0
46258,47.0
46259,50.0
46260,28.0
46261,41.0
46262,65.0
46263,56.0
46902,50.0
46903,19.0
46904,41.0
47001,61.0
47002,58.0
47003,58.0
47004,45.0
47005,47.0
47006,50.0
47007,16.0
47008,71.0
47009,65.0
47010,12.0
47011,49.0
47012,54.0
47013,63.0
47014,61.0
47015,61.0
47016,66.0
47017,65.0
47018,53.0
47019,66.0
47020,52.0
47021,43.0
47022,59.0
47023,17.0
47024,55.0
47025,55.0
47026,60.0
47027,20.0
47028,57.0
47029,67.0
47030,45.0
47031,44.0
47032,53.0
47033,52.0
47034,63.0
47035,46.0
47036,63.0
47037,61.0
47038,57.0
47039,62.0
47040,53.0
47041,58.0
47042,65.0
47043,61.0
47044,36.0
47045,48.0
47046,53.0
47047,55.0
47048,56.0
47049,59.0
47050,23.0
47051,46.0
47052,15.0
47053,48.0
47054,50.0
47055,48.0
47056,63.0
47057,45.0
47058,61.0
47059,58.0
47060,51.0
47061,57.0
47062,59.0
47063,53.0
47064,68.0
47065,50.0
47066,23.0
47067,51.0
47068,64.0
47069,54.0
47070,68.0
47071,44.0
47073,59.0
47074,40.0
47075,30.0
47076,20.0
47077,53.0
47078,62.0
47079,62.0
47080,61.0
47081,60.0
47082,43.0
47083,61.0
47084,44.0
47085,29.0
47086,34.0
47087,45.0
47088,57.0
47089,53.0
47090,29.0
47091,64.0
47092,63.0
47093,45.0
47094,63.0
47095,61.0
47096,64.0
47097,63.0
47098,44.0
47099,58.0
47100,63.0
47101,52.0
47102,48.0
47103,47.0
47104,32.0
47105,49.0
47106,64.0
47109,57.0
47110,45.0
47111,33.0
47112,31.0
47113,64.0
47114,32.0
47115,56.0
47116,53.0
47117,53.0
47118,59.0
47119,62.0
47121,49.0
47122,38.0
47123,39.0
47124,53.0
47125,66.0
47126,61.0
47127,63.0
47128,62.0
47129,42.0
47130,63.0
47131,50.0
47132,65.0
47133,21.0
47134,58.0
47135,57.0
47137,56.0
47138,58.0
47139,51.0
47140,56.0
47141,52.0
47142,63.0
47143,60.0
47144,54.0
47145,46.0
47146,38.0
47147,53.0
47148,46.0
47149,65.0
47150,53.0
47151,60.0
47152,57.0
47153,62.0
47154,35.0
47155,16.0
47156,60.0
47157,38.0
47158,44.0
47159,35.0
47160,56.0
47161,22.0
47162,66.0
47163,63.0
47164,61.0
47165,26.0
47166,54.0
47167,60.0
47168,65.0
47169,64.0
47170,63.0
47171,53.0
47172,57.0
47173,38.0
47174,49.0
47175,26.0
47176,63.0
47177,58.0
47178,58.0
47179,55.0
47180,62.0
47181,63.0
47182,32.0
47183,60.0
47184,44.0
47185,59.0
47186,31.0
47187,57.0
47188,61.0
47189,51.0
47190,52.0
47191,63.0
47192,60.0
47193,34.0
47194,50.0
47195,34.0
47196,64.0
47197,51.0
47198,66.0
47199,65.0
47200,63.0
47203,67.0
47204,50.0
47205,50.0
47206,57.0
47207,60.0
47208,59.0
47209,64.0
47210,55.0
47211,57.0
47212,56.0
47213,57.0
47214,48.0
47215,56.0
47216,54.0
47217,20.0
47218,26.0
47219,61.0
47220,58.0
47221,53.0
47222,65.0
47223,53.0
47224,53.0
47225,58.0
47226,55.0
47227,69.0
47228,44.0
47229,63.0
47230,49.0
47231,15.0
47232,58.0
48001,
48002,
48003,
48004,
48005,
48006,
48007,
48008,
48009,
48010,
48011,
48012,
48013,
48014,
48015,
48016,
48017,
48018,
48019,
48020,
48021,
48022,
48023,
48024,
48025,
48026,
48027,
48028,
48029,
48030,
48031,
48032,
48033,
48034,
48035,
48036,
48037,
48038,
48039,
48040,
48041,
48042,
48043,
48044,
48045,
48046,
48047,
48048,
48049,
48050,
48051,
48052,
48053,
48054,
48055,
48056,
48057,
48058,
48059,
48060,
48061,
48062,
48063,
48064,
48065,
48066,
48067,
48068,
48069,
48070,
48071,
48072,
48073,
48074,
48075,
48076,
48077,
48078,
48079,
48080,
48081,
48082,
48083,
48084,
48085,
48086,
48087,
48088,
48089,
48090,
48091,
48092,
48093,
48094,
48095,
48096,
48097,
48901,
48902,
48903,
48904,
48905,
48906,
48907,
48908,
48909,
48910,
48911,
48912,
48913,
48914,
48915,
49002,68.0
49003,51.0
49004,64.0
49005,67.0
49006,59.0
49007,57.0
49008,62.0
49009,51.0
49010,37.0
49011,47.0
49012,63.0
49013,47.0
49014,66.0
49015,61.0
49016,58.0
49017,56.0
49018,55.0
49019,51.0
49020,50.0
49021,24.0
49022,56.0
49023,53.0
49024,48.0
49025,59.0
49026,53.0
49027,61.0
49028,54.0
49029,41.0
49030,67.0
49031,60.0
49032,49.0
49033,48.0
49034,56.0
49035,52.0
49036,53.0
49037,54.0
49038,61.0
49039,51.0
49040,53.0
49041,43.0
49042,60.0
49043,64.0
49044,55.0
49046,59.0
49047,66.0
49048,56.0
49050,61.0
49052,57.0
49053,43.0
49054,48.0
49055,63.0
49056,60.0
49057,58.0
49058,43.0
49059,58.0
49061,47.0
49062,60.0
49063,50.0
49064,55.0
49065,61.0
49066,46.0
49067,56.0
49068,50.0
49069,57.0
49071,56.0
49075,57.0
49076,43.0
49077,65.0
49078,62.0
49079,58.0
49080,51.0
49081,41.0
49082,48.0
49083,68.0
49084,53.0
49085,51.0
49086,62.0
49087,58.0
49088,61.0
49090,56.0
49091,52.0
49092,57.0
49093,47.0
49094,64.0
49095,46.0
49096,60.0
49097,59.0
49098,61.0
49099,65.0
49100,66.0
49101,61.0
49102,56.0
49103,56.0
49104,58.0
49105,61.0
49107,68.0
49108,54.0
49109,41.0
49110,59.0
49111,63.0
49112,57.0
49113,53.0
49114,67.0
49115,47.0
49116,54.0
49117,45.0
49118,49.0
49119,57.0
49120,64.0
49121,50.0
49122,38.0
49123,55.0
49124,58.0
49125,42.0
49126,56.0
49127,27.0
49128,49.0
49129,53.0
49130,51.0
49131,56.0
49132,50.0
49133,60.0
49134,62.0
49135,50.0
49136,56.0
49137,46.0
49138,57.0
49139,59.0
49141,53.0
49142,47.0
49143,61.0
49145,64.0
49146,54.0
49147,60.0
49148,50.0
49149,60.0
49150,53.0
49151,57.0
49152,57.0
49153,58.0
49154,64.0
49155,66.0
49156,66.0
49157,55.0
49158,61.0
49159,56.0
49160,60.0
49162,64.0
49163,65.0
49164,58.0
49165,63.0
49166,45.0
49167,47.0
49168,65.0
49169,66.0
49170,50.0
49171,45.0
49172,58.0
49173,57.0
49174,60.0
49175,52.0
49176,48.0
49177,54.0
49178,25.0
49179,61.0
49180,63.0
49181,58.0
49183,62.0
49184,57.0
49185,40.0
49186,62.0
49187,45.0
49188,53.0
49189,65.0
49190,60.0
49191,53.0
49192,60.0
49193,45.0
49194,56.0
49197,53.0
49199,41.0
49200,42.0
49201,50.0
49202,63.0
49203,48.0
49204,59.0
49205,46.0
49206,55.0
49207,50.0
49208,59.0
49209,55.0
49210,55.0
49214,55.0
49216,56.0
49219,35.0
49220,61.0
49221,58.0
49222,51.0
49223,52.0
49224,59.0
49225,62.0
49226,45.0
49227,34.0
49228,62.0
49229,55.0
49230,52.0
49231,54.0
49232,64.0
49233,66.0
49234,56.0
49235,62.0
49236,58.0
49237,58.0
49238,59.0
49239,52.0
49240,59.0
49241,50.0
49242,41.0
49243,53.0
49244,67.0
49245,55.0
49246,50.0
49247,56.0
49248,58.0
49249,68.0
49250,47.0
49251,63.0
49252,57.0
49255,46.0
49256,49.0
49257,36.0
49258,58.0
49259,56.0
49260,58.0
49261,37.0
49262,52.0
49263,61.0
49264,61.0
49265,59.0
49266,58.0
49267,67.0
49268,53.0
49269,56.0
49270,67.0
49271,51.0
49272,61.0
49273,61.0
49275,29.0
50001,68.0
50002,62.0
50003,55.0
50004,56.0
50005,62.0
50006,52.0
50007,64.0
50008,31.0
50009,62.0
50010,67.0
50011,54.0
50012,66.0
50013,60.0
50014,65.0
50015,65.0
50016,65.0
50017,32.0
50018,45.0
50019,62.0
50020,47.0
50021,67.0
50022,56.0
50023,62.0
50024,52.0
50025,30.0
50026,50.0
50027,59.0
50028,59.0
50029,49.0
50030,51.0
50031,59.0
50032,62.0
50033,63.0
50034,52.0
50035,60.0
50036,67.0
50037,63.0
50038,45.0
50039,55.0
50040,64.0
50041,46.0
50042,69.0
50043,52.0
50044,58.0
50045,50.0
50046,58.0
50047,68.0
50048,64.0
50050,68.0
50051,28.0
50052,58.0
50053,52.0
50054,64.0
50055,38.0
50056,39.0
50057,38.0
50058,70.0
50059,49.0
50060,63.0
50061,64.0
50062,27.0
50063,65.0
50064,41.0
50065,65.0
50066,19.0
50067,31.0
50068,43.0
50069,56.0
50070,55.0
50071,65.0
50072,51.0
50073,38.0
50074,38.0
50075,67.0
50076,68.0
50077,64.0
50078,62.0
50079,60.0
50080,71.0
50081,48.0
50082,62.0
50083,66.0
50084,67.0
50085,55.0
50086,56.0
50087,69.0
50088,51.0
50089,14.0
50090,54.0
50091,65.0
50092,53.0
50093,60.0
50094,48.0
50095,33.0
50096,70.0
50098,63.0
50099,47.0
50100,53.0
50101,56.0
50102,60.0
50104,54.0
50105,37.0
50106,64.0
50107,33.0
50108,65.0
50109,69.0
50110,50.0
50111,51.0
50113,57.0
50114,56.0
50115,35.0
50116,64.0
50117,61.0
50118,27.0
50119,50.0
50120,62.0
50121,58.0
50122,60.0
50123,39.0
50124,57.0
50125,48.0
50126,32.0
50128,63.0
50129,49.0
50130,56.0
50131,56.0
50132,25.0
50133,59.0
50134,57.0
50135,63.0
50136,50.0
50137,49.0
50138,63.0
50139,56.0
50140,53.0
50141,63.0
50142,69.0
50143,51.0
50144,66.0
50146,50.0
50147,47.0
50148,61.0
50149,69.0
50150,49.0
50151,28.0
50152,47.0
50153,47.0
50154,59.0
50155,68.0
50156,59.0
50157,56.0
50159,46.0
50160,41.0
50161,68.0
50162,60.0
50163,17.0
50164,56.0
50165,33.0
50166,58.0
50167,58.0
50168,62.0
50169,60.0
50170,59.0
50171,63.0
50172,67.0
50173,59.0
50174,69.0
50175,56.0
50176,64.0
50177,58.0
50178,65.0
50179,59.0
50180,59.0
50181,44.0
50182,16.0
50183,59.0
50184,65.0
50185,48.0
50186,64.0
50187,64.0
50188,61.0
50189,46.0
50190,52.0
50191,51.0
50192,47.0
50193,30.0
50194,63.0
50195,71.0
50196,61.0
50197,70.0
50198,69.0
50199,32.0
50200,54.0
50201,44.0
50202,69.0
50203,32.0
50204,33.0
50205,52.0
50206,46.0
50207,57.0
50208,40.0
50209,23.0
50210,64.0
50211,51.0
50212,65.0
50213,61.0
50214,62.0
50215,69.0
50216,59.0
50217,52.0
50218,65.0
50219,17.0
50220,60.0
50221,67.0
50222,46.0
50223,50.0
50224,67.0
50225,39.0
50227,58.0
50228,60.0
50229,62.0
50230,49.0
50231,57.0
50232,58.0
50233,56.0
50234,50.0
50235,31.0
50236,63.0
50237,56.0
50238,57.0
50239,66.0
50240,57.0
50241,55.0
50242,66.0
50243,57.0
50244,61.0
50245,66.0
50246,66.0
50247,25.0
50248,29.0
50249,57.0
50250,68.0
50251,37.0
50252,36.0
50253,46.0
50254,63.0
50255,53.0
50256,63.0
50257,63.0
50258,61.0
50259,61.0
50260,64.0
50261,62.0
50262,35.0
50263,66.0
50264,62.0
50265,65.0
50266,53.0
50267,57.0
50268,70.0
50269,58.0
50270,63.0
50271,59.0
50272,20.0
50273,67.0
50274,63.0
50275,60.0
50276,63.0
50277,54.0
50278,54.0
50279,56.0
50280,62.0
50281,59.0
50282,51.0
50283,63.0
50284,54.0
50285,40.0
50286,64.0
50287,63.0
50288,26.0
50289,65.0
50290,58.0
50291,64.0
50292,52.0
50293,63.0
50294,56.0
50295,59.0
50296,49.0
50297,33.0
50298,28.0
50901,43.0
50902,64.0
50903,41.0
51001,27.0
52001,28.0
53000,
53001,
53002,
53003,
53004,
53005,
53006,
53007,
53008,
53009,
53010,
53011,
53012,
53013,
53014,
53015,
53016,
53017,
53018,
53019,
53020,
53021,
53022,
53023,
53024,
53025,
53026,
53027,
53028,
53029,
53031,
53032,
53033,
53034,
53035,
53036,
53037,
53038,
53039,
53040,
53041,
53042,
53043,
53044,
53045,
53046,
53047,
53048,
53049,
53050,
53051,
53052,
53053,
53054,
53055,
53056,
53057,
53058,
53059,
53060,
53061,
53062,
53063,
53064,
53065,
53066,
53067,
53068,
53069,
53070,
53071,
53072,
53073,
53074,
53075,
53076,
53077,
53078,
53080,
53081,
53083,
54001,
54002,
54003,
54004,
54005,
