Codigo Municipio,NÂº Vehiculos
01001,1947
01002,6906
01003,1236
01004,1266
01006,205
01009,1363
01010,2583
01011,302
01013,785
01014,649
01016,534
01017,991
01018,1492
01019,144
01020,413
01021,573
01022,747
01023,295
01027,515
01028,1196
01030,170
01031,1640
01032,510
01033,704
01034,185
01036,11346
01037,694
01041,198
01042,927
01043,2511
01044,243
01046,806
01047,937
01049,130
01051,3406
01052,261
01053,778
01054,1061
01055,976
01056,322
01057,327
01058,1737
01059,147980
01060,214
01061,133
01062,341
01063,1802
01901,3268
01902,902
02001,814
02002,468
02003,118487
02004,707
02005,781
02006,575
02007,1318
02008,1373
02009,17493
02010,1865
02011,759
02012,1937
02013,133
02014,461
02015,1614
02016,681
02017,768
02018,1012
02019,2419
02020,455
02021,1185
02022,303
02023,600
02024,3788
02025,7719
02026,946
02027,310
02028,134
02029,3361
02030,3158
02031,647
02032,360
02033,2190
02034,1854
02035,2078
02036,103
02037,22199
02038,352
02039,979
02040,532
02041,424
02042,879
02043,1468
02044,1139
02045,4046
02046,1124
02047,85
02048,1515
02049,945
02050,104
02051,1949
02052,424
02053,3367
02054,405
02055,1272
02056,1838
02057,2441
02058,334
02059,269
02060,1377
02061,729
02062,486
02063,1486
02064,361
02065,443
02066,220
02067,1192
02068,333
02069,12573
02070,397
02071,986
02072,1633
02073,5358
02074,6483
02075,1569
02076,304
02077,36
02078,1188
02079,3345
02080,554
02081,20295
02082,141
02083,248
02084,365
02085,430
02086,2161
02901,1602
03001,559
03002,3938
03003,564
03004,1615
03005,7904
03006,1221
03007,229
03008,216
03009,40779
03010,372
03011,16067
03012,2356
03013,1380
03014,228563
03015,13321
03016,135
03017,422
03018,20898
03019,13379
03020,130
03021,6392
03022,199
03023,1516
03024,4308
03025,1285
03026,1451
03027,204
03028,1044
03029,438
03030,6303
03031,51593
03032,114
03033,162
03034,2563
03035,727
03036,83
03037,402
03038,390
03039,102
03040,415
03041,12414
03042,3847
03043,2495
03044,4305
03045,320
03046,2326
03047,18107
03048,6079
03049,11820
03050,17781
03051,302
03052,1094
03053,7620
03054,368
03055,5539
03056,8887
03057,294
03058,6495
03059,20631
03060,138
03061,1608
03062,459
03063,35601
03064,5458
03065,155616
03066,38597
03067,161
03068,54
03069,4498
03070,2397
03071,5123
03072,396
03073,247
03074,1789
03075,245
03076,10641
03077,2186
03078,929
03079,18167
03080,1600
03081,2497
03082,23781
03083,6214
03084,577
03085,886
03086,177
03088,5565
03089,9023
03090,15771
03091,482
03092,6678
03093,19500
03094,11863
03095,5307
03096,6271
03097,2119
03098,884
03099,62788
03100,937
03101,7191
03102,8781
03103,276
03104,23376
03105,6136
03106,764
03107,2957
03109,2823
03110,792
03111,5161
03112,14563
03113,12702
03114,2335
03115,388
03116,1090
03117,758
03118,7631
03119,17386
03120,5447
03121,19347
03122,37284
03123,6536
03124,612
03125,618
03127,571
03128,11828
03129,1436
03130,52
03131,341
03132,729
03133,54617
03134,163
03135,232
03136,543
03137,869
03138,3904
03139,22800
03140,22223
03901,2098
03902,14562
03903,3502
03904,1628
04001,1221
04002,1309
04003,17471
04004,644
04005,573
04006,10627
04007,634
04008,633
04009,137
04010,740
04011,3153
04012,193
04013,137806
04014,149
04015,118
04016,4459
04017,3217
04018,285
04019,226
04020,236
04021,181
04022,767
04023,111
04024,3082
04026,27
04027,278
04028,279
04029,11669
04030,1164
04031,3344
04032,6413
04033,90
04034,156
04035,12442
04036,253
04037,1661
04038,3072
04041,312
04043,529
04044,1984
04045,1862
04046,738
04047,2457
04048,2732
04049,5284
04050,844
04051,459
04052,13644
04053,15383
04054,420
04055,405
04056,110
04057,1445
04058,526
04059,1375
04060,577
04061,785
04062,5189
04063,1430
04064,6449
04065,448
04066,21695
04067,547
04068,168
04069,5653
04070,2311
04071,428
04072,662
04073,283
04074,3025
04075,7499
04076,1286
04077,242
04078,1236
04079,53616
04080,189
04081,375
04082,272
04083,2031
04084,317
04085,433
04086,2689
04087,193
04088,3190
04089,941
04090,388
04091,397
04092,3325
04093,2779
04094,214
04095,931
04096,313
04097,231
04098,1957
04099,6212
04100,10252
04101,5293
04102,17933
04103,2498
04901,505
04902,58884
04903,7571
05001,231
05002,1985
05005,186
05007,111
05008,214
05010,133
05012,140
05013,769
05014,5440
05015,59
05016,5875
05017,115
05018,23
05019,39727
05021,2117
05022,1727
05023,204
05024,208
05025,77
05026,211
05027,353
05029,124
05030,38
05033,145
05034,16
05035,93
05036,126
05037,190
05038,150
05039,50
05040,47
05041,1133
05042,213
05043,81
05044,345
05045,117
05046,69
05047,4347
05048,146
05049,458
05051,153
05052,85
05053,81
05054,1401
05055,592
05056,121
05057,2355
05058,92
05059,95
05060,145
05061,463
05062,191
05063,26
05064,140
05065,625
05066,457
05067,75
05069,114
05070,53
05072,101
05073,318
05074,966
05075,79
05076,476
05077,176
05078,155
05079,53
05080,63
05081,30
05082,509
05083,174
05084,47
05085,33
05086,106
05087,113
05088,32
05089,517
05090,93
05092,226
05093,512
05094,145
05095,285
05096,78
05097,419
05099,517
05100,297
05101,282
05102,1771
05103,51
05104,16
05105,346
05106,34
05107,56
05108,43
05109,453
05110,874
05112,95
05113,67
05114,1317
05115,627
05116,116
05117,255
05118,77
05120,36
05121,293
05122,132
05123,100
05124,98
05125,40
05126,60
05127,788
05128,365
05129,129
05130,78
05131,117
05132,943
05133,57
05134,64
05135,525
05136,95
05138,354
05139,97
05140,129
05141,118
05142,120
05143,68
05144,67
05145,35
05147,181
05148,26
05149,145
05151,71
05152,843
05153,94
05154,45
05155,35
05156,215
05157,221
05158,509
05159,171
05160,373
05161,691
05162,61
05163,1772
05164,27
05165,492
05166,217
05167,242
05168,4020
05169,246
05170,30
05171,59
05172,199
05173,86
05174,69
05175,150
05176,273
05177,167
05178,419
05179,293
05180,82
05181,42
05182,815
05183,163
05184,312
05185,98
05186,1671
05187,1831
05188,29
05189,482
05190,82
05191,139
05192,97
05193,181
05194,181
05195,282
05196,95
05197,114
05198,106
05199,42
05200,40
05201,549
05204,774
05205,93
05206,32
05207,557
05208,72
05209,49
05210,79
05211,427
05212,332
05213,97
05214,31
05215,158
05216,234
05217,49
05218,118
05219,49
05220,419
05221,382
05222,201
05224,89
05225,435
05226,48
05227,452
05228,149
05229,88
05230,90
05231,224
05232,98
05233,282
05234,55
05235,176
05236,110
05237,187
05238,756
05239,225
05240,3537
05241,3241
05242,657
05243,110
05244,34
05245,424
05246,36
05247,249
05249,101
05251,66
05252,79
05253,124
05254,266
05256,136
05257,152
05258,123
05259,198
05260,129
05261,23
05262,401
05263,170
05264,54
05265,102
05266,95
05267,68
05901,205
05902,412
05903,137
05904,117
05905,162
06001,770
06002,5098
06003,840
06004,1562
06005,1603
06006,3958
06007,1427
06008,518
06009,228
06010,1253
06011,23623
06012,3347
06013,195
06014,6144
06015,113705
06016,2852
06017,213
06018,568
06019,2061
06020,1609
06021,847
06022,2591
06023,3614
06024,976
06025,5124
06026,801
06027,544
06028,3801
06029,1241
06030,143
06031,470
06032,56
06033,1407
06034,197
06035,940
06036,5384
06037,1798
06038,785
06039,1663
06040,1050
06041,409
06042,920
06043,512
06044,26831
06045,579
06046,1185
06047,777
06048,551
06049,878
06050,3732
06051,1586
06052,3777
06053,576
06054,6169
06055,1989
06056,431
06057,363
06058,1842
06059,1683
06060,5476
06061,1015
06062,559
06063,2927
06064,756
06065,284
06066,1393
06067,1793
06068,487
06069,2815
06070,7634
06071,216
06072,2152
06073,610
06074,4135
06075,376
06076,862
06077,400
06078,543
06079,604
06080,2011
06081,1089
06082,365
06083,43045
06084,1149
06085,3090
06086,1122
06087,2189
06088,11316
06089,602
06090,855
06091,3809
06092,618
06093,4369
06094,1347
06095,8215
06096,224
06097,2414
06098,568
06099,905
06100,676
06101,542
06102,982
06103,4470
06104,662
06105,638
06106,501
06107,1435
06108,2392
06109,4006
06110,116
06111,609
06112,316
06113,2834
06114,102
06115,1179
06116,1448
06117,1888
37279,785
06119,671
06120,3854
06121,3497
06122,7003
06123,4404
06124,1310
06125,1754
06126,2181
06127,2834
06128,4119
06129,602
06130,174
06131,1010
06132,817
06133,1701
06134,551
06135,1458
06136,1411
06137,1104
06138,1163
06139,563
06140,620
06141,1668
06142,205
06143,3435
06144,482
06145,1023
06146,1054
06147,252
06148,853
06149,10286
06150,543
06151,1047
06152,1459
06153,19439
06154,2251
06155,1775
06156,1100
06157,382
06158,12100
06159,2203
06160,2880
06161,303
06162,3033
06901,1694
06902,44
07001,4481
07002,8707
07003,15796
07004,4707
07005,11930
07006,7654
07007,620
07008,6570
07009,1209
07010,6188
07011,48291
07012,2394
07013,9741
07014,12013
07015,23681
07016,3086
07017,1142
07019,300
07020,4401
07021,445
07022,18586
07023,3459
07024,18401
07025,725
07026,46238
07027,24132
07028,1304
07029,4721
07030,2149
07031,30411
07033,38656
07034,1723
07035,2394
07036,31002
07037,5617
07038,8250
07039,6966
07041,2836
07042,15359
07043,5392
07044,11472
07045,1738
07046,22065
07047,2771
07048,26312
07049,2691
07050,5479
07051,8264
07052,6803
07053,1649
07054,33954
07055,10245
07056,5935
07057,15133
07058,3737
07059,5279
07060,3408
07061,13495
07062,11405
07063,1871
07064,7404
07065,2613
07901,882
07902,1190
08001,9567
08002,56894
08003,8376
08004,293
08005,7361
08006,10576
08007,6730
08008,255
08009,10011
08010,4455
08011,2304
08012,1894
08013,1625
08014,1950
08015,125059
08016,1774
08017,3453
08018,2872
08019,999572
08020,5099
08021,104
08022,12819
08023,7785
08024,569
08025,1653
08026,246
08027,16420
08028,1048
08029,5198
08030,5990
08031,2760
08032,2128
08033,12691
08034,925
08035,11362
08036,217
08037,2311
08038,1465
08039,437
08040,9006
08041,10996
08042,2474
08043,3249
08044,3797
08045,152
08046,12086
08047,4179
08048,751
08049,1733
08050,166
08051,18036
08052,198
08053,3088
08054,11682
08055,568
08056,40509
08057,92
08058,2137
08059,484
08060,211
08061,1603
08062,1044
08063,653
08064,1808
08065,1795
08066,1560
08067,5589
08068,8136
08069,3116
08070,334
08071,315
08072,11225
08073,47533
08074,9393
08075,4439
08076,16551
08077,30167
08078,385
08079,351
08080,56
08081,413
08082,1446
08083,1893
08084,1497
08085,1521
08086,14004
08087,291
08088,11427
08089,30196
08090,221
08091,4799
08092,4321
08093,55
08094,1699
08095,280
08096,40890
08097,1127
08098,2983
08099,837
08100,3140
08101,126465
08102,29618
08103,709
08104,1023
08105,7799
08106,7138
08107,12833
08108,7120
08109,259
08110,12458
08111,354
08112,14910
08113,51712
08114,20492
08115,4552
08116,709
08117,3010
08118,16846
08119,6222
08120,7287
08121,77299
08122,2085
08123,17116
08124,32605
08125,24070
08126,7978
08127,2145
08128,659
08129,532
08130,150
08131,723
08132,684
08133,243
08134,783
08135,6302
08136,11095
08137,467
08138,4421
08139,226
08140,5080
08141,4913
08142,184
08143,3230
08144,1185
08145,3876
08146,1555
08147,14637
08148,2764
08149,1165
08150,314
08151,668
08152,255
08153,669
08154,1083
08155,7350
08156,13262
08157,8590
08158,3654
08159,13975
08160,435
08161,11212
08162,2351
08163,18490
08164,992
08165,2189
08166,908
08167,6546
08168,594
08169,39777
08170,587
08171,2475
08172,17803
08174,523
08175,3735
08176,263
08177,77
08178,38081
08179,727
08180,23638
08181,8592
08182,2860
08183,4942
08184,49863
08185,227
08187,131795
08188,179
08189,1213
08190,394
08191,5489
08192,5923
08193,1126
08194,20067
08195,139
08196,17927
08197,8231
08198,4567
08199,997
08200,50829
08201,541
08202,11480
08203,2920
08204,3219
08205,53771
08206,972
08207,1970
08208,6752
08209,7409
08210,4493
08211,26726
08212,659
08213,7188
08214,7250
08215,2711
08216,49
08217,21108
08218,8364
08219,13829
08220,2589
08221,13202
08222,1885
08223,1927
08224,795
08225,204
08226,1013
08227,3013
08228,367
08229,635
08230,8355
08231,21376
08232,2065
08233,2121
08234,3696
08235,3686
08236,1720
08237,1771
08238,15110
08239,629
08240,9091
08241,129
08242,273
08243,264
08244,5883
08245,57508
08246,2260
08247,985
08248,6261
08249,380
08250,7396
08251,5480
08252,23452
08253,210
08254,2209
08255,215
08256,699
08257,273
08258,960
08259,6962
08260,20682
08261,2705
08262,5940
08263,19474
08264,4581
08265,1791
08266,39461
08267,6629
08268,1239
08269,2956
08270,19126
08271,107
08272,245
08273,2994
08274,4742
08275,391
08276,385
08277,626
08278,5399
08279,139516
08280,226
08281,5592
08282,6044
08283,6439
08284,12787
08285,10714
08286,3295
08287,1470
08288,2026
08289,4572
08290,1469
08291,5182
08292,1149
08293,281
08294,2366
08295,11277
08296,1981
08297,180
08298,28853
08299,438
08300,6468
08301,41918
08302,9168
08303,450
08304,1208
08305,26539
08306,587
08307,45485
08308,256
08901,376
08902,3970
08903,176
08904,8102
08905,1569
09001,26
09003,261
09006,75
09007,64
09009,243
09010,37
09011,70
09012,157
09013,56
09014,222
09016,102
09017,128
09018,23363
09019,201
09020,321
09021,66
09022,92
09023,949
09024,153
09025,197
09026,328
09027,35
09029,180
09030,526
09032,126
09033,81
09034,331
09035,336
09036,40
09037,98
09038,185
09039,98
09041,27
09043,196
09044,73
09045,346
09046,29
09047,48
09048,1410
09050,91
09051,173
09052,42
09054,180
09055,46
09056,4857
09057,130
09058,351
09059,104422
09060,165
09061,201
09062,24
09063,308
09064,368
09065,155
09066,44
09067,448
09068,26
09070,53
09071,64
09072,275
09073,1030
09074,782
09075,135
09076,33
09077,31
09078,67
09079,60
09082,62
09083,52
09084,221
09085,564
09086,627
09088,91
09090,48
09091,884
09093,155
09094,60
09095,100
09098,539
09100,55
09101,102
09102,35
09103,211
09104,43
09105,95
09108,413
09109,1432
09110,107
09112,128
09113,555
09114,95
09115,103
09117,97
09119,54
09120,53
09122,91
09123,27
09124,1613
09125,642
09127,54
09128,113
09129,76
09130,92
09131,569
09132,168
09133,36
09134,262
09135,50
09136,236
09137,184
09138,102
09139,117
09140,179
09141,782
09143,25
09144,70
09148,81
09149,31
09151,496
09152,392
09154,144
09155,37
09159,83
09160,73
09162,114
09163,682
09164,192
09166,97
09167,54
09168,317
09169,124
09170,207
09172,95
09173,126
09174,887
09175,178
09176,80
09177,1161
09178,50
09179,40
09180,212
09181,327
09182,94
09183,37
09184,10
09189,138
09190,103
09191,26
09192,56
09194,2278
09195,50
09196,163
09197,216
09198,138
09199,115
09200,42
09201,30
09202,53
09206,65
09208,264
09209,4854
09211,1640
09213,409
09214,823
09215,421
09216,464
09217,420
09218,479
09219,22686
09220,85
09221,468
09223,45
09224,206
09225,60
09226,58
09227,216
09228,182
09229,233
09230,59
09231,75
09232,154
09235,186
09236,33
09238,765
09239,58
09241,225
09242,100
09243,95
09244,51
09246,672
09247,29
09248,55
09249,63
09250,269
09251,424
09253,100
09255,50
09256,487
09257,141
09258,176
09259,231
09261,495
09262,193
09265,49
09266,98
09267,125
09268,105
09269,30
09270,153
09272,287
09273,47
09274,906
09275,297
09276,505
09277,131
09279,234
09280,28
09281,171
09283,57
09287,208
09288,77
09289,1548
09292,69
09294,110
09295,79
09297,364
09298,96
09301,915
09302,100
09303,63
09304,197
09306,134
09307,109
09308,56
09309,477
09310,20
09311,77
09312,168
09314,107
09315,386
09316,177
09317,26
09318,51
09321,1786
09323,75
09325,239
09326,216
09327,33
09328,72
09329,153
09330,1613
09332,155
09334,54
09335,50
09337,127
09338,240
09339,189
09340,57
09343,96
09345,112
09346,90
09347,168
09348,169
09350,668
09351,65
09352,111
09353,106
09354,49
09355,70
09356,58
09358,240
09360,31
09361,131
09362,247
09363,1161
09365,46
09366,91
09368,31
09369,546
09372,246
09373,542
09374,94
09375,47
09377,639
09378,31
09380,73
09381,15
09382,45
09384,444
09386,80
09387,119
09388,36
09389,92
09390,571
09391,534
09392,42
09394,921
09395,105
09396,168
09398,106
09400,313
09403,110
09405,129
09406,263
09407,17
09408,60
09409,126
09410,3339
09411,237
09412,947
09413,577
09414,187
09415,290
09416,56
09417,56
09418,81
09419,92
09421,254
09422,34
09423,38
09424,47
09425,707
09427,1512
09428,158
09429,63
09430,24
09431,128
09432,179
09433,61
09434,2200
09437,336
09438,608
09439,1171
09440,79
09441,93
09442,470
09443,163
09444,104
09445,49
09446,17
09447,23
09448,315
09449,144
09450,21
09451,258
09454,53
09455,48
09456,242
09458,685
09460,186
09463,196
09464,48
09466,125
09467,84
09471,182
09472,68
09473,118
09476,102
09478,29
09480,104
09482,36
09483,214
09485,64
09901,434
09902,461
09903,3464
09904,540
09905,410
09906,1312
09907,1479
09908,688
10001,252
10002,344
10003,509
10004,739
10005,461
10006,1152
10007,559
10008,1185
10009,288
10010,2162
10011,544
10012,489
10013,285
10014,1939
10015,598
10016,357
10017,718
10018,1467
10019,1800
10020,1725
10021,4359
10022,418
10023,13607
10024,560
10025,360
10026,539
10027,61
10028,89
10029,392
10030,449
10031,157
10032,1522
10033,435
10034,319
10035,1832
10036,281
10037,69218
10038,56
10039,310
10040,432
10041,983
10042,75
10043,826
10044,1541
10045,1063
10046,189
10047,945
10048,274
10049,3621
10050,1050
10051,390
10052,147
10053,289
10054,509
10055,655
10056,441
10057,159
10058,1130
10059,349
10060,1155
10061,1472
10062,373
10063,146
10064,1387
10066,182
10067,9843
10068,778
10069,868
10070,846
10071,175
10072,914
10073,864
10075,322
10076,1015
10077,631
10078,369
10079,895
10080,325
10081,172
10082,1538
10083,98
10084,1184
10085,262
10086,346
10087,1773
10088,212
10089,1348
10090,542
10091,311
10092,375
10093,346
10094,270
10095,277
10096,2802
10097,105
10098,304
10099,657
10100,755
10101,158
10102,609
10103,513
10104,5519
10105,2693
10106,91
10107,951
10108,200
10109,1935
10110,2546
10111,1658
10112,1643
10113,2088
10114,950
10115,3400
10116,3542
10117,213
10118,284
10119,493
10120,135
10121,8673
10122,170
10123,473
10124,809
10125,866
10126,1455
10127,4363
10128,5802
10129,338
10130,1687
10131,11824
10132,488
10133,1146
10134,580
10135,1129
10136,254
10137,381
10138,491
10139,116
10140,1267
10141,251
10142,673
10143,161
10144,1031
10145,119
10146,1435
10147,1083
10148,30588
10149,452
10150,311
10151,171
10152,472
10153,302
10154,242
10155,1145
10156,105
10157,249
10158,363
10159,363
10160,119
10161,51
10162,515
10163,276
10164,629
10165,291
10166,295
10167,305
10168,269
10169,513
10170,236
10171,311
10172,659
10173,701
10174,136
10175,1356
10176,305
10177,1503
10178,609
10179,303
10180,7415
10181,738
10182,145
10183,850
10184,619
10185,655
10186,926
10187,381
10188,486
10189,2504
10190,624
10191,569
10192,649
10193,1425
10194,489
10195,6860
10196,360
10197,95
10198,1046
10199,152
10200,378
10201,176
10202,546
10203,4604
10204,424
10205,2181
10206,172
10207,401
10208,111
10209,279
10210,516
10211,403
10212,1869
10213,457
10214,179
10215,390
10216,1614
10217,544
10218,1057
10219,1303
10901,1530
10902,503
10903,627
11001,3768
11002,3326
11003,1194
11004,84469
11005,4116
11006,21510
11007,13730
11008,16139
11009,486
11010,5576
11011,1652
11012,77033
11013,2431
11014,16739
11015,55992
11016,15524
11017,2571
11018,1499
11019,1627
11020,149769
11021,7659
11022,44514
11023,7468
11024,6013
11025,3574
11026,4430
11027,62633
11028,25456
11029,4795
11030,23663
11031,56586
11032,54878
11033,23862
11034,2145
11035,11146
11036,647
11037,5569
11038,11899
11039,8762
11040,310
11041,9089
11042,1125
11901,4682
11902,3005
12001,1202
12002,104
12003,1181
12004,6050
12005,9021
12006,138
12007,706
12008,268
12009,18212
12010,230
12011,4466
12012,3046
12013,126
12014,214
12015,88
12016,1423
12017,178
12018,303
12020,172
12021,4739
12022,249
12024,129
12025,128
12026,1089
12027,20228
12028,11793
12029,819
12031,3919
12032,23991
12033,3545
12034,1749
12036,659
12037,27
12038,170
12039,926
12040,126906
12041,86
12042,784
12043,587
12044,596
12045,421
12046,187
12048,259
12049,418
12050,1794
12051,584
12052,628
12053,2203
12055,96
12056,243
12057,633
12058,544
12059,298
12060,549
12061,520
12063,38
12064,88
12065,174
12067,583
12068,70
12069,31
12070,665
12071,1293
12072,1403
12073,142
12074,769
12075,178
12076,82
12077,4163
12078,272
12079,350
12080,2254
12081,920
12082,9921
12083,147
12084,17927
12085,5375
12087,30
12088,53
12089,5830
12090,138
12091,260
12092,97
12093,180
12094,846
12095,1022
12096,1116
12097,41
12098,776
12099,828
12100,1711
12101,465
12102,694
12104,7060
12105,1156
12106,1268
12107,388
12108,489
12109,740
12110,243
12111,433
12112,154
12113,67
12114,201
12115,310
12116,40
12117,4647
12118,69
12119,261
12120,204
12121,1409
12122,897
12123,50
12124,2293
12125,249
12126,23957
12127,69
12128,1692
12129,1742
12130,357
12131,61
12132,542
12133,53
12134,138
12135,35702
12136,2425
12137,45
12138,20831
12139,327
12140,1322
12141,187
12142,201
12901,3751
12902,2336
13001,1228
13002,1618
13003,461
13004,1260
13005,20518
13006,620
13007,1119
13008,487
13009,1683
13010,987
13011,4347
13012,410
13013,6423
13014,539
13015,4910
13016,714
13017,308
13018,938
13019,6324
13020,4671
13021,360
13022,376
13023,9457
13024,894
13025,298
13026,424
13027,3222
13028,11687
13029,196
13030,193
13031,2567
13032,1285
13033,1669
13034,46591
13035,933
13036,733
13037,905
13038,1781
13039,12289
13040,920
13041,243
13042,1060
13043,283
13044,2590
13045,637
13046,772
13047,6489
13048,493
13049,876
13050,617
13051,351
13052,7254
13053,13880
13054,4891
13055,604
13056,9708
13057,1302
13058,3931
13059,173
13060,291
13061,6540
13062,635
13063,3666
13064,1439
13065,3471
13066,2729
13067,368
13068,1095
13069,781
13070,815
13071,31051
13072,970
13073,505
13074,1013
13075,215
13076,441
13077,3989
13078,11059
13079,11384
13080,334
13081,637
13082,28716
13083,2706
13084,918
13085,2391
13086,162
13087,21225
13088,548
13089,1745
13090,1055
13091,462
13092,2129
13093,4448
13094,371
13095,76
13096,7974
13097,2639
13098,2134
13901,1132
13902,457
13903,390
13904,663
14001,3418
14002,10784
14003,1199
14004,2452
14005,5507
14006,1114
14007,14232
14008,2462
14009,2314
14010,3649
14011,601
14012,5799
14013,15427
14014,2611
14015,2233
14016,1396
14017,10344
14018,3200
14019,6009
14020,356
14021,220675
14022,3089
14023,1857
14024,1899
14025,2767
14026,1916
14027,7213
14028,323
14029,3709
14030,8288
14031,662
14032,360
14033,1094
14034,286
14035,5751
14036,4463
14037,4106
14038,29715
14039,2668
14040,3776
14041,3357
14042,17322
14043,7205
14044,1691
14045,2903
14046,4150
14047,1381
14048,1133
14049,15026
14050,1997
14051,1229
14052,8412
14053,5265
14054,11814
14055,18945
14056,20725
14057,5635
14058,8612
14059,612
14060,5066
14061,698
14062,944
14063,1030
14064,282
14065,1591
14066,4853
14067,3661
14068,412
14069,8134
14070,1099
14071,886
14072,827
14073,2902
14074,2117
14075,456
15001,4512
15002,15757
15003,1606
15004,3344
15005,21234
15006,4981
15007,2904
15008,6181
15009,9090
15010,1884
15011,12646
15012,3887
15013,4998
15014,4109
15015,2924
15016,3881
15017,16105
15018,1269
15019,23763
15020,2761
15021,4842
15022,4942
15023,5095
15024,4386
15025,1180
15027,1380
15028,1032
15029,5934
15030,145603
15031,18456
15032,3346
15033,2492
15034,2742
15035,10077
15036,47393
15037,2609
15038,2164
15039,1193
15040,2409
15041,8526
15042,2875
15043,4480
15044,1234
15045,3710
15046,5513
15047,2525
15048,3615
15049,1239
15050,1913
15051,3754
15052,3809
15053,5858
15054,26266
15055,4469
15056,4899
15057,9445
15058,23701
15059,9640
15060,4996
15061,5461
15062,5569
15064,2066
15065,7309
15066,3610
15067,6245
15068,4587
15069,5719
15070,10228
15071,6382
15072,8107
15073,14997
15074,4000
15075,10334
15076,2741
15077,7705
15078,65166
15079,1545
15080,2019
15081,1173
15082,13764
15083,976
15084,3363
15085,3572
15086,2774
15087,5045
15088,3380
15089,4475
15090,1147
15091,1093
15092,6468
15093,4653
15901,2850
16001,65
16002,237
16003,183
16004,284
16005,251
16006,120
16007,1517
16008,88
16009,90
16010,177
16011,36
16012,115
16013,33
16014,587
16015,633
16016,302
16017,511
16018,379
16019,260
16020,41
16022,65
16023,500
16024,151
16025,25
16026,102
16027,832
16029,137
16030,30
16031,61
16032,295
16033,1720
16034,199
16035,311
16036,143
16038,34
16039,526
16040,112
16041,425
16042,1337
16043,140
16044,46
16045,197
16046,233
16047,281
16048,485
16049,160
16050,269
16051,176
16052,666
16053,566
16055,925
16056,596
16057,745
16058,94
16060,754
16061,1380
16062,37
16063,128
16064,872
16065,510
16066,3594
16067,2652
16068,193
16070,37
16071,19
16072,208
16073,286
16074,55
16078,38395
16079,48
16081,65
16082,418
16083,67
16084,42
16085,141
16086,1102
16087,196
16088,143
16089,448
16091,72
16092,203
16093,96
16094,113
16095,96
16096,518
16097,183
16098,699
16099,197
16100,725
16101,154
16102,1821
16103,325
16104,63
16106,3044
16107,93
16108,61
16109,50
16110,122
16111,194
16112,1694
16113,5097
16115,47
16116,125
16117,1243
16118,1376
16119,212
16121,244
16122,319
16123,131
16124,2015
16125,2273
16126,1137
16128,49
16129,127
16130,739
16131,181
16132,56
16133,5397
16134,5615
16135,6237
16137,107
16139,355
16140,16
16141,169
16142,136
16143,24
16145,515
16146,77
16147,66
16148,713
16149,173
16150,137
16151,49
16152,30
16153,939
16154,6203
16155,677
16156,86
16157,252
16158,761
16159,300
16160,57
16161,100
16162,42
16163,61
16165,72
16166,263
16169,60
16170,865
16171,2328
16172,326
16173,271
16174,262
16175,6615
16176,71
16177,113
16181,67
16185,57
16186,557
16187,108
16188,178
16189,421
16190,6283
16191,1503
16192,57
16193,50
16194,309
16195,491
16196,659
16197,137
16198,1320
16199,21
16202,925
16203,11306
16204,286
16205,135
16206,215
16209,117
16211,407
16212,259
16213,46
16215,297
16216,347
16217,84
16218,186
16219,101
16224,75
16225,97
16227,164
16228,211
16231,63
16234,54
16236,1296
16237,121
16238,543
16239,170
16240,173
16242,388
16243,443
16244,788
16245,536
16246,516
16247,86
16248,1077
16249,2326
16250,77
16251,2560
16253,381
16254,180
16255,144
16258,248
16259,51
16263,958
16264,606
16265,25
16266,498
16269,711
16270,211
16271,826
16272,253
16273,267
16274,115
16275,10
16276,20
16277,107
16278,77
16279,277
16280,162
16901,178
16902,145
16903,1446
16904,385
16906,80
16908,479
16909,693
16910,77
17001,858
17002,1197
17003,196
17004,857
17005,619
17006,1546
17007,2082
17008,4383
17009,5032
17010,468
17011,933
17012,1420
17013,4909
17014,136
17015,13923
17016,1212
17018,858
17019,2047
17020,4128
17021,250
17022,8575
17023,31254
17024,378
17025,1567
17026,796
17027,3275
17028,507
17029,309
17031,356
17032,3423
17033,5426
17034,9617
17035,812
17036,2863
17037,191
17038,720
17039,2272
17040,813
17041,324
17042,610
17043,201
17044,8027
17046,960
17047,10924
17048,10410
17049,4602
17050,971
17051,341
17052,245
17054,456
17055,211
17056,2681
17057,1467
17058,290
17060,604
17061,207
17062,8635
17063,208
17064,462
17065,483
17066,31880
17067,1071
17068,420
17069,515
17070,224
17071,1320
17073,3686
17074,741
17075,619
17076,207
17077,865
17078,496
17079,71592
17080,225
17081,595
17082,495
17083,3247
17084,366
17085,430
17086,3090
17087,349
17088,707
17089,6916
17090,772
17091,651
17092,4669
17093,1667
17094,1314
17095,27827
17096,355
17097,278
17098,531
17099,108
17100,307
17101,874
17102,797
17103,5932
17105,25572
17106,201
17107,361
17109,1024
17110,2282
17111,975
17112,279
17114,26358
17115,396
17116,536
17117,19316
17118,15894
17119,144
17120,1235
17121,375
17123,756
17124,2952
17125,142
17126,391
17128,610
17129,220
17130,497
17132,1780
17133,1661
17134,269
17135,944
17136,337
17137,4099
17138,1049
17139,1826
17140,1074
17141,7454
17142,3338
17143,196
17144,446
17145,1518
17146,3328
17147,8679
17148,1952
17149,520
17150,3127
17151,307
17152,15970
17153,290
17154,213
17155,19073
17157,182
17158,490
17159,989
17160,19239
17161,1216
17162,337
17163,3272
17164,5280
17165,833
17166,748
17167,2816
17168,509
17169,3067
17170,282
17171,227
17172,600
17173,237
17174,282
17175,728
17176,238
17177,707
17178,2106
17180,9719
17181,4895
17182,726
17183,365
17184,1822
17185,3104
17186,4380
17187,810
17188,326
17189,1874
17190,1004
17191,291
17192,221
17193,4521
17194,131
17195,513
17196,273
17197,50323
17198,665
17199,9523
17200,757
17201,150
17202,5503
17203,243
17204,1125
17205,281
17206,240
17207,3002
17208,1583
17209,896
17210,863
17211,1251
17212,204
17213,6507
17214,920
17215,2951
17216,238
17217,545
17218,986
17220,1091
17221,5268
17222,191
17223,1090
17224,537
17225,373
17226,2524
17227,180
17228,352
17230,947
17232,222
17233,3124
17234,310
17901,1499
17902,2193
17903,1156
18001,324
18002,659
18003,14088
18004,933
18005,421
18006,4504
18007,785
18010,488
18011,4615
18012,2721
18013,5216
18014,5523
18015,447
18016,333
18017,22833
18018,700
18020,1698
18021,16115
18022,11656
18023,17502
18024,949
18025,291
18027,2377
18028,1234
18029,2136
18030,537
18032,403
18033,314
18034,615
18035,1283
18036,3700
18037,616
18038,1254
18039,4403
18040,238
18042,387
18043,167
18044,240
18045,1423
18046,2103
18047,6188
18048,1963
18049,620
18050,1626
18051,1368
18053,1781
18054,791
18056,4231
18057,5357
18059,4465
18061,1243
18062,9543
18063,1518
18064,369
18066,2223
18067,764
18068,1440
18069,631
18070,304
18071,5914
18072,891
18074,259
18076,988
18078,900
18079,3525
18082,1081
18083,230
18084,4611
18085,861
18086,431
18087,184561
18088,1855
18089,14573
18093,3323
18094,2082
18095,1834
18096,418
18097,1231
18098,6476
18099,1961
18100,7284
18101,10127
18102,8860
18103,903
18105,5925
18107,1103
18108,889
18109,762
18111,2851
18112,140
18114,751
18115,2692
18116,2838
18117,652
18119,2083
18120,299
18121,113
18122,17814
18123,268
18124,562
18126,1610
18127,15683
18128,378
18132,4012
18133,2455
18134,6928
18135,5597
18136,1926
18137,1131
18138,2899
18140,41048
18141,560
18143,961
18144,764
18145,11125
18146,1181
18147,4466
18148,1071
18150,6992
18151,271
18152,980
18153,10107
18154,1053
18157,1512
18158,11070
18159,1184
18161,177
18162,1283
18163,333
18164,1866
18165,4458
18167,2251
18168,730
18170,411
18171,2290
18173,8600
18174,507
18175,10892
18176,144
18177,461
18178,834
18179,760
18180,591
18181,239
18182,1590
18183,726
18184,2019
18185,661
18187,518
18188,1750
18189,796
18192,2704
18193,14111
18194,2423
18901,659
18902,1033
18903,763
18904,830
18905,12380
18906,914
18907,1928
18908,843
18909,641
18910,782
18911,6267
18912,1762
18913,796
19001,80
19002,70
19003,35
19004,62
19005,124
19006,1008
19007,437
19008,36
19009,233
19010,21
19011,342
19013,170
19015,50
19016,50
19017,72
19018,276
19019,12
19020,119
19021,1034
19022,591
19023,119
19024,7787
19027,202
19031,11
19032,196
19033,47
19034,23
19036,490
19037,184
19038,33
19039,154
19040,46
19041,211
19042,41
19043,108
19044,419
19045,195
19046,19910
19047,74
19048,25
19049,14
19050,31
19051,114
19052,32
19053,2213
19054,258
19055,75
19057,62
19058,7775
19059,92
19060,163
19061,60
19064,84
19065,113
19066,75
19067,117
19070,322
19071,7654
19073,38
19074,110
19075,88
19076,22
19078,58
19079,5
19080,101
19081,74
19082,92
19086,1832
19087,16
19088,109
19089,29
19090,67
19091,41
19092,653
19095,15
19096,95
19097,20
19098,37
19099,339
19102,142
19103,313
19104,10
19105,2658
19106,88
19107,396
19108,101
19109,41
19110,76
19111,180
19112,44
19113,611
19114,42
19115,31
19116,11
19117,1625
19118,21
19119,116
19120,171
19121,209
19122,128
19123,68
19124,437
19125,54
19126,1731
19127,95
19129,28
19130,54607
19132,56
19133,128
19134,14
19135,111
19136,18
19138,321
19139,34
19142,317
19143,1916
19145,44
19146,30
19147,57
19148,60
19150,171
19151,1277
19152,698
19153,31
19154,82
19155,56
19156,1528
19157,66
19159,141
19160,1189
19161,227
19162,92
19163,40
19165,87
19166,226
19167,150
19168,243
19169,66
19170,172
19171,4196
19172,64
19173,76
19174,128
19175,32
19176,343
19177,112
19178,35
19179,79
19181,56
19182,25
19183,70
19184,102
19185,32
19186,91
19187,92
19188,90
19189,213
19190,3046
19191,14
19192,2695
19193,36
19194,104
19195,41
19196,151
19197,19
19198,14
19199,19
19200,88
19201,64
19202,17
19203,22
19204,217
19208,46
19209,56
19210,51
19211,589
19212,931
19213,78
19214,89
19215,282
19216,136
19217,36
19218,80
19219,20
19220,2285
19221,55
19222,128
19223,155
19224,114
19225,1128
19226,11
19227,76
19228,36
19229,74
19230,539
19231,28
19232,82
19233,107
19234,43
19235,108
19237,66
19238,43
19239,100
19240,74
19241,29
19242,130
19243,53
19244,130
19245,1353
19246,41
19247,167
19248,95
19249,27
19250,19
19251,59
19252,122
19254,39
19255,144
19256,53
19257,3825
19258,73
19259,23
19260,32
19261,37
19262,145
19263,31
19264,37
19265,117
19266,370
19267,26
19268,70
19269,98
19270,14
19271,52
19272,94
19274,883
19277,10
19278,31
19279,150
19280,4094
19281,24
19282,261
19283,24
19284,14
19285,24
19286,735
19287,166
19288,15
19289,31
19290,1051
19291,1151
19293,2093
19294,27
19296,45
19297,39
19298,89
19299,109
19300,866
19301,35
19302,64
19303,117
19304,256
19305,196
19306,16
19307,28
19308,72
19309,30
19310,10
19311,69
19314,51
19317,198
19318,61
19319,4479
19321,38
19322,40
19323,74
19324,217
19325,104
19326,832
19327,613
19329,64
19330,103
19331,2448
19332,107
19333,341
19334,31
19335,148
19901,44
20001,279
20002,756
20003,568
20004,349
20005,1130
20006,319
20007,375
20008,929
20009,8933
20010,1402
20011,1443
20012,389
20013,4301
20014,1407
20015,1175
20016,1590
20017,6707
20018,9895
20019,8415
20020,169
20021,380
20022,922
20023,452
20025,1158
20026,230
20027,2535
20028,2078
20029,3735
20030,15131
20031,217
20032,7088
20033,927
20034,2829
20035,615
20036,12089
20037,110
20038,504
20039,1873
20040,12768
20041,323
20042,2881
20043,1987
20044,382
20045,42823
20046,1240
20047,526
20048,180
20049,4028
20050,394
20051,5716
20052,1013
20053,4552
20054,536
20055,13790
20056,3155
20057,220
20058,1203
20059,7330
20060,91
20061,3129
20062,1107
20063,10554
20064,9099
20065,2470
20066,576
20067,22243
20068,201
20070,1013
20071,10567
20072,4573
20073,4680
20074,9680
20075,3564
20076,5732
20077,4104
20078,1256
20079,12880
20080,5776
20081,5216
20901,1032
20902,11046
20903,4673
20904,96
20905,138
20906,101
20907,94
21001,665
21002,12709
21003,590
21004,1422
21005,15013
21006,2718
21007,5702
21008,1749
21009,786
21010,13224
21011,3592
21012,286
21013,11318
21014,4019
21015,771
21016,1159
21017,2806
21018,1775
21019,659
21020,312
21021,11466
21022,158
21023,1466
21024,470
21025,3342
21026,187
21027,50
21028,298
21029,1408
21030,1441
21031,984
21032,1591
21033,515
21034,1220
21035,7597
21036,150
21037,451
21038,1027
21039,313
21040,3053
21041,98061
21042,13096
21043,1787
21044,16202
21045,249
21046,2098
21047,1899
21048,303
21049,3239
21050,12793
21051,268
21052,4164
21053,3592
21054,6772
21055,7943
21056,2814
21057,952
21058,2282
21059,197
21060,8575
21061,5289
21062,1311
21063,2302
21064,5257
21065,281
21066,546
21067,390
21068,1002
21069,1506
21070,5904
21071,181
21072,10596
21073,2000
21074,2492
21075,289
21076,2150
21077,1642
21078,2508
21079,665
22001,279
22002,114
22003,166
22004,145
22006,301
22007,1080
22008,245
22009,790
22011,96
22012,141
22013,360
22014,256
22015,401
22016,790
22017,1183
22018,326
22019,206
22020,120
22021,2125
22022,623
22023,633
22024,289
22025,1576
22027,417
22028,371
22029,145
22032,99
22035,356
22036,88
22037,79
22039,867
22040,189
22041,208
22042,104
22043,144
22044,285
22045,122
22046,836
22047,254
22048,12439
22049,114
22050,99
22051,107
22052,1289
22053,1199
22054,1344
22055,401
22057,445
22058,252
22059,1109
22060,1434
22061,7021
22062,213
22063,226
22064,235
22066,792
22067,85
22068,86
22069,514
22072,183
22074,420
22075,158
22076,365
22077,534
22078,444
22079,139
22080,417
22081,305
22082,431
22083,491
22084,593
22085,130
22086,208
22087,183
22088,176
22089,670
22090,120
22094,142
22095,80
22096,325
22099,739
22102,258
22103,1076
22105,151
22106,28
22107,100
22109,333
22110,991
22111,179
22112,12227
22113,721
22114,49
22115,526
22116,1936
22117,3157
22119,1326
22122,54
22124,267
22125,34667
22126,100
22127,519
22128,229
22129,261
22130,9307
22131,112
22133,195
22135,225
22136,1123
22137,1205
22139,99
22141,163
22142,166
22143,302
22144,276
22149,288
22150,486
22151,90
22155,108
22156,346
22157,376
22158,12197
22160,249
22162,214
22163,533
22164,51
22165,507
22167,732
22168,49
22170,590
22172,719
22173,258
22174,632
22175,240
22176,222
22177,106
22178,189
22181,124
22182,390
22184,306
22186,222
22187,453
22188,115
22189,259
22190,154
22193,337
22195,351
22197,608
22199,7215
22200,307
22201,307
22202,177
22203,112
22204,1270
22205,584
22206,223
22207,138
22208,155
22209,164
22212,95
22213,3659
22214,157
22215,174
22217,516
22218,43
22220,245
22221,121
22222,550
22223,140
22225,3291
22226,730
22227,223
22228,553
22229,201
22230,325
22232,99
22233,107
22234,1005
22235,119
22236,274
22239,127
22242,66
22243,58
22244,84
22245,398
22247,67
22248,157
22249,142
22250,402
22251,506
22252,137
22253,76
22254,1756
22901,790
22902,333
22903,809
22904,880
22905,345
22906,211
22907,1961
22908,265
22909,323
23001,905
23002,18175
23003,9232
23004,465
23005,27216
23006,4478
23007,3041
23008,1664
23009,11785
23010,13277
23011,1964
23012,4487
23014,2442
23015,1304
23016,481
23017,1546
23018,2060
23019,1551
23020,1661
23021,447
23024,9730
23025,2435
23026,3838
23027,598
23028,5681
23029,797
23030,1184
23031,698
23032,1281
23033,1584
23034,2852
23035,946
23037,530
23038,3070
23039,1992
23040,1314
23041,571
23042,322
23043,474
23044,4173
23045,2080
23046,2125
23047,1569
23048,893
23049,1651
23050,81356
23051,2424
23052,1074
23053,7891
23054,375
23055,38226
23056,3244
23057,724
23058,8710
23059,5001
23060,17632
23061,7275
23062,1517
23063,4106
23064,1511
23065,1482
23066,4331
23067,2220
23069,5052
23070,4385
23071,1743
23072,2209
23073,4197
23074,2709
23075,3094
23076,755
23077,690
23079,3272
23080,1828
23081,1444
23082,1750
23084,924
23085,2193
23087,10224
23088,5677
23090,1383
23091,746
23092,25180
23093,3063
23094,3429
23095,8236
23096,2284
23097,6550
23098,817
23099,3986
23101,408
23901,1038
23902,2124
23903,3583
23904,2467
23905,1649
24001,166
24002,286
24003,608
24004,544
24005,433
24006,574
24007,772
24008,8052
24009,277
24010,7925
24011,196
24012,336
24014,6742
24015,2153
24016,477
24017,804
24018,175
24019,287
24020,386
24021,1705
24022,320
24023,320
24024,666
24025,256
24026,1402
24027,1458
24028,561
24029,821
24030,3902
24031,222
24032,113
24033,255
24034,3638
24036,203
24037,386
24038,3197
24039,2184
24040,515
24041,681
24042,73
24043,95
24044,122
24046,751
24047,725
24049,1442
24050,115
24051,436
24052,182
24053,623
24054,600
24055,851
24056,3013
24057,1553
24058,235
24059,1010
24060,526
24061,1629
24062,164
24063,433
24064,1598
24065,2256
24066,483
24067,660
24068,410
24069,46
24070,3605
24071,1104
24073,565
24074,112
24076,1159
24077,240
24078,422
24079,900
24080,205
24081,135
24082,716
24083,1316
24084,144
24086,294
24087,852
24088,1304
24089,82888
24090,247
24091,493
24092,855
24093,322
24094,1627
24095,372
24096,125
24097,281
24098,1250
24099,203
24100,686
24101,355
24102,639
24103,260
24104,280
24105,2492
24106,174
24107,296
24108,357
24109,1025
24110,1297
24112,222
24113,514
24114,3003
24115,47657
24116,308
24117,453
24118,101
24119,851
24120,301
24121,599
24122,1489
24123,748
24124,460
24125,565
24127,288
24129,122
24130,443
24131,754
24132,639
24133,387
24134,3440
24136,705
24137,1156
24139,2062
24141,111
24142,19607
24143,526
24144,780
24145,661
24146,245
24148,1985
24149,204
24150,306
24151,471
24152,392
24153,315
24154,1167
24155,460
24156,179
24157,2505
24158,329
24159,1854
24160,818
24161,312
24162,2405
24163,3705
24164,398
24166,1429
24167,971
24168,646
24169,2700
24170,2132
24171,362
24172,304
24173,1009
24174,580
24175,2598
24176,393
24177,416
24178,60
24179,319
24180,1243
24181,1331
24182,434
24183,908
24184,180
24185,512
24187,990
24188,3464
24189,4886
24190,207
24191,155
24193,424
24194,266
24196,1957
24197,821
24198,543
24199,385
24201,1166
24202,7640
24203,122
24205,1172
24206,1911
24207,397
24209,2657
24210,637
24211,308
24212,1202
24213,115
24214,584
24215,157
24216,733
24217,136
24218,527
24219,571
24221,1012
24222,12076
24223,2619
24224,567
24225,1206
24226,201
24227,2057
24228,827
24229,370
24230,549
24901,858
24902,419
25001,430
25002,620
25003,4732
25004,825
25005,437
25006,435
25007,1652
25008,1404
25009,799
25010,263
25011,6977
25012,2627
25013,2547
25014,425
25015,589
25016,3163
25017,216
25019,4948
25020,388
25021,3344
25022,225
25023,5053
25024,383
25025,1521
25027,1600
25029,2314
25030,183
25031,59
25032,103
25033,1175
25034,3310
25035,619
25036,248
25037,527
25038,2036
25039,334
25040,10897
25041,763
25042,224
25043,823
25044,318
25045,63
25046,570
25047,1259
25048,2148
25049,274
25050,4190
25051,1981
25052,2243
25053,1269
25055,215
25056,360
25057,206
25058,4578
25059,932
25060,81
25061,85
25062,934
25063,111
25064,207
25067,882
25068,816
25069,642
25070,1124
25071,56
25072,6722
25073,701
25074,294
25075,220
25076,212
25077,681
25078,1169
25079,375
25081,406
25082,327
25085,257
25086,642
25087,96
25088,100
25089,218
25092,156
25093,1175
25094,235
25096,1228
25097,150
25098,309
25099,2042
25100,238
25101,764
25102,1079
25103,222
25104,157
25105,218
25109,299
25110,4047
25111,203
25112,361
25113,1600
25114,144
25115,1078
25118,719
25119,2971
25120,87247
25121,892
25122,2355
25123,193
25124,250
25125,642
25126,250
25127,295
25128,179
25129,311
25130,300
25131,574
25132,222
25133,879
25134,867
25135,1461
25136,155
25137,8948
25138,777
25139,570
25140,1222
25141,222
25142,502
25143,103
25145,117
25146,423
25148,286
25149,1631
25150,227
25151,920
25152,242
25153,249
25154,205
25155,885
25156,933
25157,258
25158,1960
25161,410
25163,403
25164,532
25165,396
25166,246
25167,414
25168,677
25169,234
25170,355
25171,2294
25172,2343
25173,1815
25174,702
25175,296
25176,450
25177,676
25179,260
25180,261
25181,310
25182,1181
25183,551
25185,1031
25186,290
25189,2239
25190,326
25191,478
25192,1010
25193,1005
25194,589
25196,125
25197,226
25200,302
25201,247
25202,122
25203,9244
25204,1782
25205,748
25206,399
25207,7439
25208,364
25209,1921
25210,1920
25211,781
25212,322
25215,378
25216,319
25217,11762
25218,89
25219,171
25220,1337
25221,116
25222,79
25223,1085
25224,182
25225,876
25226,272
25227,589
25228,3597
25230,2214
25231,667
25232,1989
25233,442
25234,4376
25238,261
25239,734
25240,2004
25242,861
25243,4722
25244,399
25245,488
25247,211
25248,1031
25249,259
25250,604
25251,961
25252,1122
25253,223
25254,1001
25255,536
25901,426
25902,759
25903,376
25904,128
25905,624
25906,301
25907,767
25908,280
25909,191
25910,140
25911,878
25912,1257
25913,126
26001,294
26002,1328
26003,457
26004,80
26005,2662
26006,1992
26007,701
26008,1991
26009,458
26010,318
26011,7059
26012,41
26013,361
26014,417
26015,277
26016,30
26017,303
26018,9083
26019,807
26020,619
26021,2972
26022,211
26023,622
26024,423
26025,93
26026,1480
26027,172
26028,167
26029,29
26030,13
26031,150
26032,57
26033,161
26034,680
26035,25
26036,15123
26037,167
26038,74
26039,43
26040,62
26041,188
26042,864
26043,436
26044,47
26045,18
26046,1712
26047,1975
26048,73
26049,227
26050,140
26051,335
26052,193
26053,235
26054,298
26055,32
26056,460
26057,50
26058,144
26059,1248
26060,109
26061,1358
26062,104
26063,186
26064,2320
26065,66
26066,279
26067,22
26068,103
26069,228
26070,214
26071,6963
26072,290
26073,126
26074,146
26075,442
26076,157
26077,16
26078,81
26079,766
26080,525
26081,27
26082,129
26083,283
26084,6244
26086,24
26087,223
26088,50
26089,87432
26091,175
26092,134
26093,60
26094,77
26095,109
26096,231
26098,97
26099,1300
26100,83
26101,48
26102,5383
26103,844
26104,21
26105,2061
26106,66
26107,129
26108,252
26109,57
26110,170
26111,320
26112,288
26113,39
26114,77
26115,6
26117,2545
26118,74
26119,168
26120,1585
26121,34
26122,124
26123,129
26124,852
26125,2789
26126,22
26127,252
26128,136
26129,1130
26130,235
26131,43
26132,148
26134,118
26135,196
26136,125
26138,4274
26139,81
26140,231
26141,143
26142,849
26143,135
26144,204
26145,267
26146,124
26147,33
26148,221
26149,36
26150,116
26151,436
26152,53
26153,23
26154,20
26155,207
26157,327
26158,300
26160,796
26161,4
26162,126
26163,154
26164,65
26165,381
26166,183
26167,182
26168,4648
26169,72
26170,529
26171,225
26172,34
26173,9
26174,158
26175,52
26176,59
26177,298
26178,117
26179,48
26180,267
26181,15
26183,76
27001,2497
27002,2119
27003,1630
27004,1250
27005,3044
27006,2697
27007,2674
27008,1444
27009,2691
27010,4717
27011,2734
27012,1503
27013,4321
27014,3717
27015,4726
27016,7433
27017,927
27018,3490
27019,8054
27020,3033
27021,1862
27022,4626
27023,2505
27024,1505
27025,3028
27026,2413
27027,2259
27028,69157
27029,1574
27030,3553
27031,14710
27032,2872
27033,703
27034,1144
27035,179
27037,1089
27038,1020
27039,4597
27040,2897
27041,2395
27042,1596
27043,1391
27044,3984
27045,1085
27046,1510
27047,1640
27048,2686
27049,1445
27050,2866
27051,7135
27052,730
27053,505
27054,1481
27055,1412
27056,1634
27057,11027
27058,3715
27059,2060
27060,2663
27061,1366
27062,765
27063,1839
27064,1622
27065,11959
27066,10530
27901,2513
27902,5808
28001,46
28002,16132
28003,188
28004,5459
28005,118233
28006,162594
28007,97602
28008,1789
28009,16028
28010,8932
28011,282
28012,950
28013,30679
28014,32819
28016,88
28017,1381
28018,3704
28019,1109
28020,144
28021,428
28022,77847
28023,4167
28024,217
28025,425
28026,29792
28027,1203
28028,1460
28029,588
28030,1866
28031,2220
28032,5198
28033,3941
28034,414
28035,1327
28036,2242
28037,1402
28038,4661
28039,202
28040,12734
28041,4354
28042,44088
28043,6044
28044,5466
28045,27971
28046,47316
28047,36776
28048,503
28049,58229
28050,3060
28051,1330
28052,3700
28053,6665
28054,10238
28055,1005
28056,946
28057,1453
28058,118561
28059,4840
28060,1443
28061,20702
28062,324
28063,269
28064,245
28065,94465
28066,7161
28067,3693
28068,9383
28069,44
28070,159
28071,71
28072,5492
28073,15234
28074,106673
28075,5789
28076,463
28078,45
28079,1970814
28080,44682
28082,4855
28083,9091
28084,16351
28085,3804
28086,5252
28087,2873
28088,300
28089,4252
28090,27024
28091,4678
28092,124912
28093,17729
28094,771
28095,1643
28096,14950
28097,94
28099,1877
28100,5021
28101,207
28102,666
28104,11750
28106,56639
28107,6724
28108,2905
28109,1801
28110,1907
28111,662
28112,163
28113,28864
28114,143
28115,60263
28116,608
28117,111
28118,86
28119,2026
28120,1616
28121,5042
28122,505
28123,41586
28124,100
28125,107487
28126,50
28127,58246
28128,2309
28129,9228
28130,28270
28131,10239
28132,12850
28133,5841
28134,56619
28135,1031
28136,647
28137,1604
28138,88
28140,16406
28141,5496
28143,92
28144,5824
28145,2065
28146,1745
28147,923
28148,77088
28149,5801
28150,3174
28151,26326
28152,15189
28153,1630
28154,5557
28155,422
28156,1043
28157,713
28158,755
28159,566
28160,8823
28161,37184
28162,2110
28163,394
28164,3062
28165,1952
28166,390
28167,8155
28168,1217
28169,7136
28170,2716
28171,4073
28172,8426
28173,1482
28174,1740
28175,648
28176,11524
28177,8547
28178,2923
28179,1823
28180,4764
28181,20501
28182,171
28183,1151
28901,753
28902,509
28903,25853
29001,4337
29002,1976
29003,1036
29004,446
29005,4673
29006,801
29007,25762
29008,18039
29009,1465
29010,2135
29011,2845
29012,10016
29013,1744
29014,207
29015,34605
29016,352
29017,6694
29018,1877
29019,1338
29020,2527
29021,122
29022,195
29023,3973
29024,430
29025,39805
29026,1304
29027,2882
29028,1267
29029,413
29030,805
29031,1376
29032,6366
29033,1569
29034,764
29035,1697
29036,757
29037,214
29038,15415
29039,2678
29040,2307
29041,3487
29042,16330
29043,9211
29044,1320
29045,3544
29046,2494
29047,1129
29048,1053
29049,3266
29050,491
29051,44359
29052,217
29053,2745
29054,52409
29055,1919
29056,1471
29057,350
29058,1644
29059,2575
29060,673
29061,1101
29062,733
29063,283
29064,668
29065,164
29066,2194
29067,411387
29068,8924
29069,112760
29070,56057
29071,1130
29072,3841
29073,1688
29074,3079
29075,17658
29076,2413
29077,203
29079,2966
29080,6559
29081,240
29082,25828
29083,5190
29084,25712
29085,252
29086,1277
29087,509
29088,2744
29089,2981
29090,1728
29091,12163
29092,586
29093,2156
29094,55188
29095,3667
29096,2643
29097,4453
29098,1385
29099,1765
29100,2192
29901,45718
30001,5627
30002,10378
30003,26764
30004,1067
30005,29111
30006,1026
30007,6827
30008,16660
30009,13969
30010,8041
30011,4705
30012,9331
30013,8461
30014,1651
30015,19695
30016,154738
30017,12166
30018,7987
30019,24065
30020,7754
30021,14218
30022,16654
30023,3973
30024,68309
30025,6996
30026,23435
30027,47002
30028,7691
30029,12379
30030,334889
30031,430
30032,3472
30033,12602
30034,1190
30035,22835
30036,18379
30037,27993
30038,17096
30039,25803
30040,816
30041,11209
30042,1742
30043,25524
30901,11536
30902,9411
31001,90
31003,171
31004,50
31005,423
31006,2167
31007,130
31008,71
31009,725
31010,5383
31012,837
31013,699
31014,355
31015,2407
31016,7259
31017,460
31018,448
31019,1631
31020,588
31021,70
31022,579
31023,6613
31024,156
31025,1221
31026,199
31027,890
31028,203
31029,928
31030,153
31031,274
31032,1876
31033,62
31034,74
31035,60
31036,1009
31037,124
31038,1346
31039,123
31041,1363
31042,2912
31043,40
31044,361
31045,499
31046,64
31047,257
31048,152
31049,873
31050,6899
31051,255
31052,124
31053,551
31054,596
31055,311
31056,196
31057,1904
31058,263
31059,244
31060,11518
31061,65
31062,1160
31063,75
31064,1496
31065,2015
31066,998
31067,2051
31068,3413
31069,775
31071,13
31072,5812
31073,338
31074,371
31076,3015
31077,6142
31078,2186
31079,79
31080,538
31081,443
31082,833
31083,105
31084,1881
31085,452
31086,6457
31087,172
31088,6526
31089,258
31090,236
31091,403
31092,735
31093,269
31094,130
31095,126
31096,148
31098,1714
31099,87
31100,299
31101,2023
31102,187
31103,66
31104,1868
31105,1712
31106,1115
31107,2059
31108,1959
31109,3493
31110,88
31111,82
31112,107
31113,142
31114,365
31115,188
31116,82
31117,843
31118,145
31119,33
31120,472
31121,79
31122,3681
31123,710
31124,301
31125,294
31126,459
31127,174
31128,352
31129,450
31130,363
31131,869
31132,165
31133,43
31134,230
31135,89
31136,540
31137,271
31138,927
31139,217
31140,155
31141,178
31142,1686
31143,121
31144,1424
31145,207
31147,83
31148,140
31149,2690
31150,181
31151,67
31152,1423
31153,2645
31154,242
31155,311
31156,274
31157,3420
31158,269
31159,1114
31160,98
31161,327
31162,59
31163,1947
31164,643
31165,2833
31166,272
31167,891
31168,259
31169,2211
31170,28
31171,732
31173,843
31174,141
31175,60
31176,2918
31177,271
31178,602
31179,532
31180,174
31182,41
31183,659
31184,67
31185,416
31186,320
31187,146
31188,254
31189,1427
31190,43
31191,2649
31192,180
31193,2053
31194,304
31196,45
31197,43
31198,57
31199,133
31200,702
31201,128963
31202,4409
31203,27
31204,50
31205,374
31206,1930
31207,267
31208,2773
31209,160
31210,178
31211,24
31213,144
31214,122
31215,5062
31216,3649
31217,407
31219,94
31220,726
31221,1961
31222,65
31223,1264
31224,946
31225,41
31226,818
31227,7641
31228,734
31229,55
31230,104
31231,113
31232,24115
31233,74
31234,133
31235,176
31236,1697
31237,184
31239,513
31240,613
31241,187
31242,221
31243,450
31244,49
31245,77
31246,125
31247,136
31248,428
31249,1954
31250,3436
31251,3378
31252,76
31253,113
31254,2131
31255,120
31256,216
31257,912
31258,6818
31259,641
31260,1397
31261,295
31262,197
31263,336
31264,335
31265,128
31901,13288
31903,5290
31904,1425
31905,2650
31906,3339
31907,7673
31908,855
32001,4383
32002,1913
32003,813
32004,2015
32005,903
32006,1624
32007,1578
32008,6748
32009,10402
32010,425
32011,843
32012,981
32013,2221
32014,1024
32015,840
32016,752
32017,1959
32018,1314
32019,10647
32020,2724
32021,875
32022,1790
32023,1514
32024,4579
32025,992
32026,2980
32027,1200
32028,1547
32029,545
32030,999
32031,1116
32032,7860
32033,787
32034,1411
32035,1342
32036,1412
32037,940
32038,481
32039,1241
32040,1519
32041,778
32042,1823
32043,2730
32044,909
32045,2713
32046,1113
32047,1951
32048,977
32049,886
32050,2038
32051,1184
32052,2338
32053,1330
32054,73905
32055,1221
32056,1725
32057,487
32058,5131
32059,1537
32060,1007
32061,1114
32062,681
32063,2069
32064,559
32065,693
32066,564
32067,1381
32068,1403
32069,4443
32070,571
32071,1583
32072,4232
32073,1168
32074,1177
32075,5880
32076,2293
32077,1203
32078,1191
32079,1761
32080,388
32081,2370
32082,1331
32083,914
32084,896
32085,11135
32086,2578
32087,1743
32088,1673
32089,1488
32090,851
32091,1655
32092,546
33001,1771
33002,8073
33003,509
33004,51927
33005,1318
33006,1516
33007,1574
33008,1425
33009,835
33010,1797
33011,11216
33012,4802
33013,440
33014,7586
33015,1222
33016,16626
33017,3420
33018,3417
33019,2898
33020,11397
33021,4221
33022,859
33023,3420
33024,163008
33025,7490
33026,7216
33027,803
33028,1297
33029,376
33030,915
33031,25773
33032,9348
33033,7653
33034,10944
33035,15207
33036,10693
33038,2261
33039,1278
33040,4359
33041,6708
33042,3385
33043,663
33044,129182
33045,3710
33046,463
33047,1148
33048,130
33049,5817
33050,495
33051,6794
33052,570
33053,892
33054,1555
33055,1699
33056,5022
33057,1417
33058,1459
33059,4832
33060,10741
33061,357
33062,473
33063,453
33064,218
33065,1264
33066,38428
33067,733
33068,719
33069,2933
33070,3377
33071,640
33072,1274
33073,8982
33074,3399
33075,326
33076,10621
33077,1191
33078,79
34001,46
34003,176
34004,4826
34005,791
34006,109
34009,52
34010,513
34011,420
34012,255
34015,55
34017,911
34018,214
34019,159
34020,59
34022,1156
34023,4238
34024,38
34025,65
34027,1065
34028,155
34029,689
34031,66
34032,49
34033,18
34034,120
34035,162
34036,217
34037,326
34038,342
34039,47
34041,90
34042,288
34045,88
34046,39
34047,1655
34048,103
34049,378
34050,205
34051,119
34052,241
34053,188
34055,259
34056,2019
34057,463
34058,263
34059,357
34060,177
34061,91
34062,197
34063,153
34066,55
34067,136
34068,45
34069,2098
34070,157
34071,161
34072,146
34073,158
34074,721
34076,701
34077,669
34079,1272
34080,5648
34081,59
34082,95
34083,1740
34084,170
34086,100
34087,81
34088,214
34089,172
34091,110
34092,322
34093,110
34094,42
34096,50
34098,876
34099,65
34100,157
34101,60
34102,248
34103,99
34104,278
34106,149
34107,69
34108,554
34109,65
34110,127
34112,47
34113,30
34114,270
34116,65
34120,49776
34121,269
34122,71
34123,1622
34124,77
34125,90
34126,288
34127,105
34129,174
34130,215
34131,68
34132,105
34133,86
34134,44
34135,468
34136,193
34137,21
34139,211
34140,129
34141,245
34143,174
34146,74
34147,310
34149,57
34151,192
34152,139
34154,47
34155,157
34156,54
34157,2667
34158,218
34159,373
34160,153
34161,29
34163,55
34165,78
34167,133
34168,62
34169,435
34170,47
34171,942
34174,237
34175,116
34176,151
34177,184
34178,104
34179,22
34180,72
34181,431
34182,947
34184,46
34185,75
34186,60
34189,43
34190,55
34192,112
34196,95
34199,963
34201,165
34202,31
34204,49
34205,62
34206,821
34208,58
34210,98
34211,245
34213,47
34214,176
34215,215
34216,64
34217,1288
34218,563
34220,156
34221,201
34222,129
34223,277
34224,53
34225,5592
34227,63
34228,76
34229,69
34230,27
34231,194
34232,761
34233,163
34234,75
34236,162
34237,759
34238,325
34240,115
34241,27
34242,144
34243,365
34245,336
34246,75
34901,1243
34902,178
34903,208
34904,359
35001,3570
35002,20311
35003,7239
35004,40442
35005,861
35006,25186
35007,808
35008,5922
35009,19329
35010,3989
35011,24392
35012,15425
35014,14703
35015,12794
35016,255461
35017,27967
35018,20885
35019,49921
35020,6699
35021,14085
35022,40668
35023,12239
35024,15621
35025,1554
35026,70892
35027,8730
35028,18948
35029,4634
35030,10540
35031,7348
35032,3003
35033,6290
35034,8064
36001,2393
36002,3510
36003,8580
36004,8390
36005,6917
36006,11337
36007,1728
36008,16475
36009,3860
36010,2568
36011,1162
36012,3721
36013,2198
36014,1388
36015,3980
36016,913
36017,18283
36018,2778
36019,1429
36020,2119
36021,12883
36022,8608
36023,7037
36024,15674
36025,2086
36026,16268
36027,5038
36028,4875
36029,13384
36030,4191
36031,455
36032,3527
36033,15832
36034,3367
36035,15010
36036,2724
36037,2482
36038,57266
36039,18666
36040,2591
36041,13087
36042,16997
36043,4584
36044,2335
36045,22722
36046,4683
36047,2381
36048,5770
36049,6930
36050,8211
36051,13608
36052,8204
36053,5018
36054,11503
36055,14913
36056,4798
36057,207587
36058,6293
36059,5054
36060,25043
36061,9674
36901,2564
37001,161
37002,173
37003,89
37004,42
37005,61
37006,114
37007,452
37008,3861
37009,183
37010,802
37011,99
37012,191
37013,94
37014,1020
37015,261
37016,521
37017,213
37018,69
37019,152
37020,401
37021,91
37022,273
37023,1212
37024,117
37025,313
37026,195
37027,244
37028,143
37029,199
37030,91
37031,326
37032,635
37033,85
37034,66
37035,225
37036,40
37037,127
37038,799
37039,262
37040,367
37041,59
37042,51
37044,478
37045,9
37046,9659
37047,74
37049,153
37050,82
37051,108
37052,428
37054,200
37055,106
37056,36
37057,200
37058,63
37059,146
37060,169
37061,173
37062,81
37063,120
37065,286
37067,2892
37068,361
37069,1001
37070,422
37071,79
37072,190
37073,548
37074,164
37077,289
37078,720
37079,88
37080,247
37081,729
37082,800
37083,211
37085,4219
37086,120
37087,915
37088,244
37089,52
37090,30
37091,186
37092,1520
37096,235
37097,35
37098,328
37099,43
37100,56
37101,132
37102,297
37103,454
37104,17
37106,288
37107,9971
37108,88
37109,175
37110,186
37112,158
37113,350
37114,89
37115,115
37116,74
37117,1254
37118,138
37119,83
37120,89
37121,592
37122,181
37123,183
37124,198
37125,207
37126,33
37127,196
37128,216
37129,283
37130,180
37131,209
37132,266
37133,131
37134,221
37135,951
37136,575
37137,120
37138,182
37139,218
37140,889
37141,136
37142,763
37143,327
37144,366
37145,288
37146,133
37147,209
37148,447
37149,107
37150,55
37151,154
37152,458
37154,135
37155,139
37156,4307
37157,76
37158,207
37159,82
37160,479
37161,149
37162,286
37163,45
37164,479
37165,25
37166,241
37167,149
37168,435
37169,217
37170,1545
37171,478
37172,798
37173,1378
37174,879
37175,492
37176,122
37177,278
37178,72
37179,197
37180,55
37181,233
37182,122
37183,346
37184,295
37185,606
37186,104
37187,494
37188,244
37189,63
37190,142
37191,86
37192,338
37193,366
37194,212
37195,53
37196,63
37197,92
37198,204
37199,160
37200,203
37201,266
37202,838
37203,130
37204,272
37205,198
37206,153
37207,207
37208,86
37209,409
37211,230
37212,138
37213,110
37214,141
37215,134
37216,331
37217,58
37218,58
37219,155
37221,364
37222,145
37223,106
37224,214
37225,108
37226,124
37228,304
37229,174
37230,223
37231,199
37232,384
37233,38
37234,348
37235,203
37236,159
37237,315
37238,152
37239,210
37240,963
37241,179
37242,83
37243,72
37244,127
37245,319
37246,3951
37247,215
37248,125
37249,38
37250,303
37251,131
37252,96
37253,152
37254,191
37255,78
37256,252
37257,57
37258,186
37259,46
37260,162
37261,189
37262,69
37263,314
37264,72
37265,221
37266,67
37267,177
37268,89
37269,454
37270,185
37271,390
37272,176
37273,113
37274,85166
37275,79
37276,194
37277,40
37278,681
37280,81
37281,41
37282,194
37283,199
37284,265
37285,344
37286,183
37287,325
37288,261
37289,281
37290,122
37291,220
37292,75
37293,120
37294,9511
37296,374
37297,393
37298,205
37299,196
37300,474
37301,61
37302,223
37303,171
37304,204
37305,170
37306,233
37307,115
37309,40
37310,137
37311,214
37312,352
37313,470
37314,130
37315,113
37316,724
37317,277
37318,224
37319,95
37320,122
37321,124
37322,2198
37323,611
37324,392
37325,83
37327,160
37328,159
37329,54
37330,313
37331,252
37332,82
37333,238
37334,80
37335,369
37336,72
37337,143
37338,97
37339,323
37340,140
37341,53
37342,247
37343,53
37344,206
37345,171
37346,249
37347,502
37348,119
37349,108
37350,344
37351,269
37352,227
37353,134
37354,4436
37355,183
37356,89
37357,293
37358,180
37359,204
37360,199
37361,73
37362,7557
37363,102
37364,862
37365,173
37366,51
37367,166
37368,17
37369,154
37370,287
37371,278
37372,146
37373,689
37374,1192
37375,641
37376,2235
37377,266
37378,65
37379,156
37380,56
37381,136
37382,188
38001,30209
38002,739
38003,1228
38004,4214
38005,5998
38006,54347
38007,1779
38008,5630
38009,4300
38010,3680
38011,16056
38012,2009
38013,3838
38014,1844
38015,3290
38016,1532
38017,33076
38018,4286
38019,14499
38020,14293
38021,1591
38022,17364
38023,117130
38024,18079
38025,6288
38026,29553
38027,7514
38028,25680
38029,1323
38030,1935
38031,28490
38032,14894
38033,3714
38034,3939
38035,12670
38036,6824
38037,12123
38038,171874
38039,11184
38040,6723
38041,6531
38042,3449
38043,18214
38044,2220
38045,3561
38046,7663
38047,2613
38048,4175
38049,2869
38050,2022
38051,7311
38052,1712
38053,4288
38901,286
39001,2157
39002,3040
39003,297
39004,1549
39005,1263
39006,1827
39007,476
39008,11503
39009,3051
39010,654
39011,1832
39012,5995
39013,695
39014,896
39015,824
39016,23312
39017,696
39018,4519
39019,1924
39020,18844
39022,1012
39023,5147
39024,2156
39025,7855
39026,1969
39027,3371
39028,3230
39029,673
39030,2050
39031,1462
39032,1791
39033,531
39034,235
39035,7759
39036,1102
39037,1930
39038,1373
39039,577
39040,4457
39041,1714
39042,5839
39043,1472
39044,3627
39045,324
39046,1315
39047,2334
39048,1760
39049,255
39050,298
39051,57
39052,14982
39053,234
39054,4076
39055,1364
39056,2147
39057,2052
39058,921
39059,6488
39060,7077
39061,3562
39062,1873
39063,891
39064,1380
39065,306
39066,883
39067,844
39068,684
39069,1964
39070,119
39071,509
39072,313
39073,9068
39074,6417
39075,117710
39076,3347
39077,278
39078,1467
39079,6346
39080,3421
39081,428
39082,1643
39083,1228
39084,885
39085,6205
39086,473
39087,34116
39088,64
39089,162
39090,846
39091,2270
39092,924
39093,271
39094,949
39095,2472
39096,742
39097,697
39098,1373
39099,3380
39100,999
39101,321
39102,2499
40001,746
40002,58
40003,136
40004,538
40005,50
40006,30
40007,92
40008,112
40009,45
40010,146
40012,331
40013,67
40014,60
40015,34
40016,67
40017,144
40018,75
40019,33
40020,197
40021,35
40022,236
40024,1204
40025,185
40026,146
40028,127
40029,38
40030,504
40031,520
40032,615
40033,74
40034,86
40035,146
40036,619
40037,47
40039,361
40040,2822
40041,1057
40043,2086
40044,141
40045,114
40046,151
40047,54
40048,25
40049,39
40051,30
40052,104
40053,165
40054,128
40055,29
40056,26
40057,1499
40058,356
40059,109
40060,84
40061,82
40062,38
40063,7642
40065,722
40068,45
40069,87
40070,129
40071,49
40072,168
40073,489
40074,264
40075,189
40076,6682
40077,879
40078,236
40079,231
40080,73
40081,135
40082,145
40083,110
40084,78
40086,863
40087,91
40088,355
40089,259
40091,154
40092,161
40093,87
40094,356
40095,723
40097,189
40099,51
40100,330
40101,801
40103,182
40104,253
40105,80
40106,249
40107,127
40108,133
40109,79
40110,341
40111,90
40112,2806
40113,519
40115,116
40118,76
40119,181
40120,174
40121,392
40122,519
40123,236
40124,319
40125,103
40126,76
40127,58
40128,190
40129,214
40130,143
40131,70
40132,52
40134,856
40135,363
40136,132
40138,2425
40139,326
40140,114
40141,1004
40142,42
40143,89
40144,22
40145,1178
40146,368
40148,299
40149,709
40150,63
40151,118
40152,1064
40154,16
40155,3235
40156,332
40157,44
40158,22
40159,186
40160,152
40161,114
40162,503
40163,60
40164,251
40165,85
40166,296
40168,48
40170,1724
40171,25
40172,27
40173,143
40174,482
40176,385
40177,123
40178,90
40179,859
40180,358
40181,4113
40182,240
40183,209
40184,236
40185,1062
40186,65
40188,90
40189,626
40190,66
40191,320
40192,160
40193,256
40194,37145
40195,1064
40196,56
40198,36
40199,128
40200,76
40201,65
40202,63
40203,942
40204,207
40205,331
40206,179
40207,681
40208,964
40210,129
40211,65
40212,17
40213,105
40214,249
40215,104
40216,1168
40218,108
40219,711
40220,59
40221,64
40222,230
40223,220
40224,22
40225,1683
40228,617
40229,54
40230,128
40231,152
40233,466
40234,470
40901,495
40902,151
40903,114
40904,372
40905,58
40906,1881
41001,1573
41002,1458
41003,1875
41004,52584
41005,7494
41006,2483
41007,9080
41008,1049
41009,1073
41010,3708
41011,13192
41012,3087
41013,4695
41014,2285
41015,4404
41016,6098
41017,11737
41018,7859
41019,3678
41020,11555
41021,18144
41022,3951
41023,6979
41024,19611
41025,1714
41026,4302
41027,3617
41028,1754
41029,11720
41030,599
41031,1240
41032,3727
41033,4697
41034,19400
41035,1114
41036,3845
41037,3470
41038,88789
41039,29795
41040,8139
41041,8733
41042,5956
41043,606
41044,6366
41045,4442
41046,2876
41047,8983
41048,2112
41049,7690
41050,4832
41051,1820
41053,20414
41054,771
41055,13425
41056,3689
41057,230
41058,14859
41059,29898
41060,13955
41061,2338
41062,2428
41063,2240
41064,5176
41065,20110
41066,1287
41067,6210
41068,12723
41069,25869
41070,4830
41071,4876
41072,3939
41073,1652
41074,2868
41075,9632
41076,2097
41077,8187
41078,2420
41079,8715
41080,1191
41081,23554
41082,3404
41083,994
41084,2852
41085,4119
41086,13466
41087,8839
41088,533
41089,5375
41090,3316
41091,484917
41092,6586
41093,16062
41094,4865
41095,34716
41096,6487
41097,3153
41098,4091
41099,3978
41100,1034
41101,5002
41102,13660
41901,2396
41902,4456
41903,5516
42001,243
42003,96
42004,2530
42006,133
42007,146
42008,56
42009,109
42010,22
42011,9
42012,33
42013,24
42014,63
42015,26
42016,28
42017,146
42018,177
42019,585
42020,4532
42021,92
42022,259
42023,75
42024,75
42025,1303
42026,96
42027,86
42028,55
42029,165
42030,114
42031,25
42032,174
42033,47
42034,30
42035,804
42036,41
42037,32
42038,41
42039,213
42041,36
42042,107
42043,3311
42044,50
42045,367
42046,76
42048,64
42049,127
42050,24
42051,25
42052,17
42053,25
42054,16
42055,179
42056,30
42057,226
42058,121
42059,24
42060,39
42061,301
42062,35
42063,68
42064,72
42065,23
42068,135
42069,1582
42070,53
42071,157
42073,57
42075,62
42076,224
42078,916
42079,25
42080,172
42081,154
42082,10
42083,21
42084,37
42085,162
42086,49
42087,47
42088,107
42089,40
42090,103
42092,70
42093,58
42094,507
42095,1670
42096,409
42097,35
42098,11
42100,46
42103,656
42105,45
42106,11
42107,71
42108,17
42110,100
42111,348
42113,738
42115,73
42116,49
42117,171
42118,35
42119,174
42120,164
42121,64
42123,230
42124,60
42125,61
42127,47
42128,86
42129,746
42130,88
42131,54
42132,175
42134,3034
42135,66
42139,23
42140,16
42141,95
42142,55
42144,436
42145,129
42148,15
42149,443
42152,92
42153,15
42154,89
42155,123
42156,27
42157,10
42158,103
42159,41
42160,266
42161,122
42162,2577
42163,52
42164,1562
42165,459
42166,50
42167,308
42168,130
42171,167
42172,31
42173,29293
42174,233
42175,30
42176,27
42177,67
42178,127
42181,496
42182,52
42183,140
42184,71
42185,24
42187,80
42188,45
42189,85
42190,109
42191,189
42192,34
42193,15
42194,142
42195,105
42196,10
42197,85
42198,21
42200,129
42201,23
42202,19
42204,62
42205,64
42206,12
42207,58
42208,18
42209,111
42211,90
42212,76
42213,30
42215,902
42216,22
42217,34
42218,94
42219,42
43001,853
43002,2136
43003,381
43004,8409
43005,4480
43006,816
43007,1017
43008,378
43009,1635
43010,387
43011,1258
43012,3459
43013,5681
43014,16413
43015,160
43016,3803
43017,194
43018,464
43019,1800
43020,2451
43021,365
43022,1353
43023,292
43024,1997
43025,714
43026,1125
43027,210
43028,2706
43029,419
43030,570
43031,1834
43032,529
43033,1097
43034,681
43035,353
43036,1019
43037,15778
43038,23255
43039,166
43040,421
43041,260
43042,2556
43043,4145
43044,5092
43045,259
43046,127
43047,7318
43048,855
43049,945
43050,2382
43051,7062
43052,1084
43053,375
43054,3220
43055,2367
43056,930
43057,71
43058,128
43059,601
43060,3426
43061,68
43062,383
43063,722
43064,2488
43065,659
43066,241
43067,941
43068,684
43069,346
43070,334
43071,1101
43072,143
43073,127
43074,1961
43075,118
43076,619
43077,586
43078,937
43079,492
43080,293
43081,588
43082,490
43083,167
43084,828
43086,5615
43088,2150
43089,283
43090,1243
43091,145
43092,9630
43093,4773
43094,2680
43095,3119
43096,151
43097,507
43098,405
43099,368
43100,3561
43101,163
43102,520
43103,1150
43104,3019
43105,232
43106,912
43107,437
43108,1928
43109,2341
43110,372
43111,2228
43112,370
43113,541
43114,479
43115,185
43116,542
43117,139
43118,716
43119,896
43120,542
43121,846
43122,93
43123,73455
43124,624
43125,1119
43126,1482
43127,1179
43128,1160
43129,5974
43130,221
43132,549
43133,6707
43134,424
43135,478
43136,10214
43137,2149
43138,3352
43139,2995
43140,3060
43141,201
43142,1447
43143,82
43144,1455
43145,5031
43146,56
43147,611
43148,89689
43149,976
43150,1530
43151,135
43152,580
43153,10444
43154,205
43155,27113
43156,5171
43157,475
43158,104
43159,142
43160,1620
43161,18720
43162,5008
43163,24277
43164,420
43165,843
43166,1858
43167,656
43168,131
43169,559
43170,1197
43171,15148
43172,472
43173,122
43174,188
43175,523
43176,973
43177,469
43178,2126
43901,10983
43902,3152
43903,3085
43904,3950
43905,15723
43906,2145
43907,3239
44001,103
44002,66
44003,23
44004,619
44005,62
44006,253
44007,214
44008,1642
44009,886
44010,303
44011,87
44012,430
44013,11806
44014,2824
44016,473
44017,401
44018,26
44019,82
44020,20
44021,109
44022,622
44023,14
44024,42
44025,6448
44026,97
44027,182
44028,147
44029,636
44031,149
44032,16
44033,347
44034,261
44035,98
44036,35
44037,557
44038,117
44039,245
44040,260
44041,70
44042,165
44043,106
44044,134
44045,369
44046,40
44047,179
44048,72
44049,997
44050,3354
44051,3157
44052,45
44053,111
44054,163
44055,100
44056,660
44059,667
44060,47
44061,139
44062,36
44063,125
44064,99
44065,50
44066,161
44067,108
44068,784
44070,70
44071,710
44074,522
44075,358
44076,2331
44077,144
44080,378
44082,83
44084,83
44085,61
44086,575
44087,158
44088,45
44089,55
44090,78
44092,85
44093,102
44094,117
44096,169
44097,119
44099,772
44100,256
44101,67
44102,769
44103,145
44105,75
44106,186
44107,273
44108,498
44109,117
44110,27
44111,132
44112,407
44113,102
44114,342
44115,111
44116,102
44117,330
44118,240
44119,110
44120,163
44121,72
44122,1471
44123,110
44124,65
44125,74
44126,330
44127,74
44128,76
44129,50
44130,39
44131,17
44132,50
44133,24
44135,186
44136,45
44137,275
44138,138
44141,182
44142,17
44143,476
44144,416
44145,1171
44146,267
44147,490
44148,113
44149,156
44150,27
44151,228
44152,74
44153,1918
44154,395
44155,1043
44156,51
44157,48
44158,1436
44159,52
44160,503
44161,527
44163,91
44164,27
44165,189
44167,51
44168,207
44169,358
44171,180
44172,337
44173,116
44174,480
44175,131
44176,209
44177,163
44178,81
44179,447
44180,69
44181,71
44182,240
44183,61
44184,30
44185,106
44187,265
44189,47
44190,75
44191,981
44192,492
44193,153
44194,129
44195,70
44196,120
44197,64
44198,220
44199,53
44200,25
44201,565
44203,4
44204,29
44205,744
44206,156
44207,183
44208,18
44209,1128
44210,918
44211,31
44212,49
44213,65
44215,136
44216,27171
44217,48
44218,29
44219,174
44220,174
44221,375
44222,119
44223,87
44224,24
44225,143
44226,205
44227,82
44228,107
44229,119
44230,164
44231,42
44232,435
44234,72
44235,104
44236,80
44237,980
44238,2173
44239,18
44240,220
44241,630
44243,62
44244,96
44245,300
44246,1914
44247,351
44249,49
44250,18
44251,302
44252,145
44256,42
44257,165
44258,53
44260,203
44261,758
44262,186
44263,382
44264,323
44265,295
44266,119
44267,73
44268,53
45001,2064
45002,2674
45003,702
45004,528
45005,276
45006,1348
45007,641
45008,137
45009,446
45010,343
45011,275
45012,748
45013,1969
45014,4576
45015,663
45016,3857
45017,245
45018,349
45019,6268
45020,1267
45021,16787
45022,302
45023,2158
45024,1128
45025,1417
45026,205
45027,383
45028,3430
45029,190
45030,486
45031,2628
45032,445
45033,409
45034,1483
45035,277
45036,717
45037,1659
45038,3496
45039,298
45040,1481
45041,4436
45042,188
45043,742
45045,1894
45046,2777
45047,2644
45048,479
45049,401
45050,506
45051,1653
45052,3043
45053,7571
45054,3805
45055,1348
45056,1946
45057,236
45058,394
45059,1717
45060,178
45061,2636
45062,1227
45063,368
45064,4128
45065,249
45066,7661
45067,2914
45068,140
45069,1787
45070,1654
45071,1806
45072,571
45073,303
45074,359
45075,98
45076,606
45077,643
45078,1270
45079,341
45080,23
45081,15535
45082,1229
45083,404
45084,2140
45085,1623
45086,432
45087,8393
45088,2022
45089,1657
45090,376
45091,504
45092,246
45093,143
45094,561
45095,924
45096,1177
45097,919
45098,2839
45099,3717
45100,209
45101,4189
45102,3974
45103,424
45104,505
45105,345
45106,8211
45107,3328
45108,552
45109,3564
45110,1915
45111,43
45112,1958
45113,2045
45114,442
45115,2744
45116,875
45117,843
45118,1905
45119,3616
45120,137
45121,5886
45122,6041
45123,3792
45124,2394
45125,2002
45126,287
45127,922
45128,2984
45129,123
45130,319
45131,234
45132,2342
45133,3182
45134,1902
45135,3860
45136,6218
45137,1918
45138,1033
45139,165
45140,1366
45141,1238
45142,8645
45143,1159
45144,837
45145,3390
45146,102
45147,568
45148,359
45149,584
45150,505
45151,522
45152,604
45153,2048
45154,1520
45155,320
45156,3859
45157,2158
45158,2583
45159,152
45160,1012
45161,11392
45162,669
45163,9027
45164,120
45165,56261
45166,1665
45167,1510
45168,55841
45169,243
45170,206
45171,1409
45172,626
45173,9182
45174,479
45175,725
45176,3885
45177,2256
45179,447
45180,2865
45181,2071
45182,1386
45183,2102
45184,200
45185,7538
45186,3058
45187,4209
45188,2887
45189,727
45190,560
45191,561
45192,2741
45193,712
45194,89
45195,2122
45196,1329
45197,2388
45198,1625
45199,2874
45200,4862
45201,4194
45202,4131
45203,2862
45204,660
45205,6591
45901,790
46001,944
46002,1244
46003,1247
46004,2108
46005,19619
46006,4746
46007,11232
46008,2824
46009,2823
46010,865
46011,8281
46012,956
46013,15336
46014,3951
46015,6537
46016,1103
46017,32379
46018,747
46019,8799
46020,4132
46021,19890
46022,13999
46023,351
46024,441
46025,2144
46026,1359
46027,1242
46028,363
46029,18236
46030,786
46031,12469
46032,4732
46033,241
46034,1983
46035,9787
46036,715
46037,1426
46038,265
46039,2311
46040,1259
46041,323
46042,3422
46043,223
46044,4695
46045,1572
46046,1201
46047,671
46048,3661
46049,352
46050,245
46051,8315
46052,568
46053,578
46054,9543
46055,1574
46056,221
46057,536
46058,1754
46059,1604
46060,10168
46061,390
46063,1758
46064,604
46065,3122
46066,1426
46067,1691
46068,368
46069,172
46070,14942
46071,648
46072,3906
46073,1306
46074,2482
46075,224
46076,701
46077,7942
46078,24547
46079,376
46080,1116
46081,10393
46082,3557
46083,14616
46084,1484
46085,11970
46086,81
46087,164
46088,171
46089,2130
46090,1839
46091,109
46092,371
46093,2359
46094,17393
46095,666
46096,327
46097,850
46098,3282
46099,708
46100,325
46101,897
46102,19519
46103,1476
46104,2477
46105,16468
46106,1558
46107,2214
46108,509
46109,6810
46110,20340
46111,10870
46112,641
46113,2398
46114,581
46115,317
46116,12384
46117,366
46118,4321
46119,894
46120,922
46121,117
46122,2670
46123,1691
46124,872
46125,878
46126,4952
46127,3027
46128,1689
46129,649
46130,999
46131,59288
46132,2189
46133,529
46134,2098
46135,9465
46136,2432
46137,324
46139,4669
46140,226
46141,447
46142,822
46143,4882
46144,800
46145,21246
46146,2148
46147,15412
46148,1361
46149,497
46150,2272
46151,826
46152,80
46153,580
46154,1055
46155,1081
46156,2153
46157,3448
46158,986
46159,20550
46160,2145
46161,1509
46162,1521
46163,2166
46164,9917
46165,7255
46166,7043
46167,426
46168,1641
46169,25894
46170,3516
46171,15128
46172,4608
46173,1498
46174,1059
46175,609
46177,4883
46178,4494
46179,2629
46180,801
46181,21279
46182,1048
46183,6195
46184,27731
46185,445
46186,14933
46187,1582
46188,810
46189,490
46190,45593
46191,2493
46192,809
46193,7738
46194,13770
46195,2221
46196,216
46197,2026
46198,832
46199,4948
46200,2378
46201,1290
46202,15395
46203,3599
46205,11998
46206,686
46208,1317
46209,2015
46210,371
46211,2510
46212,1777
46213,16213
46214,16868
46215,1369
46216,4810
46217,1086
46218,1278
46219,185
46220,47717
46221,440
46222,527
46223,6929
46224,142
46225,460
46226,40
46227,873
46228,2048
46229,922
46230,13404
46231,3164
46232,1105
46233,3870
46234,227
46235,19612
46236,1057
46237,9806
46238,13248
46239,637
46240,265
46241,531
46242,438
46243,181
46245,479
46246,1010
46247,1049
46248,4705
46249,9824
46250,527767
46251,2373
46252,144
46253,174
46254,1291
46256,6369
46257,5820
46258,3125
46259,611
46260,2340
46261,1795
46262,201
46263,379
46902,306
46903,4670
46904,571
47001,61
47002,27
47003,232
47004,1177
47005,719
47006,187
47007,3117
47008,35
47009,110
47010,9470
47011,680
47012,136
47013,122
47014,96
47015,248
47016,79
47017,223
47018,36
47019,86
47020,310
47021,108
47022,49
47023,2735
47024,241
47025,130
47026,92
47027,2471
47028,60
47029,52
47030,1070
47032,170
47033,212
47034,61
47035,936
47036,235
47037,212
47038,168
47039,197
47040,49
47041,161
47042,74
47043,283
47044,335
47045,840
47046,117
47047,248
47048,213
47049,130
47050,3295
47051,682
47052,6736
47053,92
47054,777
47055,348
47056,86
47057,373
47058,228
47059,120
47060,267
47061,317
47062,152
47063,156
47064,31
47065,767
47066,1148
47067,265
47068,44
47069,93
47070,46
47071,459
47073,152
47074,151
47075,4970
47076,14961
47077,315
47078,167
47079,78
47080,60
47081,79
47082,930
47083,98
47084,1237
47085,12983
47086,3307
47087,353
47088,122
47089,199
47090,2673
47091,81
47092,137
47093,725
47094,186
47095,51
47096,144
47097,322
47098,546
47099,182
47100,162
47101,1415
47102,332
47103,301
47104,2821
47105,195
47106,55
47109,167
47110,392
47111,891
47112,2463
47113,202
47114,4239
47115,377
47116,511
47117,394
47118,156
47119,98
47121,628
47122,2034
47123,550
47124,477
47125,53
47126,47
47127,143
47128,57
47129,1106
47130,128
47131,193
47132,66
47133,2390
47134,204
47135,84
47137,30
47138,245
47139,1140
47140,201
47141,140
47142,141
47143,128
47144,101
47145,592
47146,255
47147,105
47148,433
47149,35
47150,333
47151,40
47152,89
47153,111
47154,149
47155,3575
47156,181
47157,446
47158,872
47159,880
47160,429
47161,3752
47162,84
47163,342
47164,415
47165,6408
47166,232
47167,244
47168,30
47169,57
47170,34
47171,409
47172,181
47173,802
47174,305
47175,6043
47176,200
47177,111
47178,172
47179,466
47180,84
47181,158
47182,1536
47183,138
47184,557
47185,87
47186,181477
47187,104
47188,113
47189,145
47190,110
47191,152
47192,131
47193,1583
47194,298
47195,443
47196,44
47197,844
47198,110
47199,57
47200,98
47203,58
47204,305
47205,410
47206,107
47207,307
47208,62
47209,33
47210,345
47211,54
47212,418
47213,115
47214,1411
47215,56
47216,122
47217,1708
47218,985
47219,48
47220,189
47222,133
47223,221
47224,105
47225,96
47226,163
47227,71
47228,468
47229,164
47230,266
47231,4262
48001,5589
48002,7669
48003,11611
48004,334
48005,103
48006,243
48007,368
48008,686
48009,908
48010,487
48011,7431
48012,1789
48013,50556
48014,1086
48015,23128
48016,4462
48017,9191
48018,1109
48019,3342
48020,186029
48021,1174
48022,2532
48023,669
48024,897
48025,860
48026,1089
48027,15431
48028,642
48029,6645
48030,732
48031,206
48032,4711
48033,265
48034,8904
48035,385
48036,19140
48037,781
48038,1126
48039,272
48040,1405
48041,800
48042,1546
48043,3782
48044,50056
48045,4062
48046,10346
48047,199
48048,470
48049,592
48050,287
48051,229
48052,1495
48053,1084
48054,19662
48055,2702
48056,759
48057,3808
48058,1296
48059,478
48060,3483
48061,724
48062,295
48063,349
48064,595
48065,2641
48066,371
48067,1228
48068,1065
48069,11135
48070,639
48071,5121
48072,796
48073,4679
48074,2526
48075,2006
48076,257
48077,3098
48078,23260
48079,436
48080,9196
48081,1928
48082,24144
48083,6133
48084,14260
48086,1970
48087,438
48088,129
48089,2499
48090,4429
48091,1115
48092,1707
48093,760
48094,2996
48095,2132
48096,5469
48097,3154
48901,4271
48902,16291
48903,2517
48904,3506
48905,3911
48906,699
48907,335
48908,214
48909,162
48910,3331
48911,296
48912,1640
48913,1105
48914,287
48915,117
49002,69
49003,938
49004,105
49005,128
49006,133
49007,207
49008,430
49009,355
49010,332
49011,292
49012,73
49013,247
49014,125
49015,212
49016,246
49017,209
49018,238
49019,213
49020,279
49021,13035
49022,299
49023,1087
49024,791
49025,160
49026,190
49027,163
49028,134
49029,745
49030,99
49031,172
49032,290
49033,829
49034,429
49035,278
49036,469
49037,165
49038,88
49039,347
49040,122
49041,673
49042,225
49043,256
49044,72
49046,335
49047,101
49048,169
49050,587
49052,217
49053,1295
49054,920
49055,116
49056,274
49057,132
49058,366
49059,96
49061,117
49062,133
49063,348
49064,519
49065,1219
49066,369
49067,339
49068,317
49069,273
49075,109
49076,313
49077,171
49078,177
49079,136
49080,680
49081,1424
49082,480
49083,39
49084,353
49085,1022
49086,116
49087,389
49088,81
49090,183
49091,276
49092,126
49093,345
49094,214
49095,286
49096,185
49097,86
49098,170
49099,81
49100,237
49101,179
49102,230
49103,435
49104,296
49105,136
49107,116
49108,421
49109,684
49110,279
49111,93
49112,121
49113,221
49114,43
49115,173
49116,338
49117,397
49118,232
49119,254
49120,44
49121,431
49122,783
49123,516
49124,258
49125,1314
49126,227
49127,2119
49128,564
49129,875
49130,173
49131,280
49132,299
49133,285
49134,175
49135,616
49136,387
49137,203
49138,162
49139,198
49141,290
49142,167
49143,231
49145,151
49146,301
49147,287
49148,165
49149,406
49150,110
49151,606
49152,545
49153,151
49154,103
49155,91
49156,222
49157,166
49158,234
49159,291
49160,41
49162,129
49163,254
49164,160
49165,88
49166,1360
49167,196
49168,102
49169,35
49170,102
49171,691
49172,432
49173,303
49174,147
49175,237
49176,616
49177,242
49178,760
49179,349
49180,111
49181,367
49183,87
49184,131
49185,167
49186,280
49187,1512
49188,171
49189,197
49190,73
49191,315
49192,172
49193,512
49194,329
49197,212
49199,279
49200,988
49201,310
49202,125
49203,332
49204,61
49205,435
49206,1026
49207,222
49208,316
49209,594
49210,492
49214,722
49216,181
49219,7103
49220,134
49221,241
49222,417
49223,595
49224,179
49225,158
49226,296
49227,509
49228,81
49229,127
49230,95
49231,312
49232,101
49233,91
49234,383
49235,473
49236,98
49237,101
49238,403
49239,728
49240,222
49242,486
49243,102
49244,36
49245,338
49246,217
49247,390
49248,223
49249,117
49250,1084
49251,159
49252,325
49255,491
49256,292
49257,408
49258,105
49259,63
49260,705
49261,1543
49262,340
49263,90
49264,534
49265,123
49266,111
49267,113
49268,314
49269,100
49270,171
49271,169
49272,93
49273,164
49275,43292
50001,104
50002,164
50003,166
50004,594
50005,157
50006,930
50007,49
50008,5115
50009,95
50010,67
50011,145
50012,132
50013,441
50014,210
50015,110
50016,51
50017,1908
50018,1151
50019,94
50020,938
50021,31
50022,1272
50023,175
50024,1599
50025,5067
50026,492
50027,248
50028,113
50029,573
50030,1946
50031,172
50032,265
50033,73
50034,925
50035,94
50036,68
50037,160
50038,1517
50039,451
50040,114
50041,13
50042,15
50043,529
50044,233
50045,1300
50046,191
50047,107
50048,37
50050,102
50051,936
50052,111
50053,828
50054,69
50055,3312
50056,464
50057,1253
50058,73
50059,793
50060,193
50061,218
50062,1916
50063,94
50064,432
50065,67
50066,3072
50067,12843
50068,2383
50069,72
50070,86
50071,130
50072,188
50073,2697
50074,7094
50075,94
50076,183
50077,233
50078,256
50079,238
50080,36
50081,485
50082,85
50083,102
50084,86
50085,197
50086,175
50087,39
50088,286
50089,7875
50090,141
50091,62
50092,432
50093,208
50094,1664
50095,11903
50096,43
50098,198
50099,3467
50100,332
50101,1038
50102,933
50104,345
50105,310
50106,99
50107,1638
50108,131
50109,111
50110,401
50111,1386
50113,808
50114,137
50115,3610
50116,281
50117,133
50118,2112
50119,999
50120,53
50121,252
50122,84
50123,423
50124,481
50125,405
50126,2223
50128,33
50129,232
50130,482
50131,254
50132,686
50133,75
50134,149
50135,113
50136,589
50137,1109
50138,58
50139,376
50140,142
50141,109
50142,36
50143,649
50144,40
50146,291
50147,765
50148,279
50149,45
50150,752
50151,565
50152,1496
50153,919
50154,168
50155,115
50156,268
50157,352
50159,725
50160,2581
50161,117
50162,157
50163,3114
50164,396
50165,2047
50166,261
50167,216
50168,35
50169,324
50170,413
50171,118
50172,272
50173,200
50174,76
50175,980
50176,268
50177,341
50178,289
50179,238
50180,92
50181,1084
50182,3923
50183,325
50184,100
50185,167
50186,36
50187,48
50188,41
50189,914
50190,672
50191,452
50192,346
50193,611
50194,93
50195,44
50196,108
50197,54
50198,83
50199,357
50200,584
50201,511
50202,138
50203,1141
50204,3546
50205,73
50206,503
50207,174
50208,1925
50209,2767
50210,32
50211,324
50212,35
50213,103
50214,32
50215,30
50216,243
50217,460
50218,110
50219,5231
50220,40
50221,32
50222,1724
50223,947
50224,541
50225,2341
50227,177
50228,317
50229,73
50230,1172
50231,318
50232,211
50233,77
50234,224
50235,2225
50236,111
50237,129
50238,118
50239,111
50240,1233
50241,572
50242,97
50243,306
50244,179
50245,134
50246,59
50247,933
50248,572
50249,372
50250,40
50251,7608
50252,6138
50253,551
50254,189
50255,198
50256,94
50257,141
50258,60
50259,134
50260,30
50261,228
50262,1195
50263,210
50264,148
50265,168
50266,105
50267,535
50268,64
50269,314
50270,25
50271,286
50272,11346
50273,41
50274,94
50275,92
50276,118
50277,84
50278,243
50279,80
50280,392
50281,81
50282,90
50283,113
50284,152
50285,664
50286,95
50287,330
50288,3940
50289,70
50290,422
50291,96
50292,263
50293,377
50294,70
50295,54
50296,437
50297,362466
50298,5440
50901,185
50902,30
50903,1630
51001,63349
52001,60641
31002,509
31011,777
16905,1173
01008,1002
31040,224
46062,5302
22246,112
31902,4872
20024,403
31075,70
10065,150
07018,861
20069,120762
31097,9423
46138,438
41052,2950
31146,43
05119,19
07032,26947
31172,335
46176,1816
01039,215
31181,151
31195,233
07040,326465
16167,371
46204,6166
46207,5751
43131,4468
12103,6894
48085,8655
23086,10297
31238,97
46255,3817
18149,5122
17030,19
24165,24
28015,326
29902,28
33037,76
35013,139
39021,39
42151,2
43085,6
46244,56
