Codigo Municipio,NÂº Conductores
44001,39
40001,538
48001,4594
10001,164
27001,1830
09001,15
20001,199
30001,3875
50001,48
48002,5760
34001,25
30002,7651
31003,98
31004,30
15001,3596
42001,175
44002,15
25001,104
02001,500
13001,839
31005,219
10002,262
49002,40
16001,30
34003,117
22001,176
22002,44
04001,625
19002,33
31006,1678
08001,7088
04002,680
37001,115
31001,77
19001,28
31002,331
28001,28
24001,106
10003,304
16002,160
06001,502
10004,524
10005,337
50002,93
06002,3332
22003,108
47001,43
14001,2598
05001,153
38001,17198
46001,582
31007,100
19003,20
46002,876
04003,13477
09003,119
40002,30
05002,1357
42003,48
40003,109
03001,285
20002,280
35001,2671
37002,69
36020,1663
26002,616
03002,2910
25003,3354
03003,381
18001,191
41001,1184
50004,408
09006,32
47002,11
44003,13
44004,375
13002,985
40004,361
09007,36
34004,4503
47003,171
31008,53
14002,7886
08002,156
44005,47
26003,291
50005,85
17001,497
46004,1631
38002,407
50003,107
22004,68
35002,14634
10006,856
37003,59
37004,13
06003,604
20016,1169
31009,512
46042,2888
46043,132
08014,1490
43001,501
17002,508
03004,355
50006,727
22006,142
25038,1435
20003,468
28002,2313
26004,24
48911,257
45001,1481
44006,180
50007,23
47004,857
50008,3851
10903,361
07002,5430
38003,723
29001,3153
37005,30
45002,2052
28003,116
18002,413
37006,72
13003,311
19004,31
25004,472
06004,1179
41002,1043
46005,17255
34005,584
37007,300
50009,70
16003,108
19005,79
07001,2963
02002,350
44007,124
34006,65
37008,3026
37009,112
02003,101310
25006,291
46006,4027
41003,1578
46007,9173
13004,775
16004,169
46008,2286
46009,2456
46010,568
22007,767
16005,182
19006,601
44008,1233
22008,143
10007,356
23001,604
17003,91
19007,275
44009,620
45003,465
02004,489
03005,6521
25007,1077
22009,538
26005,1890
16006,78
19008,19
44010,191
16007,1033
37010,521
37011,73
46011,6305
26006,1586
50010,58
22011,43
22012,65
22013,214
25008,1021
50011,92
25009,492
09009,142
43002,1381
43003,214
20004,204
12003,816
04005,332
18003,10777
18004,442
17004,440
46012,628
46013,13071
02005,454
50012,77
05005,135
04006,6356
30004,773
06005,1224
46014,2451
06006,3133
18006,3227
18007,477
18005,218
04004,326
45004,378
02006,400
44011,26
03006,613
12004,3990
50013,157
41004,41014
22014,144
28005,105175
44012,291
16008,61
11001,3236
50014,94
02007,795
22015,202
41005,6300
11002,2963
23002,13839
22016,475
26007,470
43004,5757
30005,23402
16009,45
25010,151
14003,859
02008,864
25011,4619
29002,1030
23003,6595
45006,958
47005,415
49003,618
44013,9304
45005,176
13006,422
28006,59686
19009,139
03007,107
09010,23
16011,16
04007,402
13007,918
22017,749
19010,8
45007,433
19011,182
41006,1939
03008,117
25012,1683
10009,164
42006,79
37012,108
40005,18
06007,1015
50015,57
16012,69
06008,420
12005,6688
28007,89401
44014,2240
19013,93
43005,2970
03009,36615
22018,222
42007,81
42008,34
49004,74
13008,346
46018,423
04009,27
12006,81
10010,1476
46016,868
46015,5654
10008,882
13005,17135
16010,108
30902,7091
04008,251
07003,9620
46020,3154
46019,7268
46021,17477
47006,150
35020,4631
10012,378
28008,1222
37015,158
10013,186
13009,1057
45008,80
40012,207
43904,2784
10011,389
37013,59
37014,628
42009,58
40006,12
37016,392
40007,43
40008,37
42010,16
42011,5
42012,13
47007,2441
45009,289
26008,1589
37017,149
19015,22
40009,20
37018,52
10014,1376
45010,210
05007,65
10015,412
40010,87
23004,268
37019,86
37020,274
05008,169
37021,64
37022,185
40013,46
37023,838
37024,68
40014,30
10016,259
37025,178
50016,12
42013,18
37026,119
40015,16
05010,97
42014,32
18010,348
40016,38
43006,545
30006,637
20005,1023
01001,1664
43007,499
08003,6345
42015,14
22019,155
26009,340
26010,63
18011,3302
46022,11521
03010,245
50017,1360
44016,363
50018,809
43008,227
46024,306
46025,1904
49005,72
29003,625
29004,215
26011,5987
46026,970
46027,865
25013,1790
46023,268
12007,567
43009,1007
50019,40
27002,1552
09011,51
39001,1650
09907,1123
09012,78
03011,8385
22020,83
25014,206
41007,8407
24002,182
07004,3033
11003,989
19016,26
46028,281
18012,1777
16013,15
29005,3211
29006,510
11004,66876
46029,16702
25015,286
28009,11714
46030,588
12008,161
46031,9084
11005,3268
49006,105
19017,45
03012,1101
25016,1933
30007,5345
03013,919
41008,776
04010,373
04011,2015
50020,664
18013,3390
30008,12389
13010,633
29007,20422
29008,12363
18014,4153
19018,103
44017,234
16014,451
03014,181287
04012,120
18015,256
24003,402
25017,137
19019,3
10018,1148
42016,12
43010,244
21002,11256
06009,139
20006,208
33001,1277
32001,3247
44021,72
33002,6889
31012,671
44022,401
44023,2
31011,533
25019,3723
13012,294
19020,55
13011,3544
41009,759
13013,5226
42017,95
42018,108
02009,15321
24004,329
10019,878
49007,170
16015,336
29010,1336
42019,337
26012,18
25020,221
12009,14472
42021,59
42020,3679
13014,342
14004,1622
12010,126
18016,151
49008,276
25021,2198
42022,148
12011,3630
47008,17
37027,134
37028,80
06010,778
45011,154
06011,18393
21003,441
16016,174
41010,3070
04013,112910
46033,143
50021,18
13015,3896
16017,275
14005,4503
19021,616
29011,1966
44018,7
10020,1199
46034,1521
50022,323
50023,134
50024,433
45012,472
19022,372
16018,253
21004,1013
21005,11637
03015,10814
45013,1284
43011,880
03016,46
22021,1496
50025,4114
22022,424
22023,363
13016,485
46035,5092
18017,14261
46032,4377
29009,985
04014,81
44019,32
19023,47
48912,1376
21006,2060
19024,6549
29013,1146
17006,808
29014,113
42023,51
50026,291
28010,7562
08004,182
02010,1393
44020,19
25023,3711
46036,478
18904,353
03017,308
46037,995
12901,2843
18018,440
22024,162
04015,37
25024,210
09013,37
43012,2658
16019,141
03018,11604
22025,989
09014,89
31010,4326
12012,2211
20906,77
20007,257
19027,99
46017,27345
25005,228
21001,423
10017,480
25022,76
05012,90
34009,24
50027,172
28011,198
17007,1528
15002,16231
43013,3617
08005,5245
09016,63
20008,616
33003,343
32002,1289
48003,10447
48004,289
43906,1503
43014,12635
34010,350
39002,2520
01002,6196
34011,307
47009,66
31013,449
44024,7
40017,72
37029,153
28012,666
13017,157
31014,224
49009,241
46038,67
20009,8418
44025,4893
31015,1759
07005,5853
23005,22593
50028,29
25027,809
17008,3381
26013,294
26014,273
19032,118
09017,77
19031,4
22027,221
39003,221
50029,402
46039,1771
20010,1151
19033,31
19034,13
31016,6317
22028,242
04016,2118
27003,1241
46040,916
29015,26114
35003,3975
24005,262
34012,190
22029,81
20011,1350
31017,296
31019,1367
37031,234
21007,4471
38004,2851
22032,50
41011,11245
40019,18
31020,324
48005,74
31025,1005
20012,120
01003,1014
31021,47
42024,33
09018,20083
50031,81
09019,87
16020,10
15003,1170
31023,4322
28013,28250
31024,94
48006,192
19036,292
37032,353
31026,107
46041,180
09020,181
09021,40
09022,46
12013,73
19037,85
25029,1447
19038,7
31027,685
36001,1670
04017,1392
43015,54
43016,3016
17009,3691
16905,836
31028,105
37033,58
49010,252
30009,10691
29017,4762
45015,448
37034,31
34015,32
40020,114
09023,717
42025,890
11006,19017
49011,168
16022,42
44026,52
31029,686
29018,1313
50033,33
24006,355
48093,655
31030,118
05013,535
13903,214
29019,597
39004,1249
13018,637
05014,4120
18020,1101
42026,25
09024,117
44027,127
08006,8329
08007,4951
26015,172
26016,16
15004,3242
12014,118
31031,164
20013,4100
05015,38
40021,18
13019,4509
13020,3287
28014,25044
24007,505
22036,69
49012,38
19039,34
17010,269
12015,57
44028,111
43017,68
08009,7369
08008,116
39005,989
31032,1510
22037,46
16024,94
49013,171
45016,3376
31033,46
07901,504
31034,39
38005,3585
09025,124
50034,619
44029,431
23006,3192
23007,2149
09026,202
19040,13
31035,36
17011,552
37035,125
18021,12223
01006,145
40022,146
04018,165
19041,140
26017,235
26018,8806
43018,307
32003,526
39006,1321
21008,1564
38006,32838
49014,96
23008,1178
49015,152
01037,448
16025,12
48009,567
20055,13235
48914,214
01008,710
09027,25
35004,31878
39007,290
25031,25
29020,2182
48010,350
48011,6777
13021,235
47010,8151
10021,3626
19042,8
06012,2327
23905,1199
10023,11815
10022,254
21009,519
31037,80
31036,695
26019,270
25032,56
31038,1054
12016,1177
31039,67
48023,439
15005,18134
35005,464
25033,910
25034,2150
50035,48
48008,432
01004,1103
07006,4704
08010,3393
35006,20747
15006,4157
50032,184
22035,209
05016,4817
42027,38
43019,981
25036,134
49016,186
01009,971
03019,11583
20014,947
20903,2822
39008,10057
24008,7227
34017,671
49017,128
50036,26
29021,82
06013,174
16026,72
37037,66
19043,39
09029,111
47011,480
18022,9073
20015,1051
28016,52
50037,85
50038,1120
31040,154
19044,243
48091,969
46003,816
12001,865
48070,427
31058,150
26020,441
42028,33
09030,59
34018,124
34019,113
26021,2413
19045,100
05017,46
05018,8
25037,289
09032,72
33004,46844
17012,940
08013,1042
08012,1363
08011,1450
32004,1004
01010,1750
21010,10096
31041,1087
22039,657
40024,703
02011,414
46044,3510
49018,182
34020,34
12017,104
31042,2382
44031,49
22040,115
22041,114
20017,6585
22042,79
41012,2270
41013,3381
26022,167
20018,9095
06014,4791
50039,305
31043,25
19046,17267
45017,184
12018,183
12002,79
22907,1192
01049,65
40018,44
14006,894
31018,320
45014,3284
37030,58
50030,106
37038,549
04019,118
06015,94154
08015,109762
26023,334
08904,7237
41014,1799
50040,45
14007,10625
23009,9302
08016,1303
50041,3
47012,88
09033,50
19047,47
22044,171
23010,10454
36003,7151
25039,214
31044,228
48012,1360
25040,9120
02012,1318
09034,192
24009,161
50042,3
22045,66
27004,877
08017,2597
20904,55
02014,279
13022,261
22046,666
48090,4093
03020,80
02013,70
08018,2036
34022,809
32005,557
22047,188
32006,1026
07007,250
03021,4734
43020,1820
17015,11850
34024,15
16027,507
48013,49584
27901,1693
42029,109
31901,12996
37040,314
09037,48
09038,81
09039,38
32008,5535
37041,28
31046,36
22048,10414
11007,12052
25041,510
43021,241
08252,18643
40025,116
22049,64
22050,49
42030,67
06016,2168
08019,814791
37042,23
16029,66
47013,71
49019,158
45018,302
32009,8654
05021,1578
42031,16
50044,179
39011,1313
45019,5592
31047,171
31048,121
24011,100
38007,1128
25042,118
12020,96
44035,80
05022,1167
10025,276
02015,1111
27005,2253
48014,945
09041,18
19050,11
09043,113
09044,37
24012,151
11008,12655
36002,2400
05023,123
37044,295
34027,763
47014,57
01013,541
46046,772
46045,1086
31045,372
31049,534
40026,81
48015,22151
09045,191
09046,21
16030,6
25044,150
37045,9
43022,1127
06017,150
28017,865
25045,30
04021,97
42032,108
42033,35
04020,139
18023,12499
31050,5195
22043,83
15007,2547
26024,207
24010,6689
37039,183
01011,198
23011,1540
32007,1007
10024,359
26025,51
26026,1033
19048,9
09035,217
19049,10
09036,31
44034,85
44036,11
32010,263
16031,30
32011,428
21011,2571
18024,534
18025,213
23012,3255
20019,7903
05024,127
05025,59
44037,378
27006,1895
34029,586
28018,2842
47015,161
48092,586
23902,1663
27007,1958
08020,3878
17013,2466
23014,1737
31137,163
31051,204
04023,46
20020,110
12022,174
14008,1989
31052,69
20021,217
09047,37
50045,867
37047,43
25046,353
16032,187
25048,1444
25170,211
17018,460
25047,837
25049,134
43023,164
44039,150
08021,47
25050,2833
46048,3000
43024,1156
25051,1084
25052,1387
46049,217
14009,2018
16033,1360
34031,19
50046,96
33005,869
44038,60
28019,823
16034,137
09048,1081
22052,860
49020,214
45020,796
10026,343
24014,5842
22053,675
41015,3829
29022,111
47016,50
12024,96
12025,82
46051,6411
46050,103
04024,2309
29023,1422
29024,226
29025,28438
11901,4222
18027,1725
18028,690
29026,778
18029,1427
14010,2907
29027,1884
11009,312
29028,828
29029,266
12026,730
03022,113
22054,920
23016,272
25053,933
49021,11059
24015,1682
46052,450
49022,214
03023,1086
46053,451
03024,3238
46054,8598
03025,890
03026,1045
03027,137
46055,1022
03028,836
46056,142
12027,15769
12028,9330
46057,304
46904,297
03030,605
03031,34075
30010,6353
46059,1002
46058,1465
46060,8341
43025,480
03032,61
03033,92
46061,260
03029,236
46062,3875
03034,1438
03035,532
03036,40
03037,293
03038,238
03039,62
03040,235
46063,1382
46064,440
46065,1250
46066,906
46067,1314
03041,6144
43026,770
46068,275
46069,128
03042,1707
04026,17
04027,102
12029,608
10027,45
06018,375
04028,138
24016,223
31250,2568
48016,4109
01014,332
22246,47
20022,691
42034,12
22055,249
09050,45
31053,468
26027,97
47017,153
47018,29
40028,75
05026,140
24017,522
24018,122
40029,18
50047,24
08022,9880
20074,8989
26028,86
26029,13
44040,136
15008,4239
31905,1667
04029,8256
05027,186
06019,1487
42035,552
24019,188
09051,114
37049,76
48017,8768
49023,674
40030,382
01016,324
19051,35
40031,368
05029,98
48018,746
31902,2128
31903,4572
48019,2927
20023,365
21012,155
37050,42
37051,59
10028,43
05030,27
47019,55
50048,16
28021,267
31054,424
10029,277
09052,29
28020,66
34032,26
17019,1521
17020,2940
35007,333
15009,8050
31055,232
16035,195
12021,3783
17021,107
26030,5
44041,36
03043,2249
46071,367
20024,316
31253,70
50901,59
22057,247
02016,368
06020,1295
22058,118
22059,791
03044,3736
08023,5432
50050,39
48020,184106
33006,1062
22060,1020
07008,4534
22061,5679
25055,127
50051,647
22062,111
17022,6420
43027,142
43028,1956
22063,117
50052,59
17234,176
31056,150
42036,15
30011,3732
43029,270
44042,81
32012,530
17023,22757
05033,113
05034,9
05035,80
22064,98
44043,37
42037,21
14011,380
37052,315
34033,13
17029,153
34035,93
34034,92
28022,26206
33007,1182
28023,2781
26031,98
47020,207
32013,1420
24020,287
46072,3051
40032,418
47021,50
47022,41
19052,14
06021,602
37054,162
47023,2163
37055,80
02017,495
05036,84
10030,240
05037,111
15010,1479
15011,12163
32014,625
13023,7060
47024,175
46073,904
41016,5030
21013,8144
32015,534
22066,524
03045,188
17024,173
22067,50
21014,3102
43030,363
02018,730
16036,86
05038,68
02019,1796
46074,2087
15012,2749
50053,630
22068,33
50054,31
17025,1101
44044,72
29030,551
25058,3449
43031,1201
50055,2724
42038,17
41017,10662
11010,4959
42039,142
45021,1850
17026,465
08024,311
24022,189
12032,21280
12031,3083
11011,1239
25059,675
43032,415
43033,649
10031,104
50056,298
37056,18
25056,174
09054,52
24021,1234
05039,35
47025,90
28024,100
09055,28
13024,622
24023,157
34036,141
50057,950
28025,277
17027,2379
41018,7003
49026,157
49025,114
38008,3942
38009,2739
40033,42
26032,24
19053,1424
49027,111
49028,84
37058,41
26034,476
09056,3727
26033,147
15013,4448
44045,210
22069,307
10032,1099
08025,1157
08026,137
28026,5304
17028,237
43034,427
42041,12
50058,43
18032,164
16038,19
19054,103
16039,321
16040,49
37059,87
45022,223
37060,79
34037,217
38010,2705
16041,237
36004,7854
44046,32
46075,130
46076,462
09057,92
42042,42
28027,949
14012,4359
19055,44
50059,530
05040,46
50060,124
30012,7452
09058,255
07010,4133
44047,95
27902,5546
50061,172
49029,482
50062,1283
42043,2702
24024,498
29031,989
05041,694
09059,102767
31059,129
41019,3130
45023,1637
06022,1847
46078,21885
31060,9892
45024,814
24025,170
03046,1404
18033,185
19057,34
28028,1095
50063,49
47026,43
34038,220
49030,63
24026,1057
34039,44
09060,103
31061,45
48021,1001
46077,5945
31057,1443
17016,631
44032,7
44033,177
50043,200
22051,40
34025,32
39009,2373
39010,484
34028,115
46047,467
04022,358
37046,8769
23015,937
18030,314
46070,13090
25057,125
27008,1035
49024,477
37057,147
07009,665
37061,112
43035,182
40034,55
15014,3406
25060,52
15015,2081
17031,168
12033,2319
31062,910
28029,378
19058,5600
08027,557
50064,326
45025,1072
40035,116
49031,98
45026,138
10033,222
24027,866
09061,118
37063,47
06023,2869
37065,181
06024,679
10034,185
37062,57
45027,249
13025,196
13026,280
05042,111
41020,9267
05043,60
05044,184
21015,465
40036,441
10035,1369
26035,9
39012,5315
09062,14
39013,378
47027,1947
47028,21
05045,72
50065,35
14013,12915
44048,49
43036,656
23017,1028
33008,1079
33009,577
31063,52
42044,21
42045,216
08028,650
08029,2932
28030,1310
37067,2286
10036,198
47029,32
24028,333
24029,474
37068,264
08030,4497
39014,601
25061,49
24030,3206
10038,45
18034,372
10039,251
28031,1397
17032,1517
31064,1314
50066,1779
21016,709
40037,32
44049,696
08031,2121
43037,12366
26036,13600
34041,61
18114,473
44050,2678
06025,4054
44051,2396
30013,6063
50067,10813
42046,42
50068,1731
21017,2219
50069,20
36005,6212
22072,110
08034,605
08032,1453
17033,4037
08033,10017
08035,8831
06026,561
45028,2597
09064,167
45029,112
18037,366
08037,1546
46079,205
03048,4404
03049,10330
08038,1063
50070,32
44052,30
17034,6099
08036,137
03047,9658
42048,51
37069,632
37070,355
07011,25455
32016,483
37071,35
13027,2330
37072,126
34042,224
45030,291
37073,362
24031,144
10040,249
06027,406
49032,227
39015,626
25062,560
45031,2004
44054,68
45032,366
39016,18959
44055,63
15016,3591
43903,2284
28032,3829
49033,526
41021,15275
44053,70
36006,9613
23018,1447
15017,14723
43038,17633
10041,710
44056,459
41022,3142
06028,3061
07012,1615
47030,880
24032,78
17036,2245
17037,88
03050,13600
01017,662
16042,917
50071,79
09065,100
23019,1113
37074,121
10042,29
19059,58
45033,206
06029,829
19060,71
21018,1375
29032,5075
16043,60
16044,24
08039,262
19061,27
17038,292
22074,246
13028,8591
03051,231
37077,214
40039,203
24033,147
36007,1112
10043,568
28033,2835
21019,470
09066,26
24034,2407
39027,2626
39017,425
47032,92
46080,714
22075,106
07013,5859
16901,100
30014,1247
18038,781
17039,1534
26037,100
45034,1094
17035,521
22076,231
47033,151
16045,140
05046,40
26038,23
46081,9103
33010,1273
22077,278
38011,12960
37078,554
05047,2920
42049,50
24036,105
25063,54
23020,1200
28034,181
17040,449
46082,2500
08040,7626
12036,479
22078,282
36008,15838
33012,3822
33011,9342
09067,278
18039,2726
37079,68
29033,856
29034,354
47034,46
26039,27
04030,778
43907,2531
08041,8929
19064,33
09068,14
37080,179
37081,586
40040,2283
17041,176
19065,55
37082,531
37083,137
44059,469
41023,5732
40041,801
05048,97
04031,1873
08043,2565
43039,49
31065,1600
07014,6195
22079,91
15018,1002
22080,218
08044,3201
18042,293
06030,88
34045,65
17042,341
08045,38
43040,268
42051,6
28035,957
42052,5
13030,93
18043,81
30015,14938
33013,291
09070,26
49036,321
10046,115
37085,3204
32018,809
32017,949
27009,1496
32019,8533
15019,20161
49037,115
04032,4268
16055,553
40043,1427
23021,347
10047,755
14015,1585
46083,12285
31067,1555
09071,16
09072,202
02020,310
08046,10159
16056,359
14016,1042
09073,753
09074,596
05049,292
34046,31
09075,43
45035,175
08047,3210
19067,46
50072,85
50073,1867
15901,2440
46085,9535
14017,8055
08048,510
45036,497
41024,16486
06031,358
15020,2750
23024,8494
47035,695
37086,52
45037,1185
14018,2812
24038,2335
15021,3763
45038,2530
37087,581
37088,116
40044,95
10048,129
06032,30
16057,428
42053,17
16058,83
42054,3
29036,442
05051,136
33014,6170
09076,18
45039,159
24039,1660
13032,886
13031,1805
34047,1362
41025,1347
24040,257
46086,66
30016,125067
29037,108
21021,8868
32020,1651
39018,3239
24041,318
19070,66
29039,1729
37089,22
26042,680
10049,2878
45040,964
10050,627
19071,6064
29040,1281
42055,135
29041,2091
10051,221
41026,3228
45041,2892
28036,1761
46087,79
46088,98
16060,508
10052,77
10053,185
06033,866
16061,830
16062,15
16063,73
16064,510
02021,824
16065,294
02022,176
10056,316
10057,56
06034,107
19073,14
02023,406
10054,362
37090,18
10055,461
05052,41
02024,2787
45042,132
49038,66
49039,243
16066,1989
05053,47
47036,182
10058,802
05054,858
22081,149
09077,31
09078,14
31068,2588
44064,39
43041,171
05055,397
10059,263
37091,91
46089,1584
40045,91
33015,660
50074,5466
19074,51
08049,1042
17044,5947
03053,5776
10060,687
26043,293
39019,1504
21022,106
16067,2312
50075,46
19075,36
50076,83
22083,328
22084,393
44065,23
50077,159
22082,222
44066,69
22085,87
12037,13
03054,251
03075,124
08057,40
25904,87
07064,4782
17048,5770
09079,31
37092,943
37185,396
05056,59
23025,1829
11013,1795
19076,9
25064,88
08052,91
13033,1169
08050,63
08051,14510
44070,40
08053,2087
08054,7347
08055,339
25067,572
08056,33345
08058,1374
17046,645
08060,126
08059,260
12038,121
08061,1057
08062,660
25068,461
12039,635
08063,359
46091,52
44071,440
25070,723
08064,1354
43042,1772
08065,1093
08066,1073
17047,5420
25069,341
46090,1419
12040,106263
44067,51
44068,547
46092,204
22086,139
22087,56
09083,17
34048,62
06035,547
41027,2652
09082,39
24042,41
19078,22
42056,23
50078,169
22088,113
41028,1561
41029,10072
41030,373
16068,105
37096,144
40046,71
42058,77
16070,23
45043,494
16072,113
41031,853
23026,2700
12041,37
16071,9
22089,252
31071,5
18045,886
19079,4
42057,122
37097,27
34049,309
47037,134
32022,971
32021,549
18046,1318
24043,48
34050,153
47038,81
49040,84
09084,129
24044,105
09085,398
34051,78
09088,38
34052,159
09086,484
09090,38
47039,113
33016,14809
32023,874
04033,24
40047,28
27010,3539
14019,4617
39020,17175
47040,35
24046,623
24047,491
47041,124
49041,327
09091,528
40048,11
47042,44
34053,119
47043,184
49042,155
47044,227
47045,595
24049,1050
33017,2829
47046,91
40049,19
40051,13
24050,85
27011,1834
49043,191
47047,125
26044,21
06036,3546
46093,1702
46094,15624
43043,2403
36010,2282
03055,4329
12042,504
02025,6124
46095,443
12043,376
25071,22
09063,186
09093,121
45045,880
23027,443
41032,2997
23028,4301
49044,40
03052,746
44060,23
13029,45
44061,47
16046,144
16047,197
41901,1753
44062,31
42050,13
16048,310
10044,1088
26040,38
16049,121
10045,688
21020,221
16050,178
16051,96
16052,456
14014,1860
29035,1053
36009,2706
49034,316
19066,39
44063,74
16053,313
49035,152
24051,302
24052,113
45046,1888
09094,37
05057,1821
24053,339
10061,1052
15022,4348
10062,249
40052,63
45047,1771
44074,345
15023,4724
30017,9123
47048,133
09095,67
44075,246
32024,3499
44076,1812
17189,1398
26045,8
17049,2746
31193,1256
19080,46
19081,24
18047,4570
26046,1220
28037,943
02026,685
32025,734
08067,4463
19082,46
42059,15
37098,185
05058,42
42060,11
15024,3570
28038,3644
08268,738
08266,34628
36011,718
15025,880
46096,228
37099,30
49046,209
49047,81
37100,30
10063,84
40053,90
40054,79
09098,355
49048,59
44077,48
37101,97
45048,275
09100,32
21023,1216
37102,194
27012,960
34055,185
08068,6009
25072,5204
28039,65
50079,166
45049,250
34056,1526
16073,140
12044,377
26047,1460
50080,9
47049,70
25073,471
17050,537
27013,3615
37103,287
50081,333
51001,38609
30018,6068
34057,298
34058,135
37114,52
22094,88
05067,53
32029,310
27016,5405
28051,988
18059,3140
40065,461
19103,178
06042,689
46107,1580
46106,1083
19104,7
46108,304
04036,145
12052,500
46109,5024
11015,46576
23029,497
12053,1659
16023,392
19106,52
23030,811
13038,1251
19105,1876
18061,824
22096,271
02029,2197
28052,2815
11016,11370
50092,243
04037,998
46111,8121
50093,65
12055,53
24065,1483
45056,1709
21030,1217
45057,162
46112,366
16081,33
18062,7191
22095,47
12056,201
09101,55
26048,35
42061,160
28040,10528
16074,14
30019,20187
19086,1138
47050,2649
42062,17
47051,263
42063,27
26049,134
18048,1564
09102,20
10064,1064
37104,14
09103,147
09104,33
40055,26
39022,720
05059,54
24054,351
24055,523
50082,39
50083,84
19087,16
12045,284
31072,4736
37106,163
12046,111
31074,271
42064,29
31075,60
19088,51
45050,391
09105,65
19089,17
26050,87
42065,17
05060,104
34059,287
17051,189
24056,2199
47052,4955
13034,41708
37107,8517
07015,16959
25074,137
31076,2703
25075,105
50084,38
26051,157
33018,2483
45051,1330
19090,39
28041,3449
45052,2555
34060,120
40056,21
49050,261
40057,1170
37108,80
03056,7088
50085,110
40058,264
50086,116
06037,1231
44080,216
46097,482
47053,77
47054,510
19091,19
09108,300
18049,399
18050,1114
19092,334
25076,114
15027,982
17054,251
32026,1860
05061,212
39023,4513
25077,342
05062,158
10065,67
05063,16
40059,61
28046,3668
28047,31353
34061,72
08069,2437
43045,112
08070,228
29043,1828
37109,105
28043,4597
28042,736
28045,23808
28044,4390
18051,760
17055,128
33019,2186
22090,65
25163,148
29044,580
39024,1446
25161,191
40060,55
09109,1012
19095,3
19096,51
43046,54
03057,157
24057,976
34062,104
19097,12
11014,13102
14020,278
10066,109
07016,2124
41033,3726
43047,3598
05064,93
45053,6326
50087,17
09110,38
49052,135
19098,16
08071,195
44082,46
46098,2047
43048,659
08072,8402
24058,144
25078,842
47055,144
15028,1039
06038,524
37110,80
34063,77
26052,117
19099,179
31077,4799
26053,174
49053,710
27014,2449
10067,7931
41034,16500
41035,925
15029,4942
26054,228
08073,42334
17056,1555
43049,579
06039,1316
41036,3050
28048,362
26055,20
45054,3176
40061,53
13035,725
02027,207
39025,6745
47056,56
49054,602
41037,2572
06040,776
21024,346
32027,712
21025,2635
21026,166
31078,2093
44084,42
12048,174
18053,1143
29046,1686
46099,305
18054,487
13036,488
24059,614
09112,58
15030,143428
33020,9311
39026,1305
17057,902
44085,30
42068,70
28049,47897
27015,3642
07017,677
12049,335
50088,180
49055,79
46100,241
02028,80
36012,2622
42069,1082
09113,326
36013,1304
12050,1235
03058,4409
40902,75
29042,11865
36014,937
43050,1821
17058,147
05065,418
44086,369
03059,16510
06041,315
37112,81
44087,60
17901,914
24060,313
10068,516
24061,1122
32028,1013
50089,5049
44088,28
28050,2449
50090,97
08074,7381
25079,230
42070,25
34066,36
24062,112
24063,284
47057,188
40062,20
19102,76
09114,33
49056,221
24064,982
44089,21
49057,80
09115,58
37113,305
42071,82
49058,226
44090,36
33021,3346
49059,73
16078,32875
47058,131
50091,22
45055,861
41903,4042
44092,40
09117,68
42073,38
16079,20
29047,799
44093,82
40905,36
09119,24
29049,2227
04035,7600
29048,866
18912,1179
05066,320
44094,73
12051,387
46105,12509
15031,17442
10069,609
21027,14
21028,211
21029,1023
43051,5737
36015,3445
47059,66
15032,2554
26056,303
40063,6069
12034,1237
08042,1795
46084,1223
10037,59238
18035,742
11012,68704
18036,2891
31066,739
23901,662
26041,121
24037,183
29038,11879
31069,583
18044,94
18040,130
04034,89
29045,1636
14021,194464
13037,643
18056,2706
18057,4098
29050,251
28053,4844
13039,10298
46113,1609
04038,2704
17060,331
50094,1209
26057,25
18063,834
17061,94
03061,996
03062,195
20029,3112
33022,694
34067,78
34068,22
18064,252
18066,1473
07018,317
10070,472
43901,7813
48901,3015
10071,81
31079,52
24066,334
42076,145
31080,416
05903,78
18067,435
48026,785
37115,75
15033,2075
03064,4275
46114,373
40068,22
45058,253
06044,21346
06043,447
31081,280
31221,1045
40069,67
05069,72
20069,105674
05070,26
46115,167
41038,75482
14023,1554
45059,1319
08075,2923
36016,686
14022,2542
37116,40
37117,923
19107,201
43053,144
34069,1748
15034,2244
48027,16426
40070,88
42078,739
19108,50
03063,23711
42075,39
18068,1029
18069,308
18070,192
18071,4291
48028,519
31083,54
31086,7040
20030,14931
07026,28378
50095,10068
37118,90
04902,41277
44096,93
48031,206
01021,405
02030,2316
03065,133611
01022,596
03066,32942
20031,153
20033,678
20032,6560
31087,148
46116,10573
10072,570
48032,4394
01023,219
19109,31
50096,25
46117,339
37120,64
37119,70
50098,95
40071,35
37121,390
37122,143
47060,190
14024,1350
21031,719
37123,106
24067,329
40072,122
26058,78
09120,28
37124,145
46118,3153
16082,182
04041,110
49061,85
39028,2537
26059,882
32030,633
06045,354
31089,189
48902,12509
31090,116
24068,263
48033,164
31091,247
50100,229
48034,9102
20067,21351
20066,399
01046,499
48079,279
31092,449
45060,110
21032,1200
17062,5326
39029,519
45061,1717
40073,294
45062,836
19110,35
40074,182
19111,102
50101,667
23031,507
24069,33
40075,122
42079,19
19112,31
07019,57
28054,8249
44097,89
44099,594
10073,587
37125,106
18072,496
32031,651
47061,176
20034,2496
31094,76
12057,482
37126,17
49062,77
12058,28
06046,939
06047,587
06048,306
08076,12847
41040,6880
31095,65
37127,157
42080,97
14025,2167
42081,98
23032,397
11017,2343
14026,1425
40076,5149
17063,116
37128,153
34070,116
09122,35
19113,370
05072,53
09124,1073
34071,118
09123,18
45063,224
40077,585
19114,18
25081,268
43054,2357
08077,24951
22099,546
17064,281
17065,293
07020,2904
25082,162
31096,88
08078,188
45064,3187
19115,12
22102,143
22103,563
25088,68
08079,242
25085,118
31097,8481
07021,178
41041,7503
42082,5
29051,30980
44100,160
31098,1420
25086,422
25087,44
46120,710
26060,72
22105,89
36017,14565
45065,146
28055,624
19116,11
46121,76
09125,389
31099,48
31082,534
31084,1932
31085,377
48029,5661
48030,572
31100,218
31101,1110
26061,1150
31093,173
20035,368
31102,110
31103,41
50102,684
24070,3012
03067,52
22106,14
31104,1562
43055,1669
03068,28
22107,42
12059,146
17005,365
29052,115
49063,236
49064,304
50104,216
25089,55
38012,1221
43056,696
46122,2258
46123,1337
50106,54
50105,202
43057,20
07022,11175
04043,330
15035,9116
06049,642
49065,789
13040,609
14027,5758
18074,169
49066,242
49067,184
07023,2797
49068,247
44101,35
15036,44020
08134,540
43058,52
17066,24631
43059,152
12060,355
49069,144
50107,757
04044,1195
03069,2176
35008,4497
22109,171
15037,2617
31105,1414
04045,1168
17067,681
43060,2528
05073,242
25092,107
37129,165
08082,916
08081,242
46126,4227
17068,218
24071,707
27017,607
08083,1385
47062,111
50108,9
47063,74
26062,73
25093,561
03077,1200
04046,439
18076,645
44102,502
08084,871
27018,2453
46127,2413
46128,1274
08085,910
17069,243
19117,1264
13041,126
46124,610
17070,111
17071,938
31106,593
47064,15
09127,26
05074,564
22110,613
26063,71
25094,91
22111,104
17902,1241
12061,296
36018,2242
37130,114
07024,4549
03070,1726
44103,75
07025,350
17073,1550
36019,990
46125,716
44106,113
17074,411
30020,5158
48906,594
43061,22
27019,6777
44107,138
15038,1785
37131,113
22112,8708
50109,42
23033,1034
33023,2837
09128,58
08086,10520
50110,252
34072,130
42083,14
06050,2757
37132,186
43062,242
18078,552
16083,35
40078,149
16084,20
09129,56
44108,269
05075,42
28056,672
37133,47
10075,167
09130,65
09131,334
37134,139
40079,133
42084,20
40080,36
49075,90
49076,229
24073,372
09133,28
09132,128
49077,118
28057,936
34073,108
47065,621
05076,338
49078,111
29053,1541
27020,2276
38013,2242
16085,93
48035,270
40081,108
50111,138
09134,165
44109,75
34074,516
19118,8
13042,746
38014,1052
19119,77
50113,523
50114,67
44110,21
29054,34164
28058,106700
06051,951
13043,133
26064,1844
47066,837
45066,6177
02032,197
23034,1847
06052,2855
16086,739
29055,1211
37135,725
40082,96
06053,394
06054,4245
13044,1992
40083,57
40084,53
28059,3413
05077,124
47067,156
49079,68
14028,221
12063,29
14029,3037
14030,6712
18079,2574
30021,8771
47068,31
14031,423
02033,1586
02034,1167
42085,118
09135,31
42086,19
42087,27
09136,138
37136,392
21033,387
19120,70
49080,521
09137,120
19121,104
16087,142
16088,81
37137,63
09138,58
42088,53
19122,72
42089,21
19123,26
09139,44
16904,274
09140,105
19124,286
40086,573
42090,72
40087,73
40088,245
37138,143
46129,406
16089,311
44111,80
44112,371
41042,4692
12064,38
05078,99
37139,118
24074,80
50115,2749
50116,165
06055,1309
42092,35
34076,458
37140,630
49082,295
44113,64
34077,195
49081,1055
40089,202
49083,31
40091,60
44114,201
09141,509
49084,229
42093,27
40092,90
28060,1049
23035,683
16091,47
22113,338
25096,789
25097,67
31107,1615
31108,1566
02031,405
08080,17
25908,136
44105,45
16092,107
18905,9962
20038,316
03072,236
12065,106
20037,85
08090,106
19125,23
37141,108
28061,17730
31109,1331
21034,889
09143,18
26065,40
48036,17817
48037,502
49085,680
18082,743
43063,507
26066,205
37142,362
37143,253
37144,278
10076,733
04048,1401
09144,29
40093,53
05079,21
37145,175
47069,84
05080,34
37146,48
49086,82
49087,299
08087,115
26067,10
31110,55
50117,67
50118,1730
31111,42
44115,79
19127,56
19126,1384
48038,905
49088,50
43064,1809
46131,44794
16093,55
38015,2759
38016,795
48039,176
31112,69
06056,263
43065,329
10077,440
37147,146
37148,324
40094,265
45068,76
37149,48
31113,75
44116,61
28062,200
05081,16
10079,605
10078,251
10080,236
28063,165
10081,99
43066,127
06057,279
24076,685
31115,123
42094,317
08088,9192
17076,105
17077,502
17075,253
41043,460
06058,1578
10082,1168
04049,4143
10083,53
31114,277
28064,100
16094,59
19129,10
11018,1162
10084,769
03071,3638
48040,1068
47070,18
29056,908
48041,555
46130,739
25098,132
05082,346
08089,25106
20907,76
44117,244
37150,27
12067,431
08091,3832
50119,692
41044,5433
49090,124
05083,124
29057,209
31116,53
46132,1824
17078,220
41045,3710
47071,323
45069,1438
48046,9837
46133,273
28065,87737
20039,1593
48044,50518
21035,6338
33024,152902
05085,25
05084,24
41046,2312
46134,1698
25912,772
05086,65
26068,66
44118,142
41047,7771
43067,503
02035,1342
17079,57934
08092,3210
08093,23
22114,3
48047,117
18083,128
43068,458
46135,7858
46136,1835
50120,36
31117,517
42095,1297
25099,1074
02036,58
37151,122
17080,127
37152,292
32033,413
40095,438
36021,9223
18085,522
18086,289
24077,175
48042,1043
10085,168
24078,264
03073,134
48043,3213
42097,21
05087,77
50121,204
33025,6241
31118,100
24079,542
33026,6108
22115,289
16095,69
16096,232
24080,128
40097,110
18087,148702
21036,90
08094,1249
25101,450
38017,19815
21037,316
33027,564
05088,15
08095,31
25102,626
46137,206
49091,160
03074,1325
06059,1247
10086,225
14032,281
08096,33572
49092,81
25103,92
25105,100
25104,89
13045,494
43069,142
22117,2114
11019,1249
22116,1177
26069,191
44119,72
09148,68
34079,1008
09149,24
50122,20
50123,312
28066,5698
36022,7348
26070,129
18088,1064
19130,48749
44120,99
41048,1506
14033,873
28067,3019
13046,460
10087,1179
45070,1066
28068,7963
46139,3832
46138,258
18089,10952
37154,83
18906,568
08097,782
18093,2117
17081,230
38018,3272
36023,6560
46140,162
03076,6829
23038,2227
45071,1318
08099,586
34080,4637
06060,4167
29058,965
49093,204
23039,1422
34081,35
32034,821
31120,233
43070,220
10088,117
10089,897
10090,320
10091,227
37155,46
14034,214
37156,3453
41049,6134
17082,241
25109,179
25903,155
31121,50
05089,305
25110,2870
27022,3596
25111,72
09151,337
09152,219
27023,1802
08100,1815
39030,1521
22119,978
24081,89
05090,65
38019,9867
04047,1593
35009,14216
45067,1975
46902,232
23037,345
04050,472
18084,3412
42096,214
25100,118
44121,46
18094,1256
31119,26
18095,1386
48045,3453
38020,10206
06061,799
09154,95
01056,185
26071,6070
35010,2579
09155,22
39031,951
06062,317
02037,17812
16097,113
19132,15
19133,70
12068,35
26072,217
13047,4615
45072,450
10092,189
37157,47
37158,129
37159,38
39032,1119
38021,882
49094,137
20040,11167
05092,118
20041,247
10093,267
05093,286
26073,65
41050,3815
10094,158
50124,300
34083,1374
42098,8
34084,101
06063,1955
02038,202
05094,112
10095,205
45073,200
19134,10
39033,388
16098,470
47073,95
10096,2261
26074,73
19135,41
10097,48
23041,394
06064,590
21038,729
05095,160
06065,211
06066,1010
06067,1243
12069,14
02039,737
46141,276
05096,27
19136,14
49095,227
10098,196
21039,215
23042,197
21040,2324
37160,366
44123,85
45074,199
42100,18
14035,4269
06068,355
16099,151
13048,321
16100,587
31256,116
28069,12
19138,176
16101,105
10099,477
19139,17
20036,10366
03078,510
16102,983
40099,34
40100,220
45075,45
40101,643
09159,45
16103,186
09160,60
16104,37
19142,194
34086,72
09162,74
09164,107
09163,434
05097,322
28070,70
05099,409
13049,532
37161,73
16106,2207
37162,149
28071,28
19143,1272
09166,71
45076,352
26075,278
26076,106
06069,2125
14036,3049
05100,196
26077,3
34087,54
47074,100
09167,41
23043,301
26078,49
09168,215
43071,770
19145,27
09169,51
24082,659
08101,115218
08162,1420
17083,2490
37163,17
02040,346
09170,134
28072,4331
05102,1293
05101,131
05103,37
10100,470
05106,15
05104,15
05105,238
22122,31
44124,50
22908,125
31122,3308
45077,410
23044,3355
21041,85437
16108,40
19146,7
37164,188
09173,87
16110,70
09174,575
45078,946
16111,128
19148,21
22124,146
40103,96
23045,1629
44125,40
22125,32149
16112,1053
19150,89
09175,94
19151,834
28073,9625
29059,1931
09176,40
05107,36
34088,143
04051,309
10101,118
18096,245
16107,38
18097,658
04052,9048
04053,10725
26079,559
16109,21
09172,66
19147,38
18098,4638
18099,1144
18100,6083
18101,7507
41051,1375
34082,59
44122,1099
10102,354
31124,136
20042,2714
48048,365
50125,250
09177,827
03079,14878
33028,871
22126,42
09178,27
23046,1667
38022,13754
20043,1478
31259,362
26080,391
09179,24
09180,92
44126,280
45079,198
48094,2607
22127,379
08102,23148
29060,430
31125,205
24083,744
20044,247
22128,113
36901,2506
19152,428
33029,243
04054,203
33030,646
45081,12412
18102,6198
50126,1813
45080,3
31126,284
07027,16936
27024,1096
35011,16571
16113,2663
19153,12
04055,227
19154,31
31127,112
32035,830
15039,923
23047,1052
37165,20
19155,22
20045,36357
20046,934
01027,352
31904,1030
01901,1872
31128,268
09181,221
21042,10930
41902,3303
25115,692
48049,415
29061,734
50128,18
22129,151
17084,119
34089,114
09182,58
18103,439
20047,388
37166,136
40104,187
31129,338
31130,235
48910,2071
25113,1043
25112,209
25114,93
31131,687
31132,101
24084,106
31133,29
18105,3746
29062,417
23048,601
14037,2651
48050,165
44127,33
23049,1246
21043,1334
22130,7782
03080,1114
19156,870
17085,237
46142,539
26081,11
49096,111
23051,1834
12070,469
50129,149
46144,483
10103,290
09183,17
09184,3
10105,1888
10104,4213
10106,72
50130,285
44128,38
22131,64
44129,24
50131,142
31134,130
31135,53
18107,721
23050,68529
11020,128430
06070,5753
18108,547
10107,705
18109,405
03083,4658
23052,778
11021,5588
29063,175
19157,26
24086,176
17086,1884
08103,492
44130,14
02041,277
44131,12
25910,61
50132,532
40105,35
40106,134
29064,365
17087,210
30022,13609
18111,2030
05108,18
25118,312
25119,1982
09189,86
09190,70
09191,18
09192,24
31136,354
49097,44
18112,66
37167,93
03082,13639
12071,927
23053,6207
29065,80
48022,1681
48907,252
01019,111
01020,237
40107,80
01028,831
13050,379
22133,97
10108,94
45082,854
34091,84
50133,46
01030,105
01031,920
44132,26
24087,567
26082,61
40108,73
47076,13965
24088,888
16115,26
16116,40
37168,287
26083,128
23040,1028
31138,717
22135,134
22136,649
36024,12649
36025,1259
39034,184
31139,99
22137,862
01032,403
16117,869
48051,131
05109,321
42103,424
50134,69
47077,220
33031,23669
40109,63
18116,1881
34092,239
01902,541
18117,358
41052,2434
31140,84
05110,508
44133,16
06071,161
22139,52
31141,82
01033,518
15041,7339
26084,5283
39035,7129
32038,287
04056,50
48052,1174
31142,1271
31143,76
20048,136
31144,809
37169,137
23054,271
20902,10339
22141,88
22142,103
22143,145
22144,154
40110,247
40111,30
40112,2172
01036,11064
48053,791
33032,8386
15040,2170
50135,73
45083,277
32039,872
31145,143
20049,3348
20050,267
31146,25
41053,17222
50138,27
50137,695
18119,1183
19159,55
16118,1101
37170,1119
26086,9
34094,40
37171,329
16119,127
28074,98612
31147,67
31148,69
20051,5233
20052,921
01058,1101
20068,146
48054,17922
32040,980
31149,2040
26087,133
48057,3938
31908,560
48055,1867
48056,632
33033,6979
18120,159
31150,105
21044,13256
31151,45
09194,1528
31152,1169
25121,513
31153,1786
02042,587
50139,177
01034,118
26088,21
48081,1604
20053,3640
02043,971
31154,163
24089,83173
30023,2849
44135,82
42105,32
44136,32
39036,757
45084,1726
39038,1038
23055,33653
21045,158
44137,153
37172,504
25122,1671
50140,85
50141,58
20054,398
31156,174
31155,189
39037,1490
02044,783
08104,565
25123,100
25124,111
17088,387
08105,7082
17089,4891
24092,615
17090,467
17091,350
33035,8813
46154,665
33036,8294
09195,33
47079,48
38024,10945
05113,38
13904,391
17092,2869
25125,332
46155,794
25126,171
44141,119
25120,75114
06073,520
06074,3351
17093,791
25127,158
25128,62
08106,5530
08107,9462
08108,4409
43072,58
25129,173
46151,588
46152,53
46153,345
46156,1672
43073,51
43074,1355
17095,18123
07028,716
46157,2512
12074,577
07029,3504
17096,146
07030,1408
07031,19274
46150,1605
08109,158
03085,399
46147,12360
17094,714
22149,201
32041,405
50142,19
32042,1076
18121,58
06072,1635
31157,2856
28075,4040
10109,1161
26089,86058
48903,1438
18122,13103
34903,149
34096,26
45085,1130
47078,126
50143,399
50144,14
23056,2270
22150,238
41054,501
41055,11609
19160,782
30024,51528
03084,436
46148,874
30025,4265
46149,264
40113,357
49098,132
49099,44
10110,1766
05112,51
22151,59
44138,53
42106,3
27027,1792
15042,2423
28076,256
28901,480
49100,149
04059,790
04060,234
14038,24181
50146,142
12072,908
21046,1359
50147,641
13051,231
24090,150
45086,333
12073,88
49101,103
39039,374
50148,182
50149,7
27028,62703
18123,170
41056,3201
31159,815
37173,1071
26091,60
50150,498
50151,397
19161,149
22905,217
23057,526
14039,1816
31160,76
24091,316
19162,40
31248,233
19163,19
18115,1768
27026,1755
04057,942
50136,348
04058,251
11022,33652
31158,171
04061,462
18124,268
04062,3418
46158,685
32043,1773
37175,330
29066,254
37174,721
28078,23
49102,130
40115,62
17097,150
28079,1635666
49103,306
45087,6557
10111,1015
05114,1076
09196,91
10112,1134
09197,84
02045,2960
37176,70
10113,1648
41057,173
50152,1158
05115,423
06075,318
50153,653
24093,171
34098,610
42107,33
06076,574
45088,1683
09198,63
49104,200
02046,809
25133,603
44142,6
50154,78
49105,103
41058,12668
41059,25192
17098,253
28080,39387
10114,765
16121,156
19165,31
42108,8
19167,77
13052,5070
18126,1154
50155,41
06077,252
25130,182
50156,208
08110,10523
08111,200
48058,802
50160,2082
37178,49
05116,64
10115,2593
06078,374
10116,2744
15043,4123
45089,1091
50159,565
49107,91
50157,238
05117,164
09199,63
09200,17
09201,17
07033,24259
37179,149
05118,54
23058,6442
06079,450
50161,62
09202,18
07034,777
19168,173
49108,305
49109,460
29068,5101
46159,17656
05119,8
26092,72
08112,11886
34099,40
08113,42400
26093,29
24094,1116
24095,209
19169,17
34100,97
46160,1604
49110,186
49112,75
49111,63
13053,10993
26094,48
28082,3950
32044,551
45090,266
44143,296
21047,1384
47080,35
37180,36
45091,287
50162,88
18127,12295
19170,92
40903,52
40118,40
24096,59
31162,37
29069,71958
10117,144
18128,206
19171,3419
41060,11624
31163,1668
34101,38
43075,69
08242,168
07035,1298
16122,176
39040,3537
41061,1688
46161,1081
21048,224
45092,131
48060,2991
05120,15
23059,4476
50902,9
07036,21625
45093,75
37181,130
05121,163
37182,59
08114,14537
08115,3260
23060,13701
41062,1773
37183,270
44144,268
40119,141
40120,144
40121,242
05122,88
40122,360
48061,616
47081,45
43076,352
04063,953
50163,2629
36026,15564
43077,379
44145,868
17100,177
45094,294
43078,675
16123,47
02047,46
19172,39
32045,1729
08116,498
08117,2106
43079,292
08118,13735
43081,381
08119,4739
43082,298
46162,968
25131,365
46163,1460
46164,9255
46165,5469
17101,490
25132,103
37184,172
43080,194
10118,205
40124,194
37186,60
44146,164
12075,103
45095,538
40123,132
08120,5802
24097,157
42110,47
24098,795
42111,200
24099,121
38025,4433
47082,606
19173,39
08121,66899
12076,54
49113,137
47083,73
37187,393
49114,17
40125,55
19174,94
26095,68
37188,146
49115,117
47084,866
44147,351
45096,798
19175,14
15045,3290
34102,171
30026,15633
39041,1477
19176,149
34103,72
09206,46
17102,429
17103,3978
37177,160
48059,327
31161,234
15044,965
07032,17169
36027,3901
09208,132
28083,7028
06080,1448
50164,280
05123,57
06081,744
09209,3280
47086,2601
47085,12248
11023,6761
42113,428
05124,55
39042,4621
08122,1255
19177,47
26096,185
47087,278
19178,24
27029,1104
36028,3338
45097,756
28084,12383
47088,74
47089,128
09211,1052
49116,248
34104,199
46166,6476
15046,4513
52001,37697
40126,59
32046,802
40127,30
37189,25
13054,4153
19179,33
10119,338
45098,1848
20901,971
48062,229
31165,2310
31166,212
48063,261
31167,699
34106,77
06082,287
05125,30
23061,5437
25134,555
50165,1539
17099,39
32047,1201
07037,2377
09213,217
09214,479
09906,765
09215,266
09216,224
09217,234
39043,1044
10120,61
16124,1491
05126,38
45100,122
50166,169
13055,400
15047,1912
31168,152
50167,151
44148,71
32048,546
48064,447
10121,6293
50168,21
49117,329
34107,52
50169,239
19181,33
39044,2915
39045,209
17105,23585
19182,13
37190,85
07902,745
45101,3147
13056,8021
40128,97
05127,479
29070,31856
31169,1782
09218,269
37191,54
19184,56
10122,115
46167,267
03086,79
49118,157
19183,42
43083,99
21049,2492
02048,1033
16125,1404
05128,263
16126,622
10123,370
19186,47
28085,2841
31170,19
25135,911
19187,42
46168,1231
44149,87
31171,559
37192,200
09219,21221
37193,251
06084,792
09220,46
43084,507
44150,18
05130,48
05131,62
05129,74
46169,24985
15048,3162
42115,33
42116,24
19185,10
36029,12207
45102,2873
19188,28
29071,608
18132,2601
09221,359
15049,924
37194,134
46170,2699
21050,9938
35012,8279
10124,531
45103,235
19189,126
08138,3257
47090,1928
04903,4680
04064,2905
49119,165
28086,3836
41063,1859
49120,39
19190,2126
30027,37828
24100,466
02049,570
37195,31
44151,146
42117,99
28087,2364
08123,14196
39046,1014
25137,7881
17106,108
08124,28930
29072,2676
17107,226
25136,90
18133,1590
05132,580
42118,14
49121,264
18134,4446
19191,10
09223,20
09224,122
47091,43
46171,13142
09225,49
12077,3142
29073,1058
36030,2906
36031,276
27030,2779
19192,1437
50170,288
22155,53
06085,2302
50171,11
49122,552
15050,1424
22156,198
37196,38
27031,11681
44152,34
03088,4069
08128,432
08127,1660
37198,131
37197,57
50172,130
44153,1495
16128,47
31172,268
10125,603
44154,256
37199,97
05133,20
43091,69
17110,1362
43092,6019
17109,603
16129,79
16130,416
44155,843
14040,2781
02050,37
49123,329
12079,230
22157,156
19193,20
46173,1180
43086,4286
43088,1383
08125,18223
08130,80
31173,679
16131,79
42119,131
44156,37
47092,89
02051,1261
45104,324
32049,529
18135,3620
10127,3563
29074,508
37200,114
40129,143
28088,142
40130,76
42120,76
18136,1314
41064,4180
25139,332
14041,2334
47093,596
37201,152
06086,778
42121,36
50173,67
44157,23
32050,1624
27032,2313
40131,44
37202,709
09226,26
06087,1454
37203,72
46174,814
45105,223
03903,2122
08131,524
25140,569
43089,193
25138,469
08126,6233
13057,898
06088,9677
14042,14475
18137,708
46175,372
23062,998
08132,344
08133,94
43090,760
08135,5304
25142,318
25141,85
09227,94
25143,51
08136,9232
14043,5666
46176,1412
08137,218
46172,3344
14044,1231
07038,1731
12078,181
10126,1000
50174,44
22158,9797
34108,385
03089,7626
45106,6152
44158,997
09228,122
13058,3090
40132,25
47094,91
49124,197
18138,1943
10128,4577
28089,2749
47095,18
05134,33
49126,163
49125,994
47096,108
49128,386
49129,678
49130,122
49127,1574
49131,178
28090,6224
37204,193
50175,726
50176,164
28091,3807
30028,5434
19194,42
34109,43
36032,2777
10129,265
33038,1669
01039,161
43095,2051
12080,1585
18909,377
19195,30
31174,86
43096,51
06089,430
49132,219
49133,196
48066,267
14045,2358
37205,100
37207,116
37208,48
50178,210
50177,214
37206,66
42123,128
41065,17056
36033,9911
44159,34
44160,378
16132,25
16133,3740
47097,223
16134,3565
02052,289
18140,34158
16135,4485
50179,142
40134,597
50180,54
37209,257
47098,430
47099,107
19196,69
34110,63
50181,707
50182,2194
49134,105
49135,369
31175,32
49136,217
15051,3404
30029,9617
48068,970
02053,2481
48069,10059
44161,362
26098,65
48007,258
08129,324
50183,218
08139,123
27033,488
31176,2460
30030,260686
50184,62
24101,202
47100,101
42124,26
42125,34
31177,203
50185,59
26099,1020
31178,422
31179,403
03091,239
07039,4467
26100,32
03092,5630
26101,14
15053,6071
33039,1020
18141,290
48908,181
31180,159
46177,3561
48071,4308
20057,143
20056,2878
03090,12969
48067,928
15052,3366
32051,689
05135,310
05136,55
05138,245
05139,60
05140,89
40135,215
05141,66
05142,74
05143,39
40136,94
29067,330462
19166,123
31164,422
45099,2722
06083,33168
43093,3297
43094,1884
28092,111293
48909,117
04065,175
42127,30
26103,573
25145,57
45107,2673
16137,36
05145,24
05144,48
42128,23
37211,116
05149,92
05147,142
05148,8
15054,23554
25025,836
33040,3381
05152,574
37213,51
37214,74
40138,1723
45108,296
09229,138
06090,686
37215,101
05153,65
47101,1206
21051,176
37212,72
05151,38
28093,1499
10130,1258
05154,21
05155,25
40139,207
45109,2348
05156,152
12081,334
26104,7
22160,143
05157,102
28094,550
28095,1078
28096,12336
45110,1223
42129,528
37216,220
40140,72
40141,688
05158,245
37217,29
10131,10526
45111,13
45112,1389
05159,140
05160,181
05161,484
05162,37
13059,119
45113,1184
05163,1144
10132,250
06091,2573
37218,32
45114,277
05164,8
08140,3907
50186,28
40142,36
40143,52
40144,10
01041,129
05165,275
37219,91
28097,53
05166,103
26105,1682
05167,120
46179,1791
09230,27
13060,171
19197,6
02054,307
41066,988
40145,832
40904,244
40146,218
23063,2757
10133,815
05168,2855
28099,1261
31181,84
37221,263
17111,678
05169,144
05170,34
10134,383
33041,6018
27034,719
49137,124
08141,3764
25146,181
31182,22
09231,48
15055,3605
19198,10
15056,4227
37222,57
27035,70
09232,79
05171,38
42130,42
29075,10916
02055,792
21052,3094
26106,30
18903,424
36034,2377
21053,2394
40148,195
26107,61
36035,11277
18143,598
50187,31
05172,90
23064,1055
45115,1914
24102,393
45116,568
27037,803
34112,33
06092,401
32052,1177
44163,56
44164,17
44165,100
15057,9578
39047,1488
42131,38
45117,493
50188,9
50189,571
33042,3016
08142,99
43097,277
22162,78
50190,517
03093,16532
46180,555
42132,105
50191,410
45118,1466
31088,3963
03094,7470
22163,328
14046,3453
47102,212
28100,3579
50193,511
12082,8167
43098,277
45119,2685
50192,213
45120,76
10135,706
26102,4837
46178,3002
04066,13686
18144,474
31183,535
14047,872
44167,24
45121,4861
19199,13
31185,303
26109,42
31184,53
26108,126
31186,238
25148,114
44168,127
24103,114
17112,161
18145,8486
04067,297
36036,2075
20063,6490
31187,88
26110,105
44169,254
05173,35
29076,1579
30031,296
01042,682
20058,619
31188,149
31189,997
44171,118
34113,18
15058,20649
31190,26
08146,1076
08147,12980
25149,1153
44172,188
25150,112
31191,2169
25151,499
46181,15515
06093,2935
06094,1052
10136,160
35014,8549
19200,41
41067,5442
47103,207
16139,228
08148,1839
06095,6711
26111,201
46183,5049
31194,219
19201,26
19202,7
16140,7
28101,145
16141,94
16142,86
16143,13
09235,100
47104,2229
37223,60
49138,140
09236,20
47105,133
34114,164
47106,35
44173,76
46182,685
12083,81
40149,433
08149,771
17114,21837
25152,114
04068,46
04069,3826
08144,571
22164,21
11024,4911
50194,57
08145,2139
45122,4431
31192,123
24104,168
25153,165
25154,83
42135,33
12084,14507
03095,4061
48073,4773
03096,4865
46184,23647
22165,364
02056,1346
45123,2695
24105,1109
33043,468
09239,36
03097,1163
37224,132
31195,123
09241,127
31196,18
05174,37
50195,18
18146,754
23065,1027
15059,8515
19203,9
17115,235
20076,5316
19204,91
40150,31
06096,154
06097,1768
20905,110
50196,53
20060,68
25155,547
45124,1628
04070,1271
03099,39728
44174,282
20061,3010
08151,428
31906,1717
20062,849
31198,28
45125,1585
12085,4255
15060,4373
38026,23493
31199,73
48075,1406
08152,105
31211,21
44175,94
26112,158
40151,61
40901,304
15061,4802
48083,4797
28102,400
03098,383
50197,32
08150,196
31197,38
25156,552
16145,367
50198,9
24106,116
50199,219
05175,104
17116,307
34116,34
34901,909
02057,1714
22167,457
25157,145
41068,10124
31200,604
45126,197
49139,87
40152,643
46185,312
48072,725
18148,579
32054,71049
27038,639
27039,3041
15062,4914
33044,128178
01043,1869
32053,878
09238,490
20059,6671
08154,604
15064,1659
32055,863
05176,164
09242,49
09243,62
32056,1060
09244,17
15065,5719
18150,5070
04071,214
46186,13956
40154,12
05177,99
37225,77
49141,250
24107,179
16147,39
16146,53
05178,275
09246,444
24108,254
09247,15
49143,159
37226,89
49142,130
24109,671
41069,21856
37228,248
08155,5452
17117,13423
17118,10646
12087,15
27040,2027
25158,1342
17119,71
17121,194
17120,673
08156,9163
47109,107
40155,2656
09248,26
09249,45
34120,48387
37229,84
14048,825
34121,144
43100,2507
08157,6522
43099,232
08905,1181
46187,1026
07040,222096
21054,5714
14049,12867
35016,200256
46188,538
22168,14
17123,295
44176,125
46189,363
16148,447
41070,4207
06098,426
45127,595
16149,106
10137,262
21055,5464
17124,1534
18151,167
09250,191
31201,114308
09251,294
44177,75
50200,366
22170,406
45128,1972
27041,1655
05179,177
08158,2356
16150,74
28104,8749
50201,328
50202,89
37230,155
37231,160
32057,222
41071,4217
27042,1231
37232,322
29077,85
03100,543
09253,55
17125,90
19209,27
16151,38
45129,57
34123,1260
19210,20
19211,288
08159,10916
28106,53892
17126,271
16152,18
06099,711
05180,61
44178,36
33045,3021
47110,313
45130,211
04072,284
09255,23
20064,8019
10138,328
05181,21
38027,4199
43101,80
37233,24
27044,2381
19212,522
50203,845
46190,36496
11025,3130
21056,2049
02058,196
04073,141
28107,276
17128,289
12088,26
21057,607
34124,46
37234,215
36037,1852
26113,10
43102,353
23066,3233
04074,2100
16153,713
27045,736
47111,702
47112,2110
46191,1534
49145,83
40156,203
37235,143
34125,55
19213,49
03101,4597
41072,3025
17129,113
28108,2255
14050,1756
05182,511
18152,558
13061,4851
05183,90
14051,947
50204,2102
09256,263
34126,205
09259,138
09258,118
09257,83
47113,98
50205,43
37236,119
37237,216
37238,80
26114,35
10139,61
37239,137
41073,1207
16154,4415
23067,1626
03102,6608
49146,222
05184,144
37240,582
45131,166
37241,114
37242,32
28109,1160
40157,20
49147,202
49148,117
18153,6746
39048,1328
25164,318
03103,179
12089,3652
45132,1556
49150,71
17130,272
44180,32
08160,246
43103,661
09262,114
16155,446
17132,1055
10140,902
10141,147
06101,320
16156,50
44181,37
37248,77
37249,39
19216,77
34127,83
28110,1417
44182,162
10142,555
22174,370
22175,144
31202,3516
22176,116
19217,14
25165,210
24112,93
22177,68
50206,337
49151,441
32058,3114
43104,1737
49152,312
37250,191
29079,1796
49153,106
34904,222
37251,85
40158,14
32059,912
22178,77
39050,180
10143,85
10144,647
33048,89
39051,32
47116,282
16157,154
31203,12
07041,1843
03104,21090
46192,597
32060,637
18154,708
28111,425
37243,55
37244,78
01044,157
47114,3071
41074,2376
47115,227
22172,365
05185,63
06100,558
19215,98
19214,43
33046,305
33047,843
37245,192
37246,3391
09261,298
37247,146
44179,297
14052,7009
39049,163
22173,158
02060,653
02059,174
49149,267
46193,6701
46194,11858
16158,426
13062,422
13063,2621
49155,73
05186,1193
05187,1245
31204,35
10145,91
50207,76
08161,8494
03902,9168
41075,7525
46195,1697
43105,127
33049,4599
50208,1444
12090,68
38901,368
18910,461
16159,172
40159,104
40160,92
16160,31
09266,51
08163,14225
09267,72
37252,50
43106,683
25166,131
46196,108
19218,32
09268,52
09269,23
19219,4
49156,153
42139,17
28112,84
09270,90
26115,7
37253,97
49157,98
34129,122
15066,2907
10146,957
18157,916
18158,7809
50209,1981
50210,20
28113,23376
25167,185
03105,4362
10147,835
19220,1727
19221,23
16161,45
43107,298
22181,51
44183,45
37254,133
31205,280
29080,4956
37255,36
39052,13069
09265,14
34130,154
47117,227
47118,108
47119,59
49158,145
32061,749
28114,77
43108,1361
08164,704
22182,246
03106,453
17133,1178
17134,153
25911,379
10148,24492
50211,193
10149,298
50212,21
50213,34
48077,2541
30032,2277
44184,10
25168,423
12093,99
08165,1373
25169,135
46199,4205
08166,732
43109,1342
43110,234
43111,1601
25171,1836
46202,12593
46200,1627
46203,2933
12094,645
07044,8131
34131,54
34132,87
34133,64
24113,318
49160,29
49159,184
13064,1065
03901,1010
19222,74
44185,77
43112,208
32063,1490
27047,1233
15067,5885
36041,10430
27046,1131
24114,2093
39053,130
39054,3142
34134,35
22184,160
08167,4598
46197,1798
07042,9866
47121,418
03107,1925
18162,786
45133,2343
18161,127
34135,280
50214,14
24115,42469
33050,301
43113,363
25030,81
17135,367
25173,1307
08182,2155
36043,3256
36042,13471
15068,4052
36044,1967
15069,5143
32064,285
27048,1987
15070,7981
36038,52323
43141,60
08168,279
25172,1602
17136,159
23069,3637
32062,481
17137,3145
43114,267
07043,3191
36039,11980
17140,508
10150,198
16162,24
36040,2092
17138,638
12091,114
25174,425
44187,168
10151,141
16163,27
47122,1643
42140,6
45134,1368
49162,62
15071,6122
27049,1055
48078,24907
13065,2348
24116,203
14053,4555
39055,888
46198,626
05188,20
19223,66
37256,179
02062,311
05189,328
16165,32
09272,156
34136,152
47123,351
47124,312
42142,29
05190,44
23070,3271
02901,1114
19224,53
19225,773
34137,20
02064,243
16166,194
49163,149
14054,10349
02063,1016
44189,22
16908,146
16167,253
37257,37
50215,10
44190,44
02065,269
28115,51076
50216,180
13066,1787
47125,37
49164,98
10152,309
24117,329
28116,514
16169,20
13067,253
22186,150
40161,18
26117,2184
43115,114
43116,306
50217,346
26118,30
49165,45
24118,67
11026,3733
09274,704
19227,36
05191,70
43117,100
08169,34095
43118,383
08171,1812
08170,344
25175,125
33051,5522
25176,241
25177,303
08230,6391
08172,16117
09275,134
17139,1275
24119,572
16170,555
14055,14230
24120,186
33052,340
16171,1574
25179,115
41076,1484
09273,36
34139,119
40162,326
19226,6
28117,60
26119,96
50218,46
06102,631
50219,3126
16172,213
45135,3324
12092,67
09276,316
37258,123
19228,20
22187,244
41077,6776
18164,1249
13068,741
21058,1734
44191,553
06103,3489
06104,496
28118,44
24121,364
41078,1908
45136,4653
06107,1136
40163,35
37259,22
46201,24
49166,1036
06108,1726
34140,75
19229,32
44192,273
37260,108
06105,404
06106,365
13069,432
41079,7493
16174,157
45137,1230
49167,124
06902,80
50220,20
24122,1038
23071,1223
22188,72
45138,858
37261,105
14056,17745
22902,162
31206,1643
39056,1655
09277,74
28902,281
23072,1340
37262,46
05192,44
37263,225
38028,15631
45139,79
10153,204
11027,55060
35017,20370
30033,8485
13070,580
21059,164
11028,23099
37264,35
11029,4015
13071,27496
44193,82
31207,203
22190,74
22193,237
46204,5215
08175,2645
17141,4889
08174,332
25180,176
43119,588
07045,972
25181,158
25182,801
08176,123
29081,134
45140,924
18165,3192
04075,5045
21060,6784
38029,801
38030,1261
32065,464
47126,37
04076,898
50221,10
18167,1448
46205,11378
22189,129
35015,7485
19208,15
34122,58
24110,797
27043,988
02061,469
49154,68
18159,702
18163,195
42141,33
08177,29
17142,2134
46101,763
46102,14602
46103,982
46104,1673
03060,68
26120,1241
09279,130
19230,387
17043,100
45141,712
43120,251
46206,421
23073,3371
22195,185
28119,1565
06109,2782
24123,490
24124,269
09281,114
34141,173
42144,272
24125,344
09280,14
09287,156
09288,49
45142,6518
09289,1000
16175,4602
42145,99
09292,38
09283,46
47127,114
09294,85
34143,130
47129,631
47130,62
49170,72
09901,301
09295,62
47128,42
49168,69
49169,24
09298,62
09301,508
09297,223
32066,318
50222,1208
27050,2031
49171,534
33053,534
45143,834
42148,5
18168,537
49172,329
26121,11
09302,61
09304,144
17143,99
16176,28
03109,2504
46207,4898
46208,1010
46209,1579
32067,936
08178,307
39057,1553
14057,4409
47132,28
32068,924
40164,133
28120,930
26122,65
39058,621
43121,528
05193,121
46212,1308
46211,1399
41080,869
45144,526
40181,3240
38031,21178
10154,159
09306,79
40165,57
19231,6
45145,2217
02066,168
19232,26
42152,59
26123,96
09307,74
09308,38
37266,40
36045,18990
03111,4280
28121,143
17144,194
24127,221
33054,1220
09309,243
06110,98
39059,6306
09310,12
34146,43
03112,499
08179,410
42153,4
50223,677
40166,240
06111,373
43122,53
47133,1862
34147,143
19233,56
42154,68
39060,5388
49174,61
46213,12554
34149,23
34151,135
06112,153
45146,61
50224,29
19234,9
37267,122
42155,84
09311,36
13072,554
43123,60478
49175,186
34152,96
34154,36
09314,55
09316,82
09312,69
09315,285
24129,81
09317,12
42156,20
16177,58
40168,28
25183,330
15072,7585
40170,1157
24130,287
42157,9
19235,51
43124,459
43125,703
46214,12199
32069,3408
33055,1171
27051,6399
33056,3896
36046,3284
31208,2228
26124,576
39061,2631
39062,1446
34155,114
27052,576
28122,334
15073,15510
27053,386
01047,625
25905,299
25185,495
33057,1037
06113,2069
34156,43
17145,1130
12095,805
40171,17
50225,1544
30034,852
24131,519
24132,351
17146,2358
45147,447
43126,966
44195,54
19237,26
37268,62
41081,20769
29082,21936
26125,2320
25186,159
05194,122
09318,19
44196,66
05195,99
49176,452
40172,10
19238,20
29083,1348
04078,839
46215,1149
10155,875
39063,683
49177,198
33058,1257
42158,61
24133,224
27054,999
39064,1035
17147,6902
08180,20129
06114,58
25913,50
17148,1232
17149,305
43127,605
43128,715
17150,1335
43129,3860
17151,145
28123,38274
05196,51
02067,849
32071,941
09321,1317
49178,459
47134,123
24134,2659
47135,61
37269,271
49179,189
10156,75
28124,37
10157,173
19239,56
10158,185
02068,212
28125,1961
19240,24
45148,195
13901,688
10159,215
37270,92
28126,27
22197,351
26126,11
06115,880
08181,6490
46216,4116
43130,130
21061,3961
41082,2566
43131,3432
40173,111
08183,3850
02069,9314
36047,1841
26127,170
43132,294
49180,52
15074,3364
03113,5527
09323,40
42159,24
37271,288
03114,1402
10160,66
19241,29
19242,63
50227,75
31209,102
45149,402
31210,121
29084,21641
41083,727
24136,430
04079,43453
43133,5191
21062,940
36048,4666
10901,1047
38032,9484
17152,10294
49181,203
12096,696
25189,1681
11030,17712
46217,709
47137,13
43134,215
42160,156
44198,124
09325,118
16181,53
28127,50718
28128,209
39065,145
10161,36
09326,103
44199,27
44200,15
44201,401
41084,2182
18170,175
32073,861
08185,94
09327,19
08184,41081
47138,174
09328,32
47139,847
50228,197
19243,21
39066,644
50229,50
39067,615
46219,133
13902,278
39068,486
08901,224
17153,161
23074,2066
14058,6073
03110,295
27056,999
47131,114
49173,218
09303,17
42149,257
44194,91
46210,266
37265,141
04077,150
44197,35
46218,873
32072,2956
08187,116547
24137,876
23075,2291
50241,440
22199,6001
12097,11
19244,58
16185,23
19245,923
13073,393
40174,303
15075,8930
16186,346
19246,22
47140,92
37272,86
03115,246
37273,66
46220,39940
08188,92
24139,1568
37303,106
22200,174
26128,93
37274,93349
18171,1588
29085,85
33059,3566
22201,183
22202,85
09329,68
09330,1107
49183,58
36049,5338
44203,1
34157,1948
09332,105
37275,77
08190,198
42161,79
31213,93
44204,11
46221,298
17154,79
22203,59
50231,195
03116,823
31214,76
34158,167
16187,58
07059,2758
09334,28
08191,4111
22204,795
16188,79
19247,100
37276,107
05197,72
02070,223
18173,6468
43135,275
10162,392
43905,11549
17155,15452
41085,2920
16189,190
05198,60
47141,112
06116,941
36050,5937
50232,122
06117,1001
10163,160
37277,20
01051,2844
12098,524
25190,186
01052,176
40176,294
49184,97
27055,957
44205,499
50233,30
31215,3746
09335,23
24141,73
44206,67
28129,6013
49185,106
32074,755
19248,41
24142,17976
19249,11
38033,2479
46903,3931
26129,728
35018,10212
05199,19
05200,14
21063,1918
45150,275
05201,351
35019,24836
13074,736
34159,274
49186,170
47142,112
34160,109
32075,2654
16190,4337
32076,1457
34161,18
40177,99
49187,984
37278,496
38023,85380
24144,539
40178,74
40906,1693
24145,390
42162,1866
37284,160
22205,352
05206,19
24146,151
05208,37
49188,100
05207,371
42163,38
39069,1494
37285,255
11031,55821
28130,21954
03118,2925
05209,43
03904,1068
30035,16683
11902,2189
41086,11243
05901,137
05210,52
05211,310
38034,2898
22207,74
05212,131
09337,78
05213,58
21064,4507
49189,104
24148,1422
42164,1289
47143,90
13075,120
28131,9024
16191,725
05214,13
09338,171
34163,35
16192,28
28132,9175
05215,91
50234,155
45151,395
33061,237
45152,423
09339,130
10164,411
31217,244
28133,4112
49190,26
47144,63
37286,135
05216,136
33060,9866
44207,106
40182,132
50235,1747
38035,7167
39070,78
40183,102
05217,40
49191,172
03120,2551
05218,74
37287,185
47145,443
22903,522
47146,167
37036,24
49192,100
26130,161
09340,25
24149,130
26131,17
01053,536
37288,145
37289,218
41088,385
47147,84
45153,1407
05219,29
02071,724
24150,200
49193,332
40184,186
49194,242
47148,329
06119,518
37291,181
05220,308
30036,12843
39071,320
37290,68
42165,308
16193,42
47149,23
37292,43
12101,320
26132,68
47150,196
34165,57
45154,1037
11033,15951
39072,214
15076,2052
47151,21
38036,4523
14059,474
28134,43719
21066,327
33063,348
26139,39
06123,3130
05231,127
39080,2693
49208,231
26142,620
47156,131
03122,31143
09360,8
49209,382
32070,359
25191,254
24143,327
05204,477
40179,483
05205,45
37282,141
37280,51
37281,25
06118,2
32077,913
37283,116
03117,396
40180,252
22206,136
31216,3034
11032,42734
21065,155
41087,7181
31219,60
08194,15553
08195,62
08196,14764
08197,6056
17157,105
17183,180
07046,12386
08198,3405
08199,617
08200,44510
08201,324
43136,8287
08203,1887
08202,9727
08204,2446
17158,311
08205,46032
08206,626
25196,49
08207,1406
08208,4305
17159,548
08210,3357
17160,13727
08211,23471
17161,830
08212,420
17162,125
08209,5462
08213,5199
17163,2199
25192,665
25197,115
17164,3598
08215,2104
08193,735
43902,2324
08216,16
17165,519
43137,1494
07049,1502
03119,12830
07050,2404
17167,2240
17168,331
12902,1736
08218,6598
08217,18078
17185,2034
46222,295
17166,450
12099,455
07048,10833
08903,67
17169,2114
08220,1927
17903,816
08221,9620
08222,1443
17171,118
25193,611
07051,4195
08223,1378
07052,3823
08225,74
08224,590
17172,371
25902,458
08226,704
08227,2040
08228,242
17173,139
12100,1246
08229,315
17174,161
17175,467
17176,107
17177,483
08231,16505
08232,1512
08233,1510
08234,2521
17178,1137
08189,99
08235,2773
08236,1320
08237,1352
08238,12047
08239,350
25194,358
08240,7539
08241,57
08098,1887
08262,4961
08264,3195
08265,1296
08263,15683
06120,2980
10165,166
45155,195
21067,279
35021,11266
43138,2365
21068,637
09343,70
34167,80
08243,138
22208,114
49197,125
26134,55
08244,4716
17180,7298
08245,54266
43139,1849
24151,276
49199,195
24152,217
15077,6951
17181,2982
49200,773
24153,254
49201,236
39073,7601
34168,35
50236,63
38037,9174
09345,69
22209,100
10166,201
45156,2926
13076,290
04080,79
50237,67
16194,179
13077,2597
44208,11
10167,207
05222,91
38038,116856
42166,24
18174,286
45157,1489
05221,228
09346,52
23076,517
24154,787
26135,80
14061,523
47152,60
49202,116
07053,951
08246,1492
44209,679
26136,76
50238,53
33062,307
07054,15782
08247,723
08248,4334
18175,8303
04081,201
08249,233
09347,115
09348,91
17182,253
35022,34123
12102,494
07055,6151
08250,5926
08251,4168
08258,677
08253,122
08254,1424
08256,499
08255,94
08257,72
08259,5449
24159,1405
06121,2496
10168,152
37294,9274
40186,25
39074,5281
22906,124
35023,8313
42167,220
28135,620
24155,361
49203,243
42168,87
05226,41
16196,488
24158,190
37293,83
49204,40
05224,83
05225,260
09350,333
16195,356
07056,4023
05902,197
09351,42
09352,72
24156,130
24157,2066
05227,311
16197,33
40185,701
09353,57
45158,1880
09354,24
21069,1220
43140,1941
17184,1197
08260,14884
03121,14760
08261,1849
38039,7845
31220,595
14060,3885
22212,44
39075,104087
07057,6714
24160,492
50239,23
47153,74
34169,308
10169,296
23077,429
15078,59139
37296,239
10170,133
05228,113
38040,3511
05904,54
24161,150
23904,1632
37297,292
34170,45
09355,55
34171,768
37298,114
49205,276
47154,86
49206,652
09356,34
10171,212
10172,489
39076,2690
41089,4740
15079,1151
23079,2416
39077,146
39078,1031
19250,8
40188,43
40189,425
37299,141
33064,125
26138,3799
05229,37
40190,42
09358,153
45901,558
23080,1278
05230,51
40191,154
30901,8891
28136,458
28137,1182
06122,5238
37300,356
49207,173
24162,1235
47155,2276
34174,156
39079,6077
08192,4502
26140,162
26141,74
48082,24160
36051,11243
49210,329
47157,348
37301,36
09361,69
33065,845
24163,2971
22213,2739
39081,302
09362,175
43142,938
32078,813
27057,8284
17186,3013
31222,29
44210,627
25201,157
25200,186
31223,786
45159,59
09363,666
10173,378
41090,2640
37302,146
40192,104
17187,513
38041,5040
43143,35
27058,2541
03123,5590
29086,633
19252,66
19251,28
40193,171
47158,681
22214,91
43144,942
46223,5793
29087,229
50242,55
46224,78
12104,5518
40194,33788
20070,892
23081,1078
06124,1038
44211,15
10174,97
45160,733
22215,91
19254,15
39082,1249
03124,398
46225,283
07058,2158
17188,154
43145,3205
19901,5
46226,21
22217,319
24164,157
43146,31
07047,1635
03125,338
44212,32
25202,70
25035,326
08267,4988
46227,746
04082,99
22218,28
37304,112
40195,631
40196,32
09365,18
37305,104
17190,737
28138,58
34175,67
46228,1581
17191,127
47159,689
05232,74
10175,921
37306,126
37307,75
05233,125
28140,2213
12103,35
10176,245
25204,1161
04083,1259
42171,92
22220,129
45161,9350
31224,702
48084,13972
50243,200
22221,63
17192,112
11034,1602
19255,57
25203,7109
08269,1897
41091,399388
28141,4493
45162,395
25205,450
19256,31
33066,30637
37309,19
10177,1258
50244,114
29088,2079
12105,645
04084,239
46229,628
47160,315
37310,86
05234,43
19257,2629
50245,61
23082,1234
46230,11349
36052,6065
38042,2573
17193,3232
47161,3364
46231,2164
46232,662
07060,2037
44213,44
05235,90
06125,1049
50246,24
16198,1031
08270,13749
17052,107
22222,396
39083,753
27059,1372
50247,583
37311,104
15080,1367
08271,54
33067,443
02072,1128
13078,7707
26143,98
06126,1636
05237,115
05236,49
13080,219
13079,9376
19258,38
09366,55
16199,11
25206,225
42172,20
43147,390
46233,2960
05238,477
25207,5393
39084,621
33068,483
19259,12
04085,242
28143,46
15081,867
07062,7021
48904,2594
12106,880
45163,6921
22223,74
48085,7894
18176,92
48086,1497
08272,134
20065,2310
04086,1501
09368,13
42173,25216
25208,181
37312,178
23084,595
31225,29
25209,1260
18177,277
26144,153
50248,383
25210,1077
46234,139
12107,255
05239,124
40198,15
05240,2361
09369,314
45164,74
42174,109
19260,18
34177,143
24166,1011
33069,2389
28144,4423
26146,38
24167,552
34176,106
19261,15
22904,574
16909,424
40199,63
37313,354
09372,169
09373,342
26145,167
36053,4185
39085,5074
08273,1920
25211,507
46235,16699
42175,14
12108,348
04087,122
48076,190
46236,756
31226,491
25212,203
09374,29
17194,49
50230,849
50240,805
43044,3611
07061,8129
08274,3760
34178,78
34179,21
40200,39
37314,40
04088,1852
04089,546
27060,1848
32079,1002
50249,232
38043,13852
31227,6394
08276,188
18901,346
04090,124
42176,15
42177,42
37315,62
08277,74
28145,1491
50250,14
25215,195
06127,2052
25216,166
45165,49062
06128,3413
10179,179
10178,429
10180,5220
16202,640
12109,520
17195,264
42178,83
19262,80
37316,469
22225,2288
47162,48
09375,30
06130,124
38044,1590
33070,2733
49216,120
08278,4026
19263,17
33071,474
16203,8753
19264,25
50251,6388
37317,209
02073,3940
09377,487
42181,281
22226,570
37318,114
34181,347
11035,8922
42182,31
43148,74756
25219,100
25218,59
19265,56
50252,4374
46237,5418
46238,10934
08280,83
08275,207
38045,2193
29089,2338
38046,6395
35024,10421
32080,203
08281,4181
09378,11
16205,81
42183,76
37319,46
35025,785
10181,514
37320,54
35026,57301
22227,126
45166,1302
19266,201
37321,88
15082,12190
12110,136
46239,340
35027,6647
04091,204
17196,161
37322,1913
09380,54
08279,119672
46240,121
50253,329
44215,64
13081,470
26147,10
44216,22505
19267,12
03128,5172
33072,864
08282,4903
03129,977
31228,374
47163,204
28146,1223
05241,2259
50254,119
22228,393
19268,16
38047,1383
16206,162
35029,3107
33073,7043
09381,7
31229,29
26148,143
46241,302
28147,724
25222,19
43149,653
43150,1031
05242,449
19269,35
09382,27
02074,5001
50255,94
45167,1203
26149,20
41092,5688
12112,87
12113,41
39086,229
05243,62
45168,46154
03130,13
40201,43
20071,10655
29090,1143
22229,110
41093,14255
13082,21100
36054,8734
08283,4950
37323,407
15083,727
24168,382
24206,1187
47164,279
19271,21
19270,4
08284,9178
47165,5523
19272,55
37324,265
15084,2750
09384,226
08285,8810
24169,2256
19274,683
10182,49
44217,18
22230,239
42184,44
26150,82
05244,23
03131,191
25224,101
44218,11
25225,571
37325,42
05245,276
10183,669
10184,462
44219,107
49219,5642
12115,148
34182,670
16209,73
22232,62
13083,1771
50256,42
44220,108
45169,141
50257,99
12116,21
31230,69
50258,23
11036,480
12119,102
12120,137
44223,53
25227,280
08286,2320
10187,247
47169,37
45171,975
43151,69
13084,628
43152,404
44224,18
06131,709
47170,17
10188,353
24170,1444
19279,64
44225,107
49220,106
26153,4
22233,59
44227,35
40206,89
05247,150
18178,476
30037,19539
25233,207
40202,41
46242,246
25226,175
42185,16
12117,3450
23085,1710
40203,748
14062,786
12118,44
44221,275
47166,191
45170,118
47167,154
47168,19
10185,373
09386,42
40204,137
44222,48
26151,227
26152,33
10186,659
19277,14
19278,18
23086,7930
43153,8242
23087,8002
25228,2331
25907,358
09387,62
49221,160
25230,1402
50259,54
40205,189
10189,2061
16211,281
28148,62414
28149,4123
28150,2339
19280,2948
10190,363
44226,113
28151,2357
25231,395
50260,14
09388,14
39087,32395
08287,903
46243,96
50261,147
08288,1318
08289,3284
47171,308
28152,12314
03132,417
06132,652
06133,1294
10191,364
10192,477
19281,10
28153,322
44228,80
19282,125
19283,14
19284,1
29901,31996
26154,6
34184,36
17197,44136
22234,686
13085,1764
10193,1031
09389,59
23088,4408
10194,328
23090,946
44229,78
23091,501
22235,79
22236,172
50262,956
30038,12707
28154,4068
25232,1227
49222,307
31231,75
46245,345
09390,402
47172,98
37327,116
44230,103
03133,34808
45172,441
44231,28
50263,114
44232,352
45173,7311
17198,320
17199,6439
43154,83
29091,6987
19285,10
42187,40
16212,165
16213,17
17200,519
43155,22867
19287,110
19288,10
18179,405
25223,746
12114,124
09392,39
17201,64
50264,100
17202,3147
29092,368
30039,18166
45174,243
15085,2598
46246,797
32081,1402
27061,990
24171,180
37328,119
49223,391
16215,162
12121,967
44234,36
44235,53
22239,65
06134,381
32082,937
50265,32
50266,67
47173,557
15086,2293
19289,12
11037,4255
49224,79
37329,24
25234,3386
28903,24248
04901,190
40207,522
16216,240
09394,586
39088,26
26155,110
18180,364
27062,463
16217,76
26157,213
21070,4562
47174,215
19290,810
19291,667
34185,41
44236,43
24172,187
48087,282
06135,883
10195,5711
42188,29
09395,63
09396,109
39089,91
31232,19733
47175,4992
26158,192
36055,11261
35030,6922
31233,52
24173,712
45175,498
04093,1671
04094,66
40208,660
46248,3515
18181,93
46247,698
03127,320
25217,9079
49214,477
06129,440
34180,54
16204,187
25220,863
35028,8831
04092,2209
12111,300
25221,68
19286,577
05246,21
09391,251
48088,101
11038,10303
31234,97
19293,1565
42189,57
16218,125
39090,613
48065,2318
45176,2951
18182,1165
31123,472
19294,17
31235,108
30040,560
04095,500
08290,1153
17205,167
43156,3870
43157,260
17204,654
17203,129
31236,1066
41094,4194
05249,68
50267,394
31237,133
50268,29
47176,140
30041,9718
31238,77
45177,1621
31239,258
31240,430
24174,438
48089,2156
48074,2370
01054,748
20072,3701
47177,78
31241,81
31242,123
44237,319
50269,191
20077,3840
50270,18
31244,30
31243,320
04096,174
47178,126
40210,54
26160,574
31245,48
17206,101
06136,1152
50271,189
12122,605
20073,3773
19296,18
50272,10152
31246,120
46249,7544
41095,29869
44238,1931
31247,90
16219,52
49225,91
08291,3539
42190,65
49226,198
05251,21
09400,273
17014,53
24185,372
50274,31
39095,1631
15088,2761
44239,7
27063,1539
44240,111
47179,270
34186,41
49227,214
28155,343
19297,26
10196,240
34192,69
44241,415
09403,64
47180,61
19298,36
19299,42
42191,110
28156,753
19300,639
06137,715
37330,219
05252,43
10197,56
16906,44
19301,15
44243,22
49228,40
24175,1296
10198,714
37331,131
24176,271
02075,1164
42192,17
01055,602
19302,27
37332,47
50273,14
10199,105
06901,940
37333,156
10200,171
37334,45
42193,5
28157,482
21071,123
19303,42
44244,50
37335,223
44245,196
24177,197
26161,2
42194,88
28158,486
13086,93
28159,395
16224,46
37336,29
24178,45
10201,114
28160,6667
16225,39
28161,33388
16227,72
42195,65
47181,108
19304,163
10202,432
39092,681
16228,124
34189,28
28162,1348
13087,17034
23093,2324
19305,89
24179,162
28163,276
24180,849
42196,3
39093,149
40211,41
24181,1105
19306,12
39094,605
24182,282
44246,1306
42197,48
37337,102
24183,578
34190,41
24184,110
49229,90
19307,16
47182,1076
06138,828
28164,2245
16902,61
40212,14
40213,53
45179,312
24187,678
09405,76
28165,1338
09406,165
15087,4473
37338,61
47183,81
39091,1512
33034,8586
46250,461683
10203,3375
24188,2868
06139,395
06140,349
06141,1221
41096,4896
14063,736
13088,429
16903,937
37339,196
22242,34
19308,22
36056,4018
26162,83
19309,11
16231,30
44247,213
12124,1572
03134,74
03135,144
17207,1892
12126,20669
12125,132
17208,896
25043,439
25901,212
03136,376
03137,485
17209,513
46251,1906
47186,180355
46252,63
09408,35
12123,22
08292,848
25238,129
08293,158
43158,63
07063,1078
29093,1556
16173,145
22243,28
34196,56
22901,539
06146,668
09904,336
22244,33
09908,374
09409,69
06147,232
09410,2400
09411,99
06148,660
09902,308
09905,238
40218,58
09412,525
48080,6777
09413,337
09414,85
09415,218
39101,189
31260,922
09416,34
34902,111
18907,1087
38049,1607
18902,598
24191,66
44249,15
38050,1188
09417,23
37343,37
40219,484
40220,37
40221,33
09418,55
49230,55
35032,1903
25240,1125
17170,145
43159,51
08294,1454
12127,29
08295,8617
43160,985
08296,1507
43161,14595
25906,144
25239,332
09419,58
46253,70
50275,39
09407,13
45180,2159
47184,383
50276,80
37340,78
16234,19
40214,171
14064,218
35031,5163
19310,1
42198,13
40215,65
31249,1567
50277,38
38048,2654
28166,239
06142,183
47185,61
16236,751
10204,285
24189,3769
06143,2357
06144,379
19311,33
06145,637
37341,22
21072,8014
10205,1452
40216,590
24190,114
16237,75
37342,178
43162,3161
25909,93
16238,364
08297,100
24193,257
37344,155
15089,3473
24196,1518
24197,608
39096,512
39097,465
47187,66
35033,4207
05253,66
49231,222
37345,90
24198,380
47188,88
49232,74
16239,91
24194,125
33074,2871
49233,58
40222,156
24199,263
40223,138
24201,680
18911,4977
10902,425
44250,11
37346,153
32083,446
11039,7543
45181,1676
42200,59
47189,113
05254,139
04097,74
47190,87
22245,268
50278,134
50279,54
42201,15
42202,16
28167,6454
34199,866
16240,83
47191,79
37347,317
28168,822
22909,183
43163,19599
49234,245
34023,4009
46254,816
17210,485
45182,810
18185,336
45183,1657
45184,132
26163,104
47192,73
37348,73
40224,14
26164,30
28169,940
04100,6664
50280,222
25242,571
32084,563
03138,2748
17211,786
34201,104
32085,8206
43164,237
49235,352
22247,18
31251,2331
47193,1213
42204,31
19314,20
32086,1820
10206,131
02076,193
04101,2862
08298,23116
27064,1384
22248,66
38051,5003
14065,1316
09422,14
34093,80
09421,142
49236,58
49237,57
17213,4533
17212,114
31252,42
25243,3094
50281,59
36057,180354
26165,216
36059,3908
12135,31136
43170,762
17230,427
25252,451
43171,11695
43165,570
17214,587
17215,1653
36058,3906
08299,304
17217,317
17216,146
08301,36130
08300,4817
17218,506
17220,592
12128,1203
17221,3586
38052,962
07065,1840
08305,22321
36060,22799
25244,295
17223,717
27065,10051
43175,407
08306,388
25245,329
17224,277
43166,1236
46255,2700
17225,215
17226,783
17227,92
32088,1139
46256,4803
32087,967
25247,89
17228,216
12132,374
43167,322
36061,7527
25248,767
25249,148
25254,624
25250,259
43168,69
08303,224
25251,544
08302,7665
08902,2851
08307,36874
43169,339
32089,866
12134,94
32090,571
32091,1080
32092,321
15091,795
15090,831
08214,5592
08219,11882
12136,2176
43172,231
17222,94
23094,2735
43173,68
43174,107
09423,26
45186,2391
38053,2670
18149,3981
02077,29
10207,265
28171,3142
10208,75
14066,4324
47196,18
34202,22
21073,1447
24202,6472
20075,3373
24203,74
47197,617
49238,201
01057,179
49239,466
47195,301
47198,48
39098,1081
23095,6050
40225,982
45185,6292
47199,44
34204,41
42205,27
47200,57
34205,37
28170,1932
16242,258
34206,649
24205,686
24207,232
49240,137
09427,976
50283,44
34208,35
39099,2678
16243,305
09428,80
09429,28
09430,11
50284,76
49243,61
05256,64
37351,202
47203,44
31254,1727
14067,2633
47204,201
50285,435
05257,74
06149,7750
45187,3233
24209,1889
44251,201
12129,1455
09431,70
47205,295
09432,136
47206,71
39100,713
49242,358
09433,43
47207,207
06150,462
16244,539
24210,325
49244,21
06151,776
37352,124
09434,968
47208,41
14068,336
13089,1322
44252,35
12130,205
34211,138
09437,192
34210,75
03139,17368
34213,37
47210,222
49245,208
09438,446
34214,131
49246,141
47211,24
16245,303
47212,313
06152,980
37353,85
50286,49
26166,103
21074,1818
16246,319
47213,81
28172,6326
09439,703
09440,63
49247,239
34215,121
34216,48
09441,49
50287,182
02078,735
16247,52
09442,282
26167,48
49248,149
34217,816
49249,44
49250,878
16248,696
49251,120
45188,2254
34218,375
11040,186
47209,26
47214,1045
02079,2421
12131,33
24211,198
13090,745
41097,2419
28173,391
28174,1237
28175,561
24901,628
11041,7409
34220,100
24213,73
37354,3778
13091,319
49252,240
50903,577
09443,123
31255,60
16249,1603
09444,60
24212,765
09445,18
34221,137
26168,4266
09446,8
24214,411
18908,549
34222,74
10209,196
10210,319
09447,10
45189,539
45190,372
24215,110
24216,499
49255,332
24217,92
34223,163
45191,425
34224,38
47215,33
34225,4019
09448,160
22249,89
47217,1305
45192,2025
19317,94
29095,2506
09449,80
19318,20
49257,183
45193,483
26169,41
49258,74
09450,10
46257,4687
14069,5775
47218,736
42206,6
16250,40
09451,181
50288,2542
05258,85
50290,269
50289,40
28176,9215
47219,28
13092,1319
16251,1636
23096,1888
06153,14785
10211,270
19319,3622
10212,1148
21075,160
24218,331
49259,62
18187,337
47220,134
21076,1463
13093,3276
33075,209
28178,830
13094,200
41100,798
47222,57
22251,292
29098,924
09454,35
12133,33
05905,45
05259,92
41098,3492
23097,4865
05260,63
49260,498
37355,84
14070,901
06154,1606
28177,7840
34227,54
44256,23
14071,674
29096,1958
30042,1152
41099,2889
29097,3065
18188,1298
34228,45
49256,194
22250,205
24219,366
24902,265
02080,345
34229,51
24221,617
24222,10225
09455,31
09456,114
37356,40
26170,366
16253,240
37357,184
05261,21
16254,125
49263,53
37358,104
16255,85
37359,114
50291,54
16263,778
37360,169
10214,133
06156,662
37361,38
26171,147
42207,29
46258,2091
49264,318
42208,14
44257,94
16258,126
16259,22
28179,1197
10213,258
13095,39
06155,1411
42209,58
44258,39
16910,49
49261,1210
14072,718
09903,2493
49262,216
47223,127
49265,66
23098,556
49267,61
26172,14
16264,382
16265,7
45194,38
28180,3735
24223,2126
05262,236
16266,304
19321,19
37362,3433
42211,44
37363,79
24224,432
16269,371
23099,3084
46259,355
09458,355
37364,429
44260,100
37365,128
34230,11
47224,61
37366,25
44261,529
34231,117
34232,542
21077,1160
50292,95
02081,15122
23101,250
26173,6
50293,253
44262,91
50294,35
13096,6356
45195,1553
16270,107
49268,257
16271,505
06157,212
13097,1878
26174,99
16272,140
24225,747
09460,119
34233,130
42212,58
37367,110
10215,268
37368,17
42213,28
19322,19
45196,973
19323,29
37369,93
37370,153
49269,81
24226,133
45197,1548
47225,68
34234,50
37371,176
44263,245
09463,118
45198,1270
05263,98
23903,2628
02082,61
09464,23
31257,677
34236,128
24227,1090
34237,522
31258,6088
02083,153
47226,105
26175,26
47227,39
49270,114
02084,251
37372,90
47228,336
40229,18
26176,22
40228,464
09466,67
41101,4259
16273,217
09467,60
49272,52
49271,108
47229,119
33076,8987
14073,2056
28181,17323
37373,499
28182,94
34238,219
09471,129
33077,935
24228,542
24229,290
09472,48
09473,68
40230,87
44264,174
19324,109
03140,20033
34240,59
34241,15
34242,72
34243,275
12137,26
37374,860
09476,29
37375,560
26177,167
34245,218
34246,47
47216,97
49266,59
17233,2023
08304,781
17232,119
47194,222
09424,23
25253,102
50282,40
37350,227
09425,381
43176,648
15092,5356
44265,143
25255,357
46260,1970
12138,16318
16275,2
43177,299
26178,53
26179,20
42215,554
43178,1044
44266,90
45199,2064
41102,11399
13098,1587
14074,1579
50295,6
12139,189
05265,64
37376,1761
01059,138820
27066,10253
44267,45
12140,913
08308,125
02085,266
09478,15
42216,13
49273,102
05264,40
29099,824
19325,57
39102,1665
42217,20
18183,390
18184,1505
04098,1186
29094,41513
04099,4166
04102,11938
37349,83
16274,68
18189,503
47230,232
03081,1481
46143,3556
46146,1431
27021,1494
43052,830
32032,6534
46110,16586
27025,2292
32036,973
32037,541
46145,17754
35034,5319
42218,25
40231,83
19326,787
19327,289
22252,61
30043,20984
37377,176
45201,2717
42219,24
45202,2962
33078,39
31261,179
46262,126
02086,1581
45203,1970
45204,469
45205,5162
29100,1587
19331,2037
19332,62
46261,1253
45200,3470
01060,147
19329,28
19330,48
16276,9
22253,30
31262,142
09480,61
18192,1799
06158,9713
16277,81
16278,25
18913,512
11042,842
06159,1642
50296,324
22254,1057
06160,2199
21078,1920
48095,1790
20078,988
01061,102
48096,4897
37378,46
37379,88
01062,227
49275,42165
48905,1895
19333,48
05266,68
05267,47
50297,360472
37380,32
48097,999
47231,3186
20079,13024
46263,245
26180,179
10216,1116
10217,315
37381,76
16279,153
10218,778
06162,2285
06161,195
28183,825
26181,3
09482,26
16280,123
19334,11
40233,345
40234,325
15093,3699
09483,144
48024,735
48025,649
20025,908
20026,177
20027,2108
48913,667
01018,1129
31073,202
48915,147
31907,7218
20028,1769
44268,15
10219,943
37382,132
19335,37
12141,80
26183,54
24230,384
18193,10508
31263,203
12142,112
50298,3922
21079,490
31264,187
14075,342
01063,1362
20081,5400
20080,5574
04103,1376
09485,38
18194,1711
31265,72
25002,330
26001,171
42004,1839
30003,18776
28004,4403
29012,7458
29016,184
05019,36400
46119,679
41039,24500
50099,2400
47075,4151
08143,2209
08153,414
42134,2121
18147,2769
23092,20033
09398,59
17030,25
24165,92
28015,87
29902,53
33037,250
35013,3
37279,571
39021,60
46244,78
