Codigo Municipio,Deuda (Miles de â‚¬)
04001,655.0
04002,262.0
04003,14657.0
04004,164.0
04005,38.0
04006,5336.0
04007,109.0
04008,228.0
04009,0.0
04010,1764.0
04011,1408.0
04012,17.0
04013,80531.0
04014,144.0
04015,21.0
04016,1197.0
04017,369.0
04018,0.0
04019,248.0
04020,83.0
04021,43.0
04022,6.0
04023,14.0
04024,70.0
04026,0.0
04027,0.0
04028,324.0
04029,4905.0
04030,131.0
04031,901.0
04032,6296.0
04033,0.0
04034,0.0
04035,10398.0
04036,6.0
04037,485.0
04038,2321.0
04041,26.0
04043,0.0
04044,1321.0
04045,752.0
04046,209.0
04047,1908.0
04048,224.0
04049,2896.0
04050,87.0
04051,118.0
04052,2772.0
04053,5854.0
04054,150.0
04055,0.0
04056,75.0
04057,0.0
04058,108.0
04059,342.0
04060,132.0
04061,8.0
04062,5209.0
04063,596.0
04064,1958.0
04065,0.0
04066,13237.0
04067,50.0
04068,0.0
04069,2499.0
04070,1559.0
04071,119.0
04072,205.0
04073,95.0
04074,100.0
04075,3153.0
04076,814.0
04077,0.0
04078,0.0
04079,45741.0
04080,0.0
04081,0.0
04082,11.0
04083,1035.0
04084,143.0
04085,12.0
04086,1086.0
04087,65.0
04088,272.0
04089,155.0
04090,0.0
04091,136.0
04092,650.0
04093,3041.0
04094,260.0
04095,296.0
04096,0.0
04097,0.0
04098,701.0
04099,5590.0
04100,4105.0
04101,0.0
04102,14468.0
04103,583.0
04901,122.0
04902,78919.0
04903,6513.0
11001,2217.0
11002,324.0
11003,0.0
11004,75546.0
11005,5354.0
11006,11052.0
11007,15247.0
11008,23462.0
11009,0.0
11010,892.0
11011,1573.0
11012,110932.0
11013,0.0
11014,910.0
11015,40943.0
11016,5397.0
11017,1558.0
11018,0.0
11019,74.0
11020,103887.0
11021,169.0
11022,20911.0
11023,2075.0
11024,844.0
11025,4857.0
11026,4128.0
11027,64531.0
11028,28052.0
11029,2892.0
11030,21078.0
11031,42602.0
11032,18467.0
11033,27625.0
11034,762.0
11035,1867.0
11036,64.0
11037,5100.0
11038,4994.0
11039,2050.0
11040,135.0
11041,3446.0
11042,205.0
11901,6128.0
11902,603.0
14001,2048.0
14002,853.0
14003,439.0
14004,344.0
14005,4028.0
14006,943.0
14007,12796.0
14008,1476.0
14009,1002.0
14010,1952.0
14011,260.0
14012,1840.0
14013,5909.0
14014,1800.0
14015,492.0
14016,0.0
14017,4601.0
14018,1509.0
14019,3026.0
14020,38.0
14021,316641.0
14022,1677.0
14023,951.0
14024,574.0
14025,1328.0
14026,782.0
14027,1271.0
14028,8.0
14029,1519.0
14030,4389.0
14031,0.0
14032,0.0
14033,123.0
14034,70.0
14035,2777.0
14036,1720.0
14037,152.0
14038,28714.0
14039,1056.0
14040,478.0
14041,216.0
14042,20136.0
14043,7680.0
14044,136.0
14045,389.0
14046,1378.0
14047,121.0
14048,319.0
14049,10391.0
14050,652.0
14051,415.0
14052,2723.0
14053,828.0
14054,6227.0
14055,11881.0
14056,12105.0
14057,2241.0
14058,6240.0
14059,422.0
14060,1519.0
14061,534.0
14062,0.0
14063,614.0
14064,0.0
14065,205.0
14066,3437.0
14067,996.0
14068,279.0
14069,1382.0
14070,218.0
14071,45.0
14072,219.0
14073,79.0
14074,1072.0
14075,251.0
18001,7.0
18002,0.0
18003,1823.0
18004,138.0
18005,0.0
18006,3885.0
18007,29.0
18010,71.0
18011,1449.0
18012,1210.0
18013,2389.0
18014,2545.0
18015,0.0
18016,200.0
18017,4177.0
18018,387.0
18020,73.0
18021,9141.0
18022,4268.0
18023,11704.0
18024,10.0
18025,17.0
18027,457.0
18028,583.0
18029,428.0
18030,214.0
18032,388.0
18033,13.0
18034,34.0
18035,548.0
18036,534.0
18037,33.0
18038,168.0
18039,818.0
18040,96.0
18042,153.0
18043,0.0
18044,0.0
18045,2056.0
18046,287.0
18047,1671.0
18048,543.0
18049,367.0
18050,259.0
18051,454.0
18053,475.0
18054,477.0
18056,920.0
18057,3009.0
18059,261.0
18061,29.0
18062,3064.0
18063,0.0
18064,0.0
18066,240.0
18067,176.0
18068,0.0
18069,71.0
18070,200.0
18071,2241.0
18072,1165.0
18074,19.0
18076,200.0
18078,502.0
18079,753.0
18082,1352.0
18083,212.0
18084,1158.0
18085,60.0
18086,157.0
18087,141666.0
18088,651.0
18089,10178.0
18093,860.0
18094,973.0
18095,517.0
18096,107.0
18097,0.0
18098,1644.0
18099,386.0
18100,2385.0
18101,1904.0
18102,1937.0
18103,0.0
18105,1516.0
18107,192.0
18108,162.0
18109,75.0
18111,800.0
18112,65.0
18114,231.0
18115,755.0
18116,1830.0
18117,210.0
18119,0.0
18120,0.0
18121,0.0
18122,18741.0
18123,38.0
18124,0.0
18126,149.0
18127,6063.0
18128,18.0
18132,925.0
18133,263.0
18134,3015.0
18135,3744.0
18136,351.0
18137,465.0
18138,842.0
18140,29413.0
18141,118.0
18143,83.0
18144,8.0
18145,5079.0
18146,947.0
18147,1863.0
18148,3.0
18149,1612.0
18150,1516.0
18151,138.0
18152,609.0
18153,5452.0
18154,136.0
18157,11.0
18158,2936.0
18159,202.0
18161,32.0
18162,1243.0
18163,69.0
18164,531.0
18165,13.0
18167,864.0
18168,398.0
18170,382.0
18171,813.0
18173,3825.0
18174,50.0
18175,4494.0
18176,37.0
18177,292.0
18178,270.0
18179,15.0
18180,186.0
18181,0.0
18182,1920.0
18183,155.0
18184,524.0
18185,54.0
18187,123.0
18188,1155.0
18189,102.0
18192,311.0
18193,3401.0
18194,1367.0
18901,1344.0
18902,846.0
18903,631.0
18904,385.0
18905,5654.0
18906,0.0
18907,1000.0
18908,196.0
18909,0.0
18910,149.0
18911,1921.0
18912,493.0
18913,14.0
21001,114.0
21002,7919.0
21003,55.0
21004,0.0
21005,23488.0
21006,1259.0
21007,5262.0
21008,366.0
21009,518.0
21010,12162.0
21011,1578.0
21012,0.0
21013,7401.0
21014,886.0
21015,0.0
21016,888.0
21017,1132.0
21018,625.0
21019,19.0
21020,310.0
21021,11124.0
21022,0.0
21023,39.0
21024,45.0
21025,1343.0
21026,365.0
21027,0.0
21028,252.0
21029,976.0
21030,1103.0
21031,867.0
21032,926.0
21033,250.0
21034,1042.0
21035,1735.0
21036,0.0
21037,0.0
21038,757.0
21039,172.0
21040,65.0
21041,85366.0
21042,8313.0
21043,249.0
21044,15609.0
21045,185.0
21046,785.0
21047,1236.0
21048,198.0
21049,1163.0
21050,11677.0
21051,388.0
21052,2916.0
21053,1446.0
21054,6100.0
21055,6533.0
21056,320.0
21057,107.0
21058,0.0
21059,281.0
21060,11604.0
21061,1366.0
21062,740.0
21063,784.0
21064,1351.0
21065,0.0
21066,0.0
21067,308.0
21068,123.0
21069,129.0
21070,2031.0
21071,0.0
21072,20759.0
21073,153.0
21074,0.0
21075,10.0
21076,349.0
21077,578.0
21078,918.0
21079,89.0
23001,776.0
23002,10732.0
23003,2461.0
23004,171.0
23005,22139.0
23006,395.0
23007,606.0
23008,354.0
23009,4417.0
23010,2113.0
23011,55.0
23012,1797.0
23014,0.0
23015,0.0
23016,89.0
23017,32.0
23018,1652.0
23019,1568.0
23020,0.0
23021,0.0
23024,2798.0
23025,1750.0
23026,2585.0
23027,229.0
23028,4176.0
23029,532.0
23030,0.0
23031,590.0
23032,440.0
23033,954.0
23034,732.0
23035,0.0
23037,120.0
23038,823.0
23039,474.0
23040,585.0
23041,120.0
23042,143.0
23043,422.0
23044,362.0
23045,1557.0
23046,222.0
23047,1189.0
23048,582.0
23049,914.0
23050,91110.0
23051,1096.0
23052,1090.0
23053,2764.0
23054,100.0
23055,31020.0
23056,679.0
23057,0.0
23058,1061.0
23059,0.0
23060,4051.0
23061,2962.0
23062,236.0
23063,1284.0
23064,1518.0
23065,942.0
23066,1108.0
23067,2148.0
23069,967.0
23070,882.0
23071,1465.0
23072,742.0
23073,2629.0
23074,960.0
23075,1286.0
23076,64.0
23077,0.0
23079,2717.0
23080,228.0
23081,2364.0
23082,1146.0
23084,486.0
23085,463.0
23086,6450.0
23087,3133.0
23088,3596.0
23090,484.0
23091,1384.0
23092,10739.0
23093,2450.0
23094,3381.0
23095,7325.0
23096,890.0
23097,7020.0
23098,36.0
23099,6580.0
23101,67.0
23901,571.0
23902,1615.0
23903,1535.0
23904,330.0
23905,541.0
29001,0.0
29002,0.0
29003,181.0
29004,95.0
29005,2075.0
29006,35.0
29007,8273.0
29008,8400.0
29009,320.0
29010,350.0
29011,837.0
29012,1721.0
29013,3581.0
29014,129.0
29015,19525.0
29016,0.0
29017,1707.0
29018,999.0
29019,252.0
29020,1250.0
29021,0.0
29022,0.0
29023,0.0
29024,0.0
29025,78359.0
29026,453.0
29027,1366.0
29028,150.0
29029,0.0
29030,784.0
29031,101.0
29032,2193.0
29033,657.0
29034,999.0
29035,1040.0
29036,7.0
29037,0.0
29038,3094.0
29039,576.0
29040,905.0
29041,3574.0
29042,12887.0
29043,2700.0
29044,209.0
29045,258.0
29046,321.0
29047,227.0
29048,425.0
29049,190.0
29050,205.0
29051,16540.0
29052,0.0
29053,889.0
29054,26979.0
29055,1478.0
29056,154.0
29057,0.0
29058,2301.0
29059,1206.0
29060,32.0
29061,1016.0
29062,27.0
29063,0.0
29064,0.0
29065,110.0
29066,243.0
29067,755400.0
29068,4563.0
29069,49073.0
29070,16066.0
29071,778.0
29072,1584.0
29073,0.0
29074,20.0
29075,10751.0
29076,0.0
29077,0.0
29079,823.0
29080,2683.0
29081,60.0
29082,31943.0
29083,745.0
29084,16016.0
29085,0.0
29086,258.0
29087,72.0
29088,1191.0
29089,412.0
29090,561.0
29091,6999.0
29092,168.0
29093,411.0
29094,34010.0
29095,2214.0
29096,724.0
29097,171.0
29098,354.0
29099,1024.0
29100,122.0
29901,52527.0
29902,313.0
41001,237.0
41002,818.0
41003,22.0
41004,62657.0
41005,2882.0
41006,0.0
41007,5353.0
41008,419.0
41009,1243.0
41010,1599.0
41011,2836.0
41012,1050.0
41013,2465.0
41014,1107.0
41015,1816.0
41016,4339.0
41017,5354.0
41018,6387.0
41019,314.0
41020,5579.0
41021,1604.0
41022,844.0
41023,4112.0
41024,8797.0
41025,331.0
41026,880.0
41027,1779.0
41028,992.0
41029,4274.0
41030,309.0
41031,926.0
41032,2800.0
41033,928.0
41034,6124.0
41035,784.0
41036,2286.0
41037,467.0
41038,23409.0
41039,29835.0
41040,4042.0
41041,6579.0
41042,1453.0
41043,53.0
41044,3809.0
41045,6195.0
41046,795.0
41047,2194.0
41048,84.0
41049,2299.0
41050,3867.0
41051,815.0
41052,483.0
41053,22381.0
41054,104.0
41055,308.0
41056,2906.0
41057,231.0
41058,9197.0
41059,13847.0
41060,9281.0
41061,741.0
41062,1143.0
41063,294.0
41064,4321.0
41065,22582.0
41066,79.0
41067,2143.0
41068,5955.0
41069,11273.0
41070,5723.0
41071,1305.0
41072,1819.0
41073,221.0
41074,1153.0
41075,3785.0
41076,0.0
41077,367.0
41078,787.0
41079,1730.0
41080,324.0
41081,0.0
41082,1640.0
41083,0.0
41084,571.0
41085,0.0
41086,8346.0
41087,1390.0
41088,92.0
41089,3127.0
41090,828.0
41091,452000.0
41092,551.0
41093,0.0
41094,4934.0
41095,17043.0
41096,2926.0
41097,1131.0
41098,81.0
41099,903.0
41100,0.0
41101,1721.0
41102,1394.0
41901,1002.0
41902,2614.0
41903,2982.0
22001,91.0
22002,0.0
22003,70.0
22004,192.0
22006,383.0
22007,439.0
22008,15.0
22009,358.0
22011,0.0
22012,15.0
22013,129.0
22014,0.0
22015,7.0
22016,317.0
22017,573.0
22018,72.0
22019,0.0
22020,42.0
22021,1956.0
22022,148.0
22023,743.0
22024,82.0
22025,195.0
22027,106.0
22028,126.0
22029,103.0
22032,15.0
22035,134.0
22036,0.0
22037,0.0
22039,384.0
22040,107.0
22041,2.0
22042,0.0
22043,4.0
22044,245.0
22045,0.0
22046,142.0
22047,83.0
22048,8953.0
22049,0.0
22050,0.0
22051,0.0
22052,99.0
22053,1103.0
22054,3756.0
22055,239.0
22057,494.0
22058,274.0
22059,747.0
22060,109.0
22061,2811.0
22062,0.0
22063,56.0
22064,91.0
22066,633.0
22067,0.0
22068,0.0
22069,425.0
22072,0.0
22074,511.0
22075,24.0
22076,0.0
22077,0.0
22078,452.0
22079,322.0
22080,46.0
22081,106.0
22082,16.0
22083,408.0
22084,276.0
22085,20.0
22086,0.0
22087,0.0
22088,0.0
22089,0.0
22090,0.0
22094,16.0
22095,0.0
22096,0.0
22099,229.0
22102,0.0
22103,2240.0
22105,84.0
22106,0.0
22107,0.0
22109,162.0
22110,217.0
22111,0.0
22112,4252.0
22113,290.0
22114,69.0
22115,581.0
22116,1475.0
22117,2879.0
22119,358.0
22122,0.0
22124,70.0
22125,15617.0
22126,0.0
22127,0.0
22128,0.0
22129,124.0
22130,12563.0
22131,0.0
22133,264.0
22135,120.0
22136,708.0
22137,83.0
22139,0.0
22141,19.0
22142,15.0
22143,12.0
22144,20.0
22149,105.0
22150,0.0
22151,79.0
22155,0.0
22156,56.0
22157,0.0
22158,13282.0
22160,0.0
22162,0.0
22163,0.0
22164,0.0
22165,20.0
22167,167.0
22168,165.0
22170,2735.0
22172,0.0
22173,0.0
22174,476.0
22175,99.0
22176,32.0
22177,0.0
22178,16.0
22181,0.0
22182,227.0
22184,116.0
22186,48.0
22187,234.0
22188,0.0
22189,276.0
22190,24.0
22193,96.0
22195,77.0
22197,160.0
22199,6160.0
22200,169.0
22201,87.0
22202,0.0
22203,0.0
22204,222.0
22205,69.0
22206,88.0
22207,188.0
22208,196.0
22209,0.0
22212,295.0
22213,2999.0
22214,280.0
22215,53.0
22217,6.0
22218,0.0
22220,0.0
22221,47.0
22222,287.0
22223,0.0
22225,1423.0
22226,1021.0
22227,219.0
22228,157.0
22229,69.0
22230,0.0
22232,0.0
22233,38.0
22234,54.0
22235,0.0
22236,0.0
22239,80.0
22242,0.0
22243,0.0
22244,0.0
22245,48.0
22246,0.0
22247,0.0
22248,86.0
22249,0.0
22250,194.0
22251,60.0
22252,0.0
22253,0.0
22254,53.0
22901,527.0
22902,31.0
22903,141.0
22904,97.0
22905,83.0
22906,29.0
22907,1487.0
22908,49.0
22909,0.0
44001,39.0
44002,83.0
44003,0.0
44004,235.0
44005,69.0
44006,0.0
44007,0.0
44008,161.0
44009,671.0
44010,46.0
44011,0.0
44012,315.0
44013,11313.0
44014,2196.0
44016,457.0
44017,0.0
44018,0.0
44019,0.0
44020,0.0
44021,0.0
44022,238.0
44023,0.0
44024,0.0
44025,912.0
44026,117.0
44027,125.0
44028,0.0
44029,29.0
44031,0.0
44032,0.0
44033,148.0
44034,85.0
44035,80.0
44036,34.0
44037,326.0
44038,202.0
44039,101.0
44040,24.0
44041,28.0
44042,0.0
44043,48.0
44044,0.0
44045,150.0
44046,0.0
44047,0.0
44048,81.0
44049,449.0
44050,2346.0
44051,1196.0
44052,0.0
44053,170.0
44054,0.0
44055,0.0
44056,56.0
44059,385.0
44060,38.0
44061,0.0
44062,0.0
44063,377.0
44064,0.0
44065,0.0
44066,0.0
44067,289.0
44068,91.0
44070,0.0
44071,572.0
44074,0.0
44075,0.0
44076,469.0
44077,0.0
44080,0.0
44082,0.0
44084,0.0
44085,0.0
44086,130.0
44087,0.0
44088,15.0
44089,0.0
44090,34.0
44092,99.0
44093,0.0
44094,0.0
44096,60.0
44097,0.0
44099,933.0
44100,161.0
44101,0.0
44102,0.0
44103,68.0
44105,108.0
44106,0.0
44107,253.0
44108,146.0
44109,46.0
44110,0.0
44111,232.0
44112,0.0
44113,85.0
44114,153.0
44115,0.0
44116,0.0
44117,39.0
44118,0.0
44119,0.0
44120,0.0
44121,236.0
44122,602.0
44123,0.0
44124,0.0
44125,61.0
44126,425.0
44127,0.0
44128,0.0
44129,0.0
44130,0.0
44131,0.0
44132,0.0
44133,67.0
44135,37.0
44136,0.0
44137,61.0
44138,58.0
44141,0.0
44142,0.0
44143,41.0
44144,399.0
44145,484.0
44146,35.0
44147,44.0
44148,0.0
44149,58.0
44150,0.0
44151,393.0
44152,7.0
44153,2101.0
44154,0.0
44155,528.0
44156,0.0
44157,0.0
44158,516.0
44159,40.0
44160,307.0
44161,145.0
44163,169.0
44164,51.0
44165,78.0
44167,0.0
44168,0.0
44169,48.0
44171,95.0
44172,14.0
44173,0.0
44174,205.0
44175,0.0
44176,37.0
44177,0.0
44178,0.0
44179,75.0
44180,0.0
44181,0.0
44182,123.0
44183,8.0
44184,0.0
44185,0.0
44187,0.0
44189,0.0
44190,0.0
44191,99.0
44192,0.0
44193,78.0
44194,143.0
44195,69.0
44196,0.0
44197,0.0
44198,0.0
44199,0.0
44200,21.0
44201,394.0
44203,0.0
44204,0.0
44205,0.0
44206,51.0
44207,0.0
44208,0.0
44209,213.0
44210,185.0
44211,115.0
44212,0.0
44213,0.0
44215,105.0
44216,38102.0
44217,10.0
44218,0.0
44219,0.0
44220,197.0
44221,93.0
44222,0.0
44223,0.0
44224,0.0
44225,91.0
44226,24.0
44227,0.0
44228,40.0
44229,0.0
44230,21.0
44231,0.0
44232,0.0
44234,0.0
44235,0.0
44236,48.0
44237,76.0
44238,0.0
44239,0.0
44240,0.0
44241,137.0
44243,0.0
44244,118.0
44245,77.0
44246,707.0
44247,0.0
44249,0.0
44250,0.0
44251,0.0
44252,17.0
44256,0.0
44257,0.0
44258,0.0
44260,357.0
44261,0.0
44262,0.0
44263,47.0
44264,46.0
44265,0.0
44266,0.0
44267,0.0
44268,0.0
50001,0.0
50002,36.0
50003,0.0
50004,351.0
50005,389.0
50006,1249.0
50007,0.0
50008,1822.0
50009,121.0
50010,0.0
50011,101.0
50012,0.0
50013,68.0
50014,256.0
50015,0.0
50016,0.0
50017,0.0
50018,194.0
50019,0.0
50020,113.0
50021,0.0
50022,0.0
50023,10.0
50024,0.0
50025,8076.0
50026,290.0
50027,0.0
50028,64.0
50029,524.0
50030,213.0
50031,70.0
50032,13.0
50033,0.0
50034,1185.0
50035,0.0
50036,0.0
50037,0.0
50038,970.0
50039,0.0
50040,0.0
50041,0.0
50042,0.0
50043,0.0
50044,36.0
50045,132.0
50046,35.0
50047,0.0
50048,0.0
50050,0.0
50051,0.0
50052,38.0
50053,337.0
50054,0.0
50055,3145.0
50056,111.0
50057,1095.0
50058,0.0
50059,271.0
50060,0.0
50061,115.0
50062,142.0
50063,18.0
50064,444.0
50065,0.0
50066,2110.0
50067,8188.0
50068,158.0
50069,0.0
50070,0.0
50071,0.0
50072,26.0
50073,1443.0
50074,2838.0
50075,0.0
50076,62.0
50077,42.0
50078,303.0
50079,11.0
50080,0.0
50081,0.0
50082,40.0
50083,0.0
50084,0.0
50085,0.0
50086,0.0
50087,0.0
50088,351.0
50089,529.0
50090,0.0
50091,25.0
50092,0.0
50093,0.0
50094,1751.0
50095,6128.0
50096,0.0
50098,30.0
50099,4034.0
50100,0.0
50101,512.0
50102,493.0
50104,0.0
50105,300.0
50106,0.0
50107,0.0
50108,0.0
50109,45.0
50110,159.0
50111,12.0
50113,298.0
50114,720.0
50115,577.0
50116,123.0
50117,6.0
50118,837.0
50119,161.0
50120,49.0
50121,133.0
50122,0.0
50123,0.0
50124,361.0
50125,58.0
50126,1772.0
50128,43.0
50129,600.0
50130,85.0
50131,65.0
50132,0.0
50133,0.0
50134,0.0
50135,111.0
50136,123.0
50137,164.0
50138,0.0
50139,122.0
50140,139.0
50141,0.0
50142,0.0
50143,408.0
50144,0.0
50146,84.0
50147,453.0
50148,372.0
50149,0.0
50150,0.0
50151,48.0
50152,1113.0
50153,558.0
50154,39.0
50155,0.0
50156,36.0
50157,155.0
50159,51.0
50160,182.0
50161,24.0
50162,10.0
50163,1254.0
50164,61.0
50165,63.0
50166,39.0
50167,130.0
50168,0.0
50169,103.0
50170,0.0
50171,0.0
50172,43.0
50173,132.0
50174,0.0
50175,337.0
50176,270.0
50177,301.0
50178,169.0
50179,0.0
50180,109.0
50181,132.0
50182,9137.0
50183,0.0
50184,47.0
50185,64.0
50186,62.0
50187,0.0
50188,0.0
50189,654.0
50190,129.0
50191,0.0
50192,147.0
50193,22.0
50194,0.0
50195,0.0
50196,0.0
50197,0.0
50198,0.0
50199,73.0
50200,221.0
50201,0.0
50202,38.0
50203,0.0
50204,0.0
50205,0.0
50206,0.0
50207,0.0
50208,718.0
50209,492.0
50210,0.0
50211,0.0
50212,155.0
50213,33.0
50214,0.0
50215,0.0
50216,226.0
50217,120.0
50218,0.0
50219,1388.0
50220,0.0
50221,0.0
50222,63.0
50223,110.0
50224,0.0
50225,688.0
50227,38.0
50228,59.0
50229,0.0
50230,1515.0
50231,205.0
50232,13.0
50233,0.0
50234,126.0
50235,1483.0
50236,0.0
50237,67.0
50238,0.0
50239,0.0
50240,200.0
50241,233.0
50242,0.0
50243,168.0
50244,94.0
50245,0.0
50246,0.0
50247,0.0
50248,550.0
50249,111.0
50250,24.0
50251,9976.0
50252,6901.0
50253,140.0
50254,0.0
50255,0.0
50256,0.0
50257,61.0
50258,0.0
50259,0.0
50260,0.0
50261,37.0
50262,408.0
50263,68.0
50264,47.0
50265,0.0
50266,0.0
50267,97.0
50268,0.0
50269,121.0
50270,0.0
50271,52.0
50272,4073.0
50273,0.0
50274,0.0
50275,13.0
50276,0.0
50277,0.0
50278,179.0
50279,79.0
50280,77.0
50281,0.0
50282,0.0
50283,15.0
50284,0.0
50285,122.0
50286,0.0
50287,0.0
50288,168.0
50289,27.0
50290,89.0
50291,259.0
50292,56.0
50293,0.0
50294,0.0
50295,0.0
50296,0.0
50297,757000.0
50298,2660.0
50901,0.0
50902,0.0
50903,86.0
33001,0.0
33002,1605.0
33003,0.0
33004,29321.0
33005,131.0
33006,596.0
33007,0.0
33008,288.0
33009,78.0
33010,51.0
33011,2275.0
33012,1539.0
33013,0.0
33014,5501.0
33015,200.0
33016,7434.0
33017,1215.0
33018,0.0
33019,180.0
33020,3060.0
33021,888.0
33022,0.0
33023,1090.0
33024,167244.0
33025,4159.0
33026,4856.0
33027,0.0
33028,0.0
33029,0.0
33030,0.0
33031,12597.0
33032,3516.0
33033,4321.0
33034,2895.0
33035,6282.0
33036,10279.0
33037,12084.0
33038,0.0
33039,0.0
33040,2002.0
33041,1049.0
33042,1438.0
33043,107.0
33044,123933.0
33045,1713.0
33046,35.0
33047,0.0
33048,0.0
33049,3435.0
33050,0.0
33051,2682.0
33052,35.0
33053,65.0
33054,0.0
33055,1521.0
33056,809.0
33057,0.0
33058,0.0
33059,2171.0
33060,1807.0
33061,0.0
33062,0.0
33063,0.0
33064,0.0
33065,34.0
33066,15470.0
33067,0.0
33068,982.0
33069,138.0
33070,2419.0
33071,637.0
33072,200.0
33073,2443.0
33074,588.0
33075,0.0
33076,2014.0
33077,166.0
33078,0.0
07001,2638.0
07002,7994.0
07003,6485.0
07004,1856.0
07005,1817.0
07006,4708.0
07007,0.0
07008,6840.0
07009,745.0
07010,2256.0
07011,56501.0
07012,1065.0
07013,3109.0
07014,10420.0
07015,26294.0
07016,991.0
07017,150.0
07018,440.0
07019,718.0
07020,2301.0
07021,0.0
07022,7711.0
07023,1087.0
07024,8105.0
07025,411.0
07026,23578.0
07027,15936.0
07028,548.0
07029,1794.0
07030,330.0
07031,37195.0
07032,18917.0
07033,11750.0
07034,975.0
07035,236.0
07036,5345.0
07037,3808.0
07038,2197.0
07039,1162.0
07040,225217.0
07041,749.0
07042,5896.0
07043,1914.0
07044,5252.0
07045,1239.0
07046,7600.0
07047,497.0
07048,10008.0
07049,396.0
07050,1356.0
07051,8916.0
07052,5309.0
07053,539.0
07054,18345.0
07055,5676.0
07056,371.0
07057,8099.0
07058,1885.0
07059,1137.0
07060,828.0
07061,7084.0
07062,7909.0
07063,471.0
07064,3744.0
07065,1668.0
07901,0.0
07902,503.0
35001,180.0
35002,8958.0
35003,1558.0
35004,20546.0
35005,0.0
35006,3072.0
35007,2451.0
35008,3516.0
35009,10923.0
35010,0.0
35011,4961.0
35012,8754.0
35013,544.0
35014,14901.0
35015,28200.0
35016,99326.0
35017,7659.0
35018,14655.0
35019,24209.0
35020,4250.0
35021,5044.0
35022,16814.0
35023,4116.0
35024,17588.0
35025,32.0
35026,68397.0
35027,8603.0
35028,15357.0
35029,4563.0
35030,3423.0
35031,4346.0
35032,0.0
35033,250.0
35034,15369.0
38001,36276.0
38002,341.0
38003,0.0
38004,2110.0
38005,1662.0
38006,11284.0
38007,1448.0
38008,2383.0
38009,1078.0
38010,5254.0
38011,9025.0
38012,0.0
38013,3732.0
38014,481.0
38015,388.0
38016,899.0
38017,15198.0
38018,1181.0
38019,10964.0
38020,2418.0
38021,0.0
38022,7923.0
38023,52701.0
38024,4401.0
38025,62.0
38026,13517.0
38027,724.0
38028,16635.0
38029,961.0
38030,1610.0
38031,5851.0
38032,4432.0
38033,1985.0
38034,249.0
38035,9819.0
38036,6685.0
38037,9548.0
38038,84395.0
38039,2007.0
38040,4012.0
38041,877.0
38042,5022.0
38043,2758.0
38044,471.0
38045,2883.0
38046,5296.0
38047,727.0
38048,561.0
38049,307.0
38050,1344.0
38051,2055.0
38052,633.0
38053,307.0
38901,895.0
39001,244.0
39002,351.0
39003,0.0
39004,0.0
39005,380.0
39006,0.0
39007,0.0
39008,8158.0
39009,0.0
39010,0.0
39011,0.0
39012,700.0
39013,0.0
39014,0.0
39015,0.0
39016,7625.0
39017,0.0
39018,1221.0
39019,16.0
39020,11857.0
39021,59.0
39022,0.0
39023,843.0
39024,721.0
39025,1126.0
39026,549.0
39027,491.0
39028,575.0
39029,234.0
39030,0.0
39031,0.0
39032,0.0
39033,23.0
39034,0.0
39035,4653.0
39036,130.0
39037,671.0
39038,0.0
39039,68.0
39040,1841.0
39041,327.0
39042,2331.0
39043,0.0
39044,2567.0
39045,61.0
39046,0.0
39047,2491.0
39048,319.0
39049,0.0
39050,0.0
39051,0.0
39052,6376.0
39053,0.0
39054,1076.0
39055,519.0
39056,0.0
39057,76.0
39058,0.0
39059,731.0
39060,586.0
39061,0.0
39062,221.0
39063,160.0
39064,0.0
39065,0.0
39066,0.0
39067,222.0
39068,0.0
39069,0.0
39070,0.0
39071,207.0
39072,24.0
39073,1378.0
39074,1669.0
39075,123283.0
39076,636.0
39077,89.0
39078,54.0
39079,5634.0
39080,0.0
39081,0.0
39082,380.0
39083,0.0
39084,358.0
39085,2565.0
39086,0.0
39087,20027.0
39088,112.0
39089,0.0
39090,142.0
39091,0.0
39092,0.0
39093,19.0
39094,203.0
39095,520.0
39096,0.0
39097,55.0
39098,194.0
39099,168.0
39100,153.0
39101,0.0
39102,0.0
05001,11.0
05002,898.0
05005,0.0
05007,0.0
05008,0.0
05010,0.0
05012,0.0
05013,0.0
05014,3299.0
05015,0.0
05016,4454.0
05017,0.0
05018,0.0
05019,46334.0
05021,777.0
05022,340.0
05023,0.0
05024,0.0
05025,0.0
05026,83.0
05027,0.0
05029,0.0
05030,0.0
05033,0.0
05034,0.0
05035,70.0
05036,0.0
05037,0.0
05038,0.0
05039,0.0
05040,0.0
05041,1249.0
05042,0.0
05043,0.0
05044,0.0
05045,0.0
05046,0.0
05047,1188.0
05048,0.0
05049,0.0
05051,0.0
05052,0.0
05053,0.0
05054,405.0
05055,698.0
05056,8.0
05057,764.0
05058,0.0
05059,0.0
05060,0.0
05061,0.0
05062,0.0
05063,0.0
05064,0.0
05065,0.0
05066,349.0
05067,0.0
05069,0.0
05070,0.0
05072,0.0
05073,0.0
05074,60.0
05075,0.0
05076,0.0
05077,0.0
05078,15.0
05079,0.0
05080,0.0
05081,0.0
05082,868.0
05083,0.0
05084,0.0
05085,0.0
05086,0.0
05087,64.0
05088,0.0
05089,26.0
05090,0.0
05092,0.0
05093,387.0
05094,0.0
05095,0.0
05096,0.0
05097,0.0
05099,0.0
05100,431.0
05101,0.0
05102,1145.0
05103,0.0
05104,0.0
05105,60.0
05106,0.0
05107,0.0
05108,0.0
05109,110.0
05110,721.0
05112,0.0
05113,0.0
05114,17.0
05115,0.0
05116,0.0
05117,56.0
05118,0.0
05119,0.0
05120,0.0
05121,0.0
05122,0.0
05123,0.0
05124,0.0
05125,0.0
05126,0.0
05127,11.0
05128,26.0
05129,0.0
05130,0.0
05131,0.0
05132,0.0
05133,0.0
05134,19.0
05135,0.0
05136,0.0
05138,0.0
05139,99.0
05140,0.0
05141,0.0
05142,0.0
05143,0.0
05144,0.0
05145,0.0
05147,0.0
05148,0.0
05149,0.0
05151,0.0
05152,22.0
05153,0.0
05154,0.0
05155,0.0
05156,0.0
05157,0.0
05158,18.0
05159,0.0
05160,0.0
05161,0.0
05162,0.0
05163,208.0
05164,0.0
05165,295.0
05166,70.0
05167,0.0
05168,1398.0
05169,60.0
05170,0.0
05171,0.0
05172,0.0
05173,0.0
05174,0.0
05175,0.0
05176,0.0
05177,84.0
05178,44.0
05179,37.0
05180,0.0
05181,0.0
05182,581.0
05183,0.0
05184,695.0
05185,0.0
05186,1068.0
05187,260.0
05188,0.0
05189,17.0
05190,0.0
05191,0.0
05192,0.0
05193,21.0
05194,27.0
05195,0.0
05196,0.0
05197,0.0
05198,0.0
05199,0.0
05200,0.0
05201,0.0
05204,98.0
05205,0.0
05206,0.0
05207,91.0
05208,12.0
05209,0.0
05210,0.0
05211,0.0
05212,0.0
05213,0.0
05214,0.0
05215,0.0
05216,0.0
05217,0.0
05218,0.0
05219,0.0
05220,43.0
05221,510.0
05222,0.0
05224,0.0
05225,0.0
05226,0.0
05227,0.0
05228,0.0
05229,12.0
05230,0.0
05231,0.0
05232,0.0
05233,0.0
05234,0.0
05235,0.0
05236,0.0
05237,0.0
05238,100.0
05239,0.0
05240,1565.0
05241,1357.0
05242,160.0
05243,0.0
05244,0.0
05245,0.0
05246,0.0
05247,0.0
05249,0.0
05251,0.0
05252,0.0
05253,0.0
05254,200.0
05256,0.0
05257,14.0
05258,67.0
05259,0.0
05260,0.0
05261,0.0
05262,296.0
05263,0.0
05264,0.0
05265,0.0
05266,0.0
05267,0.0
05901,0.0
05902,223.0
05903,0.0
05904,0.0
05905,0.0
09001,0.0
09003,0.0
09006,0.0
09007,0.0
09009,58.0
09010,0.0
09011,0.0
09012,68.0
09013,0.0
09014,0.0
09016,0.0
09017,0.0
09018,6189.0
09019,0.0
09020,0.0
09021,0.0
09022,0.0
09023,0.0
09024,0.0
09025,30.0
09026,0.0
09027,0.0
09029,0.0
09030,50.0
09032,0.0
09033,0.0
09034,0.0
09035,0.0
09036,0.0
09037,0.0
09038,0.0
09039,0.0
09041,0.0
09043,19.0
09044,0.0
09045,0.0
09046,0.0
09047,0.0
09048,0.0
09050,15.0
09051,0.0
09052,0.0
09054,40.0
09055,0.0
09056,2634.0
09057,0.0
09058,0.0
09059,147305.0
09060,110.0
09061,0.0
09062,0.0
09063,0.0
09064,78.0
09065,0.0
09066,0.0
09067,0.0
09068,0.0
09070,0.0
09071,0.0
09072,151.0
09073,446.0
09074,0.0
09075,0.0
09076,0.0
09077,86.0
09078,0.0
09079,0.0
09082,0.0
09083,0.0
09084,0.0
09085,0.0
09086,0.0
09088,0.0
09090,0.0
09091,35.0
09093,0.0
09094,41.0
09095,0.0
09098,0.0
09100,0.0
09101,0.0
09102,0.0
09103,0.0
09104,0.0
09105,0.0
09108,0.0
09109,0.0
09110,0.0
09112,0.0
09113,115.0
09114,0.0
09115,0.0
09117,11.0
09119,0.0
09120,0.0
09122,115.0
09123,0.0
09124,1299.0
09125,0.0
09127,0.0
09128,0.0
09129,102.0
09130,0.0
09131,0.0
09132,0.0
09133,0.0
09134,160.0
09135,0.0
09136,0.0
09137,0.0
09138,0.0
09139,0.0
09140,0.0
09141,12.0
09143,0.0
09144,0.0
09148,0.0
09149,0.0
09151,215.0
09152,0.0
09154,0.0
09155,0.0
09159,0.0
09160,0.0
09162,0.0
09163,0.0
09164,0.0
09166,0.0
09167,0.0
09168,93.0
09169,0.0
09170,0.0
09172,0.0
09173,0.0
09174,0.0
09175,0.0
09176,0.0
09177,0.0
09178,0.0
09179,0.0
09180,0.0
09181,0.0
09182,0.0
09183,0.0
09184,0.0
09189,0.0
09190,75.0
09191,0.0
09192,55.0
09194,458.0
09195,0.0
09196,0.0
09197,0.0
09198,0.0
09199,0.0
09200,0.0
09201,0.0
09202,0.0
09206,0.0
09208,0.0
09209,1998.0
09211,426.0
09213,0.0
09214,0.0
09215,89.0
09216,0.0
09217,0.0
09218,0.0
09219,19182.0
09220,0.0
09221,0.0
09223,409.0
09224,0.0
09225,0.0
09226,0.0
09227,0.0
09228,0.0
09229,0.0
09230,0.0
09231,35.0
09232,0.0
09235,32.0
09236,0.0
09238,434.0
09239,0.0
09241,0.0
09242,0.0
09243,0.0
09244,0.0
09246,0.0
09247,0.0
09248,20.0
09249,0.0
09250,0.0
09251,266.0
09253,0.0
09255,0.0
09256,356.0
09257,0.0
09258,0.0
09259,0.0
09261,0.0
09262,0.0
09265,67.0
09266,0.0
09267,0.0
09268,0.0
09269,0.0
09270,24.0
09272,40.0
09273,0.0
09274,373.0
09275,8.0
09276,0.0
09277,0.0
09279,24.0
09280,0.0
09281,6.0
09283,0.0
09287,0.0
09288,0.0
09289,96.0
09292,0.0
09294,0.0
09295,0.0
09297,0.0
09298,0.0
09301,0.0
09302,0.0
09303,0.0
09304,0.0
09306,0.0
09307,40.0
09308,0.0
09309,75.0
09310,0.0
09311,0.0
09312,14.0
09314,24.0
09315,0.0
09316,0.0
09317,0.0
09318,0.0
09321,2376.0
09323,0.0
09325,0.0
09326,0.0
09327,0.0
09328,0.0
09329,0.0
09330,40.0
09332,0.0
09334,0.0
09335,0.0
09337,0.0
09338,0.0
09339,0.0
09340,0.0
09343,33.0
09345,49.0
09346,0.0
09347,40.0
09348,0.0
09350,0.0
09351,0.0
09352,25.0
09353,0.0
09354,0.0
09355,0.0
09356,0.0
09358,0.0
09360,0.0
09361,0.0
09362,0.0
09363,0.0
09365,0.0
09366,0.0
09368,0.0
09369,0.0
09372,0.0
09373,0.0
09374,0.0
09375,0.0
09377,108.0
09378,0.0
09380,0.0
09381,0.0
09382,0.0
09384,0.0
09386,0.0
09387,0.0
09388,0.0
09389,0.0
09390,0.0
09391,6.0
09392,0.0
09394,481.0
09395,0.0
09396,0.0
09398,0.0
09400,47.0
09403,0.0
09405,0.0
09406,0.0
09407,0.0
09408,0.0
09409,0.0
09410,1073.0
09411,0.0
09412,0.0
09413,88.0
09414,0.0
09415,0.0
09416,0.0
09417,0.0
09418,0.0
09419,15.0
09421,0.0
09422,0.0
09423,0.0
09424,0.0
09425,0.0
09427,0.0
09428,15.0
09429,0.0
09430,0.0
09431,0.0
09432,16.0
09433,0.0
09434,1517.0
09437,0.0
09438,0.0
09439,0.0
09440,0.0
09441,0.0
09442,96.0
09443,0.0
09444,0.0
09445,0.0
09446,0.0
09447,0.0
09448,89.0
09449,0.0
09450,0.0
09451,0.0
09454,0.0
09455,0.0
09456,0.0
09458,0.0
09460,0.0
09463,0.0
09464,0.0
09466,0.0
09467,0.0
09471,0.0
09472,0.0
09473,0.0
09476,0.0
09478,0.0
09480,0.0
09482,0.0
09483,0.0
09485,0.0
09901,10.0
09902,0.0
09903,1404.0
09904,0.0
09905,0.0
09906,142.0
09907,561.0
09908,0.0
24001,0.0
24002,15.0
24003,0.0
24004,41.0
24005,0.0
24006,0.0
24007,0.0
24008,3871.0
24009,0.0
24010,3901.0
24011,51.0
24012,0.0
24014,2137.0
24015,226.0
24016,70.0
24017,0.0
24018,0.0
24019,11.0
24020,148.0
24021,214.0
24022,8.0
24023,47.0
24024,0.0
24025,0.0
24026,364.0
24027,0.0
24028,67.0
24029,92.0
24030,2285.0
24031,44.0
24032,0.0
24033,0.0
24034,974.0
24036,0.0
24037,84.0
24038,1554.0
24039,308.0
24040,0.0
24041,0.0
24042,1.0
24043,0.0
24044,0.0
24046,204.0
24047,0.0
24049,220.0
24050,0.0
24051,0.0
24052,0.0
24053,0.0
24054,0.0
24055,30.0
24056,1213.0
24057,151.0
24058,0.0
24059,191.0
24060,0.0
24061,89.0
24062,0.0
24063,0.0
24064,123.0
24065,515.0
24066,50.0
24067,37.0
24068,138.0
24069,0.0
24070,1752.0
24071,23.0
24073,152.0
24074,27.0
24076,0.0
24077,31.0
24078,127.0
24079,0.0
24080,0.0
24081,0.0
24082,925.0
24083,87.0
24084,0.0
24086,0.0
24087,0.0
24088,323.0
24089,88674.0
24090,0.0
24091,0.0
24092,0.0
24093,0.0
24094,0.0
24095,144.0
24096,0.0
24097,13.0
24098,28.0
24099,86.0
24100,72.0
24101,127.0
24102,0.0
24103,102.0
24104,0.0
24105,0.0
24106,27.0
24107,199.0
24108,0.0
24109,171.0
24110,0.0
24112,0.0
24113,90.0
24114,2101.0
24115,33282.0
24116,0.0
24117,0.0
24118,0.0
24119,301.0
24120,157.0
24121,204.0
24122,253.0
24123,0.0
24124,0.0
24125,0.0
24127,0.0
24129,0.0
24130,169.0
24131,0.0
24132,0.0
24133,141.0
24134,2642.0
24136,34.0
24137,237.0
24139,999.0
24141,38.0
24142,8910.0
24143,31.0
24144,0.0
24145,114.0
24146,48.0
24148,0.0
24149,0.0
24150,0.0
24151,25.0
24152,0.0
24153,0.0
24154,101.0
24155,0.0
24156,0.0
24157,813.0
24158,0.0
24159,109.0
24160,0.0
24161,1.0
24162,14.0
24163,1792.0
24164,0.0
24165,46.0
24166,69.0
24167,115.0
24168,67.0
24169,867.0
24170,303.0
24171,244.0
24172,0.0
24173,9.0
24174,0.0
24175,487.0
24176,0.0
24177,0.0
24178,38.0
24179,18.0
24180,0.0
24181,57.0
24182,0.0
24183,140.0
24184,0.0
24185,285.0
24187,47.0
24188,2295.0
24189,664.0
24190,0.0
24191,0.0
24193,0.0
24194,240.0
24196,587.0
24197,157.0
24198,39.0
24199,0.0
24201,0.0
24202,5808.0
24203,0.0
24205,93.0
24206,361.0
24207,24.0
24209,1053.0
24210,58.0
24211,0.0
24212,0.0
24213,0.0
24214,0.0
24215,0.0
24216,15.0
24217,0.0
24218,0.0
24219,203.0
24221,0.0
24222,7982.0
24223,220.0
24224,0.0
24225,0.0
24226,0.0
24227,0.0
24228,0.0
24229,0.0
24230,0.0
24901,90.0
24902,0.0
34001,0.0
34003,0.0
34004,3589.0
34005,117.0
34006,0.0
34009,0.0
34010,0.0
34011,0.0
34012,0.0
34015,9.0
34017,0.0
34018,22.0
34019,0.0
34020,0.0
34022,300.0
34023,2821.0
34024,0.0
34025,0.0
34027,387.0
34028,0.0
34029,205.0
34031,41.0
34032,0.0
34033,0.0
34034,34.0
34035,0.0
34036,9.0
34037,0.0
34038,0.0
34039,0.0
34041,0.0
34042,0.0
34045,34.0
34046,0.0
34047,919.0
34048,0.0
34049,0.0
34050,0.0
34051,0.0
34052,0.0
34053,0.0
34055,0.0
34056,0.0
34057,14.0
34058,66.0
34059,15.0
34060,0.0
34061,0.0
34062,0.0
34063,0.0
34066,0.0
34067,0.0
34068,0.0
34069,1070.0
34070,0.0
34071,0.0
34072,36.0
34073,0.0
34074,288.0
34076,0.0
34077,0.0
34079,489.0
34080,1445.0
34081,0.0
34082,0.0
34083,19.0
34084,0.0
34086,0.0
34087,0.0
34088,0.0
34089,0.0
34091,0.0
34092,8.0
34093,0.0
34094,0.0
34096,0.0
34098,106.0
34099,0.0
34100,0.0
34101,25.0
34102,0.0
34103,0.0
34104,0.0
34106,40.0
34107,0.0
34108,0.0
34109,0.0
34110,0.0
34112,0.0
34113,22.0
34114,0.0
34116,0.0
34120,31520.0
34121,0.0
34122,0.0
34123,1152.0
34124,0.0
34125,0.0
34126,0.0
34127,0.0
34129,0.0
34130,0.0
34131,0.0
34132,0.0
34133,0.0
34134,0.0
34135,0.0
34136,0.0
34137,0.0
34139,0.0
34140,0.0
34141,0.0
34143,0.0
34146,0.0
34147,0.0
34149,0.0
34151,0.0
34152,0.0
34154,0.0
34155,0.0
34156,0.0
34157,467.0
34158,256.0
34159,48.0
34160,0.0
34161,0.0
34163,0.0
34165,0.0
34167,0.0
34168,0.0
34169,0.0
34170,0.0
34171,0.0
34174,0.0
34175,0.0
34176,0.0
34177,0.0
34178,0.0
34179,0.0
34180,24.0
34181,0.0
34182,0.0
34184,0.0
34185,0.0
34186,0.0
34189,0.0
34190,0.0
34192,0.0
34196,0.0
34199,0.0
34201,0.0
34202,0.0
34204,0.0
34205,0.0
34206,264.0
34208,0.0
34210,0.0
34211,0.0
34213,0.0
34214,0.0
34215,51.0
34216,0.0
34217,0.0
34218,0.0
34220,0.0
34221,0.0
34222,0.0
34223,0.0
34224,0.0
34225,488.0
34227,0.0
34228,0.0
34229,0.0
34230,0.0
34231,104.0
34232,534.0
34233,0.0
34234,0.0
34236,0.0
34237,0.0
34238,0.0
34240,0.0
34241,0.0
34242,0.0
34243,0.0
34245,0.0
34246,0.0
34901,0.0
34902,0.0
34903,0.0
34904,0.0
37001,0.0
37002,0.0
37003,0.0
37004,0.0
37005,0.0
37006,0.0
37007,307.0
37008,1903.0
37009,0.0
37010,536.0
37011,0.0
37012,0.0
37013,0.0
37014,0.0
37015,0.0
37016,101.0
37017,0.0
37018,0.0
37019,63.0
37020,195.0
37021,0.0
37022,0.0
37023,0.0
37024,22.0
37025,43.0
37026,40.0
37027,61.0
37028,0.0
37029,0.0
37030,0.0
37031,0.0
37032,0.0
37033,11.0
37034,0.0
37035,0.0
37036,0.0
37037,0.0
37038,0.0
37039,17.0
37040,0.0
37041,0.0
37042,0.0
37044,0.0
37045,0.0
37046,2936.0
37047,0.0
37049,65.0
37050,0.0
37051,0.0
37052,80.0
37054,42.0
37055,0.0
37056,0.0
37057,37.0
37058,0.0
37059,0.0
37060,7.0
37061,32.0
37062,1.0
37063,0.0
37065,0.0
37067,855.0
37068,0.0
37069,0.0
37070,0.0
37071,0.0
37072,0.0
37073,0.0
37074,26.0
37077,0.0
37078,341.0
37079,40.0
37080,0.0
37081,0.0
37082,209.0
37083,12.0
37085,0.0
37086,0.0
37087,143.0
37088,0.0
37089,0.0
37090,0.0
37091,0.0
37092,0.0
37096,0.0
37097,0.0
37098,269.0
37099,0.0
37100,0.0
37101,0.0
37102,0.0
37103,102.0
37104,0.0
37106,0.0
37107,5050.0
37108,0.0
37109,0.0
37110,0.0
37112,0.0
37113,341.0
37114,0.0
37115,0.0
37116,70.0
37117,0.0
37118,0.0
37119,23.0
37120,29.0
37121,124.0
37122,0.0
37123,10.0
37124,110.0
37125,69.0
37126,0.0
37127,86.0
37128,20.0
37129,29.0
37130,44.0
37131,0.0
37132,0.0
37133,0.0
37134,0.0
37135,0.0
37136,0.0
37137,0.0
37138,0.0
37139,0.0
37140,633.0
37141,0.0
37142,0.0
37143,0.0
37144,0.0
37145,77.0
37146,0.0
37147,99.0
37148,0.0
37149,0.0
37150,0.0
37151,31.0
37152,74.0
37154,0.0
37155,41.0
37156,5899.0
37157,0.0
37158,41.0
37159,17.0
37160,0.0
37161,80.0
37162,0.0
37163,0.0
37164,22.0
37165,0.0
37166,0.0
37167,0.0
37168,300.0
37169,0.0
37170,1972.0
37171,304.0
37172,0.0
37173,10.0
37174,616.0
37175,80.0
37176,30.0
37177,0.0
37178,0.0
37179,0.0
37180,0.0
37181,33.0
37182,0.0
37183,245.0
37184,98.0
37185,0.0
37186,0.0
37187,105.0
37188,70.0
37189,0.0
37190,0.0
37191,0.0
37192,0.0
37193,238.0
37194,0.0
37195,0.0
37196,0.0
37197,42.0
37198,0.0
37199,74.0
37200,0.0
37201,0.0
37202,977.0
37203,0.0
37204,116.0
37205,106.0
37206,0.0
37207,0.0
37208,0.0
37209,0.0
37211,0.0
37212,51.0
37213,0.0
37214,0.0
37215,0.0
37216,0.0
37217,0.0
37218,0.0
37219,0.0
37221,175.0
37222,0.0
37223,0.0
37224,0.0
37225,0.0
37226,0.0
37228,0.0
37229,0.0
37230,11.0
37231,0.0
37232,0.0
37233,0.0
37234,50.0
37235,0.0
37236,0.0
37237,35.0
37238,0.0
37239,0.0
37240,0.0
37241,0.0
37242,65.0
37243,0.0
37244,0.0
37245,0.0
37246,2831.0
37247,13.0
37248,0.0
37249,0.0
37250,467.0
37251,0.0
37252,0.0
37253,0.0
37254,0.0
37255,0.0
37256,0.0
37257,0.0
37258,0.0
37259,0.0
37260,21.0
37261,34.0
37262,0.0
37263,0.0
37264,0.0
37265,0.0
37266,0.0
37267,0.0
37268,0.0
37269,13.0
37270,0.0
37271,85.0
37272,0.0
37273,0.0
37274,134337.0
37275,0.0
37276,0.0
37277,0.0
37278,105.0
37279,28.0
37280,0.0
37281,0.0
37282,174.0
37283,0.0
37284,0.0
37285,132.0
37286,86.0
37287,0.0
37288,8.0
37289,0.0
37290,0.0
37291,0.0
37292,0.0
37293,0.0
37294,1728.0
37296,0.0
37297,0.0
37298,0.0
37299,0.0
37300,250.0
37301,0.0
37302,362.0
37303,106.0
37304,0.0
37305,12.0
37306,298.0
37307,0.0
37309,0.0
37310,0.0
37311,0.0
37312,81.0
37313,285.0
37314,0.0
37315,0.0
37316,612.0
37317,13.0
37318,0.0
37319,0.0
37320,0.0
37321,0.0
37322,1145.0
37323,0.0
37324,0.0
37325,25.0
37327,0.0
37328,170.0
37329,0.0
37330,0.0
37331,0.0
37332,42.0
37333,0.0
37334,0.0
37335,0.0
37336,0.0
37337,29.0
37338,0.0
37339,0.0
37340,0.0
37341,0.0
37342,0.0
37343,0.0
37344,0.0
37345,0.0
37346,176.0
37347,82.0
37348,0.0
37349,0.0
37350,0.0
37351,0.0
37352,0.0
37353,0.0
37354,2470.0
37355,91.0
37356,0.0
37357,0.0
37358,0.0
37359,0.0
37360,0.0
37361,0.0
37362,1198.0
37363,0.0
37364,1227.0
37365,17.0
37366,0.0
37367,0.0
37368,0.0
37369,134.0
37370,0.0
37371,23.0
37372,90.0
37373,285.0
37374,179.0
37375,49.0
37376,1224.0
37377,0.0
37378,0.0
37379,24.0
37380,0.0
37381,0.0
37382,0.0
40001,76.0
40002,0.0
40003,22.0
40004,67.0
40005,0.0
40006,0.0
40007,0.0
40008,0.0
40009,0.0
40010,26.0
40012,0.0
40013,0.0
40014,22.0
40015,0.0
40016,0.0
40017,0.0
40018,0.0
40019,0.0
40020,97.0
40021,0.0
40022,0.0
40024,0.0
40025,0.0
40026,0.0
40028,11.0
40029,0.0
40030,0.0
40031,0.0
40032,124.0
40033,56.0
40034,32.0
40035,44.0
40036,46.0
40037,0.0
40039,174.0
40040,3859.0
40041,0.0
40043,794.0
40044,0.0
40045,0.0
40046,85.0
40047,0.0
40048,0.0
40049,0.0
40051,0.0
40052,0.0
40053,0.0
40054,0.0
40055,0.0
40056,0.0
40057,687.0
40058,0.0
40059,0.0
40060,25.0
40061,0.0
40062,0.0
40063,5580.0
40065,64.0
40068,25.0
40069,0.0
40070,0.0
40071,0.0
40072,0.0
40073,145.0
40074,0.0
40075,0.0
40076,2051.0
40077,206.0
40078,0.0
40079,198.0
40080,0.0
40081,0.0
40082,0.0
40083,0.0
40084,0.0
40086,231.0
40087,0.0
40088,0.0
40089,0.0
40091,25.0
40092,63.0
40093,0.0
40094,0.0
40095,116.0
40097,0.0
40099,0.0
40100,0.0
40101,143.0
40103,0.0
40104,0.0
40105,0.0
40106,11.0
40107,118.0
40108,0.0
40109,0.0
40110,32.0
40111,0.0
40112,1518.0
40113,0.0
40115,300.0
40118,0.0
40119,0.0
40120,0.0
40121,66.0
40122,0.0
40123,42.0
40124,69.0
40125,0.0
40126,0.0
40127,0.0
40128,21.0
40129,13.0
40130,0.0
40131,0.0
40132,0.0
40134,102.0
40135,129.0
40136,45.0
40138,769.0
40139,0.0
40140,0.0
40141,0.0
40142,0.0
40143,0.0
40144,0.0
40145,58.0
40146,42.0
40148,77.0
40149,0.0
40150,41.0
40151,11.0
40152,0.0
40154,0.0
40155,3647.0
40156,0.0
40157,0.0
40158,0.0
40159,0.0
40160,0.0
40161,0.0
40162,0.0
40163,0.0
40164,0.0
40165,0.0
40166,0.0
40168,0.0
40170,0.0
40171,0.0
40172,0.0
40173,0.0
40174,336.0
40176,394.0
40177,0.0
40178,19.0
40179,150.0
40180,106.0
40181,4738.0
40182,0.0
40183,0.0
40184,108.0
40185,741.0
40186,0.0
40188,0.0
40189,0.0
40190,0.0
40191,30.0
40192,0.0
40193,0.0
40194,23378.0
40195,269.0
40196,0.0
40198,0.0
40199,0.0
40200,0.0
40201,0.0
40202,0.0
40203,1211.0
40204,0.0
40205,14.0
40206,63.0
40207,0.0
40208,232.0
40210,0.0
40211,0.0
40212,0.0
40213,0.0
40214,58.0
40215,0.0
40216,0.0
40218,0.0
40219,242.0
40220,0.0
40221,0.0
40222,0.0
40223,0.0
40224,0.0
40225,195.0
40228,255.0
40229,0.0
40230,0.0
40231,23.0
40233,0.0
40234,0.0
40901,0.0
40902,15.0
40903,0.0
40904,0.0
40905,0.0
40906,1002.0
42001,552.0
42003,0.0
42004,389.0
42006,0.0
42007,0.0
42008,0.0
42009,0.0
42010,7.0
42011,0.0
42012,0.0
42013,0.0
42014,0.0
42015,0.0
42016,0.0
42017,0.0
42018,0.0
42019,150.0
42020,1525.0
42021,0.0
42022,31.0
42023,0.0
42024,0.0
42025,447.0
42026,0.0
42027,0.0
42028,0.0
42029,0.0
42030,21.0
42031,0.0
42032,79.0
42033,0.0
42034,0.0
42035,272.0
42036,0.0
42037,0.0
42038,0.0
42039,197.0
42041,0.0
42042,0.0
42043,246.0
42044,0.0
42045,359.0
42046,0.0
42048,0.0
42049,0.0
42050,0.0
42051,0.0
42052,0.0
42053,0.0
42054,0.0
42055,0.0
42056,0.0
42057,48.0
42058,32.0
42059,0.0
42060,71.0
42061,40.0
42062,0.0
42063,0.0
42064,0.0
42065,0.0
42068,0.0
42069,0.0
42070,0.0
42071,0.0
42073,0.0
42075,0.0
42076,0.0
42078,242.0
42079,0.0
42080,0.0
42081,0.0
42082,0.0
42083,0.0
42084,0.0
42085,0.0
42086,0.0
42087,0.0
42088,0.0
42089,0.0
42090,0.0
42092,69.0
42093,0.0
42094,0.0
42095,0.0
42096,48.0
42097,0.0
42098,0.0
42100,0.0
42103,588.0
42105,28.0
42106,0.0
42107,161.0
42108,0.0
42110,98.0
42111,221.0
42113,0.0
42115,0.0
42116,30.0
42117,0.0
42118,0.0
42119,0.0
42120,0.0
42121,22.0
42123,0.0
42124,0.0
42125,0.0
42127,0.0
42128,0.0
42129,22.0
42130,0.0
42131,0.0
42132,88.0
42134,2557.0
42135,164.0
42139,0.0
42140,0.0
42141,56.0
42142,29.0
42144,0.0
42145,0.0
42148,0.0
42149,283.0
42151,0.0
42152,0.0
42153,0.0
42154,0.0
42155,42.0
42156,0.0
42157,0.0
42158,0.0
42159,0.0
42160,0.0
42161,57.0
42162,139.0
42163,0.0
42164,71.0
42165,90.0
42166,0.0
42167,58.0
42168,0.0
42171,120.0
42172,0.0
42173,21453.0
42174,0.0
42175,0.0
42176,0.0
42177,0.0
42178,0.0
42181,0.0
42182,0.0
42183,0.0
42184,0.0
42185,0.0
42187,0.0
42188,150.0
42189,0.0
42190,0.0
42191,9.0
42192,0.0
42193,0.0
42194,0.0
42195,0.0
42196,46.0
42197,0.0
42198,71.0
42200,0.0
42201,0.0
42202,0.0
42204,0.0
42205,0.0
42206,0.0
42207,0.0
42208,0.0
42209,142.0
42211,98.0
42212,0.0
42213,0.0
42215,141.0
42216,0.0
42217,0.0
42218,48.0
42219,0.0
47001,0.0
47002,0.0
47003,0.0
47004,24.0
47005,0.0
47006,0.0
47007,0.0
47008,0.0
47009,24.0
47010,1623.0
47011,77.0
47012,0.0
47013,0.0
47014,30.0
47015,0.0
47016,38.0
47017,0.0
47018,0.0
47019,0.0
47020,11.0
47021,0.0
47022,0.0
47023,1890.0
47024,0.0
47025,20.0
47026,8.0
47027,874.0
47028,0.0
47029,0.0
47030,0.0
47031,0.0
47032,0.0
47033,0.0
47034,6.0
47035,143.0
47036,0.0
47037,0.0
47038,0.0
47039,0.0
47040,10.0
47041,57.0
47042,0.0
47043,28.0
47044,0.0
47045,9.0
47046,0.0
47047,0.0
47048,0.0
47049,7.0
47050,2175.0
47051,38.0
47052,2903.0
47053,0.0
47054,193.0
47055,0.0
47056,0.0
47057,0.0
47058,85.0
47059,0.0
47060,37.0
47061,46.0
47062,8.0
47063,0.0
47064,8.0
47065,398.0
47066,10.0
47067,33.0
47068,0.0
47069,0.0
47070,0.0
47071,97.0
47073,0.0
47074,0.0
47075,1801.0
47076,2860.0
47077,0.0
47078,30.0
47079,0.0
47080,0.0
47081,0.0
47082,141.0
47083,0.0
47084,630.0
47085,10152.0
47086,801.0
47087,0.0
47088,0.0
47089,11.0
47090,675.0
47091,0.0
47092,11.0
47093,0.0
47094,0.0
47095,0.0
47096,0.0
47097,0.0
47098,126.0
47099,108.0
47100,83.0
47101,523.0
47102,16.0
47103,96.0
47104,1327.0
47105,14.0
47106,0.0
47109,0.0
47110,11.0
47111,955.0
47112,687.0
47113,49.0
47114,2249.0
47115,0.0
47116,200.0
47117,12.0
47118,0.0
47119,0.0
47121,138.0
47122,158.0
47123,0.0
47124,0.0
47125,0.0
47126,0.0
47127,0.0
47128,0.0
47129,269.0
47130,10.0
47131,99.0
47132,0.0
47133,442.0
47134,8.0
47135,0.0
47137,0.0
47138,26.0
47139,124.0
47140,0.0
47141,0.0
47142,0.0
47143,0.0
47144,0.0
47145,257.0
47146,0.0
47147,0.0
47148,0.0
47149,0.0
47150,13.0
47151,0.0
47152,0.0
47153,10.0
47154,0.0
47155,133.0
47156,20.0
47157,308.0
47158,199.0
47159,213.0
47160,0.0
47161,2419.0
47162,0.0
47163,15.0
47164,289.0
47165,1725.0
47166,0.0
47167,0.0
47168,0.0
47169,0.0
47170,0.0
47171,233.0
47172,0.0
47173,58.0
47174,45.0
47175,3807.0
47176,0.0
47177,19.0
47178,6.0
47179,0.0
47180,0.0
47181,0.0
47182,0.0
47183,0.0
47184,93.0
47185,11.0
47186,204898.0
47187,0.0
47188,0.0
47189,0.0
47190,0.0
47191,0.0
47192,0.0
47193,0.0
47194,0.0
47195,0.0
47196,0.0
47197,0.0
47198,20.0
47199,0.0
47200,0.0
47203,0.0
47204,0.0
47205,0.0
47206,0.0
47207,0.0
47208,0.0
47209,0.0
47210,70.0
47211,9.0
47212,168.0
47213,0.0
47214,280.0
47215,27.0
47216,0.0
47217,17.0
47218,98.0
47219,0.0
47220,0.0
47221,0.0
47222,0.0
47223,0.0
47224,8.0
47225,0.0
47226,26.0
47227,0.0
47228,0.0
47229,0.0
47230,0.0
47231,0.0
47232,0.0
49002,0.0
49003,459.0
49004,0.0
49005,0.0
49006,0.0
49007,261.0
49008,668.0
49009,30.0
49010,0.0
49011,0.0
49012,0.0
49013,174.0
49014,0.0
49015,0.0
49016,0.0
49017,0.0
49018,0.0
49019,0.0
49020,54.0
49021,6253.0
49022,38.0
49023,303.0
49024,144.0
49025,0.0
49026,0.0
49027,0.0
49028,0.0
49029,59.0
49030,0.0
49031,0.0
49032,0.0
49033,188.0
49034,81.0
49035,0.0
49036,0.0
49037,0.0
49038,0.0
49039,0.0
49040,18.0
49041,0.0
49042,0.0
49043,22.0
49044,0.0
49046,0.0
49047,65.0
49048,0.0
49050,70.0
49052,31.0
49053,1154.0
49054,39.0
49055,0.0
49056,8.0
49057,0.0
49058,62.0
49059,0.0
49061,0.0
49062,32.0
49063,0.0
49064,359.0
49065,252.0
49066,0.0
49067,0.0
49068,0.0
49069,24.0
49071,0.0
49075,0.0
49076,0.0
49077,0.0
49078,15.0
49079,0.0
49080,276.0
49081,710.0
49082,0.0
49083,0.0
49084,49.0
49085,821.0
49086,0.0
49087,0.0
49088,0.0
49090,21.0
49091,55.0
49092,9.0
49093,65.0
49094,39.0
49095,30.0
49096,19.0
49097,0.0
49098,0.0
49099,42.0
49100,10.0
49101,33.0
49102,13.0
49103,52.0
49104,0.0
49105,0.0
49107,0.0
49108,36.0
49109,187.0
49110,0.0
49111,0.0
49112,0.0
49113,0.0
49114,0.0
49115,0.0
49116,0.0
49117,14.0
49118,0.0
49119,0.0
49120,0.0
49121,100.0
49122,0.0
49123,147.0
49124,0.0
49125,128.0
49126,620.0
49127,1595.0
49128,0.0
49129,155.0
49130,0.0
49131,64.0
49132,67.0
49133,0.0
49134,0.0
49135,327.0
49136,140.0
49137,0.0
49138,0.0
49139,0.0
49141,176.0
49142,7.0
49143,0.0
49145,0.0
49146,27.0
49147,8.0
49148,222.0
49149,44.0
49150,0.0
49151,0.0
49152,0.0
49153,0.0
49154,0.0
49155,40.0
49156,54.0
49157,0.0
49158,27.0
49159,0.0
49160,0.0
49162,35.0
49163,0.0
49164,52.0
49165,0.0
49166,758.0
49167,0.0
49168,8.0
49169,0.0
49170,0.0
49171,244.0
49172,0.0
49173,0.0
49174,0.0
49175,0.0
49176,0.0
49177,0.0
49178,147.0
49179,0.0
49180,267.0
49181,0.0
49183,0.0
49184,25.0
49185,74.0
49186,21.0
49187,0.0
49188,31.0
49189,0.0
49190,0.0
49191,38.0
49192,16.0
49193,147.0
49194,60.0
49197,14.0
49199,0.0
49200,206.0
49201,0.0
49202,0.0
49203,0.0
49204,11.0
49205,14.0
49206,130.0
49207,0.0
49208,0.0
49209,235.0
49210,0.0
49214,0.0
49216,14.0
49219,5772.0
49220,0.0
49221,10.0
49222,21.0
49223,0.0
49224,100.0
49225,0.0
49226,34.0
49227,47.0
49228,12.0
49229,35.0
49230,12.0
49231,0.0
49232,0.0
49233,0.0
49234,58.0
49235,57.0
49236,0.0
49237,97.0
49238,0.0
49239,0.0
49240,0.0
49241,35.0
49242,97.0
49243,0.0
49244,26.0
49245,38.0
49246,26.0
49247,265.0
49248,0.0
49249,0.0
49250,446.0
49251,0.0
49252,0.0
49255,219.0
49256,0.0
49257,0.0
49258,0.0
49259,0.0
49260,0.0
49261,263.0
49262,0.0
49263,0.0
49264,95.0
49265,0.0
49266,0.0
49267,90.0
49268,37.0
49269,0.0
49270,22.0
49271,0.0
49272,0.0
49273,75.0
49275,19379.0
02001,190.0
02002,30.0
02003,78378.0
02004,195.0
02005,0.0
02006,281.0
02007,0.0
02008,219.0
02009,16186.0
02010,0.0
02011,175.0
02012,65.0
02013,0.0
02014,172.0
02015,1144.0
02016,336.0
02017,79.0
02018,500.0
02019,696.0
02020,311.0
02021,1351.0
02022,299.0
02023,262.0
02024,838.0
02025,5885.0
02026,319.0
02027,622.0
02028,0.0
02029,0.0
02030,1221.0
02031,199.0
02032,81.0
02033,0.0
02034,552.0
02035,1165.0
02036,26.0
02037,17747.0
02038,0.0
02039,508.0
02040,0.0
02041,225.0
02042,664.0
02043,119.0
02044,0.0
02045,283.0
02046,229.0
02047,0.0
02048,788.0
02049,532.0
02050,0.0
02051,500.0
02052,297.0
02053,1404.0
02054,46.0
02055,952.0
02056,391.0
02057,464.0
02058,160.0
02059,0.0
02060,0.0
02061,0.0
02062,17.0
02063,0.0
02064,344.0
02065,112.0
02066,59.0
02067,504.0
02068,42.0
02069,14352.0
02070,0.0
02071,275.0
02072,859.0
02073,1250.0
02074,4820.0
02075,533.0
02076,107.0
02077,0.0
02078,922.0
02079,705.0
02080,131.0
02081,23522.0
02082,201.0
02083,0.0
02084,9.0
02085,43.0
02086,4021.0
02901,201.0
13001,200.0
13002,96.0
13003,155.0
13004,0.0
13005,20366.0
13006,234.0
13007,0.0
13008,0.0
13009,177.0
13010,412.0
13011,2750.0
13012,0.0
13013,3981.0
13014,60.0
13015,312.0
13016,0.0
13017,0.0
13018,0.0
13019,1071.0
13020,1785.0
13021,78.0
13022,336.0
13023,5881.0
13024,10.0
13025,9.0
13026,16.0
13027,808.0
13028,3821.0
13029,0.0
13030,0.0
13031,0.0
13032,87.0
13033,280.0
13034,27086.0
13035,310.0
13036,28.0
13037,433.0
13038,152.0
13039,18738.0
13040,250.0
13041,101.0
13042,92.0
13043,8.0
13044,325.0
13045,121.0
13046,62.0
13047,1729.0
13048,0.0
13049,121.0
13050,0.0
13051,0.0
13052,3685.0
13053,3238.0
13054,1997.0
13055,0.0
13056,4801.0
13057,0.0
13058,438.0
13059,0.0
13060,0.0
13061,2833.0
13062,21.0
13063,291.0
13064,1000.0
13065,588.0
13066,90.0
13067,0.0
13068,0.0
13069,0.0
13070,0.0
13071,59609.0
13072,0.0
13073,115.0
13074,364.0
13075,0.0
13076,0.0
13077,519.0
13078,9914.0
13079,9960.0
13080,46.0
13081,36.0
13082,18772.0
13083,1900.0
13084,70.0
13085,250.0
13086,8.0
13087,23983.0
13088,139.0
13089,361.0
13090,0.0
13091,78.0
13092,0.0
13093,101.0
13094,0.0
13095,53.0
13096,3955.0
13097,695.0
13098,442.0
13901,38.0
13902,186.0
13903,254.0
13904,0.0
16001,0.0
16002,0.0
16003,0.0
16004,18.0
16005,68.0
16006,58.0
16007,351.0
16008,0.0
16009,0.0
16010,0.0
16011,0.0
16012,72.0
16013,0.0
16014,0.0
16015,141.0
16016,15.0
16017,60.0
16018,202.0
16019,37.0
16020,0.0
16022,0.0
16023,91.0
16024,0.0
16025,0.0
16026,0.0
16027,62.0
16029,0.0
16030,0.0
16031,0.0
16032,0.0
16033,573.0
16034,0.0
16035,0.0
16036,26.0
16038,0.0
16039,0.0
16040,0.0
16041,49.0
16042,339.0
16043,0.0
16044,0.0
16045,78.0
16046,0.0
16047,0.0
16048,0.0
16049,25.0
16050,143.0
16051,0.0
16052,40.0
16053,125.0
16055,116.0
16056,212.0
16057,0.0
16058,0.0
16060,122.0
16061,190.0
16062,0.0
16063,45.0
16064,56.0
16065,0.0
16066,1008.0
16067,0.0
16068,0.0
16070,0.0
16071,0.0
16072,0.0
16073,21.0
16074,0.0
16078,45613.0
16079,0.0
16081,0.0
16082,49.0
16083,0.0
16084,0.0
16085,51.0
16086,68.0
16087,227.0
16088,0.0
16089,96.0
16091,0.0
16092,0.0
16093,12.0
16094,29.0
16095,0.0
16096,80.0
16097,0.0
16098,224.0
16099,39.0
16100,0.0
16101,29.0
16102,0.0
16103,0.0
16104,0.0
16106,1359.0
16107,0.0
16108,0.0
16109,0.0
16110,0.0
16111,0.0
16112,2161.0
16113,413.0
16115,0.0
16116,0.0
16117,279.0
16118,1929.0
16119,24.0
16121,85.0
16122,205.0
16123,0.0
16124,250.0
16125,750.0
16126,159.0
16128,0.0
16129,83.0
16130,893.0
16131,0.0
16132,0.0
16133,2738.0
16134,338.0
16135,0.0
16137,24.0
16139,13.0
16140,0.0
16141,0.0
16142,0.0
16143,0.0
16145,0.0
16146,5.0
16147,0.0
16148,79.0
16149,15.0
16150,0.0
16151,0.0
16152,0.0
16153,140.0
16154,3418.0
16155,148.0
16156,0.0
16157,0.0
16158,76.0
16159,14.0
16160,0.0
16161,0.0
16162,0.0
16163,68.0
16165,92.0
16166,146.0
16167,6.0
16169,0.0
16170,18.0
16171,136.0
16172,0.0
16173,13.0
16174,84.0
16175,1169.0
16176,0.0
16177,0.0
16181,0.0
16185,37.0
16186,69.0
16187,0.0
16188,0.0
16189,166.0
16190,4461.0
16191,625.0
16192,0.0
16193,0.0
16194,75.0
16195,0.0
16196,0.0
16197,0.0
16198,242.0
16199,0.0
16202,350.0
16203,780.0
16204,0.0
16205,0.0
16206,27.0
16209,0.0
16211,0.0
16212,20.0
16213,0.0
16215,100.0
16216,66.0
16217,0.0
16218,62.0
16219,0.0
16224,40.0
16225,0.0
16227,0.0
16228,195.0
16231,0.0
16234,0.0
16236,49.0
16237,0.0
16238,40.0
16239,0.0
16240,0.0
16242,37.0
16243,90.0
16244,116.0
16245,196.0
16246,40.0
16247,0.0
16248,391.0
16249,59.0
16250,0.0
16251,121.0
16253,534.0
16254,20.0
16255,0.0
16258,0.0
16259,0.0
16263,0.0
16264,128.0
16265,0.0
16266,0.0
16269,107.0
16270,94.0
16271,0.0
16272,0.0
16273,0.0
16274,0.0
16275,0.0
16276,0.0
16277,0.0
16278,0.0
16279,0.0
16280,0.0
16901,407.0
16902,0.0
16903,0.0
16904,0.0
16905,387.0
16906,0.0
16908,0.0
16909,0.0
16910,0.0
19001,0.0
19002,0.0
19003,0.0
19004,0.0
19005,0.0
19006,32.0
19007,92.0
19008,0.0
19009,27.0
19010,0.0
19011,37.0
19013,0.0
19015,0.0
19016,55.0
19017,6.0
19018,0.0
19019,0.0
19020,0.0
19021,22.0
19022,199.0
19023,209.0
19024,2075.0
19027,56.0
19031,0.0
19032,11.0
19033,0.0
19034,0.0
19036,43.0
19037,146.0
19038,0.0
19039,0.0
19040,0.0
19041,0.0
19042,0.0
19043,52.0
19044,0.0
19045,0.0
19046,12058.0
19047,0.0
19048,0.0
19049,0.0
19050,0.0
19051,9.0
19052,0.0
19053,1576.0
19054,0.0
19055,0.0
19057,0.0
19058,1875.0
19059,0.0
19060,0.0
19061,0.0
19064,0.0
19065,0.0
19066,0.0
19067,0.0
19070,0.0
19071,4051.0
19073,0.0
19074,0.0
19075,0.0
19076,0.0
19078,0.0
19079,0.0
19080,0.0
19081,0.0
19082,0.0
19086,2512.0
19087,0.0
19088,28.0
19089,0.0
19090,0.0
19091,0.0
19092,38.0
19095,0.0
19096,0.0
19097,0.0
19098,0.0
19099,0.0
19102,0.0
19103,145.0
19104,0.0
19105,0.0
19106,0.0
19107,0.0
19108,0.0
19109,0.0
19110,0.0
19111,37.0
19112,23.0
19113,0.0
19114,0.0
19115,0.0
19116,0.0
19117,14.0
19118,0.0
19119,0.0
19120,0.0
19121,199.0
19122,0.0
19123,0.0
19124,625.0
19125,0.0
19126,0.0
19127,0.0
19129,0.0
19130,28485.0
19132,0.0
19133,0.0
19134,0.0
19135,0.0
19136,0.0
19138,175.0
19139,0.0
19142,0.0
19143,473.0
19145,0.0
19146,0.0
19147,9.0
19148,0.0
19150,73.0
19151,182.0
19152,274.0
19153,0.0
19154,0.0
19155,0.0
19156,171.0
19157,34.0
19159,0.0
19160,278.0
19161,14.0
19162,0.0
19163,0.0
19165,0.0
19166,0.0
19167,47.0
19168,0.0
19169,0.0
19170,0.0
19171,2680.0
19172,0.0
19173,0.0
19174,0.0
19175,0.0
19176,0.0
19177,0.0
19178,0.0
19179,0.0
19181,0.0
19182,8.0
19183,0.0
19184,0.0
19185,0.0
19186,0.0
19187,0.0
19188,0.0
19189,0.0
19190,1421.0
19191,0.0
19192,81.0
19193,7.0
19194,21.0
19195,0.0
19196,0.0
19197,0.0
19198,0.0
19199,0.0
19200,0.0
19201,0.0
19202,0.0
19203,22.0
19204,201.0
19208,0.0
19209,0.0
19210,0.0
19211,0.0
19212,331.0
19213,0.0
19214,0.0
19215,0.0
19216,0.0
19217,0.0
19218,0.0
19219,0.0
19220,1032.0
19221,0.0
19222,0.0
19223,0.0
19224,0.0
19225,0.0
19226,0.0
19227,17.0
19228,0.0
19229,123.0
19230,0.0
19231,0.0
19232,0.0
19233,132.0
19234,15.0
19235,0.0
19237,0.0
19238,0.0
19239,0.0
19240,0.0
19241,0.0
19242,0.0
19243,0.0
19244,153.0
19245,589.0
19246,0.0
19247,0.0
19248,0.0
19249,0.0
19250,0.0
19251,0.0
19252,0.0
19254,0.0
19255,0.0
19256,0.0
19257,2319.0
19258,343.0
19259,0.0
19260,0.0
19261,0.0
19262,508.0
19263,0.0
19264,0.0
19265,0.0
19266,0.0
19267,0.0
19268,0.0
19269,0.0
19270,0.0
19271,0.0
19272,0.0
19274,1000.0
19277,0.0
19278,0.0
19279,0.0
19280,1569.0
19281,0.0
19282,0.0
19283,0.0
19284,0.0
19285,0.0
19286,661.0
19287,0.0
19288,17.0
19289,0.0
19290,146.0
19291,0.0
19293,1549.0
19294,0.0
19296,0.0
19297,0.0
19298,0.0
19299,0.0
19300,25.0
19301,47.0
19302,0.0
19303,0.0
19304,27.0
19305,0.0
19306,0.0
19307,0.0
19308,0.0
19309,0.0
19310,0.0
19311,0.0
19314,12.0
19317,0.0
19318,0.0
19319,200.0
19321,0.0
19322,0.0
19323,0.0
19324,85.0
19325,0.0
19326,0.0
19327,673.0
19329,0.0
19330,0.0
19331,2284.0
19332,0.0
19333,16.0
19334,0.0
19335,0.0
19901,0.0
45001,753.0
45002,827.0
45003,0.0
45004,122.0
45005,0.0
45006,632.0
45007,197.0
45008,111.0
45009,120.0
45010,0.0
45011,10.0
45012,8.0
45013,630.0
45014,0.0
45015,0.0
45016,0.0
45017,34.0
45018,125.0
45019,2632.0
45020,269.0
45021,3738.0
45022,0.0
45023,269.0
45024,494.0
45025,536.0
45026,0.0
45027,74.0
45028,440.0
45029,198.0
45030,0.0
45031,523.0
45032,224.0
45033,136.0
45034,740.0
45035,106.0
45036,167.0
45037,239.0
45038,5221.0
45039,0.0
45040,680.0
45041,972.0
45042,0.0
45043,192.0
45045,298.0
45046,1004.0
45047,21.0
45048,0.0
45049,0.0
45050,190.0
45051,647.0
45052,553.0
45053,3882.0
45054,1968.0
45055,558.0
45056,0.0
45057,0.0
45058,77.0
45059,708.0
45060,0.0
45061,1536.0
45062,0.0
45063,0.0
45064,511.0
45065,221.0
45066,682.0
45067,715.0
45068,0.0
45069,375.0
45070,1499.0
45071,686.0
45072,0.0
45073,209.0
45074,83.0
45075,0.0
45076,248.0
45077,0.0
45078,171.0
45079,26.0
45080,0.0
45081,4683.0
45082,39.0
45083,75.0
45084,757.0
45085,924.0
45086,0.0
45087,4467.0
45088,412.0
45089,563.0
45090,94.0
45091,0.0
45092,0.0
45093,0.0
45094,226.0
45095,0.0
45096,100.0
45097,92.0
45098,112.0
45099,775.0
45100,0.0
45101,0.0
45102,1056.0
45103,50.0
45104,0.0
45105,33.0
45106,2623.0
45107,396.0
45108,179.0
45109,2466.0
45110,0.0
45111,0.0
45112,0.0
45113,1095.0
45114,17.0
45115,0.0
45116,296.0
45117,0.0
45118,200.0
45119,356.0
45120,51.0
45121,1783.0
45122,2353.0
45123,386.0
45124,446.0
45125,373.0
45126,200.0
45127,103.0
45128,796.0
45129,0.0
45130,11.0
45131,22.0
45132,1649.0
45133,262.0
45134,495.0
45135,1522.0
45136,2291.0
45137,369.0
45138,177.0
45139,152.0
45140,285.0
45141,293.0
45142,6104.0
45143,239.0
45144,198.0
45145,763.0
45146,0.0
45147,0.0
45148,0.0
45149,503.0
45150,218.0
45151,583.0
45152,248.0
45153,892.0
45154,0.0
45155,0.0
45156,3055.0
45157,417.0
45158,304.0
45159,0.0
45160,521.0
45161,1060.0
45162,47.0
45163,3583.0
45164,6.0
45165,34822.0
45166,1055.0
45167,740.0
45168,46212.0
45169,85.0
45170,0.0
45171,421.0
45172,25.0
45173,2458.0
45174,59.0
45175,64.0
45176,1089.0
45177,1059.0
45179,0.0
45180,142.0
45181,278.0
45182,312.0
45183,1994.0
45184,0.0
45185,3712.0
45186,604.0
45187,2468.0
45188,3348.0
45189,115.0
45190,0.0
45191,534.0
45192,277.0
45193,45.0
45194,0.0
45195,370.0
45196,325.0
45197,493.0
45198,889.0
45199,1951.0
45200,1212.0
45201,0.0
45202,1054.0
45203,604.0
45204,197.0
45205,0.0
45901,0.0
08001,3649.1857
08002,2196.076
08003,3621.4135699999997
08004,456.0
08005,2595.0
08006,6833.53869
08007,4734.36657
08008,0.0
08009,8570.91233
08010,962.02132
08011,395.21203
08012,119.26832
08013,47.0
08014,1356.7484299999999
08015,94406.0
08016,491.0
08017,1275.0
08018,1315.03929
08019,1090000.0
08020,3036.0
08021,0.0
08022,16103.17799
08023,6361.0
08024,336.0
08025,140.68547
08026,0.0
08027,154.71908
08028,206.0
08029,4837.28618
08030,2612.0
08031,1353.8817199999999
08032,3185.0
08033,8633.0
08034,601.0
08035,11402.0
08036,0.0
08037,1996.67964
08038,349.0
08039,0.0
08040,10605.45719
08041,11104.31998
08042,161.0
08043,2051.0
08044,4967.0
08045,53.0
08046,12604.17304
08047,2428.90149
08048,179.0
08049,391.0
08050,0.0
08051,20214.0
08052,42.0
08053,497.66843
08054,14131.62023
08055,0.0
08056,44531.0
08057,0.0
08058,488.33333
08059,0.0
08060,0.59216
08061,593.44774
08062,635.08724
08063,135.39795
08064,2761.403
08065,153.23957000000001
08066,729.0
08067,701.3864900000001
08068,2361.73367
08069,2968.0
08070,0.0
08071,298.8852
08072,12571.0
08073,8099.311309999999
08074,5549.52876
08075,1224.0
08076,13653.1837
08077,28468.493449999998
08078,0.0
08079,47.0
08080,0.0
08081,0.0
08082,1050.0
08083,284.66328000000004
08084,664.93427
08085,0.0
08086,9092.98538
08087,0.0
08088,7291.0
08089,34909.29698
08090,0.0
08091,4185.78149
08092,1729.54928
08093,0.0
08094,33.0
08095,75.0
08096,35984.53921
08097,390.0
08098,898.9917399999999
08099,214.0
08100,127.07848
08101,119776.38781
08102,55760.10155
08103,373.0
08104,856.0
08105,6550.0925
08106,2089.63188
08107,18611.87768
08108,5166.3177000000005
08109,65.0
08110,15074.0
08111,0.0
08112,20950.70805
08113,77671.18262
08114,15296.0
08115,3006.0
08116,0.0
08117,881.0
08118,15493.660240000001
08119,5904.40405
08120,2836.0
08121,107749.35812
08122,1741.56635
08123,18749.315690000003
08124,33797.0
08125,11860.62833
08126,356.06971999999996
08127,443.71474
08128,123.0
08129,29.0
08130,0.0
08131,237.97447
08132,85.0
08133,0.0
08134,827.4971899999999
08135,5799.53684
08136,11768.0
08137,257.0
08138,9007.84535
08139,0.0
08140,2015.31096
08141,750.83818
08142,0.0
08143,1349.0488300000002
08144,4.54452
08145,1055.6861999999999
08146,78.0
08147,6661.245
08148,1417.0
08149,577.5724799999999
08150,0.0
08151,0.0
08152,11.0
08153,595.0
08154,0.0
08155,4015.0
08156,5415.35019
08157,7997.500349999999
08158,1451.0
08159,12368.0
08160,85.0
08161,3554.6045299999996
08162,91.34253
08163,18663.151100000003
08164,0.0
08165,708.44843
08166,1255.1820500000001
08167,8108.0
08168,152.0
08169,40911.1347
08170,109.66625
08171,510.0
08172,10591.29233
08174,174.0
08175,2195.65981
08176,83.0
08177,0.0
08178,317.70893
08179,0.56893
08180,9210.15709
08181,7998.67559
08182,1233.32289
08183,3949.92891
08184,55071.634439999994
08185,0.0
08187,117441.76303
08188,0.0
08189,0.0
08190,66.0
08191,4998.21704
08192,2581.0
08193,111.0
08194,9309.0
08195,0.0
08196,8496.19121
08197,4211.0
08198,955.80005
08199,319.0
08200,44760.081340000004
08201,83.0
08202,14334.25307
08203,715.0
08204,4395.0
08205,77346.0
08206,33.37049
08207,1204.0
08208,8527.146560000001
08209,7733.15574
08210,3706.23279
08211,23902.19268
08212,18.71356
08213,2865.0
08214,8676.0
08215,1306.43154
08216,0.0
08217,13235.898070000001
08218,3592.12259
08219,12645.0
08220,298.38033
08221,4659.0
08222,239.0
08223,1519.30879
08224,372.0
08225,56.0
08226,319.0
08227,16.0
08228,0.0
08229,194.42876
08230,2376.88124
08231,20965.84852
08232,954.6924
08233,3170.0
08234,2123.0
08235,3472.0
08236,154.80715
08237,842.0
08238,8671.829609999999
08239,0.0
08240,7603.60935
08241,0.0
08242,25.0
08243,0.0
08244,2056.17584
08245,62531.02037
08246,158.31591999999998
08247,0.0
08248,4988.8735
08249,79.0
08250,4515.48231
08251,1072.88956
08252,24943.34399
08253,0.0
08254,1182.37871
08255,0.0
08256,47.0
08257,0.0
08258,75.0
08259,1326.25604
08260,9504.0
08261,10231.974460000001
08262,2961.8490899999997
08263,9046.71625
08264,2764.0
08265,632.0
08266,28846.26075
08267,6492.242
08268,51.0
08269,1101.0
08270,36193.0
08271,0.0
08272,0.0
08273,473.0
08274,3356.6506099999997
08275,0.0
08276,79.0
08277,26.0
08278,1924.0
08279,132277.05174
08280,0.0
08281,4759.0
08282,5821.0
08283,3526.82521
08284,8566.0
08285,5931.41898
08286,2453.73484
08287,0.0
08288,1545.83394
08289,933.8347
08290,284.0
08291,2999.0
08292,78.74730000000001
08293,0.0
08294,139.0
08295,13173.0
08296,485.33031
08297,0.0
08298,50294.0
08299,31.30197
08300,5894.11757
08301,25648.97914
08302,3790.91203
08303,0.0
08304,545.0
08305,18212.540370000002
08306,0.0
08307,52015.98627
08308,0.0
08901,25.0
08902,4223.0
08903,0.0
08904,4019.10568
08905,2071.28533
17001,799.93624
17002,73.41528
17003,0.0
17004,207.96996999999996
17005,0.0
17006,1223.0
17007,1037.0
17008,8053.71899
17009,4270.0
17010,67.31491
17011,7.0
17012,322.0
17013,5353.0
17014,0.0
17015,15374.93049
17016,506.53502000000003
17018,0.0
17019,4281.558349999999
17020,4066.14833
17021,0.0
17022,10767.16267
17023,37862.0
17024,1.0
17025,1102.0
17026,0.0
17027,2155.0
17028,0.0
17029,190.0
17030,107.0
17031,0.0
17032,2427.65726
17033,2992.32165
17034,16852.0
17035,84.0
17036,1620.0
17037,0.0
17038,409.0
17039,3268.0
17040,300.0
17041,73.0
17042,154.0
17043,133.0
17044,7251.71205
17046,1213.0
17047,17879.0
17048,27473.745030000002
17049,1123.0546299999999
17050,52.0
17051,60.0
17052,166.0
17054,449.0
17055,0.0
17056,1869.88175
17057,556.0
17058,108.0
17060,0.0
17061,0.0
17062,10941.0
17063,14.0
17064,182.0
17065,372.0
17066,36582.858700000004
17067,77.0
17068,138.0
17069,0.0
17070,0.0
17071,625.86851
17073,690.3405799999999
17074,127.22494999999999
17075,100.0
17076,0.0
17077,501.0
17078,89.0
17079,54972.51582
17080,267.20448
17081,0.0
17082,0.0
17083,2433.3241000000003
17084,98.0
17085,34.0
17086,2191.0
17087,0.0
17088,0.0
17089,2902.0
17090,114.0
17091,344.0
17092,4733.0
17093,723.10236
17094,1438.0
17095,42559.242840000006
17096,36.0
17097,101.0
17098,73.0
17099,0.0
17100,0.0
17101,36.0
17102,434.0
17103,6157.975759999999
17105,0.0
17106,86.0
17107,274.0
17109,314.113
17110,95.0
17111,298.0893
17112,445.0
17114,30017.95559
17115,200.0
17116,191.0
17117,9368.02989
17118,14990.54619
17119,0.0
17120,1541.70826
17121,0.0
17123,0.0
17124,2205.70428
17125,278.0
17126,120.0
17128,301.80432
17129,80.0
17130,0.0
17132,1935.14034
17133,901.0
17134,339.0
17135,49.0
17136,0.0
17137,2427.60434
17138,896.0
17139,94.23267
17140,1856.0
17141,6694.33457
17142,759.5690999999999
17143,0.0
17144,0.0
17145,1305.0
17146,2004.0
17147,13195.7191
17148,1797.0
17149,208.0
17150,1669.43925
17151,80.0
17152,25217.42345
17153,0.0
17154,16.0
17155,24967.42029
17157,0.0
17158,64.0
17159,174.0
17160,12803.0
17161,419.0
17162,128.0
17163,2717.21369
17164,6391.0577
17165,217.0
17166,620.4953600000001
17167,2831.56235
17168,0.0
17169,1480.0
17170,273.0
17171,92.0
17172,306.0
17173,20.0
17174,193.0
17175,252.0
17176,93.0
17177,14.0
17178,1004.3705500000001
17180,8662.8484
17181,5931.71213
17182,0.0
17183,139.0
17184,680.2735
17185,4577.90921
17186,2390.0
17187,650.90071
17188,83.0
17189,1172.12177
17190,281.0
17191,102.0
17192,146.0
17193,1894.0
17194,9.0
17195,115.0
17196,38.0
17197,0.0
17198,421.0
17199,14765.0
17200,46.0
17201,123.0
17202,10377.832910000001
17203,40.0
17204,270.0
17205,0.0
17206,0.0
17207,1589.0
17208,73.0
17209,195.0
17210,228.0
17211,573.0
17212,47.0
17213,2605.0
17214,518.0
17215,2558.0
17216,91.0
17217,146.0
17218,410.0
17220,457.0
17221,1488.0
17222,0.0
17223,956.0
17224,94.0
17225,171.0
17226,78.0
17227,199.0
17228,41.0
17230,799.0
17232,66.0
17233,542.1280700000001
17234,65.0
17901,748.0
17902,1832.0
17903,699.3749799999999
25001,0.0
25002,283.0
25003,3355.65042
25004,449.49282
25005,0.0
25006,85.0
25007,1222.93444
25008,506.0
25009,98.0
25010,0.0
25011,6700.41179
25012,147.0
25013,461.0
25014,12.0
25015,42.0
25016,2476.2334
25017,162.0
25019,3747.0
25020,40.0
25021,710.0
25022,0.0
25023,2442.27311
25024,69.0
25025,0.0
25027,613.49195
25029,602.0
25030,0.0
25031,0.0
25032,0.0
25033,462.22639000000004
25034,2211.39212
25035,79.0
25036,40.0
25037,50.0
25038,1636.5699399999999
25039,120.0
25040,14620.0
25041,210.0
25042,620.0
25043,416.0
25044,0.0
25045,24.0
25046,127.0
25047,64.0
25048,1501.0
25049,44.0
25050,3300.0
25051,424.16876
25052,782.0
25053,760.0
25055,85.0
25056,129.77032
25057,0.0
25058,5020.0
25059,60.0
25060,37.0
25061,0.0
25062,1056.46121
25063,0.0
25064,0.0
25067,207.0
25068,375.74639
25069,90.0
25070,360.0
25071,0.0
25072,4602.87954
25073,122.0
25074,195.0
25075,0.0
25076,24.0
25077,377.01007
25078,2473.63349
25079,197.0
25081,315.0
25082,200.0
25085,0.0
25086,784.0
25087,0.0
25088,0.0
25089,0.0
25092,0.0
25093,165.0
25094,68.03807
25096,2501.21745
25097,0.0
25098,0.0
25099,217.0
25100,365.56194
25101,149.04941
25102,660.0
25103,53.0
25104,15.0
25105,60.0
25109,194.0
25110,3016.73918
25111,0.0
25112,123.38806
25113,819.4499599999999
25114,11.425450000000001
25115,264.0
25118,12.0
25119,912.75011
25120,127815.82893999999
25121,0.0
25122,130.0
25123,80.93462
25124,0.0
25125,89.0
25126,975.26387
25127,98.0
25128,0.0
25129,15.0
25130,285.76576
25131,42.0
25132,46.0
25133,476.8968
25134,73.68585
25135,566.78501
25136,0.04982
25137,12617.378120000001
25138,249.0
25139,177.0
25140,0.0
25141,0.0
25142,404.0
25143,22.0
25145,27.0
25146,0.11372
25148,0.0
25149,1229.0
25150,27.16901
25151,0.0
25152,0.0
25153,54.0
25154,95.0
25155,52.0
25156,36.08781
25157,0.0
25158,90.45822
25161,12.947629999999998
25163,204.0
25164,102.0
25165,0.0
25166,0.0
25167,0.91965
25168,28.0
25169,0.0
25170,141.0
25171,1203.0
25172,1754.0
25173,2015.27944
25174,183.0
25175,0.0
25176,219.0
25177,62.0
25179,0.0
25180,44.0
25181,227.0
25182,526.0
25183,194.0
25185,0.0
25186,1.665
25189,868.0
25190,120.0
25191,125.61405
25192,1119.17508
25193,31.0
25194,38.0
25196,0.0
25197,0.0
25200,21.0
25201,47.0
25202,0.0
25203,16418.38168
25204,2406.0
25205,169.0
25206,151.0
25207,4172.17806
25208,117.0
25209,1670.42616
25210,23.0
25211,25.0
25212,166.0
25215,68.0
25216,26.84255
25217,20321.0
25218,71.0
25219,0.0
25220,119.0
25221,32.0
25222,372.39267
25223,638.2439899999999
25224,28.0
25225,1411.82249
25226,189.0
25227,0.0
25228,2233.76088
25230,910.07591
25231,211.0
25232,1337.0
25233,68.0
25234,4019.0507000000002
25238,149.41867000000002
25239,271.0
25240,392.0
25242,772.0
25243,2212.71394
25244,540.0
25245,420.37841
25247,17.0
25248,249.38171
25249,0.0
25250,133.0
25251,383.0
25252,220.0
25253,85.0
25254,317.15371000000005
25255,280.98621
25901,42.0
25902,320.83191
25903,290.0
25904,0.0
25905,30.976689999999998
25906,71.0
25907,0.0
25908,12.0
25909,107.0
25910,0.0
25911,195.0
25912,1.4089500000000001
25913,0.0
43001,396.0
43002,787.07754
43003,258.157
43004,6641.53048
43005,6434.54692
43006,198.98870000000002
43007,409.15734000000003
43008,284.07776
43009,243.88665
43010,177.0
43011,94.38588
43012,2088.792
43013,8124.24247
43014,20669.2382
43015,17.0
43016,8210.53642
43017,127.9255
43018,144.60245
43019,580.2663299999999
43020,970.94872
43021,261.0
43022,55.849470000000004
43023,559.2214399999999
43024,803.02205
43025,367.84957
43026,127.0
43027,88.22538
43028,4581.6626
43029,36.0
43030,0.0
43031,430.0
43032,3.4796199999999997
43033,123.0
43034,185.0
43035,55.05452
43036,171.0
43037,44006.45132
43038,47626.54484
43039,114.99513
43040,64.42932
43041,53.53737
43042,2036.0
43043,1188.0
43044,3010.91263
43045,114.78594
43046,300.0
43047,450.0
43048,233.0
43049,978.69263
43050,2509.0
43051,22538.0
43052,403.69124
43053,260.37951
43054,2714.53071
43055,2152.52315
43056,0.6242300000000001
43057,40.740370000000006
43058,75.40396000000001
43059,265.0
43060,1081.0
43061,102.0
43062,66.12980999999999
43063,36.0
43064,2026.9941999999999
43065,230.0
43066,0.0
43067,26.09482
43068,338.0
43069,87.53825
43070,299.25257
43071,118.40173
43072,0.0
43073,0.0
43074,941.4117
43075,127.0
43076,302.06696999999997
43077,328.99374
43078,689.08928
43079,298.0
43080,175.0
43081,237.0
43082,92.97523
43083,19.0
43084,20.0
43085,87.48389
43086,6013.26358
43088,646.51261
43089,136.0
43090,953.0
43091,56.0
43092,9332.393820000001
43093,6442.82786
43094,523.01416
43095,3243.4227
43096,184.0
43097,606.0
43098,211.19875
43099,186.08225
43100,429.0
43101,91.0
43102,346.8712
43103,1668.0
43104,1083.96668
43105,67.80675
43106,579.58472
43107,243.0
43108,461.72745000000003
43109,1479.0
43110,75.16861999999999
43111,797.0
43112,65.35203
43113,225.06257
43114,60.47056
43115,111.0
43116,388.0
43117,68.34353
43118,150.0
43119,34.0
43120,208.0
43121,1052.44523
43122,0.0
43123,136171.08473
43124,55.0
43125,1326.3761100000002
43126,541.0
43127,273.05485
43128,304.06162
43129,3777.37732
43130,0.0
43131,6814.3457
43132,94.0
43133,6028.94873
43134,62.0
43135,236.0
43136,6806.79478
43137,860.6126899999999
43138,655.18853
43139,1764.0
43140,3897.21415
43141,40.0
43142,1712.12785
43143,0.0
43144,1342.2820800000002
43145,8538.35765
43146,0.0
43147,300.0
43148,176295.74197
43149,360.11571000000004
43150,881.74834
43151,25.95361
43152,50.6619
43153,25613.052649999998
43154,21.79535
43155,43563.972350000004
43156,5279.490650000001
43157,252.55075
43158,119.0
43159,147.0
43160,630.0
43161,17937.27075
43162,1807.34354
43163,66155.69999000001
43164,183.0
43165,552.01454
43166,1169.0
43167,99.0
43168,213.0
43169,338.0
43170,1154.81643
43171,18773.48719
43172,126.0
43173,0.0
43174,168.49181
43175,117.26415
43176,300.0
43177,135.17098000000001
43178,1797.30451
43901,8546.73484
43902,3305.76566
43903,1729.4991699999998
43904,216.0366
43905,26996.72116
43906,3026.35853
43907,439.0
06001,0.0
06002,599.0
06003,31.0
06004,512.0
06005,987.0
06006,3571.0
06007,270.0
06008,0.0
06009,0.0
06010,97.0
06011,9089.0
06012,1957.0
06013,0.0
06014,2797.0
06015,37321.0
06016,676.0
06017,396.0
06018,44.0
06019,477.0
06020,113.0
06021,225.0
06022,1334.0
06023,1520.0
06024,207.0
06025,1023.0
06026,210.0
06027,585.0
06028,0.0
06029,676.0
06030,0.0
06031,50.0
06032,0.0
06033,265.0
06034,0.0
06035,888.0
06036,2237.0
06037,75.0
06038,0.0
06039,79.0
06040,0.0
06041,20.0
06042,198.0
06043,0.0
06044,10283.0
06045,0.0
06046,0.0
06047,333.0
06048,0.0
06049,320.0
06050,68.0
06051,1075.0
06052,1335.0
06053,35.0
06054,1682.0
06055,240.0
06056,118.0
06057,0.0
06058,0.0
06059,365.0
06060,746.0
06061,48.0
06062,618.0
06063,1113.0
06064,359.0
06065,78.0
06066,294.0
06067,0.0
06068,1516.0
06069,16.0
06070,3131.0
06071,14.0
06072,710.0
06073,148.0
06074,1590.0
06075,0.0
06076,0.0
06077,0.0
06078,16.0
06079,522.0
06080,0.0
06081,359.0
06082,50.0
06083,39833.0
06084,38.0
06085,637.0
06086,51.0
06087,1620.0
06088,2047.0
06089,63.0
06090,138.0
06091,0.0
06092,117.0
06093,1157.0
06094,625.0
06095,915.0
06096,102.0
06097,506.0
06098,18.0
06099,0.0
06100,0.0
06101,100.0
06102,646.0
06103,263.0
06104,40.0
06105,21.0
06106,61.0
06107,35.0
06108,0.0
06109,946.0
06110,38.0
06111,377.0
06112,23.0
06113,942.0
06114,0.0
06115,578.0
06116,260.0
06117,498.0
06118,0.0
06119,14.0
06120,856.0
06121,726.0
06122,3812.0
06123,707.0
06124,124.0
06125,29.0
06126,51.0
06127,0.0
06128,514.0
06129,76.0
06130,53.0
06131,0.0
06132,0.0
06133,626.0
06134,37.0
06135,0.0
06136,0.0
06137,0.0
06138,245.0
06139,0.0
06140,0.0
06141,437.0
06142,83.0
06143,532.0
06144,169.0
06145,0.0
06146,424.0
06147,43.0
06148,27.0
06149,5413.0
06150,0.0
06151,62.0
06152,249.0
06153,2387.0
06154,1716.0
06155,74.0
06156,131.0
06157,41.0
06158,5841.0
06159,314.0
06160,707.0
06161,0.0
06162,182.0
06901,434.0
06902,55.0
10001,0.0
10002,0.0
10003,67.0
10004,0.0
10005,0.0
10006,38.0
10007,0.0
10008,1469.0
10009,187.0
10010,155.0
10011,136.0
10012,0.0
10013,0.0
10014,0.0
10015,44.0
10016,11.0
10017,59.0
10018,147.0
10019,0.0
10020,197.0
10021,53.0
10022,0.0
10023,0.0
10024,1440.0
10025,0.0
10026,0.0
10027,20.0
10028,0.0
10029,0.0
10030,0.0
10031,196.0
10032,582.0
10033,0.0
10034,0.0
10035,164.0
10036,18.0
10037,32848.0
10038,0.0
10039,27.0
10040,0.0
10041,0.0
10042,0.0
10043,114.0
10044,270.0
10045,579.0
10046,59.0
10047,385.0
10048,205.0
10049,0.0
10050,555.0
10051,183.0
10052,35.0
10053,0.0
10054,0.0
10055,28.0
10056,106.0
10057,335.0
10058,0.0
10059,0.0
10060,35.0
10061,0.0
10062,274.0
10063,0.0
10064,42.0
10065,0.0
10066,170.0
10067,6028.0
10068,61.0
10069,14.0
10070,42.0
10071,0.0
10072,0.0
10073,0.0
10075,63.0
10076,114.0
10077,0.0
10078,90.0
10079,0.0
10080,37.0
10081,84.0
10082,126.0
10083,0.0
10084,0.0
10085,0.0
10086,0.0
10087,18.0
10088,0.0
10089,0.0
10090,0.0
10091,224.0
10092,97.0
10093,0.0
10094,0.0
10095,159.0
10096,715.0
10097,0.0
10098,42.0
10099,26.0
10100,216.0
10101,0.0
10102,243.0
10103,0.0
10104,541.0
10105,617.0
10106,0.0
10107,108.0
10108,42.0
10109,676.0
10110,355.0
10111,72.0
10112,0.0
10113,695.0
10114,0.0
10115,144.0
10116,82.0
10117,49.0
10118,330.0
10119,162.0
10120,11.0
10121,25.0
10122,26.0
10123,58.0
10124,68.0
10125,0.0
10126,160.0
10127,204.0
10128,3887.0
10129,0.0
10130,0.0
10131,1671.0
10132,126.0
10133,269.0
10134,297.0
10135,324.0
10136,0.0
10137,11.0
10138,0.0
10139,0.0
10140,136.0
10141,235.0
10142,0.0
10143,0.0
10144,87.0
10145,0.0
10146,46.0
10147,186.0
10148,23256.0
10149,527.0
10150,105.0
10151,11.0
10152,0.0
10153,127.0
10154,37.0
10155,106.0
10156,0.0
10157,60.0
10158,0.0
10159,5.0
10160,0.0
10161,19.0
10162,588.0
10163,39.0
10164,0.0
10165,36.0
10166,0.0
10167,0.0
10168,637.0
10169,678.0
10170,0.0
10171,0.0
10172,0.0
10173,0.0
10174,10.0
10175,101.0
10176,0.0
10177,0.0
10178,76.0
10179,32.0
10180,2949.0
10181,96.0
10182,0.0
10183,498.0
10184,37.0
10185,36.0
10186,0.0
10187,0.0
10188,35.0
10189,477.0
10190,90.0
10191,42.0
10192,238.0
10193,53.0
10194,155.0
10195,676.0
10196,69.0
10197,446.0
10198,110.0
10199,45.0
10200,0.0
10201,19.0
10202,97.0
10203,1339.0
10204,0.0
10205,0.0
10206,0.0
10207,0.0
10208,59.0
10209,209.0
10210,372.0
10211,0.0
10212,881.0
10213,0.0
10214,0.0
10215,0.0
10216,0.0
10217,0.0
10218,0.0
10219,265.0
10901,85.0
10902,0.0
10903,6.0
15001,220.0
15002,4104.0
15003,0.0
15004,1967.0
15005,1736.0
15006,1342.0
15007,7.0
15008,371.0
15009,2873.0
15010,0.0
15011,8646.0
15012,963.0
15013,1502.0
15014,421.0
15015,0.0
15016,2109.0
15017,4449.0
15018,88.0
15019,3385.0
15020,1467.0
15021,1180.0
15022,1147.0
15023,1281.0
15024,1868.0
15025,0.0
15026,0.0
15027,0.0
15028,79.0
15029,761.0
15030,72720.0
15031,8438.0
15032,674.0
15033,62.0
15034,0.0
15035,2525.0
15036,30197.0
15037,895.0
15038,170.0
15039,0.0
15040,1611.0
15041,1997.0
15042,831.0
15043,215.0
15044,0.0
15045,408.0
15046,2085.0
15047,219.0
15048,4088.0
15049,186.0
15050,166.0
15051,197.0
15052,203.0
15053,1933.0
15054,12579.0
15055,1275.0
15056,1188.0
15057,2130.0
15058,4747.0
15059,5002.0
15060,1689.0
15061,2559.0
15062,1186.0
15063,177.0
15064,167.0
15065,933.0
15066,0.0
15067,2589.0
15068,1595.0
15069,0.0
15070,13.0
15071,3898.0
15072,4154.0
15073,6174.0
15074,69.0
15075,1226.0
15076,245.0
15077,1319.0
15078,58300.0
15079,200.0
15080,97.0
15081,783.0
15082,2155.0
15083,138.0
15084,1137.0
15085,0.0
15086,0.0
15087,685.0
15088,493.0
15089,768.0
15090,184.0
15091,0.0
15092,1006.0
15093,0.0
15901,563.0
27001,27.0
27002,262.0
27003,72.0
27004,69.0
27005,0.0
27006,0.0
27007,247.0
27008,32.0
27009,246.0
27010,1379.0
27011,89.0
27012,0.0
27013,2380.0
27014,0.0
27015,782.0
27016,2766.0
27017,23.0
27018,200.0
27019,998.0
27020,52.0
27021,63.0
27022,328.0
27023,53.0
27024,276.0
27025,0.0
27026,175.0
27027,391.0
27028,42075.0
27029,239.0
27030,448.0
27031,2315.0
27032,984.0
27033,56.0
27034,0.0
27035,0.0
27037,0.0
27038,242.0
27039,83.0
27040,597.0
27041,281.0
27042,312.0
27043,372.0
27044,935.0
27045,0.0
27046,65.0
27047,920.0
27048,786.0
27049,99.0
27050,1856.0
27051,1266.0
27052,124.0
27053,0.0
27054,371.0
27055,0.0
27056,206.0
27057,1569.0
27058,277.0
27059,327.0
27060,164.0
27061,58.0
27062,0.0
27063,231.0
27064,228.0
27065,3977.0
27066,5977.0
27901,176.0
27902,1503.0
32001,2830.0
32002,60.0
32003,134.0
32004,1633.0
32005,366.0
32006,418.0
32007,147.0
32008,306.0
32009,2304.0
32010,0.0
32011,0.0
32012,765.0
32013,558.0
32014,697.0
32015,41.0
32016,280.0
32017,0.0
32018,603.0
32019,3463.0
32020,190.0
32021,334.0
32022,0.0
32023,215.0
32024,1459.0
32025,46.0
32026,103.0
32027,330.0
32028,181.0
32029,28.0
32030,140.0
32031,116.0
32032,3964.0
32033,88.0
32034,147.0
32035,109.0
32036,372.0
32037,561.0
32038,161.0
32039,261.0
32040,22.0
32041,79.0
32042,195.0
32043,675.0
32044,0.0
32045,56.0
32046,0.0
32047,0.0
32048,411.0
32049,0.0
32050,62.0
32051,307.0
32052,199.0
32053,137.0
32054,48080.0
32055,0.0
32056,405.0
32057,0.0
32058,320.0
32059,401.0
32060,412.0
32061,293.0
32062,418.0
32063,386.0
32064,44.0
32065,0.0
32066,75.0
32067,307.0
32068,92.0
32069,1884.0
32070,130.0
32071,585.0
32072,2350.0
32073,357.0
32074,72.0
32075,0.0
32076,850.0
32077,167.0
32078,30.0
32079,532.0
32080,0.0
32081,167.0
32082,107.0
32083,30.0
32084,20.0
32085,4549.0
32086,14.0
32087,0.0
32088,297.0
32089,0.0
32090,24.0
32091,0.0
32092,589.0
36001,355.0
36002,356.0
36003,823.0
36004,1962.0
36005,2697.0
36006,3630.0
36007,0.0
36008,3209.0
36009,1034.0
36010,1511.0
36011,168.0
36012,0.0
36013,493.0
36014,9.0
36015,19.0
36016,0.0
36017,4306.0
36018,652.0
36019,117.0
36020,346.0
36021,1075.0
36022,5737.0
36023,1167.0
36024,4940.0
36025,0.0
36026,2735.0
36027,41.0
36028,429.0
36029,3445.0
36030,78.0
36031,0.0
36032,326.0
36033,3763.0
36034,0.0
36035,4978.0
36036,105.0
36037,18.0
36038,23928.0
36039,2274.0
36040,446.0
36041,8571.0
36042,2222.0
36043,1011.0
36044,0.0
36045,7080.0
36046,0.0
36047,0.0
36048,176.0
36049,1092.0
36050,2486.0
36051,10777.0
36052,2618.0
36053,86.0
36054,42.0
36055,524.0
36056,0.0
36057,46004.0
36058,532.0
36059,723.0
36060,19477.0
36061,1777.0
36901,492.0
28001,0.0
28002,1527.0
28003,0.0
28004,1527.0
28005,91790.0
28006,25248.0
28007,127655.0
28008,327.0
28009,16203.0
28010,609.0
28011,49.0
28012,108.0
28013,44738.0
28014,39504.0
28015,0.0
28016,0.0
28017,309.0
28018,494.0
28019,85.0
28020,188.0
28021,0.0
28022,29091.0
28023,1679.0
28024,0.0
28025,0.0
28026,3095.0
28027,241.0
28028,74.0
28029,0.0
28030,0.0
28031,77.0
28032,1701.0
28033,2383.0
28034,0.0
28035,0.0
28036,871.0
28037,1374.0
28038,179.0
28039,0.0
28040,5425.0
28041,1166.0
28042,111.0
28043,2269.0
28044,1921.0
28045,0.0
28046,2389.0
28047,27920.0
28048,0.0
28049,39685.0
28050,356.0
28051,664.0
28052,2584.0
28053,6664.0
28054,6670.0
28055,427.0
28056,233.0
28057,761.0
28058,50688.0
28059,2057.0
28060,0.0
28061,23174.0
28062,339.0
28063,0.0
28064,0.0
28065,48949.0
28066,1273.0
28067,688.0
28068,3095.0
28069,0.0
28070,23.0
28071,0.0
28072,1139.0
28073,3067.0
28074,35472.0
28075,2215.0
28076,0.0
28078,87.0
28079,6347900.0
28080,20742.0
28082,1772.0
28083,2171.0
28084,3283.0
28085,1106.0
28086,1541.0
28087,799.0
28088,62.0
28089,951.0
28090,5450.0
28091,495.0
28092,93045.0
28093,0.0
28094,15.0
28095,300.0
28096,38194.0
28097,0.0
28099,91.0
28100,2150.0
28101,351.0
28102,153.0
28104,0.0
28106,47051.0
28107,138.0
28108,1899.0
28109,52.0
28110,590.0
28111,46.0
28112,0.0
28113,15303.0
28114,0.0
28115,38140.0
28116,0.0
28117,0.0
28118,668.0
28119,3256.0
28120,263.0
28121,0.0
28122,17.0
28123,49666.0
28124,36.0
28125,1039.0
28126,0.0
28127,40384.0
28128,309.0
28129,0.0
28130,24544.0
28131,6555.0
28132,9310.0
28133,550.0
28134,10558.0
28135,350.0
28136,130.0
28137,907.0
28138,0.0
28140,2983.0
28141,3236.0
28143,0.0
28144,2574.0
28145,563.0
28146,36.0
28147,360.0
28148,69160.0
28149,5438.0
28150,2058.0
28151,1297.0
28152,12317.0
28153,944.0
28154,1341.0
28155,335.0
28156,443.0
28157,0.0
28158,0.0
28159,105.0
28160,4780.0
28161,20040.0
28162,82.0
28163,0.0
28164,79.0
28165,0.0
28166,189.0
28167,2502.0
28168,98.0
28169,1047.0
28170,567.0
28171,24.0
28172,1025.0
28173,69.0
28174,370.0
28175,26.0
28176,3364.0
28177,7322.0
28178,630.0
28179,120.0
28180,197.0
28181,13293.0
28182,0.0
28183,50.0
28901,0.0
28902,0.0
28903,0.0
30001,3533.0
30002,8694.0
30003,4114.0
30004,70.0
30005,33559.0
30006,156.0
30007,3048.0
30008,1094.0
30009,6410.0
30010,6487.0
30011,2636.0
30012,2776.0
30013,5624.0
30014,262.0
30015,21178.0
30016,138188.0
30017,10293.0
30018,8286.0
30019,8056.0
30020,1930.0
30021,14855.0
30022,7190.0
30023,324.0
30024,55455.0
30025,3849.0
30026,2820.0
30027,29012.0
30028,3980.0
30029,8796.0
30030,193926.0
30031,0.0
30032,2024.0
30033,6631.0
30034,0.0
30035,10190.0
30036,8029.0
30037,20237.0
30038,4718.0
30039,41707.0
30040,0.0
30041,5052.0
30042,690.0
30043,18343.0
30901,8525.0
30902,4482.0
31001,0.0
31002,135.0
31003,164.0
31004,40.0
31005,0.0
31006,1845.0
31007,289.0
31008,0.0
31009,1246.0
31010,2525.0
31011,173.0
31012,505.0
31013,0.0
31014,249.0
31015,2466.0
31016,1519.0
31017,0.0
31018,865.0
31019,857.0
31020,0.0
31021,0.0
31022,453.0
31023,0.0
31024,0.0
31025,175.0
31026,528.0
31027,1506.0
31028,0.0
31029,1206.0
31030,35.0
31031,309.0
31032,760.0
31033,50.0
31034,0.0
31035,0.0
31036,339.0
31037,0.0
31038,310.0
31039,143.0
31040,196.0
31041,1141.0
31042,1632.0
31043,40.0
31044,211.0
31045,100.0
31046,77.0
31047,186.0
31048,160.0
31049,742.0
31050,8017.0
31051,87.0
31052,80.0
31053,616.0
31054,153.0
31055,443.0
31056,352.0
31057,1156.0
31058,0.0
31059,147.0
31060,1893.0
31061,38.0
31062,501.0
31063,42.0
31064,943.0
31065,1655.0
31066,818.0
31067,1291.0
31068,2120.0
31069,732.0
31070,10212.0
31071,0.0
31072,6130.0
31073,163.0
31074,212.0
31075,156.0
31076,1835.0
31077,6421.0
31078,673.0
31079,165.0
31080,382.0
31081,0.0
31082,330.0
31083,0.0
31084,1193.0
31085,7.0
31086,0.0
31087,0.0
31088,3570.0
31089,821.0
31090,66.0
31091,0.0
31092,0.0
31093,0.0
31094,74.0
31095,30.0
31096,52.0
31097,7876.0
31098,0.0
31099,0.0
31100,0.0
31101,1196.0
31102,0.0
31103,0.0
31104,3157.0
31105,1162.0
31106,1527.0
31107,1191.0
31108,1898.0
31109,0.0
31110,84.0
31111,0.0
31112,259.0
31113,100.0
31114,513.0
31115,388.0
31116,41.0
31117,0.0
31118,0.0
31119,0.0
31120,0.0
31121,0.0
31122,0.0
31123,1014.0
31124,0.0
31125,0.0
31126,44.0
31127,323.0
31128,125.0
31129,124.0
31130,327.0
31131,918.0
31132,0.0
31133,0.0
31134,0.0
31135,0.0
31136,0.0
31137,0.0
31138,513.0
31139,0.0
31140,0.0
31141,51.0
31142,0.0
31143,0.0
31144,0.0
31145,46.0
31146,146.0
31147,104.0
31148,84.0
31149,1836.0
31150,452.0
31151,228.0
31152,1910.0
31153,4989.0
31154,12.0
31155,409.0
31156,0.0
31157,456.0
31158,0.0
31159,2028.0
31160,0.0
31161,113.0
31162,38.0
31163,1507.0
31164,509.0
31165,1123.0
31166,30.0
31167,1414.0
31168,69.0
31169,4638.0
31170,0.0
31171,107.0
31172,299.0
31173,996.0
31174,0.0
31175,94.0
31176,0.0
31177,363.0
31178,344.0
31179,1549.0
31180,0.0
31181,0.0
31182,0.0
31183,228.0
31184,107.0
31185,470.0
31186,0.0
31187,78.0
31188,0.0
31189,804.0
31190,0.0
31191,5878.0
31192,926.0
31193,2572.0
31194,0.0
31195,637.0
31196,109.0
31197,6.0
31198,20.0
31199,423.0
31200,411.0
31201,89062.0
31202,2800.0
31203,0.0
31204,0.0
31205,64.0
31206,251.0
31207,132.0
31208,2845.0
31209,27.0
31210,357.0
31211,0.0
31212,14.0
31213,0.0
31214,0.0
31215,6254.0
31216,1671.0
31217,744.0
31219,60.0
31220,245.0
31221,1321.0
31222,0.0
31223,102.0
31224,562.0
31225,36.0
31226,300.0
31227,5288.0
31228,201.0
31229,167.0
31230,92.0
31231,0.0
31232,24072.0
31233,0.0
31234,0.0
31235,171.0
31236,517.0
31237,0.0
31238,0.0
31239,344.0
31240,115.0
31241,124.0
31242,0.0
31243,5.0
31244,0.0
31245,196.0
31246,430.0
31247,0.0
31248,397.0
31249,2853.0
31250,1089.0
31251,1398.0
31252,0.0
31253,0.0
31254,3336.0
31255,126.0
31256,0.0
31257,1440.0
31258,2724.0
31259,315.0
31260,510.0
31261,6.0
31262,0.0
31263,0.0
31264,655.0
31265,240.0
31901,1986.0
31902,6122.0
31903,966.0
31904,65.0
31905,2186.0
31906,0.0
31907,0.0
31908,2831.0
01001,1843.0
01002,2166.0
01003,431.0
01004,0.0
01006,0.0
01008,0.0
01009,1990.0
01010,1.0
01011,215.0
01013,0.0
01014,0.0
01016,137.0
01017,69.0
01018,0.0
01019,303.0
01020,0.0
01021,0.0
01022,324.0
01023,212.0
01027,0.0
01028,1586.0
01030,0.0
01031,641.0
01032,595.0
01033,116.0
01034,199.0
01036,0.0
01037,294.0
01039,88.0
01041,129.0
01042,483.0
01043,2171.0
01044,0.0
01046,0.0
01047,508.0
01049,229.0
01051,3837.0
01052,238.0
01053,0.0
01054,75.0
01055,1354.0
01056,257.0
01057,177.0
01058,0.0
01059,134521.0
01060,144.0
01061,0.0
01062,73.0
01063,0.0
01901,0.0
01902,0.0
20001,40.0
20002,234.0
20003,875.0
20004,0.0
20005,275.0
20006,0.0
20007,0.0
20008,693.0
20009,3907.0
20010,2290.0
20011,2427.0
20012,0.0
20013,8266.0
20014,1404.0
20015,603.0
20016,0.0
20017,10259.0
20018,7073.0
20019,6319.0
20020,130.0
20021,118.0
20022,1019.0
20023,480.0
20024,478.0
20025,180.0
20026,248.0
20027,1666.0
20028,2770.0
20029,3304.0
20030,5753.0
20031,57.0
20032,250.0
20033,1174.0
20034,2023.0
20035,0.0
20036,0.0
20037,81.0
20038,301.0
20039,1948.0
20040,2619.0
20041,0.0
20042,1155.0
20043,900.0
20044,540.0
20045,41908.0
20046,0.0
20047,0.0
20048,38.0
20049,0.0
20050,0.0
20051,1351.0
20052,454.0
20053,4653.0
20054,147.0
20055,7059.0
20056,5282.0
20057,436.0
20058,573.0
20059,5606.0
20060,52.0
20061,0.0
20062,224.0
20063,8297.0
20064,3526.0
20065,2004.0
20066,900.0
20067,16208.0
20068,0.0
20069,83350.0
20070,1241.0
20071,10214.0
20072,1364.0
20073,2816.0
20074,10197.0
20075,2848.0
20076,3263.0
20077,1370.0
20078,137.0
20079,18407.0
20080,0.0
20081,0.0
20901,822.0
20902,4599.0
20903,1262.0
20904,198.0
20905,185.0
20906,14.0
20907,162.0
48001,3469.0
48002,4787.0
48003,5549.0
48004,0.0
48005,0.0
48006,0.0
48007,158.0
48008,146.0
48009,515.0
48010,130.0
48011,7510.0
48012,2705.0
48013,16732.0
48014,0.0
48015,6793.0
48016,1786.0
48017,2910.0
48018,760.0
48019,603.0
48020,687.0
48021,0.0
48022,2225.0
48023,0.0
48024,1062.0
48025,164.0
48026,1193.0
48027,0.0
48028,356.0
48029,0.0
48030,0.0
48031,11.0
48032,1848.0
48033,51.0
48034,2514.0
48035,27.0
48036,0.0
48037,273.0
48038,0.0
48039,0.0
48040,474.0
48041,547.0
48042,95.0
48043,0.0
48044,35044.0
48045,801.0
48046,3905.0
48047,150.0
48048,0.0
48049,428.0
48050,0.0
48051,0.0
48052,333.0
48053,271.0
48054,0.0
48055,0.0
48056,611.0
48057,4851.0
48058,1010.0
48059,797.0
48060,2339.0
48061,596.0
48062,0.0
48063,212.0
48064,219.0
48065,0.0
48066,154.0
48067,43.0
48068,1568.0
48069,2995.0
48070,170.0
48071,0.0
48072,238.0
48073,800.0
48074,2875.0
48075,406.0
48076,0.0
48077,451.0
48078,6184.0
48079,590.0
48080,0.0
48081,0.0
48082,20295.0
48083,3173.0
48084,0.0
48085,700.0
48086,0.0
48087,0.0
48088,66.0
48089,0.0
48090,4091.0
48091,975.0
48092,4.0
48093,666.0
48094,1108.0
48095,1987.0
48096,0.0
48097,0.0
48901,2901.0
48902,0.0
48903,0.0
48904,0.0
48905,0.0
48906,664.0
48907,119.0
48908,0.0
48909,263.0
48910,2097.0
48911,0.0
48912,4242.0
48913,0.0
48914,0.0
48915,339.0
26001,40.0
26002,122.0
26003,395.0
26004,0.0
26005,0.0
26006,929.0
26007,410.0
26008,2647.0
26009,0.0
26010,0.0
26011,2370.0
26012,0.0
26013,39.0
26014,55.0
26015,0.0
26016,0.0
26017,29.0
26018,5055.0
26019,0.0
26020,1948.0
26021,739.0
26022,0.0
26023,28.0
26024,35.0
26025,0.0
26026,282.0
26027,0.0
26028,169.0
26029,0.0
26030,0.0
26031,0.0
26032,51.0
26033,160.0
26034,0.0
26035,0.0
26036,13698.0
26037,48.0
26038,0.0
26039,0.0
26040,0.0
26041,63.0
26042,529.0
26043,42.0
26044,0.0
26045,0.0
26046,1861.0
26047,545.0
26048,0.0
26049,0.0
26050,0.0
26051,7.0
26052,0.0
26053,7.0
26054,101.0
26055,0.0
26056,887.0
26057,0.0
26058,29.0
26059,1064.0
26060,0.0
26061,433.0
26062,0.0
26063,60.0
26064,1887.0
26065,0.0
26066,37.0
26067,0.0
26068,0.0
26069,66.0
26070,30.0
26071,7788.0
26072,437.0
26073,35.0
26074,0.0
26075,0.0
26076,27.0
26077,0.0
26078,0.0
26079,450.0
26080,0.0
26081,41.0
26082,162.0
26083,54.0
26084,4518.0
26086,0.0
26087,52.0
26088,0.0
26089,53650.0
26091,12.0
26092,26.0
26093,0.0
26094,23.0
26095,80.0
26096,0.0
26098,0.0
26099,2715.0
26100,0.0
26101,0.0
26102,4116.0
26103,0.0
26104,0.0
26105,387.0
26106,0.0
26107,0.0
26108,0.0
26109,607.0
26110,0.0
26111,901.0
26112,512.0
26113,8.0
26114,0.0
26115,0.0
26117,3182.0
26118,70.0
26119,159.0
26120,285.0
26121,12.0
26122,0.0
26123,181.0
26124,888.0
26125,1110.0
26126,0.0
26127,83.0
26128,0.0
26129,546.0
26130,0.0
26131,0.0
26132,0.0
26134,0.0
26135,78.0
26136,0.0
26138,2472.0
26139,164.0
26140,0.0
26141,206.0
26142,305.0
26143,493.0
26144,0.0
26145,0.0
26146,94.0
26147,0.0
26148,227.0
26149,25.0
26150,17.0
26151,114.0
26152,0.0
26153,0.0
26154,0.0
26155,204.0
26157,320.0
26158,144.0
26160,138.0
26161,0.0
26162,0.0
26163,0.0
26164,0.0
26165,0.0
26166,72.0
26167,20.0
26168,1057.0
26169,0.0
26170,344.0
26171,27.0
26172,0.0
26173,0.0
26174,21.0
26175,0.0
26176,6.0
26177,170.0
26178,41.0
26179,0.0
26180,290.0
26181,0.0
26183,0.0
03001,0.0
03002,1781.0
03003,0.0
03004,226.0
03005,2778.0
03006,87.0
03007,0.0
03008,0.0
03009,35624.0
03010,48.0
03011,7761.0
03012,2982.0
03013,148.0
03014,150540.0
03015,6218.0
03016,0.0
03017,0.0
03018,4538.0
03019,8751.0
03020,7.0
03021,1711.0
03022,0.0
03023,767.0
03024,87.0
03025,244.0
03026,0.0
03027,0.0
03028,39.0
03029,0.0
03030,58.0
03031,74049.0
03032,0.0
03033,100.0
03034,1342.0
03035,202.0
03036,0.0
03037,54.0
03038,0.0
03039,0.0
03040,0.0
03041,2044.0
03042,635.0
03043,384.0
03044,5708.0
03045,0.0
03046,411.0
03047,25354.0
03048,2808.0
03049,11386.0
03050,12336.0
03051,0.0
03052,0.0
03053,963.0
03054,0.0
03055,1857.0
03056,3455.0
03057,0.0
03058,150.0
03059,7911.0
03060,10.0
03061,546.0
03062,849.0
03063,29033.0
03064,4640.0
03065,147483.0
03066,16745.0
03067,25.0
03068,0.0
03069,8090.0
03070,121.0
03071,2046.0
03072,57.0
03073,41.0
03074,53.0
03075,605.0
03076,12594.0
03077,16.0
03078,66.0
03079,11056.0
03080,92.0
03081,123.0
03082,38087.0
03083,820.0
03084,200.0
03085,0.0
03086,49.0
03088,4322.0
03089,10593.0
03090,6873.0
03091,0.0
03092,2387.0
03093,14183.0
03094,5700.0
03095,1676.0
03096,764.0
03097,890.0
03098,62.0
03099,42854.0
03100,46.0
03101,3669.0
03102,8190.0
03103,158.0
03104,14183.0
03105,5920.0
03106,231.0
03107,4329.0
03109,300.0
03110,76.0
03111,917.0
03112,265.0
03113,0.0
03114,98.0
03115,0.0
03116,0.0
03117,53.0
03118,3407.0
03119,4745.0
03120,589.0
03121,5237.0
03122,20148.0
03123,5594.0
03124,0.0
03125,0.0
03127,131.0
03128,7908.0
03129,601.0
03130,0.0
03131,12.0
03132,622.0
03133,62654.0
03134,0.0
03135,0.0
03136,0.0
03137,371.0
03138,1351.0
03139,14388.0
03140,10000.0
03901,0.0
03902,12087.0
03903,506.0
03904,501.0
12001,0.0
12002,0.0
12003,318.0
12004,3142.0
12005,10656.0
12006,0.0
12007,161.0
12008,0.0
12009,8173.0
12010,63.0
12011,2615.0
12012,2757.0
12013,0.0
12014,0.0
12015,67.0
12016,564.0
12017,30.0
12018,101.0
12020,0.0
12021,3749.0
12022,628.0
12024,0.0
12025,108.0
12026,585.0
12027,10723.0
12028,16734.0
12029,215.0
12031,2293.0
12032,24912.0
12033,1801.0
12034,225.0
12036,138.0
12037,0.0
12038,0.0
12039,539.0
12040,95655.0
12041,0.0
12042,117.0
12043,314.0
12044,0.0
12045,0.0
12046,0.0
12048,170.0
12049,0.0
12050,892.0
12051,0.0
12052,216.0
12053,3698.0
12055,39.0
12056,66.0
12057,212.0
12058,63.0
12059,46.0
12060,28.0
12061,453.0
12063,0.0
12064,7.0
12065,98.0
12067,0.0
12068,15.0
12069,68.0
12070,327.0
12071,103.0
12072,1369.0
12073,85.0
12074,0.0
12075,0.0
12076,53.0
12077,726.0
12078,0.0
12079,765.0
12080,656.0
12081,2307.0
12082,5029.0
12083,0.0
12084,5604.0
12085,208.0
12087,0.0
12088,0.0
12089,10034.0
12090,0.0
12091,0.0
12092,54.0
12093,0.0
12094,145.0
12095,120.0
12096,745.0
12097,0.0
12098,190.0
12099,0.0
12100,698.0
12101,77.0
12102,733.0
12103,0.0
12104,5986.0
12105,311.0
12106,922.0
12107,39.0
12108,327.0
12109,0.0
12110,0.0
12111,161.0
12112,0.0
12113,50.0
12114,121.0
12115,148.0
12116,64.0
12117,1188.0
12118,0.0
12119,0.0
12120,13.0
12121,195.0
12122,481.0
12123,13.0
12124,68.0
12125,126.0
12126,18487.0
12127,105.0
12128,797.0
12129,546.0
12130,285.0
12131,0.0
12132,0.0
12133,0.0
12134,0.0
12135,21488.0
12136,127.0
12137,0.0
12138,13185.0
12139,80.0
12140,552.0
12141,0.0
12142,0.0
12901,2269.0
12902,1345.0
46001,124.0
46002,642.0
46003,398.0
46004,60.0
46005,28970.0
46006,3272.0
46007,3339.0
46008,0.0
46009,1011.0
46010,95.0
46011,3741.0
46012,339.0
46013,19469.0
46014,1382.0
46015,1917.0
46016,415.0
46017,13146.0
46018,0.0
46019,9070.0
46020,1855.0
46021,15017.0
46022,8933.0
46023,99.0
46024,383.0
46025,851.0
46026,58.0
46027,263.0
46028,81.0
46029,12997.0
46030,220.0
46031,1342.0
46032,3178.0
46033,0.0
46034,445.0
46035,10110.0
46036,245.0
46037,613.0
46038,0.0
46039,2673.0
46040,194.0
46041,14.0
46042,2386.0
46043,0.0
46044,908.0
46045,0.0
46046,669.0
46047,13.0
46048,514.0
46049,97.0
46050,18.0
46051,4328.0
46052,526.0
46053,346.0
46054,3830.0
46055,144.0
46056,34.0
46057,291.0
46058,191.0
46059,954.0
46060,8251.0
46061,0.0
46062,1839.0
46063,2015.0
46064,0.0
46065,1224.0
46066,876.0
46067,2030.0
46068,48.0
46069,54.0
46070,2465.0
46071,12.0
46072,1231.0
46073,389.0
46074,649.0
46075,70.0
46076,0.0
46077,4457.0
46078,23105.0
46079,43.0
46080,202.0
46081,1244.0
46082,0.0
46083,16578.0
46084,290.0
46085,2725.0
46086,47.0
46087,46.0
46088,0.0
46089,1849.0
46090,2723.0
46091,34.0
46092,0.0
46093,107.0
46094,16529.0
46095,312.0
46096,135.0
46097,711.0
46098,597.0
46099,0.0
46100,43.0
46101,0.0
46102,15275.0
46103,249.0
46104,346.0
46105,22457.0
46106,539.0
46107,854.0
46108,345.0
46109,1361.0
46110,18153.0
46111,3435.0
46112,712.0
46113,1047.0
46114,0.0
46115,0.0
46116,2499.0
46117,156.0
46118,3272.0
46119,797.0
46120,637.0
46121,0.0
46122,519.0
46123,559.0
46124,636.0
46125,0.0
46126,1889.0
46127,353.0
46128,264.0
46129,93.0
46130,36.0
46131,114347.0
46132,694.0
46133,0.0
46134,1459.0
46135,8325.0
46136,1320.0
46137,144.0
46138,96.0
46139,2341.0
46140,373.0
46141,0.0
46142,520.0
46143,2855.0
46144,40.0
46145,11952.0
46146,1590.0
46147,9063.0
46148,1027.0
46149,89.0
46150,998.0
46151,309.0
46152,0.0
46153,43.0
46154,72.0
46155,1294.0
46156,266.0
46157,785.0
46158,195.0
46159,20529.0
46160,504.0
46161,427.0
46162,0.0
46163,747.0
46164,0.0
46165,1424.0
46166,1063.0
46167,0.0
46168,0.0
46169,24401.0
46170,932.0
46171,8333.0
46172,5182.0
46173,932.0
46174,309.0
46175,234.0
46176,686.0
46177,2954.0
46178,2907.0
46179,2592.0
46180,1317.0
46181,14012.0
46182,606.0
46183,4905.0
46184,20571.0
46185,62.0
46186,7371.0
46187,393.0
46188,46.0
46189,468.0
46190,29262.0
46191,1615.0
46192,102.0
46193,8460.0
46194,6219.0
46195,671.0
46196,7.0
46197,48.0
46198,630.0
46199,2067.0
46200,2012.0
46201,0.0
46202,9781.0
46203,1620.0
46204,4748.0
46205,7057.0
46206,514.0
46207,6186.0
46208,506.0
46209,348.0
46210,240.0
46211,2037.0
46212,546.0
46213,8489.0
46214,2907.0
46215,126.0
46216,1733.0
46217,182.0
46218,1646.0
46219,0.0
46220,28402.0
46221,169.0
46222,382.0
46223,4781.0
46224,0.0
46225,136.0
46226,0.0
46227,564.0
46228,2736.0
46229,0.0
46230,13773.0
46231,121.0
46232,0.0
46233,815.0
46234,116.0
46235,9237.0
46236,48.0
46237,2284.0
46238,14227.0
46239,31.0
46240,0.0
46241,261.0
46242,195.0
46243,201.0
46244,48470.0
46245,10.0
46246,102.0
46247,199.0
46248,3516.0
46249,3195.0
46250,886200.0
46251,2159.0
46252,118.0
46253,61.0
46254,125.0
46255,1944.0
46256,854.0
46257,1893.0
46258,1638.0
46259,0.0
46260,56.0
46261,574.0
46262,96.0
46263,0.0
46902,229.0
46903,2168.0
46904,12.0
51001,207131.0
52001,112880.0
