Codigo Municipio,NÂº Explotaciones Ganaderas
44001,9.0
40001,35.0
10001,18.0
27001,1602.0
48001,213.0
31001,2.0
09001,2.0
26001,2.0
20001,74.0
30001,54.0
50001,4.0
48002,130.0
30002,19.0
34001,3.0
31002,16.0
31003,31.0
31004,19.0
15001,747.0
42001,7.0
44002,1.0
25001,30.0
02001,8.0
13001,158.0
31005,3.0
10002,54.0
49002,4.0
16001,4.0
34003,2.0
22001,13.0
22002,16.0
04001,17.0
19002,1.0
31006,20.0
08001,7.0
04002,37.0
37001,17.0
28001,3.0
24001,48.0
10003,25.0
16002,2.0
06001,37.0
10004,63.0
10005,36.0
50002,2.0
06002,22.0
22003,20.0
47001,3.0
14001,241.0
05001,10.0
38001,53.0
46001,19.0
31007,4.0
19003,3.0
46002,1.0
04003,57.0
05002,52.0
09003,2.0
40002,8.0
42003,2.0
40003,9.0
03001,4.0
20002,47.0
35001,39.0
37002,23.0
25002,32.0
36020,898.0
50003,2.0
26002,13.0
03002,19.0
25003,101.0
42004,60.0
03003,9.0
18001,3.0
41001,12.0
50004,5.0
09006,2.0
47002,4.0
44003,4.0
44004,20.0
13002,169.0
22004,3.0
40004,27.0
34004,60.0
47003,24.0
31008,1.0
08002,22.0
14002,12.0
44005,11.0
26003,22.0
30003,82.0
50005,4.0
35002,159.0
17001,18.0
46004,5.0
38002,26.0
10006,102.0
37004,17.0
37003,23.0
06003,41.0
20016,405.0
31009,19.0
46042,3.0
46043,3.0
43001,6.0
17002,12.0
12002,1.0
22907,144.0
50006,12.0
22006,18.0
25038,17.0
20003,71.0
28002,5.0
26004,11.0
48911,70.0
45001,14.0
44006,24.0
50007,3.0
47004,35.0
50008,22.0
07002,237.0
21001,65.0
38003,21.0
29001,14.0
37005,23.0
28003,25.0
18002,14.0
37006,26.0
13003,48.0
19004,1.0
28004,1.0
25004,24.0
06004,59.0
41002,228.0
34005,12.0
37007,61.0
16003,16.0
19005,6.0
07001,79.0
25005,29.0
02002,19.0
44007,29.0
34006,9.0
37008,77.0
37009,46.0
02003,159.0
25006,14.0
46006,3.0
41003,2.0
46007,4.0
10007,89.0
13004,9.0
16004,12.0
46008,4.0
46009,1.0
46010,5.0
22007,40.0
19006,7.0
16005,8.0
44008,30.0
22008,13.0
04004,4.0
23001,11.0
17003,16.0
19007,10.0
44009,46.0
45003,6.0
02004,23.0
25007,7.0
03005,13.0
22009,110.0
26005,24.0
16006,4.0
19008,2.0
44010,16.0
37010,11.0
16007,18.0
37011,23.0
46011,6.0
26006,9.0
50010,1.0
22011,2.0
22012,5.0
22013,12.0
25008,32.0
25009,16.0
09009,8.0
43002,6.0
43003,2.0
20004,64.0
12003,67.0
04005,7.0
18003,17.0
18004,37.0
17004,23.0
46012,8.0
46013,8.0
02005,6.0
50012,2.0
05005,28.0
04006,118.0
30004,8.0
06005,4.0
46014,2.0
06006,685.0
18005,21.0
18006,48.0
18007,61.0
45004,2.0
02006,27.0
44011,6.0
50013,12.0
41004,78.0
22014,7.0
28005,9.0
50014,3.0
12004,48.0
44012,24.0
16008,5.0
11001,303.0
02007,21.0
22015,23.0
41005,10.0
11002,31.0
23002,198.0
03006,6.0
22016,72.0
26007,11.0
43004,17.0
25010,4.0
10008,230.0
30005,11.0
46016,1.0
16009,2.0
14003,170.0
02008,79.0
25011,188.0
46015,1.0
29002,40.0
23003,41.0
45006,41.0
13005,84.0
16010,3.0
47005,5.0
49003,51.0
44013,110.0
45005,26.0
13006,58.0
28006,8.0
19009,5.0
09010,5.0
16011,2.0
04007,23.0
13007,31.0
22017,50.0
45007,78.0
19010,2.0
19011,7.0
41006,33.0
03008,5.0
25012,9.0
10009,49.0
42006,13.0
37012,8.0
40005,10.0
06007,271.0
50015,11.0
16012,6.0
06008,64.0
04008,22.0
12005,25.0
28007,4.0
44014,53.0
19013,8.0
43005,32.0
03009,32.0
22018,44.0
42007,12.0
49004,13.0
13008,9.0
46018,14.0
07003,107.0
46019,3.0
46020,5.0
12006,5.0
10010,93.0
46021,14.0
43904,34.0
40012,13.0
47006,1.0
35020,112.0
10012,60.0
28008,10.0
37015,46.0
10013,38.0
13009,55.0
45008,22.0
10011,137.0
37013,42.0
37014,43.0
42009,10.0
40006,1.0
40007,17.0
40008,2.0
42010,1.0
42011,1.0
42012,4.0
47007,11.0
45009,57.0
26008,14.0
37017,8.0
45010,53.0
05007,30.0
40009,15.0
37018,19.0
10014,48.0
10015,37.0
40010,25.0
23004,19.0
37019,20.0
37020,12.0
05008,11.0
37021,14.0
37022,25.0
40013,6.0
37023,19.0
37024,9.0
05010,35.0
10016,27.0
42013,1.0
37026,58.0
37025,50.0
40015,9.0
42014,23.0
18010,16.0
40016,12.0
43006,33.0
30006,10.0
20005,59.0
01001,6.0
43007,5.0
08003,2.0
42015,3.0
22019,3.0
26009,3.0
26010,3.0
18011,9.0
46022,3.0
03010,6.0
50017,13.0
44016,51.0
50018,9.0
22020,9.0
43008,20.0
49005,60.0
29003,24.0
29004,22.0
26011,65.0
46026,4.0
25013,20.0
46027,7.0
03011,5.0
25014,15.0
12007,2.0
43009,16.0
50019,3.0
27002,778.0
09011,17.0
39001,221.0
09907,7.0
09012,29.0
41007,10.0
24002,37.0
07004,186.0
41008,27.0
11003,38.0
19016,7.0
18012,55.0
16013,6.0
29005,15.0
29006,52.0
11004,84.0
46029,6.0
25015,28.0
28009,6.0
12008,9.0
46031,10.0
11005,151.0
49006,12.0
19017,3.0
03012,1.0
25016,62.0
30007,14.0
03013,1.0
04010,2.0
04011,10.0
50020,9.0
18013,225.0
30008,148.0
13010,36.0
29007,56.0
29008,75.0
18014,16.0
19018,4.0
10017,206.0
44017,52.0
16014,52.0
03014,51.0
18015,1.0
24003,41.0
25017,40.0
43010,10.0
10018,42.0
21002,29.0
06009,14.0
20006,69.0
33001,729.0
32001,288.0
44021,37.0
33002,976.0
31011,48.0
31012,2.0
44022,30.0
25019,69.0
29009,14.0
13011,139.0
41009,166.0
13012,34.0
13013,79.0
42017,9.0
42018,4.0
02009,60.0
24004,59.0
10019,24.0
49007,36.0
16015,5.0
29010,60.0
42019,51.0
26012,9.0
46032,5.0
25020,24.0
42020,31.0
12009,11.0
42021,7.0
12010,4.0
13014,9.0
14004,20.0
18016,45.0
49008,62.0
25021,143.0
42022,3.0
12011,5.0
47008,2.0
37027,6.0
37028,28.0
06010,121.0
45011,54.0
06011,16.0
21003,96.0
16016,3.0
41010,2.0
04013,100.0
50021,2.0
04014,1.0
13015,356.0
16017,17.0
14005,60.0
29011,125.0
19021,14.0
44018,5.0
10020,123.0
46034,2.0
50022,37.0
45012,12.0
19022,3.0
50023,18.0
50024,4.0
16018,7.0
21004,299.0
21005,410.0
03015,32.0
45013,32.0
43011,2.0
22021,61.0
50025,26.0
22022,23.0
22023,25.0
13016,8.0
46035,5.0
18017,57.0
44019,7.0
19023,2.0
48912,65.0
29012,229.0
25022,14.0
21006,162.0
19024,7.0
29013,33.0
17006,7.0
29014,30.0
42023,15.0
50026,8.0
28010,11.0
08004,8.0
02010,45.0
44020,7.0
25023,14.0
46036,76.0
18904,41.0
12901,5.0
22024,14.0
18018,3.0
04015,1.0
25024,57.0
09013,1.0
43012,1.0
16019,3.0
03018,17.0
22025,120.0
09014,11.0
31010,42.0
12012,38.0
20906,16.0
20007,59.0
19027,12.0
46017,14.0
05012,33.0
50027,20.0
28011,4.0
17007,15.0
15002,568.0
31013,59.0
43013,25.0
08005,15.0
09016,3.0
20008,163.0
33003,252.0
32002,155.0
48003,466.0
48004,98.0
43906,22.0
43014,55.0
34010,33.0
39002,150.0
01002,367.0
34011,17.0
47009,5.0
44024,6.0
40017,7.0
37029,33.0
28012,4.0
13017,22.0
31014,3.0
49009,40.0
46038,13.0
20009,173.0
44025,36.0
31015,4.0
07005,109.0
23005,184.0
50028,4.0
17008,15.0
25027,22.0
26013,1.0
22027,11.0
26014,38.0
19032,3.0
09017,1.0
39003,97.0
50029,8.0
46039,11.0
20010,40.0
19034,1.0
22028,29.0
04016,45.0
27003,606.0
46040,9.0
29015,404.0
35003,114.0
24005,31.0
34012,20.0
22029,14.0
20011,100.0
31017,37.0
31019,4.0
37031,5.0
21007,361.0
38004,45.0
22032,6.0
41011,29.0
40019,9.0
31020,155.0
48005,8.0
31025,52.0
20012,16.0
01003,215.0
31021,7.0
42024,4.0
09018,39.0
50031,22.0
50032,19.0
09019,6.0
15003,611.0
31023,27.0
28013,51.0
31024,20.0
31022,224.0
48006,20.0
19036,1.0
37032,24.0
31026,3.0
46041,25.0
09020,18.0
09021,4.0
09022,1.0
12013,1.0
19037,4.0
25029,57.0
19038,2.0
31027,19.0
36001,235.0
04017,32.0
43015,1.0
43016,1.0
17009,27.0
16905,13.0
31028,31.0
37033,3.0
49010,20.0
30009,21.0
29016,6.0
29017,66.0
45015,8.0
37034,14.0
40020,17.0
09023,8.0
31029,6.0
42025,55.0
11006,270.0
49011,15.0
16022,6.0
44026,12.0
29018,49.0
50033,5.0
24006,17.0
48093,47.0
31030,16.0
22035,64.0
05013,22.0
13903,1.0
29019,16.0
39004,281.0
13018,7.0
05014,70.0
18020,64.0
42026,2.0
09024,5.0
44027,7.0
08006,11.0
08007,10.0
26015,3.0
15004,35.0
12014,89.0
31031,55.0
20013,90.0
05015,13.0
40021,2.0
05016,29.0
42027,17.0
13019,73.0
13020,63.0
28014,5.0
24007,29.0
22036,3.0
49012,8.0
17010,7.0
12015,4.0
44028,25.0
43017,2.0
08009,8.0
08008,11.0
45016,6.0
39005,23.0
31032,19.0
22037,11.0
16024,3.0
49013,34.0
31033,18.0
07901,108.0
31034,4.0
38005,93.0
09025,2.0
50034,32.0
44029,8.0
23006,25.0
23007,6.0
09026,8.0
31035,1.0
17011,3.0
37035,58.0
01006,2.0
40022,20.0
04018,8.0
26017,10.0
26018,17.0
43018,24.0
32003,19.0
39006,158.0
21008,535.0
38006,40.0
49014,10.0
23008,31.0
49015,15.0
01037,60.0
16025,3.0
48009,51.0
20055,160.0
48914,51.0
09027,1.0
01008,26.0
35004,24.0
39007,182.0
25031,10.0
29020,22.0
48010,81.0
48011,55.0
13021,43.0
31036,24.0
06012,19.0
10021,204.0
19042,3.0
23905,8.0
10023,120.0
28015,1.0
21009,253.0
10022,29.0
31037,3.0
26019,2.0
25032,6.0
07006,288.0
31038,19.0
12016,7.0
31039,2.0
48023,58.0
15005,429.0
35005,29.0
08010,34.0
25033,23.0
25034,127.0
50035,3.0
48008,151.0
01004,103.0
35006,126.0
15006,1261.0
43019,16.0
50036,1.0
25036,7.0
49016,17.0
01009,63.0
03019,16.0
20014,203.0
20903,100.0
39008,30.0
24008,13.0
34017,15.0
49017,14.0
29021,9.0
06013,29.0
37037,44.0
16026,6.0
19043,6.0
09029,5.0
47011,25.0
18022,13.0
20015,205.0
28016,1.0
50037,5.0
50038,7.0
31040,31.0
19044,6.0
48091,99.0
46003,3.0
12001,38.0
48070,95.0
31058,27.0
26020,13.0
42028,9.0
09030,10.0
34018,9.0
34019,19.0
26021,23.0
19045,4.0
05017,6.0
05018,6.0
25037,47.0
09032,7.0
08011,108.0
05019,125.0
33004,61.0
08012,53.0
17012,16.0
08013,10.0
32004,61.0
01010,431.0
21010,35.0
31041,4.0
22039,9.0
40024,56.0
02011,20.0
49018,20.0
46044,83.0
34020,2.0
31042,16.0
44031,6.0
22040,12.0
22041,9.0
20017,348.0
22042,20.0
41012,75.0
41013,53.0
26022,3.0
20018,403.0
06014,392.0
50039,18.0
12018,3.0
31043,1.0
19046,4.0
45017,16.0
01049,9.0
40018,8.0
50030,9.0
14006,205.0
31018,1.0
45014,11.0
37030,31.0
37038,6.0
04019,6.0
06015,523.0
08015,1.0
26023,3.0
44032,3.0
41014,6.0
50040,4.0
22043,7.0
14007,61.0
23009,56.0
08016,9.0
44033,10.0
50041,9.0
47012,6.0
09033,7.0
19047,6.0
23010,11.0
22044,43.0
36003,92.0
25039,40.0
31044,6.0
48012,84.0
25040,70.0
02012,8.0
09034,10.0
24009,70.0
22045,8.0
27004,659.0
08017,49.0
20904,19.0
02014,37.0
13022,6.0
22046,40.0
48090,99.0
03020,1.0
02013,13.0
08018,30.0
34022,39.0
32005,207.0
22047,1.0
32006,258.0
07007,8.0
03021,3.0
43020,6.0
17015,26.0
34024,3.0
16027,13.0
48013,120.0
27901,1318.0
42029,16.0
31045,3.0
32008,20.0
37040,11.0
09037,6.0
09038,4.0
09039,4.0
37041,45.0
22048,71.0
11007,119.0
25041,9.0
43021,4.0
08252,5.0
50043,8.0
40025,11.0
22049,4.0
42030,4.0
22051,50.0
06016,537.0
08019,3.0
34025,2.0
39009,164.0
39010,74.0
37042,23.0
16029,11.0
47013,11.0
49019,33.0
45018,4.0
05021,36.0
32009,119.0
42031,11.0
50044,3.0
39011,175.0
45019,18.0
31047,3.0
31048,1.0
24011,51.0
38007,38.0
25042,42.0
12020,18.0
44035,7.0
05022,160.0
10025,9.0
02015,25.0
27005,642.0
48014,24.0
09041,3.0
11008,151.0
09043,4.0
09044,2.0
24012,24.0
36002,351.0
05023,6.0
37044,44.0
34027,32.0
47014,4.0
01013,82.0
46046,17.0
46045,9.0
31049,138.0
40026,11.0
48015,28.0
17016,34.0
09045,15.0
34028,11.0
09046,1.0
16030,2.0
25044,32.0
37045,3.0
43022,29.0
06017,62.0
28017,1.0
25045,16.0
04020,7.0
04021,6.0
42032,1.0
42033,4.0
18023,166.0
31050,1091.0
15007,1010.0
26024,2.0
24010,10.0
37039,49.0
44034,21.0
32007,368.0
10024,28.0
26026,13.0
26025,3.0
19048,2.0
09035,7.0
23011,59.0
19049,3.0
32010,7.0
16031,12.0
32011,54.0
21011,50.0
18024,15.0
18025,2.0
23012,61.0
20019,112.0
05024,39.0
05025,12.0
44037,30.0
27006,986.0
34029,30.0
28018,25.0
47015,8.0
04022,6.0
48092,85.0
23902,26.0
23014,19.0
27007,799.0
08020,6.0
17013,13.0
31137,96.0
31051,2.0
20020,46.0
37046,52.0
12022,4.0
14008,229.0
31052,2.0
20021,41.0
09047,1.0
50045,39.0
37047,17.0
46047,2.0
25046,25.0
16032,5.0
25048,38.0
25170,11.0
17018,12.0
25047,56.0
25049,10.0
43023,2.0
44039,17.0
08021,8.0
25050,44.0
46048,5.0
46049,1.0
25051,96.0
25052,50.0
14009,112.0
23015,55.0
16033,4.0
34031,4.0
50046,7.0
33005,498.0
44038,6.0
28019,4.0
16034,12.0
09048,24.0
22052,80.0
49020,44.0
10026,72.0
45020,72.0
24014,19.0
22053,101.0
41015,14.0
29022,41.0
47016,5.0
12024,2.0
12025,7.0
46051,11.0
04024,2.0
29023,15.0
29024,69.0
29025,3.0
18027,8.0
18028,7.0
11901,39.0
29026,12.0
18029,76.0
14010,5.0
29027,7.0
11009,124.0
29028,12.0
29029,52.0
12026,60.0
22054,41.0
23016,9.0
25053,19.0
49021,24.0
24015,63.0
49022,37.0
03023,3.0
46053,1.0
03024,2.0
03025,1.0
03026,3.0
46055,1.0
03028,5.0
46056,1.0
12027,44.0
12028,6.0
46057,3.0
46904,2.0
03030,5.0
03031,7.0
30010,19.0
46060,18.0
43025,19.0
03032,2.0
03033,4.0
46062,13.0
03029,4.0
03035,5.0
03036,2.0
03037,4.0
03038,2.0
03039,2.0
03040,1.0
46063,1.0
46064,1.0
46065,3.0
46067,2.0
03041,54.0
43026,11.0
46068,1.0
46069,1.0
03042,5.0
04027,15.0
12029,39.0
10027,25.0
06018,64.0
24016,28.0
31250,171.0
48016,48.0
01014,8.0
20022,125.0
42034,5.0
22055,18.0
09050,8.0
31053,8.0
26027,1.0
47017,9.0
47018,8.0
18030,66.0
40028,18.0
05026,8.0
24017,25.0
24018,11.0
40029,3.0
08022,50.0
20074,352.0
26028,1.0
26029,3.0
44040,12.0
15008,99.0
04029,107.0
05027,12.0
06019,143.0
42035,20.0
24019,16.0
37049,39.0
48017,218.0
49023,126.0
40030,8.0
01016,40.0
19051,5.0
40031,10.0
05029,11.0
48018,141.0
31902,16.0
48019,128.0
20023,35.0
21012,28.0
37050,41.0
37051,20.0
10028,6.0
05030,2.0
47019,6.0
50048,3.0
28021,13.0
31054,22.0
10029,115.0
09052,1.0
28020,4.0
34032,7.0
17019,2.0
17020,49.0
35007,63.0
15009,80.0
31055,15.0
46070,19.0
16035,12.0
12021,4.0
17021,10.0
44041,3.0
03043,11.0
46071,18.0
31253,1.0
20024,116.0
50901,15.0
22057,39.0
02016,12.0
06020,97.0
22058,53.0
22059,81.0
03044,4.0
08023,49.0
50050,5.0
48020,134.0
33006,284.0
22060,66.0
22061,44.0
07008,121.0
25055,42.0
50051,35.0
22062,51.0
17022,30.0
43027,4.0
43028,5.0
22063,11.0
50052,1.0
17234,4.0
31056,4.0
30011,8.0
43029,3.0
44042,9.0
32012,136.0
17023,5.0
05033,35.0
05034,4.0
05035,6.0
14011,77.0
22064,20.0
44043,11.0
42037,1.0
37052,47.0
34033,4.0
17029,12.0
34035,14.0
34034,16.0
28022,1.0
33007,496.0
28023,42.0
26031,1.0
47020,8.0
32013,158.0
24020,58.0
46072,15.0
40032,24.0
47021,1.0
19052,4.0
37054,59.0
06021,394.0
47023,6.0
37055,66.0
02017,63.0
05036,8.0
10030,38.0
05037,61.0
15010,769.0
15011,525.0
32014,184.0
13023,26.0
47024,21.0
46073,12.0
21013,107.0
41016,13.0
32015,215.0
22066,57.0
03045,2.0
17024,31.0
22067,20.0
21014,31.0
43030,13.0
02018,10.0
16036,1.0
05038,45.0
02019,71.0
15012,779.0
50053,20.0
22068,8.0
50054,2.0
25057,6.0
17025,1.0
44044,27.0
29030,38.0
25058,32.0
43031,4.0
50055,31.0
42038,1.0
41017,9.0
11010,33.0
42039,23.0
45021,5.0
17026,23.0
08024,19.0
24022,10.0
12032,18.0
12031,8.0
11011,30.0
25059,19.0
43032,7.0
43033,10.0
10031,43.0
50056,4.0
37056,37.0
27008,327.0
49024,35.0
37057,38.0
25056,4.0
09054,11.0
24021,90.0
05039,16.0
43034,4.0
47025,4.0
28024,28.0
13024,69.0
24023,14.0
34036,20.0
50057,9.0
28025,13.0
17027,10.0
41018,11.0
49025,28.0
49026,24.0
38008,75.0
38009,26.0
40033,12.0
26032,13.0
19053,38.0
49027,3.0
49028,10.0
37058,15.0
15013,628.0
26034,2.0
09056,10.0
44045,10.0
22069,61.0
10032,287.0
08025,4.0
08026,34.0
28026,18.0
17028,31.0
50058,7.0
18032,3.0
16038,4.0
19054,3.0
16039,11.0
16040,11.0
37059,55.0
45022,21.0
37060,20.0
34037,14.0
38010,25.0
16041,4.0
36004,20.0
44046,18.0
46075,5.0
46076,4.0
09057,7.0
07009,30.0
42042,3.0
28027,25.0
14012,11.0
19055,6.0
50059,33.0
05040,20.0
50060,5.0
30012,37.0
09058,1.0
07010,85.0
44047,7.0
27902,29.0
50061,5.0
49029,87.0
29031,42.0
24024,45.0
50062,9.0
42043,33.0
05041,67.0
09059,17.0
31059,14.0
41019,27.0
45023,4.0
06022,466.0
46078,1.0
24025,39.0
45024,30.0
03046,2.0
18033,37.0
19057,10.0
28028,26.0
50063,4.0
47026,7.0
34038,33.0
49030,4.0
24026,39.0
34039,8.0
31061,2.0
09060,3.0
48021,83.0
46077,15.0
31057,16.0
43035,3.0
37061,28.0
40034,8.0
15014,738.0
25060,9.0
15015,125.0
17031,39.0
12033,26.0
17030,40.0
31062,22.0
28029,9.0
19058,13.0
24027,67.0
50064,4.0
40035,10.0
49031,21.0
45025,14.0
10033,88.0
09061,13.0
37063,12.0
06023,204.0
37065,65.0
06024,395.0
10034,31.0
37062,4.0
45027,7.0
13025,43.0
13026,53.0
21015,90.0
05042,3.0
41020,34.0
05043,5.0
05044,97.0
26035,6.0
39013,75.0
47027,16.0
47028,6.0
39012,164.0
09062,1.0
40036,37.0
10035,22.0
05045,13.0
25061,41.0
50065,3.0
14013,98.0
44048,10.0
43036,10.0
23017,15.0
33008,277.0
33009,162.0
42045,5.0
28030,10.0
08028,3.0
08029,11.0
37067,7.0
10036,2.0
47029,10.0
24028,18.0
24029,113.0
37068,35.0
39014,120.0
24030,99.0
10037,784.0
10038,13.0
18034,2.0
10039,29.0
28031,17.0
17032,3.0
18035,36.0
31064,10.0
50066,1.0
21016,213.0
40037,2.0
44049,30.0
08031,11.0
43037,2.0
26036,42.0
18114,29.0
34041,5.0
44050,113.0
06025,11.0
44051,41.0
30013,63.0
50067,35.0
42046,3.0
50068,18.0
21017,202.0
50069,3.0
36005,676.0
22072,39.0
08034,34.0
17033,58.0
08033,36.0
08035,2.0
06026,308.0
45028,110.0
09064,3.0
45029,21.0
18037,8.0
12034,19.0
08037,52.0
46079,6.0
03048,20.0
03049,16.0
08038,8.0
50070,5.0
44052,6.0
17034,11.0
08036,33.0
03047,2.0
42048,9.0
37069,4.0
37070,13.0
07011,82.0
32016,203.0
37071,26.0
13027,103.0
37072,12.0
45030,66.0
37073,2.0
34042,23.0
24031,15.0
10040,66.0
49032,27.0
06027,70.0
39015,199.0
25062,57.0
45031,7.0
44054,8.0
45032,2.0
39016,180.0
44055,11.0
15016,172.0
43903,21.0
28032,4.0
49033,38.0
41021,12.0
44053,18.0
36006,100.0
23018,38.0
15017,236.0
43038,17.0
10041,23.0
44056,49.0
17035,47.0
41022,27.0
06028,193.0
07012,90.0
47030,5.0
24032,15.0
17036,63.0
17037,20.0
01017,25.0
21018,30.0
47031,10.0
16042,17.0
50071,2.0
09065,1.0
23019,34.0
37074,49.0
10042,16.0
19059,10.0
06029,145.0
19060,2.0
45033,33.0
29032,53.0
16043,5.0
16044,6.0
08039,9.0
19061,3.0
17038,15.0
22074,14.0
36007,300.0
10043,41.0
28033,8.0
13028,25.0
37077,19.0
40039,28.0
24033,11.0
21019,85.0
24034,96.0
39027,184.0
39017,184.0
47032,6.0
22075,17.0
46080,26.0
07013,433.0
16901,9.0
30014,21.0
18038,7.0
17039,108.0
26037,6.0
45034,3.0
22076,28.0
47033,7.0
16045,19.0
26038,5.0
46081,8.0
33010,371.0
22077,27.0
38011,27.0
37078,16.0
05047,369.0
42049,2.0
24036,34.0
25063,16.0
23020,2.0
28034,43.0
17040,21.0
12036,23.0
22078,4.0
36008,5.0
33012,592.0
33011,2726.0
09067,13.0
18039,126.0
37079,24.0
29033,29.0
29034,18.0
47034,1.0
04030,23.0
08041,14.0
08042,16.0
19064,2.0
37080,13.0
37081,23.0
40040,34.0
17041,7.0
19065,16.0
37082,24.0
37083,9.0
44059,107.0
41023,26.0
40041,53.0
05048,6.0
04031,44.0
08043,1.0
43039,2.0
31065,37.0
07014,128.0
22079,6.0
15018,380.0
22080,30.0
18042,14.0
06030,39.0
34045,6.0
17042,4.0
08045,22.0
28035,8.0
42052,2.0
18043,1.0
30015,290.0
33013,33.0
09070,3.0
49036,61.0
10046,23.0
37085,4.0
32018,80.0
32017,61.0
27009,1059.0
32019,237.0
15019,1488.0
49037,40.0
04032,30.0
16055,28.0
40043,80.0
23021,23.0
10047,43.0
14015,72.0
46083,18.0
31066,24.0
31067,44.0
09071,3.0
09072,2.0
02020,6.0
46084,3.0
23901,8.0
08046,25.0
26041,1.0
16056,13.0
14016,583.0
09074,2.0
05049,29.0
34046,2.0
45035,4.0
08047,123.0
19067,35.0
50072,4.0
50073,7.0
15901,48.0
46085,16.0
14017,98.0
08048,1.0
45036,11.0
24037,53.0
41024,191.0
06031,36.0
15020,81.0
23024,75.0
47035,13.0
14018,22.0
37086,32.0
45037,33.0
24038,126.0
15021,505.0
45038,4.0
37087,41.0
37088,38.0
40044,10.0
10048,51.0
06032,9.0
16057,5.0
42053,5.0
16058,6.0
29036,21.0
05051,35.0
33014,431.0
45039,16.0
13031,14.0
41025,3.0
34047,21.0
24039,96.0
13032,3.0
24040,27.0
30016,339.0
29037,8.0
29038,158.0
21021,123.0
32020,294.0
39018,105.0
24041,26.0
19070,3.0
29039,54.0
37089,20.0
19071,12.0
10049,189.0
45040,5.0
10050,25.0
29040,122.0
42055,5.0
29041,90.0
10051,12.0
41026,17.0
45041,7.0
16060,11.0
10052,26.0
10053,48.0
06033,72.0
16061,7.0
16062,6.0
16063,4.0
16064,18.0
02021,28.0
02022,4.0
10056,76.0
10057,14.0
06034,22.0
02023,10.0
16065,13.0
10054,14.0
10055,31.0
05052,20.0
02024,32.0
45042,5.0
49038,5.0
49039,15.0
16066,11.0
05053,13.0
47036,4.0
10058,70.0
05054,46.0
22081,36.0
09077,5.0
09078,1.0
31068,21.0
44064,4.0
31069,6.0
43041,8.0
05055,10.0
10059,63.0
37091,49.0
46089,16.0
40045,3.0
33015,380.0
50074,187.0
19074,1.0
17044,54.0
08049,76.0
03053,26.0
18044,47.0
10060,37.0
26043,6.0
39019,104.0
21022,16.0
16067,4.0
31070,7.0
50075,3.0
22083,39.0
22084,20.0
44065,2.0
50077,11.0
22082,14.0
44066,7.0
22085,11.0
07064,31.0
12037,8.0
03054,1.0
03075,4.0
25904,11.0
08057,11.0
17048,12.0
09079,2.0
37092,7.0
37185,7.0
05056,19.0
23025,24.0
44070,18.0
13033,4.0
11013,34.0
25064,29.0
08052,8.0
08050,6.0
08051,13.0
08053,9.0
08054,10.0
08055,20.0
25067,18.0
08058,11.0
08060,15.0
08059,40.0
12038,40.0
08061,14.0
08062,16.0
25068,41.0
12039,14.0
17047,43.0
25069,25.0
46090,7.0
08063,6.0
12040,33.0
46091,5.0
44071,78.0
25070,31.0
08064,32.0
43042,2.0
08066,4.0
08065,27.0
44067,6.0
44068,20.0
46092,16.0
22086,6.0
22087,14.0
34048,2.0
06035,87.0
41027,212.0
24042,4.0
19078,9.0
42056,8.0
50078,5.0
22088,7.0
41029,2.0
41030,4.0
18045,47.0
16068,2.0
37096,97.0
40046,8.0
42058,2.0
16070,1.0
45043,72.0
16072,4.0
23026,41.0
12041,12.0
41031,226.0
22089,19.0
19079,1.0
42057,11.0
37097,20.0
47037,5.0
34049,26.0
32022,50.0
32021,231.0
18046,221.0
09090,1.0
24043,16.0
34050,6.0
47038,4.0
34051,4.0
09088,1.0
34052,9.0
49040,5.0
09084,20.0
24044,1.0
09085,4.0
09086,12.0
47039,5.0
33016,301.0
32023,251.0
04033,3.0
40047,12.0
27010,1549.0
14019,44.0
39020,315.0
47040,6.0
24046,54.0
24047,22.0
47041,4.0
49041,8.0
09091,29.0
40048,8.0
47042,3.0
34053,11.0
47043,21.0
49042,11.0
47044,1.0
47045,30.0
24049,51.0
33017,520.0
47046,11.0
40049,3.0
40051,2.0
24050,9.0
27011,1149.0
49043,26.0
47047,11.0
26044,9.0
06036,333.0
46093,7.0
46094,9.0
12042,105.0
43043,7.0
36010,49.0
03055,44.0
02025,31.0
46095,8.0
12043,22.0
25071,2.0
09063,7.0
09093,11.0
45045,14.0
23027,4.0
41032,351.0
23028,84.0
49044,5.0
03052,7.0
16047,8.0
41901,20.0
44062,10.0
44060,13.0
13029,1.0
44061,2.0
16046,20.0
42050,1.0
16048,4.0
10044,133.0
18040,15.0
26040,3.0
16049,11.0
10045,46.0
21020,63.0
16050,5.0
16051,6.0
16052,17.0
14014,5.0
29035,88.0
36009,742.0
49034,3.0
44063,2.0
16053,8.0
49035,12.0
24051,42.0
24052,30.0
45046,5.0
09094,6.0
05057,31.0
24053,23.0
10061,157.0
15022,458.0
10062,67.0
40052,4.0
45047,13.0
44074,40.0
15023,344.0
30017,93.0
47048,17.0
09095,1.0
44075,36.0
32024,419.0
44076,83.0
17189,21.0
17049,13.0
31193,4.0
19080,2.0
19081,1.0
18047,3.0
26046,3.0
28037,29.0
02026,8.0
32025,48.0
08067,55.0
42059,1.0
37098,2.0
05058,25.0
42060,2.0
15024,1107.0
28038,52.0
08268,11.0
46096,1.0
08266,17.0
36011,158.0
15025,313.0
37099,18.0
49046,27.0
49047,19.0
37100,27.0
10063,22.0
40053,5.0
40054,12.0
09098,2.0
49048,7.0
44077,6.0
37101,55.0
45048,11.0
09100,1.0
37102,57.0
21023,403.0
27012,1044.0
34055,15.0
08068,2.0
25072,16.0
28039,1.0
34056,72.0
50079,10.0
45049,40.0
16073,3.0
12044,17.0
26047,75.0
17050,6.0
25073,4.0
47049,2.0
27013,287.0
37103,110.0
15026,642.0
50081,22.0
51001,5.0
30018,7.0
34058,8.0
34057,12.0
37114,26.0
22094,17.0
05067,18.0
32029,231.0
27016,1761.0
28051,6.0
18059,12.0
40065,23.0
19103,21.0
06042,66.0
46107,14.0
46106,21.0
19104,1.0
46108,7.0
04036,11.0
12052,46.0
46109,20.0
22095,10.0
23029,26.0
11015,107.0
12053,3.0
16023,9.0
19106,5.0
13038,238.0
23030,29.0
19105,2.0
18061,30.0
22096,4.0
02029,73.0
28052,20.0
11016,77.0
50092,4.0
04037,123.0
46111,28.0
50093,6.0
12055,12.0
12056,4.0
24065,80.0
45056,5.0
21030,9.0
45057,4.0
46112,7.0
16081,2.0
18062,8.0
09101,4.0
26048,1.0
42061,14.0
28040,21.0
16074,2.0
30019,61.0
39021,149.0
19086,17.0
47050,14.0
47051,4.0
42063,2.0
26049,3.0
18048,4.0
05059,19.0
10064,154.0
37104,14.0
09103,6.0
09104,4.0
40055,5.0
39022,140.0
24054,66.0
24055,45.0
50082,3.0
50083,1.0
19087,3.0
12045,25.0
31072,14.0
37106,100.0
12046,6.0
31074,7.0
42064,10.0
31075,5.0
19088,2.0
09105,17.0
19089,1.0
42065,3.0
05060,7.0
34059,15.0
17051,24.0
47052,5.0
24056,82.0
13034,80.0
37107,435.0
07015,571.0
25074,10.0
31076,4.0
50084,3.0
25075,21.0
26051,10.0
33018,375.0
04034,6.0
45051,1.0
19090,4.0
28041,5.0
45052,1.0
34060,7.0
40056,4.0
49050,31.0
40057,20.0
37108,4.0
03056,13.0
50085,7.0
40058,33.0
50086,11.0
06037,127.0
44080,11.0
46097,10.0
47053,2.0
47054,15.0
09108,2.0
18049,32.0
18050,29.0
19092,5.0
25076,9.0
29042,235.0
15027,147.0
17054,3.0
32026,184.0
05061,12.0
39023,25.0
25077,81.0
10065,25.0
40059,5.0
28046,23.0
28047,11.0
05062,10.0
05063,1.0
34061,8.0
43045,1.0
08070,39.0
29043,63.0
28045,229.0
37109,39.0
28043,24.0
28042,13.0
28044,13.0
18051,35.0
17055,2.0
33019,316.0
22090,9.0
25163,22.0
29044,47.0
39024,96.0
29045,29.0
25161,73.0
40060,15.0
09109,50.0
19095,3.0
19096,9.0
43046,2.0
03057,8.0
24057,22.0
34062,14.0
19097,2.0
11014,104.0
14020,46.0
10066,28.0
07016,61.0
43047,24.0
41033,358.0
05064,13.0
45053,120.0
50087,3.0
09110,5.0
49052,2.0
19098,1.0
08071,4.0
44082,11.0
46098,3.0
43048,7.0
24058,19.0
25078,8.0
47055,9.0
15028,30.0
14021,186.0
06038,29.0
34063,6.0
19099,8.0
31077,22.0
49053,28.0
27014,1361.0
10067,190.0
41034,26.0
41035,39.0
15029,1125.0
26054,35.0
08073,3.0
17056,105.0
43049,8.0
06039,57.0
41036,22.0
28048,2.0
26055,2.0
45054,39.0
40061,9.0
13035,33.0
02027,22.0
49054,33.0
41037,45.0
39025,221.0
47056,5.0
06040,1.0
21024,60.0
32027,34.0
21025,321.0
21026,50.0
31078,21.0
44084,4.0
12048,18.0
18053,47.0
46099,17.0
29046,106.0
18054,24.0
13036,40.0
24059,108.0
15030,33.0
09112,7.0
33020,311.0
39026,223.0
17057,49.0
44085,17.0
42068,1.0
27015,1600.0
07017,73.0
12049,4.0
50088,4.0
49055,5.0
46100,1.0
02028,19.0
36012,463.0
42069,27.0
09113,10.0
36013,281.0
12050,88.0
03058,14.0
13037,7.0
40902,5.0
36014,98.0
43050,1.0
24060,41.0
17058,13.0
05065,25.0
44086,19.0
03059,53.0
06041,2.0
37112,24.0
44087,7.0
17901,52.0
10068,28.0
24061,53.0
32028,289.0
44088,16.0
28050,5.0
50090,19.0
08074,8.0
25079,53.0
24063,53.0
47057,5.0
24062,3.0
40062,8.0
19102,2.0
09114,8.0
49056,30.0
24064,46.0
49057,9.0
09115,5.0
37113,91.0
49058,27.0
42071,9.0
44090,7.0
33021,271.0
49059,23.0
40063,129.0
16078,52.0
47058,6.0
50091,2.0
45055,40.0
44092,1.0
41903,30.0
42073,8.0
09117,2.0
16079,3.0
29047,4.0
44094,13.0
44093,4.0
40905,7.0
29049,16.0
04035,95.0
29048,23.0
18912,58.0
05066,4.0
12051,126.0
18056,111.0
18057,6.0
46105,5.0
15031,185.0
10069,117.0
21029,215.0
21027,18.0
21028,100.0
36015,838.0
47059,1.0
15032,758.0
29050,18.0
26056,9.0
28053,5.0
13039,98.0
04038,38.0
17060,18.0
50094,10.0
26057,5.0
18063,22.0
17061,40.0
03061,7.0
03062,1.0
20029,363.0
33022,56.0
34067,7.0
34068,1.0
18064,4.0
18066,9.0
10070,98.0
43901,50.0
03063,24.0
48901,45.0
24066,26.0
42075,3.0
07018,24.0
42076,10.0
31080,15.0
05903,28.0
18067,27.0
18068,15.0
48026,207.0
37115,40.0
15033,159.0
18069,20.0
03064,55.0
46114,2.0
40068,1.0
45058,2.0
06043,14.0
06044,158.0
31081,64.0
31221,30.0
40069,7.0
20069,216.0
05070,6.0
46115,16.0
41038,45.0
14023,289.0
45059,6.0
08075,15.0
36016,499.0
14022,3.0
37116,33.0
37117,5.0
19107,5.0
18070,3.0
43053,2.0
34069,21.0
15034,911.0
48027,49.0
18071,27.0
19108,3.0
40070,5.0
42078,16.0
48028,67.0
31083,6.0
41039,140.0
31086,7.0
20030,157.0
07026,29.0
50095,231.0
37118,19.0
04902,225.0
44096,17.0
48031,1.0
01021,14.0
02030,63.0
03065,343.0
03066,19.0
20031,16.0
20033,26.0
20032,251.0
31087,24.0
10072,67.0
48032,176.0
01023,3.0
19109,3.0
50096,7.0
37119,40.0
37120,26.0
50098,2.0
40071,8.0
14024,11.0
37121,7.0
37122,12.0
47060,5.0
21031,164.0
37123,55.0
24067,35.0
40072,8.0
09120,3.0
26058,11.0
37124,41.0
46118,26.0
16082,24.0
04041,7.0
46119,2.0
49061,7.0
39028,361.0
26059,15.0
32030,176.0
06045,4.0
50099,60.0
48902,102.0
31090,44.0
24068,48.0
48033,57.0
31091,33.0
50100,6.0
48034,10.0
20067,143.0
20066,238.0
01046,50.0
48079,102.0
31092,91.0
45060,3.0
21032,10.0
17062,3.0
39029,93.0
45061,12.0
40073,47.0
45062,28.0
19110,5.0
40074,31.0
19111,5.0
50101,8.0
24069,1.0
40075,24.0
42079,3.0
19112,6.0
07019,57.0
28054,45.0
44097,31.0
44099,18.0
10073,57.0
37125,44.0
18072,8.0
32031,109.0
47061,10.0
20034,195.0
31094,2.0
12057,6.0
37126,24.0
49062,20.0
06046,7.0
06048,89.0
06047,45.0
08076,7.0
41040,4.0
31095,1.0
37127,65.0
42080,18.0
14025,8.0
23032,4.0
11017,7.0
14026,136.0
40076,183.0
17063,3.0
37128,9.0
34070,8.0
09122,4.0
19113,9.0
34071,7.0
05072,9.0
09124,277.0
45063,27.0
40077,37.0
19114,3.0
25081,12.0
43054,19.0
22099,43.0
17064,13.0
17065,24.0
07020,45.0
25082,18.0
31096,8.0
08078,72.0
45064,1.0
19115,6.0
22102,9.0
22103,43.0
25088,10.0
08079,14.0
25085,23.0
31097,16.0
07021,12.0
41041,64.0
42082,4.0
09125,27.0
29051,126.0
44100,10.0
31098,81.0
25086,12.0
25087,15.0
46120,1.0
26060,4.0
22105,36.0
36017,2870.0
45065,34.0
28055,4.0
46121,1.0
31099,2.0
31082,153.0
31084,60.0
31085,1.0
48029,11.0
48030,147.0
31100,27.0
31101,16.0
26061,23.0
31093,17.0
20035,87.0
31102,60.0
31103,6.0
50102,52.0
24070,41.0
31104,13.0
43055,3.0
22107,27.0
12059,4.0
17005,24.0
29052,18.0
49063,34.0
49064,89.0
50104,43.0
25089,19.0
38012,23.0
43056,12.0
46123,3.0
50105,5.0
07022,621.0
04043,17.0
15035,116.0
02031,18.0
06049,133.0
49065,18.0
13040,16.0
14027,15.0
18074,2.0
49066,25.0
49067,17.0
07023,112.0
49068,96.0
44101,3.0
15036,95.0
08134,7.0
08080,4.0
25908,39.0
43058,5.0
17066,25.0
43059,6.0
12060,12.0
49069,55.0
50107,5.0
04044,11.0
03069,2.0
35008,44.0
22109,41.0
15037,170.0
31105,11.0
04045,74.0
17067,8.0
43060,22.0
05073,44.0
25092,2.0
37129,10.0
08081,19.0
08082,16.0
46126,4.0
17068,10.0
24071,15.0
27017,340.0
08083,29.0
47062,3.0
50108,10.0
47063,6.0
26062,3.0
03077,9.0
04046,15.0
18076,21.0
44102,6.0
49071,171.0
08084,56.0
27018,1584.0
46128,9.0
08085,18.0
17069,29.0
19117,6.0
13041,39.0
46124,1.0
17070,8.0
17071,48.0
31106,1.0
47064,2.0
09127,4.0
05074,15.0
22110,62.0
26063,1.0
25094,21.0
22111,77.0
17902,46.0
12061,27.0
36018,929.0
37130,30.0
07024,170.0
03070,7.0
44103,21.0
07025,46.0
17073,7.0
36019,273.0
44105,4.0
46125,2.0
44106,26.0
17074,16.0
30020,54.0
48906,55.0
27019,635.0
44107,19.0
15038,836.0
37131,34.0
22112,158.0
50109,1.0
23033,42.0
33023,388.0
09128,4.0
08086,86.0
50110,7.0
34072,15.0
42083,3.0
06050,508.0
37132,30.0
43062,2.0
18078,23.0
50111,6.0
44108,24.0
16083,3.0
40078,8.0
16084,3.0
09129,5.0
05075,11.0
28056,26.0
37133,24.0
10075,36.0
09130,12.0
09131,2.0
05076,29.0
37134,9.0
40079,11.0
42084,1.0
09132,10.0
49077,38.0
28057,5.0
40080,2.0
49075,8.0
49076,7.0
24073,8.0
34073,15.0
47065,20.0
09134,5.0
44109,16.0
49078,32.0
29053,30.0
27020,1715.0
34074,10.0
38013,111.0
16085,7.0
48035,32.0
40081,7.0
13042,128.0
38014,31.0
19119,1.0
50113,15.0
50114,7.0
44110,4.0
29054,3.0
28058,16.0
06051,199.0
13043,8.0
26064,2.0
47066,1.0
45066,11.0
02032,2.0
23034,39.0
30021,388.0
49079,12.0
14029,417.0
14030,49.0
18079,7.0
06052,339.0
16086,9.0
29055,14.0
37135,79.0
40082,3.0
06053,106.0
06054,58.0
13044,101.0
40083,6.0
40084,4.0
05077,11.0
28059,12.0
47067,12.0
14028,8.0
02033,15.0
14031,14.0
02034,65.0
42085,4.0
42086,1.0
42087,6.0
09136,4.0
37136,119.0
21033,26.0
19120,5.0
49080,31.0
09137,7.0
19121,7.0
16087,6.0
16088,5.0
37137,62.0
09138,2.0
42088,4.0
19122,2.0
42089,10.0
19123,5.0
16904,3.0
09140,12.0
19124,9.0
40086,39.0
42090,4.0
40087,2.0
40088,13.0
37138,37.0
46129,51.0
16089,12.0
44111,23.0
44112,25.0
41042,34.0
05078,12.0
37139,16.0
24074,17.0
50115,33.0
50116,9.0
06055,519.0
42092,4.0
34076,33.0
37140,69.0
49082,24.0
44113,7.0
34077,4.0
49081,69.0
40089,16.0
49083,1.0
40091,5.0
44114,22.0
09141,4.0
49084,32.0
42093,4.0
40092,5.0
28060,5.0
23035,1.0
16091,1.0
22113,165.0
25096,30.0
31107,25.0
31108,17.0
16092,11.0
18905,31.0
20038,97.0
04047,11.0
08090,27.0
03072,2.0
12065,3.0
20037,25.0
19125,4.0
37141,17.0
28061,26.0
19126,6.0
31109,13.0
21034,73.0
09143,4.0
26065,5.0
48036,170.0
48037,182.0
35009,204.0
49085,18.0
18082,69.0
43063,22.0
26066,6.0
37142,26.0
37143,48.0
37144,46.0
10076,127.0
04048,26.0
09144,1.0
40093,11.0
05079,15.0
37145,68.0
47069,3.0
05080,23.0
37146,22.0
49086,14.0
49087,188.0
08087,1.0
26067,2.0
31110,5.0
50117,6.0
31111,6.0
50118,10.0
44115,21.0
19127,13.0
45067,76.0
48038,133.0
49088,22.0
43064,16.0
46131,27.0
16093,5.0
38015,3.0
38016,111.0
48039,46.0
31112,14.0
06056,81.0
43065,14.0
10077,171.0
37147,5.0
37148,54.0
40094,10.0
45068,19.0
37149,89.0
31113,5.0
44116,3.0
10078,48.0
28062,34.0
05081,18.0
10079,17.0
10080,34.0
28063,24.0
10081,52.0
43066,6.0
31114,3.0
06057,51.0
24076,69.0
31115,45.0
42094,15.0
08088,8.0
17075,18.0
17076,5.0
17077,7.0
41043,14.0
06058,15.0
10082,135.0
04049,4.0
10083,33.0
28064,15.0
16094,8.0
19129,1.0
11018,48.0
10084,54.0
03071,7.0
48040,157.0
47070,1.0
29056,85.0
48041,34.0
08089,6.0
46130,3.0
25098,26.0
05082,40.0
20907,47.0
44117,5.0
37150,35.0
08091,3.0
50119,44.0
41044,5.0
49090,9.0
05083,27.0
29057,21.0
23037,24.0
31116,1.0
46132,1.0
17078,41.0
41045,43.0
04050,20.0
47071,3.0
45069,28.0
48046,107.0
46133,9.0
28065,11.0
20039,72.0
48044,28.0
21035,104.0
33024,1127.0
05085,7.0
05084,30.0
41046,15.0
25912,80.0
05086,3.0
26068,1.0
44118,30.0
41047,2.0
43067,9.0
02035,21.0
17079,9.0
08092,26.0
08093,5.0
22114,51.0
48047,25.0
18083,4.0
43068,12.0
46135,1.0
46136,4.0
50120,1.0
31117,136.0
18084,15.0
42095,21.0
25099,24.0
02036,4.0
37151,11.0
42096,2.0
17080,14.0
37152,9.0
32033,99.0
40095,26.0
36021,219.0
18085,61.0
18086,14.0
24077,21.0
48042,118.0
10085,9.0
24078,13.0
03073,16.0
48043,24.0
42097,1.0
25100,9.0
05087,10.0
50121,5.0
33025,607.0
31118,34.0
24079,120.0
33026,1141.0
22115,14.0
16095,12.0
16096,3.0
24080,5.0
40097,7.0
18087,19.0
08094,2.0
21036,43.0
25101,16.0
38017,76.0
21037,31.0
13045,13.0
33027,272.0
05088,12.0
08095,8.0
10086,21.0
25102,10.0
49091,23.0
03074,4.0
06059,110.0
14032,59.0
08096,22.0
49092,14.0
25103,6.0
25104,4.0
25105,2.0
43069,1.0
22117,153.0
26070,11.0
11019,143.0
22116,75.0
26069,7.0
44119,8.0
09148,2.0
34079,28.0
09149,1.0
50122,1.0
28066,3.0
36022,41.0
18088,16.0
19130,34.0
44120,53.0
41048,119.0
14033,2.0
28067,72.0
13046,55.0
10087,94.0
45070,17.0
28068,30.0
46139,7.0
18089,119.0
37154,45.0
18906,22.0
08097,14.0
18093,6.0
17081,7.0
38018,9.0
36023,24.0
03076,12.0
45071,10.0
23038,6.0
08099,12.0
34080,26.0
06060,53.0
29058,15.0
49093,29.0
23039,32.0
34081,1.0
44121,23.0
32034,151.0
18094,106.0
31119,3.0
31120,53.0
18095,4.0
48045,177.0
38019,77.0
43070,4.0
14034,79.0
37155,14.0
10088,48.0
10089,117.0
10090,79.0
10091,34.0
37156,82.0
41049,81.0
17082,37.0
38020,76.0
25109,8.0
25903,39.0
31121,3.0
05089,19.0
25110,18.0
27022,1547.0
25111,27.0
09151,5.0
09152,4.0
27023,1293.0
08100,189.0
39030,237.0
22119,31.0
24081,17.0
05090,4.0
06061,37.0
09154,5.0
01056,43.0
35010,84.0
26071,11.0
09155,6.0
39031,189.0
06062,62.0
02037,159.0
16097,20.0
12068,14.0
26072,5.0
13047,24.0
45072,31.0
10092,53.0
37157,28.0
37158,8.0
37159,17.0
39032,255.0
34082,3.0
38021,24.0
49094,26.0
10093,9.0
20040,195.0
05092,12.0
20041,46.0
05093,33.0
26073,2.0
41050,17.0
02038,10.0
10094,61.0
34083,18.0
42098,1.0
34084,3.0
50124,39.0
06063,223.0
39033,137.0
05094,21.0
10095,60.0
45073,20.0
47073,8.0
16098,6.0
10096,38.0
19135,5.0
10097,16.0
23041,4.0
06065,38.0
06066,189.0
06064,31.0
21038,78.0
05095,34.0
06067,401.0
12069,4.0
02039,44.0
46141,6.0
05096,6.0
44122,23.0
19136,4.0
49095,28.0
10098,59.0
21039,83.0
23042,9.0
21040,86.0
16099,7.0
37160,91.0
44123,16.0
45074,27.0
14035,291.0
06068,23.0
13048,40.0
16100,4.0
31256,21.0
28069,3.0
19138,8.0
16101,3.0
10099,39.0
19139,5.0
20036,148.0
03078,4.0
16102,11.0
40099,2.0
40100,13.0
45075,13.0
40101,5.0
09159,4.0
16103,8.0
09160,2.0
16104,5.0
19142,5.0
34086,2.0
09164,7.0
09162,4.0
09163,27.0
05097,75.0
37162,76.0
37161,43.0
16106,9.0
28070,11.0
05099,21.0
13049,83.0
28071,13.0
19143,9.0
09166,5.0
45076,3.0
26075,4.0
26076,2.0
06069,149.0
14036,38.0
05100,4.0
26077,8.0
34087,4.0
47074,4.0
09167,2.0
23043,50.0
26078,4.0
43071,59.0
19145,9.0
24082,7.0
08101,1.0
08162,5.0
37163,6.0
02040,26.0
09170,2.0
28072,22.0
05102,38.0
05101,40.0
05103,28.0
10100,28.0
05106,17.0
05104,18.0
05105,46.0
22122,4.0
44124,14.0
22908,14.0
31122,1.0
45077,2.0
04051,2.0
10101,10.0
18096,12.0
16107,7.0
23044,74.0
21041,18.0
18097,58.0
04052,2.0
04053,367.0
26079,4.0
16109,1.0
09172,5.0
19147,3.0
37164,1.0
09173,12.0
09174,31.0
45078,4.0
16110,8.0
16111,4.0
19148,1.0
22124,20.0
40103,10.0
23045,19.0
44125,15.0
22125,82.0
18098,218.0
16112,27.0
18100,34.0
18101,10.0
18099,27.0
19150,4.0
41051,7.0
09175,14.0
19151,8.0
28073,14.0
29059,12.0
09176,1.0
05107,18.0
34088,2.0
10102,102.0
31124,8.0
20042,58.0
48048,45.0
50125,17.0
09177,10.0
03079,12.0
33028,473.0
22126,6.0
09178,1.0
23046,2.0
38022,58.0
20043,124.0
31259,89.0
26080,32.0
09179,1.0
09180,1.0
45079,52.0
44126,29.0
48094,175.0
22127,7.0
08102,4.0
29060,39.0
24083,50.0
31125,6.0
20044,6.0
22128,38.0
36901,1.0
19152,16.0
33029,209.0
04054,9.0
33030,132.0
45081,9.0
18102,74.0
50126,5.0
31126,51.0
07027,197.0
27024,719.0
35011,165.0
16113,30.0
04055,2.0
19154,6.0
31127,7.0
32035,542.0
15039,401.0
23047,74.0
37165,10.0
19155,1.0
20045,259.0
20046,7.0
01027,19.0
31904,10.0
01901,21.0
31128,22.0
22129,58.0
09181,15.0
47075,21.0
21042,37.0
41902,7.0
25115,95.0
17084,23.0
48049,116.0
29061,26.0
50128,4.0
34089,2.0
09182,2.0
18103,5.0
20047,34.0
37166,56.0
40104,11.0
31129,88.0
31130,10.0
48910,183.0
25113,32.0
25112,5.0
25114,14.0
31131,53.0
31132,16.0
24084,8.0
31133,7.0
14037,101.0
18105,69.0
29062,10.0
23048,11.0
48050,43.0
44127,7.0
23049,8.0
21043,93.0
22130,140.0
03080,6.0
19156,7.0
23050,90.0
17085,12.0
46142,5.0
26081,9.0
49096,11.0
12070,18.0
50129,8.0
46144,7.0
10103,61.0
10104,45.0
09183,9.0
10105,91.0
10106,30.0
50130,13.0
44128,8.0
22131,7.0
44129,5.0
50131,12.0
31134,22.0
03082,23.0
31135,1.0
18107,12.0
11020,332.0
06070,1280.0
18108,61.0
12071,16.0
10107,19.0
18109,5.0
03083,22.0
23052,17.0
11021,325.0
29063,18.0
19157,1.0
24086,16.0
23053,19.0
17086,6.0
08103,8.0
44130,7.0
02041,15.0
44131,6.0
25910,13.0
40105,4.0
40106,5.0
29064,37.0
17087,2.0
30022,147.0
18111,2.0
05108,2.0
25118,48.0
25119,80.0
09189,16.0
09190,17.0
09191,5.0
09192,8.0
31136,22.0
49097,10.0
18112,4.0
37167,12.0
29065,5.0
48022,650.0
48907,53.0
01019,3.0
01020,59.0
40107,7.0
01028,5.0
13050,6.0
22133,5.0
18115,13.0
10108,9.0
45082,87.0
34091,9.0
50133,8.0
01030,7.0
01031,7.0
44132,5.0
24087,22.0
26082,20.0
40108,4.0
47076,5.0
24088,51.0
16115,6.0
16116,15.0
37168,54.0
26083,3.0
23040,9.0
31138,22.0
36024,3077.0
22135,25.0
22136,74.0
36025,239.0
39034,93.0
31139,14.0
22137,62.0
27026,1063.0
16117,36.0
48051,19.0
05109,25.0
42103,50.0
50134,12.0
47077,2.0
33031,433.0
40109,8.0
18116,66.0
34092,4.0
01902,18.0
18117,40.0
41052,14.0
31140,21.0
05110,45.0
44133,2.0
06071,31.0
22139,12.0
31141,7.0
15041,1197.0
26084,15.0
39035,78.0
32038,28.0
04056,10.0
48052,121.0
31142,14.0
31143,11.0
20048,49.0
31144,167.0
37169,28.0
23054,7.0
20902,80.0
22141,18.0
22142,16.0
22143,48.0
22144,53.0
40110,14.0
40111,10.0
40112,10.0
01036,198.0
04057,36.0
48053,80.0
33032,997.0
15040,304.0
45083,1.0
32039,285.0
31145,2.0
20049,91.0
20050,43.0
31146,5.0
41053,166.0
50136,23.0
50138,3.0
50137,56.0
18119,13.0
19159,4.0
16118,16.0
37170,106.0
26086,4.0
34094,9.0
37171,29.0
28074,24.0
16119,6.0
31147,6.0
31148,3.0
20051,104.0
20052,73.0
01058,59.0
20068,33.0
48054,57.0
32040,82.0
31149,230.0
48057,11.0
31908,9.0
48055,134.0
48056,97.0
33033,987.0
18120,12.0
24089,22.0
31150,15.0
21044,96.0
31151,10.0
31152,18.0
09194,23.0
25121,26.0
31153,222.0
02042,67.0
50139,16.0
26088,3.0
48081,95.0
31154,28.0
20053,96.0
02043,46.0
30023,30.0
44135,6.0
42105,3.0
44136,7.0
39036,86.0
39037,259.0
02044,36.0
04058,7.0
45084,11.0
39038,50.0
23055,46.0
44137,40.0
37172,44.0
21045,42.0
11022,10.0
25122,43.0
50140,8.0
50141,5.0
20054,67.0
31156,13.0
08104,17.0
17088,17.0
25123,33.0
25124,32.0
08105,1.0
17089,91.0
24092,84.0
17090,18.0
17091,39.0
33035,899.0
46154,2.0
33036,739.0
09195,2.0
47079,5.0
38024,87.0
05113,5.0
13904,3.0
17092,3.0
25125,28.0
46155,2.0
25126,20.0
44141,12.0
25120,197.0
06073,76.0
06074,167.0
17093,19.0
25127,52.0
03085,2.0
25128,9.0
08106,30.0
46147,42.0
17094,25.0
08107,37.0
08108,27.0
43072,1.0
25129,26.0
46151,1.0
46153,2.0
46156,8.0
43073,3.0
43074,14.0
17095,2.0
07028,73.0
12074,2.0
46157,2.0
07029,35.0
17096,85.0
07030,159.0
07031,393.0
46150,21.0
08109,57.0
22149,37.0
32041,168.0
50142,3.0
32042,226.0
06072,31.0
18121,10.0
31157,12.0
28075,1.0
10109,320.0
26089,52.0
48903,72.0
18122,204.0
34903,6.0
34096,1.0
45085,15.0
47078,15.0
50143,4.0
50144,3.0
31158,23.0
23056,3.0
22150,33.0
41054,6.0
41055,94.0
19160,5.0
30024,1471.0
03084,1.0
46148,3.0
30025,10.0
40113,45.0
46149,3.0
49098,62.0
49099,10.0
10110,60.0
05112,25.0
22151,9.0
44138,11.0
27027,744.0
15042,770.0
28076,43.0
28901,36.0
49100,21.0
04059,62.0
04060,9.0
04061,18.0
14038,46.0
50146,3.0
12072,27.0
21046,26.0
50147,15.0
13051,18.0
24090,19.0
45086,19.0
12073,1.0
49101,39.0
39039,177.0
50148,34.0
50149,7.0
27028,2313.0
18123,33.0
41056,24.0
18124,23.0
31159,9.0
37173,119.0
26091,23.0
50150,18.0
50151,59.0
19161,1.0
23057,7.0
22905,13.0
14039,35.0
24091,52.0
19162,4.0
31248,79.0
19163,8.0
04062,2.0
46158,6.0
32043,354.0
37175,18.0
29066,6.0
37174,28.0
28078,4.0
49102,13.0
40115,9.0
17097,9.0
28079,44.0
49103,29.0
45087,53.0
10111,40.0
05114,12.0
09196,1.0
10112,68.0
09197,2.0
02045,15.0
37176,4.0
10113,188.0
41057,67.0
50152,26.0
05115,29.0
06075,39.0
50153,23.0
45088,1.0
24093,15.0
42107,2.0
06076,68.0
09198,10.0
49104,41.0
02046,21.0
17098,22.0
25133,18.0
44142,11.0
37177,28.0
50154,7.0
49105,19.0
41058,23.0
41059,5.0
28080,5.0
10114,21.0
16121,13.0
19165,2.0
29067,194.0
19166,3.0
13052,187.0
19167,1.0
18126,12.0
50155,1.0
06077,10.0
25130,25.0
08110,9.0
08111,43.0
48058,183.0
50160,39.0
50157,6.0
37178,28.0
10115,23.0
05116,25.0
10116,203.0
06078,39.0
15043,419.0
45089,17.0
50159,5.0
49107,15.0
05117,5.0
09199,2.0
09200,2.0
07033,693.0
37179,19.0
05118,12.0
23058,13.0
06079,21.0
50161,3.0
09202,2.0
07034,58.0
19168,6.0
49108,53.0
49109,28.0
29068,16.0
46159,1.0
05119,5.0
26092,3.0
08112,97.0
34099,10.0
08113,106.0
24095,37.0
26093,15.0
24094,17.0
34100,8.0
46160,3.0
49110,24.0
49112,10.0
49111,19.0
13053,58.0
26094,1.0
28082,29.0
32044,261.0
45090,4.0
44143,30.0
21047,41.0
37180,13.0
07032,304.0
45091,6.0
50162,2.0
18127,3.0
19170,3.0
40903,15.0
40118,2.0
24096,14.0
31162,1.0
29069,18.0
10117,17.0
18128,5.0
19171,21.0
41060,102.0
31163,31.0
34101,1.0
43075,3.0
08242,8.0
04063,78.0
50163,9.0
07035,76.0
16122,14.0
36026,238.0
39040,230.0
41061,29.0
46161,3.0
21048,28.0
45092,14.0
48060,329.0
05120,3.0
23059,59.0
50902,4.0
07036,64.0
45093,8.0
37181,53.0
05121,21.0
40119,14.0
40120,13.0
40121,11.0
37183,53.0
41062,11.0
44144,15.0
37182,20.0
05122,23.0
08114,1.0
08115,1.0
23060,47.0
40122,10.0
48061,92.0
47081,2.0
43076,10.0
43077,36.0
44145,24.0
46162,5.0
17100,19.0
45094,8.0
43078,33.0
02047,11.0
19172,3.0
32045,289.0
08116,51.0
08117,61.0
43079,1.0
08118,1.0
43080,2.0
43081,2.0
08119,5.0
43082,3.0
25131,9.0
46163,1.0
46164,6.0
46165,4.0
17101,18.0
25132,12.0
37184,22.0
45095,7.0
10118,52.0
40124,10.0
37186,32.0
12075,21.0
44146,11.0
40123,24.0
24097,11.0
42110,7.0
24098,43.0
42111,9.0
24099,9.0
38025,17.0
47082,11.0
08121,13.0
12076,2.0
40125,3.0
49113,33.0
47083,7.0
37187,55.0
49114,5.0
19174,5.0
26095,2.0
37188,13.0
49115,29.0
47084,33.0
44147,9.0
45096,39.0
15045,1857.0
34102,5.0
30026,126.0
39041,206.0
19176,5.0
34103,3.0
17102,14.0
17103,23.0
48059,74.0
31161,3.0
15044,239.0
36027,348.0
09208,9.0
28083,4.0
06080,30.0
50164,27.0
05123,5.0
09209,84.0
47086,31.0
06081,139.0
47085,30.0
11023,240.0
42113,18.0
05124,11.0
39042,206.0
08122,5.0
19177,2.0
26096,1.0
47087,9.0
19178,4.0
27029,317.0
36028,665.0
45097,61.0
28084,3.0
47088,6.0
47089,13.0
09211,17.0
49116,20.0
34104,16.0
46166,11.0
31164,3.0
15046,889.0
52001,4.0
32046,144.0
40126,7.0
37189,17.0
13054,38.0
10119,65.0
25134,13.0
45098,298.0
20901,96.0
48062,81.0
31165,28.0
31166,11.0
48063,61.0
31167,14.0
34106,6.0
06082,9.0
05125,11.0
23061,37.0
45099,8.0
50165,39.0
17099,16.0
32047,245.0
07037,232.0
06083,307.0
09213,24.0
09214,92.0
09906,21.0
09215,101.0
09216,25.0
09217,23.0
39043,96.0
16124,10.0
10120,26.0
05126,18.0
45100,3.0
15047,1081.0
50166,31.0
13055,89.0
31168,19.0
50167,4.0
32048,175.0
44148,7.0
48064,49.0
10121,67.0
50168,3.0
49117,47.0
34107,10.0
50169,15.0
19181,5.0
39044,129.0
39045,143.0
17105,31.0
33037,696.0
37190,50.0
07902,59.0
45101,3.0
40128,3.0
13056,40.0
05127,49.0
29070,88.0
43083,4.0
31169,13.0
09218,5.0
37191,28.0
19184,6.0
10122,60.0
46167,6.0
03086,2.0
49118,21.0
19183,1.0
21049,4.0
02048,13.0
16125,19.0
05128,11.0
16126,29.0
10123,48.0
19186,2.0
28085,34.0
31170,3.0
25135,28.0
19187,2.0
44149,35.0
31171,2.0
37192,9.0
09219,32.0
37193,8.0
06084,58.0
09220,2.0
43084,13.0
44150,7.0
05129,30.0
05130,14.0
05131,26.0
15048,205.0
42115,8.0
42116,4.0
19185,1.0
36029,33.0
45102,9.0
18132,30.0
29071,19.0
09221,2.0
15049,287.0
35012,38.0
46170,21.0
21050,54.0
10124,50.0
45103,69.0
19189,15.0
08138,110.0
04064,18.0
47090,3.0
04903,23.0
49119,20.0
28086,31.0
43085,2.0
41063,19.0
49120,6.0
19190,23.0
30027,54.0
24100,7.0
02049,49.0
37195,1.0
44151,27.0
28087,40.0
42117,11.0
08123,5.0
39046,227.0
25137,7.0
17106,11.0
08124,3.0
29072,18.0
17107,62.0
25136,26.0
18133,17.0
05132,22.0
42118,1.0
49121,9.0
18134,44.0
19191,5.0
09224,5.0
47091,4.0
09223,11.0
46171,8.0
09225,5.0
12077,2.0
29073,21.0
36030,416.0
19192,9.0
27030,1333.0
50170,42.0
22155,21.0
06085,522.0
50171,22.0
49122,31.0
15050,935.0
22156,13.0
27031,809.0
44152,18.0
03088,9.0
08128,7.0
08127,9.0
37197,34.0
37198,20.0
03089,30.0
31172,4.0
50172,15.0
44153,32.0
16128,3.0
10125,144.0
44154,59.0
37199,13.0
05133,6.0
43091,4.0
17110,24.0
43092,26.0
17109,64.0
44155,12.0
14040,8.0
02050,2.0
49123,64.0
12078,8.0
10126,122.0
12079,3.0
22157,128.0
19193,3.0
46173,2.0
43086,21.0
43088,11.0
08125,8.0
08130,44.0
16131,5.0
42119,8.0
44156,8.0
47092,9.0
02051,21.0
45104,4.0
32049,223.0
18135,160.0
10127,137.0
29074,20.0
18136,17.0
37200,28.0
40129,18.0
42120,16.0
28088,13.0
40130,9.0
25139,33.0
41064,25.0
14041,14.0
47093,16.0
37201,19.0
06086,253.0
42121,33.0
50173,11.0
44157,11.0
32050,293.0
27032,605.0
40131,15.0
37202,4.0
06087,132.0
37203,32.0
46174,3.0
45105,18.0
03903,11.0
25140,68.0
43089,2.0
25138,70.0
13057,10.0
06088,60.0
14042,69.0
18137,60.0
46175,2.0
23062,37.0
08132,84.0
08133,9.0
43090,3.0
25142,2.0
25141,5.0
09227,3.0
25143,2.0
08136,9.0
14043,191.0
46176,14.0
08137,45.0
46172,14.0
07038,130.0
14044,10.0
22158,130.0
34108,5.0
45106,25.0
43093,30.0
44158,46.0
43094,6.0
09228,7.0
13058,25.0
40132,9.0
49124,53.0
47094,8.0
18138,18.0
10128,186.0
28089,20.0
05134,8.0
49126,61.0
49125,11.0
47096,18.0
49128,12.0
49129,7.0
49130,22.0
49127,24.0
49131,34.0
28090,31.0
37204,54.0
50175,15.0
50176,2.0
28091,22.0
30028,243.0
19194,2.0
34109,7.0
36032,658.0
10129,40.0
33038,268.0
18909,14.0
12080,287.0
19195,4.0
31174,1.0
06089,106.0
43096,2.0
49133,48.0
49132,25.0
50177,2.0
48066,98.0
14045,7.0
37205,25.0
37207,1.0
42123,9.0
41065,195.0
37208,33.0
50178,10.0
36033,298.0
44159,5.0
44160,69.0
28092,6.0
16132,1.0
16133,15.0
47097,11.0
16134,22.0
02052,6.0
18140,48.0
16135,17.0
35013,138.0
50179,16.0
37209,25.0
40134,38.0
47098,7.0
34110,5.0
47099,6.0
50181,5.0
50182,15.0
49134,17.0
49135,23.0
31175,5.0
49136,39.0
15051,57.0
32051,347.0
30029,143.0
48068,12.0
50183,6.0
02053,40.0
48069,286.0
44161,29.0
26098,7.0
48007,73.0
08129,45.0
08139,4.0
27033,458.0
31176,13.0
30030,451.0
50184,3.0
24101,92.0
47100,4.0
42125,3.0
42124,3.0
31177,3.0
50185,9.0
26099,9.0
31178,22.0
31179,7.0
03091,4.0
07039,112.0
26100,11.0
03092,10.0
26101,13.0
15053,202.0
33039,34.0
18141,45.0
48908,17.0
31180,2.0
46177,1.0
48071,163.0
20057,62.0
20056,184.0
03090,10.0
15052,1146.0
48067,256.0
05135,30.0
05136,18.0
05138,29.0
05139,12.0
05140,17.0
40135,15.0
05141,13.0
05142,5.0
05143,23.0
40136,11.0
48909,50.0
04065,15.0
42127,4.0
26102,7.0
26103,8.0
25145,3.0
45107,13.0
46178,7.0
16137,2.0
15054,385.0
05144,20.0
05145,15.0
42128,1.0
37211,113.0
05149,9.0
05147,28.0
05148,8.0
25025,93.0
33040,579.0
21051,74.0
05152,56.0
37213,18.0
37214,6.0
45108,34.0
09229,5.0
06090,52.0
37215,30.0
40138,65.0
05153,21.0
47101,20.0
37212,3.0
05151,21.0
28093,10.0
10130,41.0
05154,14.0
05155,20.0
40139,37.0
45109,91.0
05156,7.0
12081,5.0
26104,3.0
22160,25.0
05157,33.0
28094,19.0
28095,15.0
45110,99.0
28096,33.0
42129,1.0
37216,32.0
40140,5.0
40141,47.0
05158,60.0
37217,18.0
10131,85.0
45111,8.0
45112,49.0
05159,59.0
05160,40.0
05161,47.0
05162,15.0
13059,45.0
45113,136.0
05163,62.0
10132,52.0
06091,193.0
37218,18.0
45114,100.0
05164,5.0
08140,2.0
50186,11.0
40142,7.0
40143,11.0
40144,2.0
05165,89.0
37219,40.0
28097,12.0
05166,13.0
46179,25.0
26105,11.0
05167,34.0
08141,42.0
09230,1.0
13060,16.0
19197,4.0
02054,9.0
40145,24.0
40904,5.0
40146,59.0
23063,39.0
41066,46.0
10133,140.0
05168,88.0
28099,5.0
31181,12.0
37221,72.0
17111,16.0
05169,19.0
05170,5.0
25146,65.0
10134,41.0
33041,388.0
27034,724.0
49137,18.0
09231,14.0
15055,77.0
19198,1.0
15056,947.0
37222,3.0
27035,68.0
09232,7.0
05171,12.0
42130,1.0
29075,42.0
02055,196.0
21052,18.0
26106,4.0
18903,30.0
36034,439.0
21053,100.0
40148,9.0
26107,15.0
36035,120.0
18143,9.0
50187,1.0
05172,10.0
04066,212.0
18144,1.0
31088,7.0
23064,45.0
45115,6.0
24102,36.0
45116,23.0
27037,618.0
34112,6.0
06092,149.0
32052,114.0
44163,3.0
44164,8.0
44165,13.0
15057,197.0
39047,14.0
45117,65.0
50188,6.0
50189,30.0
33042,41.0
08142,10.0
43097,2.0
22162,4.0
50190,4.0
03093,7.0
45118,15.0
42132,9.0
50191,26.0
03094,9.0
22163,40.0
14046,3.0
47102,18.0
50192,8.0
28100,6.0
50193,3.0
12082,15.0
43098,12.0
45119,2.0
45120,14.0
10135,26.0
31183,6.0
14047,97.0
44167,1.0
45121,7.0
31185,33.0
26109,3.0
31184,1.0
26108,10.0
25148,57.0
08143,23.0
31186,22.0
44168,20.0
24103,27.0
17112,27.0
18145,5.0
04067,37.0
36036,345.0
20063,538.0
32053,161.0
31187,18.0
26110,18.0
29076,23.0
30031,22.0
44169,33.0
05173,9.0
01042,115.0
20058,55.0
31188,11.0
31189,21.0
44171,9.0
34113,1.0
15058,70.0
31190,2.0
08145,8.0
08147,5.0
25149,21.0
45122,2.0
44172,15.0
25150,51.0
31191,14.0
25151,39.0
46181,5.0
35014,186.0
06094,87.0
10136,76.0
06093,473.0
19200,4.0
41067,12.0
47103,7.0
08148,2.0
06095,362.0
46183,11.0
31194,36.0
19201,2.0
28101,5.0
16141,8.0
16142,5.0
09235,2.0
47104,29.0
37223,67.0
49138,82.0
09236,2.0
44173,19.0
47105,4.0
34114,20.0
46182,7.0
12083,46.0
40149,25.0
31192,23.0
08149,55.0
17114,64.0
25152,12.0
04068,4.0
04069,4.0
08144,37.0
42134,34.0
22164,3.0
11024,222.0
24104,28.0
25153,5.0
25154,6.0
42135,12.0
12084,37.0
03095,6.0
48073,41.0
03096,26.0
33043,158.0
45123,1.0
46184,15.0
22165,45.0
02056,21.0
24105,24.0
09239,4.0
03097,6.0
37224,11.0
31195,29.0
09241,2.0
31196,3.0
05174,3.0
50195,1.0
18146,110.0
23065,9.0
15059,1959.0
19203,3.0
17115,14.0
20076,31.0
19204,8.0
40150,13.0
06096,28.0
06097,40.0
20905,47.0
50196,3.0
50197,8.0
20060,19.0
25155,19.0
45124,66.0
18147,97.0
04070,144.0
03099,131.0
44174,16.0
20061,74.0
08150,51.0
31197,3.0
08151,107.0
31906,1.0
20062,29.0
31198,5.0
45125,102.0
12085,3.0
15060,737.0
38026,163.0
31199,10.0
48075,309.0
08152,4.0
31211,3.0
44175,24.0
08153,1.0
26112,12.0
40151,3.0
40901,17.0
15061,711.0
48083,40.0
28102,10.0
03098,2.0
25156,45.0
16145,6.0
24106,35.0
50199,3.0
05175,13.0
17116,1.0
34116,2.0
34901,10.0
02057,30.0
22167,51.0
25157,26.0
41068,116.0
31200,7.0
45126,1.0
49139,9.0
40152,46.0
18148,19.0
46185,1.0
18149,6.0
48072,35.0
32054,140.0
27038,437.0
27039,1116.0
15062,1042.0
33044,917.0
01043,9.0
15063,535.0
09238,24.0
20059,450.0
08154,4.0
15064,220.0
32055,179.0
05176,20.0
09242,2.0
09243,3.0
32056,125.0
15065,273.0
09244,3.0
18150,27.0
04071,1.0
35015,175.0
40154,3.0
05177,7.0
37225,6.0
49141,31.0
24107,20.0
16146,16.0
16147,4.0
05178,24.0
49143,18.0
09246,26.0
24108,7.0
37226,46.0
49142,24.0
24109,98.0
41069,85.0
37228,10.0
08155,12.0
17117,18.0
17118,17.0
12087,1.0
27040,1022.0
25158,24.0
17119,6.0
17121,25.0
17120,20.0
08156,19.0
47109,11.0
40155,20.0
09249,3.0
09248,3.0
34120,43.0
37229,7.0
14048,2.0
34121,4.0
07040,264.0
43099,8.0
21054,31.0
14049,41.0
35016,121.0
22168,4.0
17123,17.0
46189,1.0
44176,11.0
16148,16.0
41070,6.0
06098,18.0
45127,4.0
16149,2.0
10137,42.0
21055,17.0
17124,31.0
18151,19.0
31201,5.0
09251,6.0
44177,17.0
50200,2.0
22170,26.0
45128,9.0
27041,877.0
05179,14.0
08158,2.0
16150,9.0
28104,5.0
50201,3.0
50202,1.0
37230,5.0
37231,9.0
32057,105.0
41071,36.0
27042,1059.0
37232,42.0
27043,640.0
34122,3.0
24110,63.0
29077,8.0
03100,11.0
09253,6.0
17125,21.0
19209,4.0
45129,9.0
34123,27.0
19210,2.0
19211,12.0
08159,5.0
28106,4.0
17126,21.0
06099,102.0
16152,1.0
05180,14.0
44178,15.0
33045,602.0
47110,2.0
45130,30.0
04072,25.0
09255,3.0
20064,17.0
10138,30.0
05181,14.0
38027,134.0
37233,23.0
27044,1485.0
19212,11.0
50203,2.0
46190,4.0
11025,22.0
21056,44.0
02058,35.0
04073,7.0
28107,5.0
17128,15.0
43102,26.0
21057,215.0
37234,31.0
34124,10.0
36037,171.0
26113,4.0
23066,27.0
04074,15.0
16153,9.0
27045,484.0
47111,25.0
47112,12.0
46191,15.0
49145,12.0
40156,16.0
37235,28.0
34125,2.0
19213,4.0
03101,10.0
41072,69.0
17129,9.0
28108,25.0
14050,7.0
05182,53.0
18152,21.0
13061,6.0
05183,14.0
14051,315.0
50204,26.0
09256,9.0
09259,8.0
34126,35.0
09257,10.0
09258,9.0
47113,5.0
50205,4.0
37236,28.0
37237,54.0
37238,1.0
26114,12.0
41073,242.0
10139,25.0
37239,5.0
16154,21.0
23067,17.0
03102,26.0
49146,22.0
05184,35.0
37240,11.0
45131,49.0
37241,30.0
37242,40.0
40157,5.0
49147,9.0
49148,13.0
18153,2.0
39048,195.0
03103,11.0
25164,18.0
12089,11.0
45132,30.0
49150,8.0
17130,24.0
44180,7.0
08160,30.0
43103,1.0
16155,9.0
09262,7.0
17132,60.0
10141,57.0
10140,119.0
06101,90.0
44181,7.0
37248,38.0
37249,24.0
19216,3.0
34127,2.0
28110,15.0
44182,24.0
10142,34.0
22174,40.0
22175,20.0
31202,36.0
22176,10.0
19217,8.0
25165,43.0
24112,16.0
22177,21.0
49151,38.0
50206,17.0
32058,163.0
43104,45.0
49152,89.0
37250,27.0
29079,67.0
49153,26.0
34904,64.0
37251,22.0
40158,4.0
32059,364.0
22178,10.0
39050,67.0
10143,38.0
10144,12.0
33048,58.0
39051,16.0
16157,6.0
47116,8.0
31203,6.0
32060,32.0
07041,241.0
03104,22.0
46192,1.0
02061,29.0
18154,46.0
28111,8.0
37243,48.0
37244,19.0
01044,12.0
47114,28.0
41074,55.0
47115,31.0
22172,27.0
05185,15.0
19214,2.0
06100,43.0
19215,3.0
33046,162.0
33047,205.0
37245,39.0
37246,9.0
09261,7.0
37247,8.0
44179,61.0
14052,73.0
39049,29.0
22173,26.0
02060,25.0
02059,38.0
49149,63.0
49154,16.0
46193,4.0
46194,31.0
16158,9.0
13062,6.0
13063,81.0
05186,63.0
49155,18.0
05187,47.0
31204,2.0
10145,4.0
50207,5.0
39052,421.0
08161,18.0
09265,1.0
03902,13.0
41075,36.0
43105,9.0
33049,1090.0
50208,43.0
12090,9.0
18910,11.0
38901,33.0
16159,2.0
40159,14.0
40160,18.0
09267,2.0
16160,6.0
08163,1.0
09266,5.0
37252,17.0
43106,11.0
25166,54.0
46196,8.0
09270,1.0
19218,1.0
49156,6.0
09268,2.0
09269,9.0
28112,14.0
26115,3.0
15066,1161.0
37253,17.0
49157,19.0
34129,18.0
10146,34.0
25167,73.0
03105,30.0
18157,4.0
18158,22.0
50209,18.0
50210,6.0
28113,10.0
10147,10.0
19220,5.0
19221,11.0
16161,4.0
22181,5.0
44183,14.0
37254,4.0
31205,6.0
29080,62.0
37255,17.0
34130,5.0
47117,8.0
18159,23.0
47118,1.0
49158,31.0
32061,334.0
28114,17.0
43108,13.0
08164,5.0
22182,49.0
03106,3.0
17133,42.0
17134,7.0
25911,52.0
10148,176.0
50211,8.0
10149,70.0
50212,1.0
50213,5.0
48077,22.0
30032,27.0
44184,3.0
25168,6.0
07044,64.0
46203,3.0
12094,3.0
12093,4.0
25169,5.0
08165,5.0
08166,25.0
43109,1.0
43110,6.0
43111,4.0
25171,19.0
46202,6.0
46200,7.0
34131,6.0
34132,2.0
34133,4.0
24113,8.0
49160,5.0
49159,7.0
13064,8.0
03901,1.0
44185,6.0
19222,9.0
43112,1.0
32063,304.0
27047,616.0
15067,74.0
36041,18.0
27046,686.0
24114,53.0
39053,68.0
45133,54.0
39054,79.0
34134,5.0
22184,21.0
18161,10.0
08167,19.0
46197,2.0
07042,205.0
47121,21.0
03107,9.0
18162,4.0
34135,13.0
50214,3.0
24115,202.0
33050,165.0
43113,1.0
25030,10.0
17135,4.0
25173,81.0
08182,4.0
36043,326.0
36042,796.0
15068,553.0
36044,11.0
15069,141.0
32064,35.0
27048,637.0
15070,621.0
36038,374.0
43141,7.0
08168,7.0
17136,10.0
25172,27.0
23069,28.0
32062,161.0
17137,44.0
43114,7.0
07043,251.0
36039,165.0
10150,71.0
16162,2.0
36040,329.0
17138,1.0
12091,22.0
25174,13.0
44187,17.0
10151,50.0
16163,1.0
47122,13.0
42140,4.0
45134,11.0
49162,24.0
15071,683.0
27049,477.0
48078,10.0
18163,9.0
13065,155.0
24116,33.0
14053,68.0
39055,5.0
05188,17.0
42141,24.0
19223,2.0
37256,9.0
02062,10.0
05189,27.0
16165,2.0
09272,4.0
34136,24.0
47123,22.0
47124,2.0
42142,4.0
22186,6.0
05190,10.0
23070,46.0
02901,5.0
19224,1.0
19225,3.0
34137,2.0
02064,10.0
16166,7.0
49163,17.0
14054,571.0
02063,21.0
44189,4.0
16908,8.0
37257,37.0
50215,2.0
44190,3.0
02065,18.0
16169,8.0
50216,3.0
13066,19.0
49164,15.0
10152,55.0
47125,5.0
24117,41.0
28116,1.0
13067,12.0
40161,2.0
09273,2.0
34139,6.0
26117,10.0
43115,6.0
40162,26.0
19226,2.0
28117,7.0
43116,7.0
50217,5.0
26118,1.0
49165,9.0
24118,9.0
11026,193.0
09274,9.0
19227,4.0
05191,9.0
43117,6.0
08169,6.0
43118,3.0
08171,31.0
08170,13.0
25175,21.0
33051,583.0
25176,18.0
25177,49.0
26119,8.0
09275,11.0
17139,34.0
24119,38.0
16170,21.0
14055,217.0
24120,30.0
33052,211.0
16171,10.0
25179,34.0
41076,50.0
50218,30.0
06102,193.0
50219,6.0
16172,2.0
45135,12.0
12092,6.0
09276,2.0
37258,56.0
22187,8.0
41077,41.0
18164,132.0
16173,16.0
13068,113.0
21058,267.0
44191,34.0
24121,72.0
45136,52.0
06107,28.0
40163,10.0
37259,15.0
46201,6.0
49166,8.0
06108,79.0
34140,7.0
19229,1.0
44192,65.0
37260,64.0
06103,14.0
06104,48.0
28118,10.0
41078,162.0
06105,98.0
13069,4.0
06106,21.0
41079,56.0
16174,12.0
45137,89.0
49167,7.0
06902,6.0
50220,1.0
14056,32.0
39056,234.0
24122,6.0
23071,19.0
22188,4.0
37261,36.0
22902,31.0
31206,8.0
09277,6.0
28902,36.0
23072,25.0
37262,57.0
05192,28.0
13070,2.0
30033,280.0
21059,31.0
11028,69.0
37264,20.0
11029,45.0
37263,18.0
45139,27.0
10153,75.0
11027,48.0
38028,8.0
35017,280.0
22189,30.0
13071,76.0
44193,30.0
31207,1.0
22190,53.0
22193,11.0
46204,10.0
08175,62.0
17141,55.0
25180,20.0
43119,8.0
07045,44.0
25181,23.0
25182,10.0
08176,27.0
29081,12.0
45140,54.0
18165,1.0
04075,70.0
21060,9.0
38029,43.0
38030,36.0
32065,80.0
47126,2.0
04076,14.0
50221,4.0
18167,10.0
46205,11.0
08177,22.0
17142,4.0
46102,6.0
46103,1.0
46104,27.0
03060,5.0
26120,13.0
09279,4.0
18168,21.0
17043,23.0
45141,12.0
43120,12.0
46206,7.0
23073,74.0
22195,4.0
28119,4.0
42144,18.0
06109,135.0
24123,59.0
24124,18.0
09281,2.0
34141,1.0
24125,48.0
09280,1.0
09283,3.0
09287,1.0
09288,2.0
45142,20.0
09289,30.0
16175,39.0
42145,1.0
09298,3.0
09301,2.0
47127,1.0
47129,15.0
34143,22.0
47130,5.0
49170,16.0
09294,7.0
09901,13.0
09295,3.0
47128,14.0
49168,9.0
49169,3.0
09297,7.0
32066,68.0
50222,58.0
27050,408.0
33053,401.0
49171,46.0
45143,10.0
42148,2.0
27056,13.0
49172,149.0
26121,9.0
09302,6.0
47131,9.0
49173,41.0
09303,7.0
42149,13.0
09304,1.0
17143,26.0
16176,2.0
03109,2.0
44194,15.0
46207,1.0
46209,5.0
03110,6.0
46210,5.0
37265,9.0
04077,2.0
32067,469.0
08178,28.0
39057,122.0
14057,28.0
32068,104.0
47132,3.0
40164,16.0
28120,62.0
26122,1.0
39058,166.0
43121,20.0
05193,7.0
46212,3.0
45144,83.0
41080,183.0
38031,129.0
10154,9.0
42151,5.0
09306,23.0
40165,7.0
45145,22.0
02066,6.0
19232,2.0
42152,7.0
26123,2.0
09307,6.0
37266,29.0
36045,141.0
03111,8.0
28121,7.0
17144,3.0
33054,458.0
24127,7.0
09309,10.0
16177,12.0
06110,50.0
39059,10.0
09310,9.0
34146,4.0
03112,14.0
08179,3.0
42153,1.0
50223,12.0
40166,2.0
47133,5.0
34147,17.0
42154,8.0
39060,181.0
49174,2.0
46213,62.0
34149,1.0
34151,14.0
06112,46.0
45146,6.0
37267,58.0
42155,17.0
09311,10.0
13072,116.0
43123,46.0
49175,30.0
34152,4.0
09316,12.0
34154,1.0
09314,4.0
09312,7.0
09315,5.0
24129,27.0
42156,1.0
40168,4.0
25183,44.0
15072,256.0
40170,51.0
24130,33.0
43124,1.0
42157,2.0
19235,1.0
43125,9.0
46214,16.0
32069,20.0
33055,148.0
27051,612.0
33056,307.0
36046,283.0
31208,10.0
26124,25.0
39061,240.0
39062,229.0
34155,2.0
27052,94.0
28122,3.0
15073,453.0
27053,300.0
01047,5.0
25905,22.0
25185,69.0
33057,87.0
06113,53.0
34156,1.0
17145,41.0
40171,10.0
50225,27.0
30034,27.0
24131,21.0
24132,127.0
17146,5.0
45147,12.0
43126,4.0
44195,13.0
19237,5.0
26125,8.0
29082,20.0
41081,37.0
37268,44.0
25186,33.0
05194,17.0
09318,5.0
44196,4.0
05195,70.0
49176,80.0
40172,6.0
19238,1.0
29083,24.0
04078,2.0
10155,45.0
39063,171.0
49177,15.0
02067,29.0
32071,336.0
33058,253.0
42158,3.0
24133,27.0
27054,447.0
39064,150.0
17147,53.0
08180,1.0
06114,39.0
25913,14.0
17148,20.0
17149,23.0
43127,7.0
43128,2.0
17150,34.0
43129,44.0
17151,11.0
28123,5.0
05196,5.0
09321,8.0
49178,4.0
47134,18.0
24134,35.0
47135,3.0
37269,67.0
49179,17.0
10156,6.0
19239,4.0
10158,140.0
28124,1.0
10157,6.0
02068,22.0
13901,95.0
28125,68.0
19240,1.0
45148,53.0
10159,29.0
37270,22.0
28126,4.0
22197,83.0
26126,7.0
06115,75.0
08181,46.0
21061,80.0
02069,58.0
41082,21.0
43131,3.0
40173,15.0
08183,8.0
36047,1261.0
44197,5.0
26127,3.0
43132,1.0
49180,40.0
15074,1024.0
03113,2.0
09323,12.0
42159,4.0
37271,20.0
03114,10.0
10160,20.0
19241,4.0
50227,14.0
31209,16.0
45149,4.0
31210,11.0
29084,465.0
41083,113.0
24136,36.0
04079,34.0
43133,75.0
36048,168.0
21062,218.0
10901,50.0
38032,64.0
17152,14.0
49181,89.0
12096,55.0
25189,11.0
11030,91.0
43134,4.0
42160,17.0
44198,12.0
09325,5.0
16181,3.0
28127,4.0
28128,29.0
39065,24.0
32072,41.0
10161,29.0
08184,13.0
47138,4.0
32073,189.0
44199,3.0
44201,27.0
44200,4.0
08185,14.0
41084,8.0
18170,9.0
47139,16.0
50228,6.0
19243,5.0
39066,102.0
50229,3.0
39067,262.0
13902,2.0
39068,45.0
17153,8.0
08901,35.0
23074,11.0
14058,62.0
08187,34.0
24137,22.0
23075,40.0
50241,3.0
22199,111.0
12097,4.0
19244,8.0
19245,4.0
13073,96.0
40174,5.0
15075,67.0
31212,1.0
50230,59.0
16186,10.0
47140,13.0
19246,1.0
37272,23.0
08188,30.0
03115,1.0
37273,61.0
46220,11.0
24139,49.0
37303,49.0
22200,16.0
37274,8.0
18171,18.0
29085,7.0
33059,1205.0
22201,4.0
22202,2.0
09329,1.0
25190,10.0
09330,31.0
49183,20.0
36049,97.0
44203,2.0
34157,43.0
09332,5.0
37275,30.0
08190,20.0
31213,38.0
42161,3.0
17154,17.0
22203,15.0
50231,1.0
03116,10.0
31214,23.0
34158,10.0
16187,2.0
07059,76.0
09334,9.0
08191,57.0
22204,46.0
19247,7.0
16188,14.0
37276,15.0
05197,19.0
02070,10.0
18173,24.0
43135,3.0
10162,56.0
43905,1.0
17155,7.0
41085,13.0
16189,31.0
05198,11.0
47141,10.0
06116,279.0
36050,595.0
50232,9.0
10163,73.0
37277,18.0
06117,320.0
01051,30.0
12098,37.0
01052,1.0
40176,23.0
49184,31.0
27055,742.0
44205,39.0
50233,1.0
31215,15.0
09335,3.0
24141,5.0
44206,18.0
28129,25.0
49185,24.0
32074,160.0
19248,3.0
24142,26.0
19249,1.0
38033,29.0
26129,10.0
35018,96.0
05199,11.0
05200,13.0
05201,34.0
35019,121.0
21063,99.0
45150,19.0
13074,7.0
34159,5.0
49186,24.0
47142,8.0
34160,10.0
32075,76.0
16190,35.0
40177,8.0
49187,111.0
38023,164.0
40906,18.0
37278,4.0
24144,33.0
40178,11.0
32076,552.0
24145,149.0
42162,36.0
22205,64.0
24146,17.0
05208,6.0
37284,17.0
05206,9.0
49188,29.0
05207,20.0
42163,3.0
39069,185.0
37285,77.0
11031,4.0
28130,8.0
03118,23.0
05209,30.0
40181,26.0
03904,7.0
30035,37.0
11902,109.0
41086,5.0
05901,60.0
22207,33.0
05210,9.0
05211,89.0
38034,46.0
05212,60.0
09337,5.0
05213,24.0
21064,30.0
49189,16.0
24148,101.0
42164,14.0
47143,5.0
13075,21.0
28131,15.0
05214,11.0
16191,5.0
09338,1.0
34163,2.0
16192,3.0
45151,58.0
33061,187.0
45152,16.0
09339,2.0
10164,46.0
31217,4.0
28133,22.0
49190,18.0
47144,11.0
28132,15.0
05215,31.0
50234,12.0
37286,3.0
05216,60.0
33060,332.0
44207,2.0
40182,20.0
50235,28.0
38035,23.0
39070,49.0
40183,8.0
05217,26.0
03120,11.0
05218,46.0
37287,35.0
49191,17.0
47145,13.0
22903,58.0
47146,6.0
37036,3.0
49192,13.0
09340,5.0
26130,8.0
24149,25.0
01053,75.0
37288,5.0
37289,59.0
41088,42.0
47147,7.0
45153,86.0
05219,8.0
02071,24.0
24150,11.0
42165,20.0
16193,1.0
49193,28.0
40184,22.0
47148,32.0
06119,11.0
37291,64.0
49194,35.0
05220,17.0
30036,6.0
39071,173.0
37290,31.0
37292,23.0
12101,13.0
26132,23.0
47150,3.0
34165,4.0
45154,21.0
11033,50.0
39072,219.0
15076,515.0
47151,1.0
38036,148.0
14059,5.0
28134,16.0
21066,33.0
33063,130.0
06123,259.0
05231,3.0
39080,196.0
49208,91.0
26142,5.0
47156,4.0
03122,21.0
49209,95.0
32070,185.0
25191,28.0
24143,21.0
05204,6.0
37280,35.0
37281,12.0
40179,15.0
05205,20.0
37282,30.0
06118,20.0
37279,110.0
32077,166.0
37283,59.0
40180,37.0
22206,9.0
31216,20.0
11032,93.0
21065,49.0
41087,28.0
31219,3.0
08195,23.0
17157,23.0
08197,1.0
08196,2.0
17183,22.0
07046,351.0
08198,48.0
08199,61.0
08200,9.0
08201,28.0
43136,11.0
08203,6.0
08202,15.0
17158,23.0
08204,1.0
08206,1.0
08205,8.0
08208,3.0
08207,24.0
25196,17.0
08212,39.0
17159,32.0
08210,13.0
08211,13.0
17161,26.0
17162,38.0
08209,1.0
08213,31.0
17163,55.0
25192,28.0
25197,23.0
17164,9.0
08215,1.0
08193,11.0
43902,25.0
08216,6.0
17165,15.0
43137,9.0
07049,112.0
03119,3.0
07050,431.0
17168,10.0
12902,9.0
08218,22.0
46222,3.0
17167,76.0
17185,78.0
17166,11.0
12099,9.0
07048,215.0
08903,3.0
17169,20.0
08220,35.0
17903,3.0
08221,1.0
08223,7.0
08222,6.0
25193,10.0
07051,257.0
07052,59.0
08227,23.0
08228,8.0
17173,9.0
08225,36.0
08224,27.0
17172,24.0
25902,48.0
08226,4.0
12100,48.0
08229,84.0
17174,30.0
17175,3.0
17176,4.0
17177,29.0
17178,9.0
08189,12.0
08231,21.0
08232,4.0
08233,62.0
08234,36.0
08235,5.0
08236,7.0
08239,7.0
08237,13.0
08238,6.0
25194,25.0
08240,10.0
08241,14.0
08098,27.0
08262,12.0
08264,2.0
08265,36.0
06120,12.0
10165,72.0
45155,10.0
21067,59.0
43138,12.0
21068,116.0
35021,69.0
09343,3.0
08243,42.0
34167,4.0
22208,21.0
49197,13.0
26134,8.0
17180,14.0
43139,17.0
24151,50.0
24152,41.0
49199,5.0
15077,2054.0
17181,16.0
24153,17.0
49200,49.0
49201,14.0
39073,92.0
34168,1.0
50236,2.0
04080,1.0
50237,7.0
16194,4.0
13077,19.0
10167,59.0
05222,26.0
38038,41.0
42166,14.0
38037,25.0
09345,1.0
22209,25.0
10166,48.0
45156,52.0
13076,6.0
18174,17.0
45157,19.0
05221,7.0
09346,10.0
23076,33.0
24154,34.0
26135,44.0
14061,84.0
47152,9.0
49202,42.0
07053,31.0
08246,42.0
44209,22.0
26136,1.0
50238,2.0
33062,154.0
08247,32.0
08248,36.0
07054,567.0
18175,27.0
04081,3.0
09348,5.0
35022,102.0
12102,21.0
07055,288.0
08250,22.0
08251,18.0
08258,70.0
08253,21.0
39074,407.0
08254,132.0
22906,12.0
35023,66.0
42167,3.0
08255,52.0
08257,6.0
24158,57.0
08259,37.0
37293,27.0
49204,10.0
28135,96.0
24155,15.0
49203,13.0
42168,4.0
05226,36.0
05224,16.0
05225,40.0
07056,68.0
09350,44.0
16195,14.0
05902,21.0
09352,6.0
24156,24.0
24157,17.0
05227,2.0
16197,6.0
40185,56.0
24159,76.0
06121,69.0
10168,39.0
37294,3.0
40186,14.0
45158,13.0
09354,1.0
21069,264.0
43140,14.0
17184,76.0
08260,33.0
03121,8.0
08261,9.0
38039,6.0
31220,10.0
14060,49.0
22212,2.0
39075,109.0
07057,236.0
24160,39.0
47153,4.0
34169,23.0
24161,11.0
10169,65.0
23077,3.0
15078,1671.0
37296,43.0
10170,67.0
05228,104.0
38040,7.0
05904,33.0
23904,307.0
37297,33.0
34170,10.0
09355,1.0
49205,26.0
47154,5.0
49206,44.0
34171,35.0
37298,15.0
09356,3.0
10171,66.0
10172,109.0
39076,176.0
41089,7.0
15079,628.0
23079,84.0
39077,63.0
39078,203.0
19250,2.0
40188,11.0
40189,35.0
37299,36.0
33064,68.0
40190,6.0
09358,23.0
26138,15.0
05229,3.0
45901,20.0
23080,30.0
05230,17.0
40191,27.0
30901,44.0
28136,5.0
37300,43.0
06122,47.0
28137,3.0
49207,28.0
47155,7.0
24162,13.0
34174,11.0
39079,21.0
08192,48.0
26140,10.0
26141,6.0
48082,45.0
36051,242.0
49210,24.0
47157,3.0
37301,18.0
09361,8.0
33065,212.0
24163,33.0
22213,104.0
39081,121.0
09362,2.0
43142,11.0
12103,13.0
32078,250.0
27057,1795.0
31222,4.0
44210,33.0
25201,32.0
25200,30.0
31223,7.0
45159,12.0
09363,31.0
50240,34.0
19251,3.0
10173,78.0
41090,69.0
37302,34.0
40192,12.0
17187,11.0
38041,16.0
27058,1333.0
03123,7.0
29086,11.0
19252,3.0
40193,13.0
47158,12.0
22214,6.0
43144,8.0
29087,30.0
50242,4.0
12104,22.0
40194,116.0
20070,95.0
06124,450.0
10174,23.0
23081,132.0
44211,2.0
45160,68.0
22215,21.0
19254,1.0
39082,271.0
03124,3.0
46225,2.0
07058,136.0
43145,18.0
19901,1.0
22217,39.0
24164,58.0
43146,1.0
07047,129.0
04082,5.0
22218,6.0
43044,36.0
03125,4.0
44212,6.0
25202,7.0
25035,22.0
08267,12.0
37304,55.0
40195,34.0
40196,6.0
09365,1.0
37305,3.0
17190,22.0
34175,13.0
28138,12.0
04083,66.0
42171,6.0
25204,46.0
46228,3.0
17191,8.0
47159,4.0
05232,10.0
10175,135.0
37306,40.0
37307,35.0
05233,8.0
28140,1.0
10176,44.0
22220,7.0
45161,1.0
31224,15.0
50243,8.0
22221,13.0
17192,15.0
11034,91.0
19255,2.0
25203,26.0
08269,39.0
41091,34.0
28141,3.0
45162,78.0
25205,10.0
19256,4.0
33066,1784.0
37309,13.0
12105,40.0
10177,32.0
50244,3.0
29088,32.0
04084,7.0
22222,26.0
46229,12.0
47160,11.0
37310,14.0
05234,11.0
19257,46.0
50245,10.0
23082,51.0
46230,13.0
36052,1322.0
38042,10.0
17193,35.0
47161,17.0
46231,3.0
46232,36.0
07060,205.0
44213,6.0
05235,14.0
06125,145.0
50246,2.0
16198,26.0
08270,4.0
17052,28.0
39083,530.0
27059,819.0
50247,4.0
37311,45.0
15080,800.0
24165,31.0
08271,19.0
33067,97.0
02072,44.0
13078,39.0
26143,1.0
13079,26.0
05236,23.0
05237,34.0
06126,8.0
13080,36.0
19258,4.0
09366,6.0
16199,2.0
25206,16.0
42172,3.0
43147,3.0
46233,3.0
07061,106.0
39084,232.0
05238,97.0
25207,45.0
33068,379.0
04085,5.0
28143,17.0
15081,341.0
07062,132.0
48904,20.0
12106,5.0
45163,56.0
22223,23.0
48085,37.0
18176,5.0
48086,138.0
08272,43.0
20065,85.0
04086,74.0
42173,26.0
25208,36.0
37312,17.0
23084,11.0
31225,3.0
25209,116.0
18177,10.0
26144,7.0
50248,28.0
25210,34.0
12107,1.0
05239,40.0
26145,6.0
40198,16.0
05240,32.0
09369,15.0
45164,19.0
42174,12.0
34177,2.0
24166,15.0
33069,136.0
28144,36.0
26146,16.0
24167,38.0
34176,6.0
19261,2.0
22904,43.0
16909,23.0
40199,12.0
37313,14.0
09373,41.0
36053,42.0
39085,141.0
08273,10.0
25211,2.0
46235,16.0
42175,2.0
12108,6.0
48076,19.0
46236,3.0
31226,130.0
25212,12.0
08274,11.0
09374,1.0
17194,11.0
34178,4.0
34179,3.0
40200,7.0
49214,47.0
37314,38.0
04088,43.0
04089,43.0
27060,1262.0
32079,78.0
50249,18.0
38043,46.0
31227,19.0
08276,8.0
18901,13.0
04090,28.0
42176,2.0
42177,3.0
37315,15.0
28145,10.0
50250,6.0
25215,16.0
06127,169.0
10178,83.0
25216,16.0
45165,283.0
06128,43.0
10179,24.0
10180,118.0
16202,41.0
12109,1.0
06129,96.0
17195,21.0
42178,6.0
19262,6.0
37316,64.0
34180,5.0
22225,202.0
47162,7.0
09375,5.0
06130,29.0
38044,21.0
33070,338.0
49216,25.0
08278,90.0
33071,269.0
16203,9.0
19264,1.0
50251,49.0
37317,5.0
02073,27.0
03127,7.0
37318,21.0
09377,4.0
42181,10.0
22226,27.0
34181,5.0
11035,593.0
42182,2.0
43148,11.0
25217,37.0
25218,1.0
25219,6.0
19265,13.0
50252,205.0
46238,6.0
08275,23.0
08280,18.0
38045,30.0
29089,47.0
16204,8.0
38046,53.0
35024,198.0
08281,5.0
32080,62.0
09378,4.0
16205,18.0
42183,6.0
37319,12.0
35025,48.0
10181,57.0
37320,36.0
35026,319.0
22227,35.0
45166,19.0
37321,42.0
15082,538.0
12110,8.0
46239,10.0
25220,35.0
35027,138.0
04091,2.0
17196,13.0
37322,28.0
09380,7.0
08279,13.0
46240,3.0
50253,10.0
44215,27.0
13081,14.0
26147,4.0
44216,120.0
03128,19.0
33072,365.0
08282,1.0
35028,52.0
03129,14.0
47163,12.0
28146,2.0
05241,33.0
50254,14.0
22228,4.0
19268,5.0
38047,92.0
04092,21.0
16206,8.0
35029,151.0
33073,2813.0
09381,3.0
31229,1.0
26148,3.0
12111,23.0
25221,10.0
46241,26.0
25222,5.0
43149,27.0
43150,29.0
05242,12.0
19269,4.0
02074,88.0
50255,4.0
26149,4.0
45167,14.0
41092,7.0
12112,33.0
32081,71.0
39086,65.0
05243,26.0
45168,40.0
03130,1.0
40201,5.0
20071,242.0
29090,49.0
22229,44.0
13082,27.0
36054,703.0
08283,61.0
37323,80.0
15083,428.0
25223,33.0
24168,45.0
12114,6.0
47164,33.0
19271,2.0
08284,66.0
47165,45.0
19272,9.0
37324,17.0
15084,1320.0
09384,11.0
08285,56.0
24169,48.0
19274,3.0
10182,40.0
44217,6.0
22230,37.0
42184,1.0
05244,26.0
25224,3.0
25225,26.0
37325,18.0
05245,26.0
10183,25.0
10184,21.0
44219,6.0
49219,71.0
12115,15.0
34182,8.0
16209,5.0
22232,16.0
13083,18.0
45169,16.0
50257,2.0
50256,9.0
44220,21.0
31230,15.0
50258,1.0
05247,51.0
11036,41.0
40206,13.0
12119,15.0
12120,3.0
44223,18.0
25227,52.0
08286,7.0
10187,25.0
47169,3.0
45171,13.0
43151,1.0
13084,19.0
06131,71.0
47170,10.0
10188,45.0
43152,10.0
44224,7.0
24170,18.0
19279,1.0
23086,15.0
44225,5.0
49220,10.0
26153,7.0
22233,21.0
44227,9.0
18178,12.0
30037,103.0
25233,17.0
40202,5.0
46242,1.0
25226,15.0
42185,1.0
12117,24.0
23085,9.0
40203,25.0
14062,180.0
12118,1.0
44221,17.0
47166,18.0
45170,16.0
47167,13.0
47168,4.0
10185,27.0
09386,7.0
40204,14.0
44222,8.0
26151,14.0
26152,2.0
10186,153.0
19278,1.0
43153,1.0
23087,6.0
25228,20.0
25907,68.0
09387,2.0
49221,53.0
25230,74.0
50259,8.0
40205,53.0
28148,7.0
28150,17.0
19280,7.0
10190,91.0
10189,132.0
16211,12.0
44226,15.0
28151,15.0
25231,5.0
50260,2.0
09388,2.0
39087,332.0
08287,10.0
50261,4.0
08288,13.0
08289,4.0
47171,27.0
03132,5.0
06132,4.0
06133,9.0
10191,6.0
10192,139.0
19281,1.0
28153,6.0
44228,5.0
19282,17.0
19283,2.0
29901,3.0
26154,1.0
34184,6.0
17197,2.0
46244,10.0
22234,12.0
13085,30.0
10193,104.0
09389,1.0
23088,15.0
10194,64.0
23090,15.0
23091,10.0
44229,6.0
22235,3.0
22236,11.0
50262,13.0
30038,42.0
25232,34.0
28154,7.0
49222,44.0
31231,1.0
09390,5.0
47172,6.0
37327,10.0
44230,15.0
03133,2.0
45172,87.0
44231,2.0
50263,10.0
44232,38.0
45173,15.0
17198,24.0
17199,27.0
29091,55.0
42187,8.0
16212,2.0
17200,16.0
19286,1.0
05246,22.0
09391,6.0
43155,128.0
19287,21.0
19288,2.0
18179,54.0
17201,17.0
50264,12.0
17202,2.0
29092,8.0
30039,218.0
45174,27.0
15085,966.0
46246,1.0
27061,448.0
24171,64.0
37328,24.0
49223,61.0
16215,24.0
12121,33.0
44234,4.0
44235,9.0
22239,18.0
06134,49.0
32082,155.0
50265,3.0
50266,6.0
47173,8.0
15086,1191.0
11037,49.0
49224,5.0
37329,17.0
25234,93.0
28903,27.0
04901,12.0
40207,14.0
16216,18.0
09394,4.0
39088,15.0
42188,1.0
18180,36.0
26155,1.0
27062,240.0
26157,7.0
21070,71.0
47174,7.0
19290,3.0
19291,7.0
34185,11.0
44236,31.0
24172,24.0
48087,87.0
06135,9.0
10195,434.0
09395,9.0
09396,2.0
39089,27.0
31232,42.0
47175,12.0
26158,1.0
46247,37.0
36055,235.0
35030,217.0
31233,3.0
24173,49.0
40208,70.0
46248,11.0
45175,18.0
18181,9.0
04093,37.0
04094,15.0
23092,43.0
48088,23.0
11038,135.0
31234,3.0
19293,13.0
42189,2.0
16218,3.0
39090,100.0
48065,49.0
45176,12.0
18182,36.0
31123,35.0
19294,1.0
31235,13.0
30040,7.0
04095,19.0
17204,7.0
08290,3.0
17205,6.0
43156,83.0
43157,1.0
17203,17.0
31236,134.0
41094,7.0
05249,12.0
50267,43.0
31237,9.0
50268,6.0
30041,11.0
47176,9.0
31238,3.0
09398,4.0
45177,58.0
31239,60.0
31240,24.0
24174,28.0
48089,93.0
48074,165.0
01054,93.0
20072,177.0
47177,16.0
04096,8.0
31241,43.0
31242,18.0
44237,26.0
50269,2.0
20077,89.0
50270,4.0
31244,55.0
31243,3.0
47178,8.0
40210,16.0
17206,8.0
26160,1.0
31245,1.0
06136,197.0
50271,8.0
12122,51.0
20073,202.0
50272,11.0
31246,1.0
46249,53.0
41095,161.0
44238,12.0
31247,9.0
49225,5.0
08291,1.0
42190,2.0
49226,26.0
05251,22.0
09400,4.0
17014,2.0
24185,31.0
50274,3.0
39095,242.0
15088,1069.0
44239,2.0
27063,570.0
44240,13.0
47179,7.0
34186,5.0
49227,9.0
39091,366.0
28155,3.0
10196,3.0
34192,10.0
44241,9.0
09403,4.0
47180,5.0
19298,2.0
19299,3.0
42191,9.0
28156,4.0
19300,3.0
06137,88.0
37330,44.0
05252,30.0
10197,9.0
16906,2.0
19301,3.0
44243,1.0
49228,3.0
24175,96.0
10198,121.0
37331,69.0
24176,16.0
02075,21.0
42192,1.0
01055,81.0
37332,22.0
10199,26.0
06901,28.0
37333,29.0
10200,61.0
37334,22.0
28157,3.0
21071,18.0
19303,6.0
44244,11.0
37335,36.0
44245,8.0
24177,87.0
26161,2.0
42194,7.0
28158,7.0
13086,46.0
28159,5.0
16224,17.0
37336,16.0
24178,8.0
10201,9.0
28160,44.0
16225,2.0
28161,4.0
16227,12.0
42195,3.0
47181,10.0
19304,9.0
10202,59.0
39092,104.0
16228,9.0
34189,1.0
28162,8.0
13087,69.0
23093,108.0
19305,7.0
24179,35.0
28163,3.0
24180,167.0
42196,2.0
39093,56.0
40211,9.0
24181,54.0
34190,15.0
39094,148.0
24182,21.0
44246,85.0
42197,3.0
37337,53.0
24183,77.0
33034,1577.0
24184,12.0
49229,17.0
19307,1.0
47182,1.0
06138,12.0
28164,9.0
16902,5.0
40212,4.0
40213,8.0
45179,54.0
24187,37.0
09405,2.0
28165,19.0
15087,433.0
37338,14.0
47183,6.0
46250,21.0
10203,572.0
24188,25.0
06139,79.0
06140,190.0
06141,391.0
41096,11.0
14063,1.0
13088,6.0
16903,10.0
37339,11.0
22242,4.0
19308,2.0
36056,324.0
26162,8.0
16231,3.0
44247,7.0
12124,62.0
03135,4.0
12126,28.0
17207,197.0
12125,3.0
17208,86.0
25043,60.0
25901,25.0
03136,9.0
03137,4.0
17209,3.0
46251,8.0
47186,24.0
46252,9.0
12123,1.0
08292,3.0
25238,6.0
08293,16.0
43158,6.0
07063,36.0
18902,8.0
38049,33.0
29093,39.0
22243,32.0
34196,2.0
22901,73.0
22244,27.0
09908,83.0
09409,12.0
06147,52.0
09410,322.0
09411,7.0
06148,45.0
09902,4.0
09905,10.0
40218,6.0
09412,13.0
48080,121.0
09413,58.0
09414,8.0
09415,13.0
39101,62.0
31260,80.0
09416,1.0
06146,89.0
09904,14.0
34902,14.0
18907,62.0
24191,10.0
44249,1.0
38050,44.0
09417,1.0
37343,5.0
40219,30.0
40220,6.0
40221,13.0
09418,11.0
49230,5.0
35032,132.0
25240,80.0
17170,58.0
43159,1.0
08294,13.0
12127,8.0
08295,2.0
43160,12.0
43161,32.0
25906,31.0
25239,87.0
09419,2.0
50275,2.0
45180,1.0
18183,14.0
47184,11.0
50276,5.0
37340,46.0
16234,2.0
40214,20.0
14064,53.0
35031,208.0
42198,5.0
40215,6.0
31249,35.0
38048,171.0
28166,1.0
06142,39.0
47185,4.0
16236,8.0
06143,107.0
06144,32.0
06145,22.0
37341,9.0
10204,15.0
24189,6.0
19311,3.0
21072,91.0
10205,150.0
40216,24.0
24190,27.0
16237,10.0
37342,20.0
43162,10.0
25909,15.0
16238,14.0
08297,20.0
24193,17.0
37344,38.0
15089,560.0
24196,100.0
24197,22.0
39096,176.0
39097,270.0
47187,7.0
35033,110.0
05253,4.0
49231,45.0
37345,25.0
24198,121.0
47188,4.0
49232,12.0
16239,16.0
24194,12.0
33074,454.0
49233,27.0
40222,23.0
24199,35.0
40223,18.0
24201,173.0
18911,7.0
37346,42.0
44250,3.0
32083,193.0
11039,215.0
45181,87.0
42200,3.0
47189,6.0
05254,5.0
04097,8.0
18184,22.0
04098,149.0
29094,181.0
04099,243.0
47190,10.0
22245,7.0
50278,14.0
50279,3.0
28167,4.0
42201,3.0
34199,33.0
37347,10.0
47191,4.0
28168,30.0
22909,49.0
43163,4.0
49234,16.0
34023,3.0
46254,13.0
17210,53.0
45182,69.0
18185,4.0
45183,2.0
45184,4.0
26163,6.0
47192,2.0
37348,2.0
40224,2.0
26164,12.0
28169,12.0
04100,31.0
50280,13.0
22246,19.0
25242,16.0
32084,255.0
03138,3.0
17211,23.0
32085,209.0
34201,5.0
43164,6.0
49235,22.0
22247,36.0
31251,14.0
47193,3.0
42204,4.0
32086,672.0
10206,12.0
02076,39.0
04101,2.0
08298,141.0
04102,39.0
27064,290.0
22248,1.0
14065,1.0
38051,4.0
34093,9.0
09421,4.0
31252,6.0
49236,8.0
49237,9.0
37349,34.0
17212,14.0
17213,33.0
25243,80.0
50281,1.0
36057,100.0
26165,23.0
36059,1368.0
12135,15.0
43170,5.0
17230,18.0
25252,33.0
43171,13.0
43165,16.0
17214,7.0
17215,10.0
36058,103.0
08299,11.0
17217,11.0
17216,34.0
08301,12.0
08300,8.0
17218,95.0
17220,14.0
12128,24.0
17221,12.0
38052,13.0
07065,98.0
08305,9.0
36060,96.0
25244,9.0
17223,2.0
27065,3464.0
08306,6.0
43175,8.0
25245,23.0
17224,59.0
43166,7.0
17225,14.0
17226,13.0
17227,1.0
32087,196.0
32088,76.0
46256,14.0
25247,7.0
17228,17.0
12132,13.0
43167,14.0
36061,291.0
25248,22.0
25250,57.0
43168,2.0
08303,30.0
25251,25.0
25249,38.0
25254,18.0
08302,4.0
08902,14.0
08307,33.0
32089,263.0
12134,20.0
32090,215.0
32091,507.0
32092,202.0
15091,311.0
15090,430.0
08214,7.0
08219,6.0
17222,3.0
12136,4.0
43172,4.0
23094,62.0
45186,15.0
38053,124.0
02077,2.0
10207,48.0
28171,19.0
10208,27.0
14066,4.0
47196,4.0
34202,4.0
47195,4.0
21073,122.0
24202,255.0
20075,117.0
47197,77.0
24203,4.0
49238,24.0
49239,20.0
47198,4.0
39098,289.0
23095,52.0
40225,59.0
45185,24.0
47199,6.0
34204,4.0
42205,3.0
47200,4.0
34205,2.0
16242,16.0
34206,6.0
24205,28.0
24206,68.0
24207,20.0
49240,26.0
09427,42.0
34208,2.0
39099,133.0
49241,40.0
16243,12.0
09428,6.0
09429,2.0
09430,2.0
49242,67.0
50284,5.0
49243,11.0
05256,15.0
37351,19.0
47203,3.0
31254,30.0
09431,7.0
14067,26.0
47204,10.0
50285,6.0
05257,20.0
06149,25.0
45187,27.0
24209,78.0
44251,28.0
12129,75.0
47205,31.0
09432,2.0
47206,3.0
39100,161.0
09433,7.0
47207,24.0
06150,40.0
16244,22.0
24210,34.0
49244,1.0
47208,6.0
06151,32.0
09434,5.0
37352,8.0
34210,1.0
14068,20.0
13089,40.0
44252,5.0
12130,20.0
34211,7.0
09437,11.0
03139,13.0
34213,3.0
47209,3.0
47210,8.0
49245,10.0
09438,2.0
34214,5.0
50286,5.0
26166,2.0
49246,20.0
47211,3.0
16245,4.0
47212,20.0
06152,41.0
37353,57.0
21074,18.0
16246,11.0
47213,2.0
28172,8.0
09439,1.0
09440,2.0
49247,88.0
34215,4.0
34216,2.0
09441,6.0
50287,9.0
02078,16.0
16247,5.0
09442,7.0
26167,1.0
34217,3.0
49248,27.0
47214,23.0
46255,3.0
49249,9.0
49250,59.0
16248,4.0
49251,30.0
45188,4.0
34218,55.0
11040,76.0
02079,31.0
12131,1.0
24211,29.0
24901,132.0
13090,27.0
28173,8.0
41097,50.0
28174,14.0
28175,5.0
11041,83.0
34220,5.0
24213,21.0
37354,7.0
13091,32.0
49252,30.0
50903,21.0
31255,2.0
16249,24.0
09444,5.0
09443,13.0
24212,31.0
34221,4.0
26168,16.0
24214,40.0
18908,4.0
34222,11.0
10209,28.0
10210,92.0
45189,11.0
09447,5.0
45190,15.0
24215,21.0
24216,15.0
49255,47.0
24217,10.0
34223,14.0
45191,2.0
34224,6.0
47215,2.0
34225,11.0
47216,9.0
49256,43.0
09448,11.0
22249,7.0
22250,10.0
47217,10.0
18188,11.0
45192,11.0
19317,6.0
29095,19.0
09449,2.0
19318,7.0
05905,12.0
49257,24.0
45193,6.0
26169,3.0
49258,3.0
09450,2.0
46257,4.0
14069,934.0
47218,4.0
50288,23.0
05258,5.0
42206,1.0
09451,2.0
50290,11.0
33075,136.0
28178,8.0
13094,38.0
41100,23.0
47222,5.0
22251,31.0
29098,9.0
09454,1.0
12133,1.0
28176,9.0
47219,3.0
13092,36.0
16251,31.0
23096,22.0
06153,34.0
10211,15.0
10212,93.0
21075,70.0
24218,12.0
49259,4.0
18187,5.0
47220,8.0
21076,128.0
13093,19.0
47221,3.0
05259,11.0
41098,1.0
23097,20.0
05260,43.0
49260,45.0
37355,4.0
14070,141.0
06154,304.0
28177,3.0
34227,6.0
44256,6.0
14071,96.0
30042,6.0
41099,33.0
29096,45.0
29097,89.0
34228,3.0
24219,40.0
24902,19.0
02080,17.0
34229,4.0
24221,55.0
24222,89.0
09455,3.0
09456,2.0
37356,39.0
26170,2.0
16253,5.0
37357,60.0
05261,19.0
16254,6.0
49263,16.0
37358,7.0
16263,14.0
37360,30.0
10214,51.0
06156,11.0
37361,27.0
26171,3.0
16255,9.0
37359,75.0
50291,2.0
42207,5.0
46258,22.0
49264,117.0
42208,1.0
44257,39.0
16258,11.0
16259,5.0
28179,1.0
10213,129.0
13095,1.0
06155,117.0
42209,15.0
44258,3.0
16910,2.0
49261,21.0
14072,33.0
09903,94.0
49262,20.0
47223,8.0
49265,17.0
49266,8.0
49267,11.0
26172,2.0
16264,7.0
45194,10.0
24223,43.0
28180,11.0
16265,2.0
05262,5.0
16266,6.0
23099,32.0
19321,6.0
24224,30.0
42211,5.0
37363,33.0
37362,5.0
16269,7.0
46259,13.0
09458,1.0
37364,32.0
44260,46.0
37365,20.0
34230,3.0
47224,1.0
37366,31.0
44261,36.0
34231,22.0
34232,4.0
21077,73.0
50292,5.0
49268,24.0
02081,76.0
23101,21.0
50293,9.0
44262,19.0
45195,13.0
13096,29.0
16270,3.0
16271,8.0
13097,4.0
06157,56.0
26174,9.0
16272,4.0
24225,112.0
09460,11.0
34233,3.0
42212,2.0
37367,50.0
10215,36.0
37368,14.0
42213,2.0
19322,2.0
45196,6.0
37369,14.0
37370,114.0
49269,45.0
24226,40.0
45197,4.0
47225,8.0
34234,5.0
37371,42.0
44263,11.0
09463,7.0
45198,10.0
05263,49.0
23903,9.0
09464,5.0
31257,6.0
34236,12.0
24227,57.0
34237,36.0
02083,5.0
47226,5.0
26175,11.0
47227,5.0
49270,8.0
02084,36.0
37372,4.0
40228,5.0
47228,13.0
40229,13.0
26176,3.0
09466,8.0
41101,11.0
16273,8.0
09467,3.0
49272,14.0
49271,28.0
47229,21.0
33076,1453.0
14073,113.0
28181,13.0
37373,70.0
28182,18.0
34238,6.0
09471,1.0
33077,492.0
24228,20.0
24229,50.0
09472,5.0
09473,5.0
40230,2.0
44264,11.0
19324,17.0
03140,66.0
34240,2.0
34241,3.0
34242,4.0
34243,9.0
16274,3.0
37374,29.0
09476,3.0
37375,5.0
26177,49.0
34245,23.0
34246,5.0
17233,61.0
08304,4.0
17232,10.0
47194,10.0
09424,1.0
25253,2.0
50282,3.0
37350,73.0
09425,18.0
43176,11.0
15092,1672.0
44265,29.0
25255,3.0
46260,1.0
12138,57.0
43177,9.0
26178,5.0
26179,13.0
42215,43.0
43178,13.0
44266,31.0
14074,121.0
45199,9.0
41102,31.0
13098,42.0
12139,30.0
05265,15.0
37376,136.0
01059,109.0
27066,299.0
44267,12.0
12140,28.0
08308,55.0
02085,7.0
09478,1.0
42216,14.0
18189,11.0
49273,45.0
05264,6.0
29099,23.0
19325,2.0
39102,402.0
42217,5.0
47230,4.0
03081,7.0
46145,14.0
46143,3.0
46146,1.0
27021,887.0
43052,32.0
32032,461.0
46110,4.0
27025,506.0
32036,250.0
32037,108.0
35034,90.0
42218,1.0
40231,12.0
46261,11.0
45200,110.0
19326,2.0
19327,5.0
22252,29.0
30043,57.0
37377,68.0
01060,3.0
19329,3.0
19330,1.0
45201,4.0
42219,2.0
45202,4.0
33078,63.0
31261,3.0
46262,9.0
22253,3.0
02086,222.0
45203,8.0
45204,10.0
29100,32.0
19331,6.0
19332,4.0
09480,14.0
18192,50.0
06158,157.0
16277,5.0
16278,17.0
18913,3.0
11042,74.0
06159,198.0
50296,1.0
22254,97.0
06160,213.0
21078,206.0
48095,22.0
20078,179.0
01061,8.0
48096,221.0
37378,66.0
37379,34.0
01062,4.0
49275,125.0
48905,93.0
19333,3.0
05266,66.0
05267,23.0
50297,137.0
37380,5.0
48097,51.0
47231,1.0
20079,168.0
46263,3.0
26180,1.0
06162,96.0
47232,2.0
10216,67.0
10217,99.0
37381,29.0
16279,7.0
10218,103.0
06161,49.0
28183,37.0
26181,3.0
16280,8.0
19334,2.0
40233,19.0
40234,16.0
15093,1465.0
09483,2.0
48024,194.0
48025,127.0
20025,136.0
20026,51.0
20027,302.0
48913,50.0
01018,81.0
31073,7.0
48915,111.0
31907,1.0
20028,118.0
44268,2.0
10219,161.0
37382,2.0
19335,1.0
12141,16.0
26183,8.0
24230,23.0
18193,17.0
31263,64.0
12142,17.0
50298,61.0
21079,214.0
31264,44.0
14075,18.0
01063,137.0
18194,61.0
20081,109.0
20080,119.0
04103,24.0
09485,3.0
